"review_item_id","v1_review_item_id","symbol","security_id","requirement_code","family","source_record_id","research_document_id","v1_blocker","remediation_class","validator_result","proposed_decision","approval_removes_blocker","remaining_limitation"
"ORP115-V2-0001","ORP115-V1-0001","ABCAPITAL","","CAPITAL_ACCESS","TEXT_EVIDENCE_REVIEW","23d865ec-14b1-4c46-b42f-2046d1dd6796","fa6b3d83-f605-49ce-86ad-291314cf02f8","DOCUMENT_CONTENT_IDENTITY_HASH_NOT_VERIFIED","SOURCE_CONTENT_IDENTITY_STILL_INCOMPLETE","DOCUMENT_CONTENT_IDENTITY_HASH_NOT_VERIFIED","DEFER","false","DOCUMENT_CONTENT_IDENTITY_HASH_NOT_VERIFIED"
"ORP115-V2-0002","ORP115-V1-0002","ABCAPITAL","","CAPITAL_ALLOCATION","TEXT_EVIDENCE_REVIEW","23d865ec-14b1-4c46-b42f-2046d1dd6796","fa6b3d83-f605-49ce-86ad-291314cf02f8","DOCUMENT_CONTENT_IDENTITY_HASH_NOT_VERIFIED","SOURCE_CONTENT_IDENTITY_STILL_INCOMPLETE","DOCUMENT_CONTENT_IDENTITY_HASH_NOT_VERIFIED","DEFER","false","DOCUMENT_CONTENT_IDENTITY_HASH_NOT_VERIFIED"
"ORP115-V2-0003","ORP115-V1-0003","ABCAPITAL","","FRANCHISE_DIVERSIFICATION","TEXT_EVIDENCE_REVIEW","23d865ec-14b1-4c46-b42f-2046d1dd6796","fa6b3d83-f605-49ce-86ad-291314cf02f8","DOCUMENT_CONTENT_IDENTITY_HASH_NOT_VERIFIED","SOURCE_CONTENT_IDENTITY_STILL_INCOMPLETE","DOCUMENT_CONTENT_IDENTITY_HASH_NOT_VERIFIED","DEFER","false","DOCUMENT_CONTENT_IDENTITY_HASH_NOT_VERIFIED"
"ORP115-V2-0004","ORP115-V1-0004","ABCAPITAL","","GOVERNANCE_EVENT_REVIEW","TEXT_EVIDENCE_REVIEW","23d865ec-14b1-4c46-b42f-2046d1dd6796","fa6b3d83-f605-49ce-86ad-291314cf02f8","DOCUMENT_CONTENT_IDENTITY_HASH_NOT_VERIFIED","SOURCE_CONTENT_IDENTITY_STILL_INCOMPLETE","DOCUMENT_CONTENT_IDENTITY_HASH_NOT_VERIFIED","DEFER","false","DOCUMENT_CONTENT_IDENTITY_HASH_NOT_VERIFIED"
"ORP115-V2-0005","ORP115-V1-0005","ABCAPITAL","","HOLDCO_CASH_DIVIDEND_COVERAGE","TEXT_EVIDENCE_REVIEW","23d865ec-14b1-4c46-b42f-2046d1dd6796","fa6b3d83-f605-49ce-86ad-291314cf02f8","DOCUMENT_CONTENT_IDENTITY_HASH_NOT_VERIFIED","SOURCE_CONTENT_IDENTITY_STILL_INCOMPLETE","DOCUMENT_CONTENT_IDENTITY_HASH_NOT_VERIFIED","DEFER","false","DOCUMENT_CONTENT_IDENTITY_HASH_NOT_VERIFIED"
"ORP115-V2-0006","ORP115-V1-0006","ABCAPITAL","","HOLDCO_DISCOUNT_LEVERAGE_COMPLEXITY","TEXT_EVIDENCE_REVIEW","23d865ec-14b1-4c46-b42f-2046d1dd6796","fa6b3d83-f605-49ce-86ad-291314cf02f8","DOCUMENT_CONTENT_IDENTITY_HASH_NOT_VERIFIED","SOURCE_CONTENT_IDENTITY_STILL_INCOMPLETE","DOCUMENT_CONTENT_IDENTITY_HASH_NOT_VERIFIED","DEFER","false","DOCUMENT_CONTENT_IDENTITY_HASH_NOT_VERIFIED"
"ORP115-V2-0007","ORP115-V1-0007","ABCAPITAL","","OWNERSHIP_TREND_4Q","OWNERSHIP_4Q","c7f20da2-e8e2-4d4c-a0d0-76e376e1dec5","","METHODOLOGY_REQUIREMENT_SERIES_SELECTION_AND_BASIS_UNRESOLVED","METHODOLOGY_DECISION_STILL_REQUIRED","METHODOLOGY_REQUIREMENT_SERIES_SELECTION_AND_BASIS_UNRESOLVED","DEFER","false","METHODOLOGY_REQUIREMENT_SERIES_SELECTION_AND_BASIS_UNRESOLVED"
"ORP115-V2-0008","ORP115-V1-0008","ABCAPITAL","","SUBSIDIARY_QUALITY","TEXT_EVIDENCE_REVIEW","23d865ec-14b1-4c46-b42f-2046d1dd6796","fa6b3d83-f605-49ce-86ad-291314cf02f8","DOCUMENT_CONTENT_IDENTITY_HASH_NOT_VERIFIED","SOURCE_CONTENT_IDENTITY_STILL_INCOMPLETE","DOCUMENT_CONTENT_IDENTITY_HASH_NOT_VERIFIED","DEFER","false","DOCUMENT_CONTENT_IDENTITY_HASH_NOT_VERIFIED"
"ORP115-V2-0009","ORP115-V1-0009","ACMESOLAR","","CFO_OR_FCF_AND_PROJECT_CASH_CONVERSION","NUMERIC_SERIES","1ced3a2f-14b7-4f96-8f1d-e1e545410523","","NUMERIC_PERIOD_UNIT_SCOPE_BINDING_INCOMPLETE","SOURCE_METADATA_STILL_INCOMPLETE","NUMERIC_PERIOD_UNIT_SCOPE_BINDING_INCOMPLETE","DEFER","false","NUMERIC_PERIOD_UNIT_SCOPE_BINDING_INCOMPLETE"
"ORP115-V2-0010","ORP115-V1-0010","ACMESOLAR","","NET_DEBT_INTEREST_COVERAGE_AND_REFINANCING","NUMERIC_SERIES","b438396d-5666-48b5-aac6-b4ed7b3d556e","","NUMERIC_PERIOD_UNIT_SCOPE_BINDING_INCOMPLETE","SOURCE_METADATA_STILL_INCOMPLETE","NUMERIC_PERIOD_UNIT_SCOPE_BINDING_INCOMPLETE","DEFER","false","NUMERIC_PERIOD_UNIT_SCOPE_BINDING_INCOMPLETE"
"ORP115-V2-0011","ORP115-V1-0011","ACMESOLAR","","OPERATING_AND_PIPELINE_CAPACITY_GROWTH","TEXT_EVIDENCE_REVIEW","3d16c18f-72cb-408c-9240-43b06c62d19f","29d3e462-eeaf-4c9a-9f58-c9829aca1c19","DOCUMENT_CONTENT_IDENTITY_HASH_NOT_VERIFIED","SOURCE_CONTENT_IDENTITY_STILL_INCOMPLETE","DOCUMENT_CONTENT_IDENTITY_HASH_NOT_VERIFIED","DEFER","false","DOCUMENT_CONTENT_IDENTITY_HASH_NOT_VERIFIED"
"ORP115-V2-0012","ORP115-V1-0012","ACMESOLAR","","OWNERSHIP_GOVERNANCE","OWNERSHIP_4Q","a8db744f-5ec2-4ffd-9e17-86cb47cbf8fe","","METHODOLOGY_REQUIREMENT_SERIES_SELECTION_AND_BASIS_UNRESOLVED","METHODOLOGY_DECISION_STILL_REQUIRED","METHODOLOGY_REQUIREMENT_SERIES_SELECTION_AND_BASIS_UNRESOLVED","DEFER","false","METHODOLOGY_REQUIREMENT_SERIES_SELECTION_AND_BASIS_UNRESOLVED"
"ORP115-V2-0013","ORP115-V1-0013","ACMESOLAR","","POWER_ASSET_DURABILITY","TEXT_EVIDENCE_REVIEW","3d16c18f-72cb-408c-9240-43b06c62d19f","29d3e462-eeaf-4c9a-9f58-c9829aca1c19","DOCUMENT_CONTENT_IDENTITY_HASH_NOT_VERIFIED","SOURCE_CONTENT_IDENTITY_STILL_INCOMPLETE","DOCUMENT_CONTENT_IDENTITY_HASH_NOT_VERIFIED","DEFER","false","DOCUMENT_CONTENT_IDENTITY_HASH_NOT_VERIFIED"
"ORP115-V2-0014","ORP115-V1-0014","ACMESOLAR","","ROCE_OR_ROIC_WITH_ASSET_CONTEXT","NUMERIC_SERIES","b438396d-5666-48b5-aac6-b4ed7b3d556e","","NUMERIC_PERIOD_UNIT_SCOPE_BINDING_INCOMPLETE","SOURCE_METADATA_STILL_INCOMPLETE","NUMERIC_PERIOD_UNIT_SCOPE_BINDING_INCOMPLETE","DEFER","false","NUMERIC_PERIOD_UNIT_SCOPE_BINDING_INCOMPLETE"
"ORP115-V2-0015","ORP115-V1-0015","ACMESOLAR","","VALUATION_ASSET_AND_CASH_FLOW_CONTEXT","NUMERIC_SERIES","1ced3a2f-14b7-4f96-8f1d-e1e545410523","","NUMERIC_PERIOD_UNIT_SCOPE_BINDING_INCOMPLETE","SOURCE_METADATA_STILL_INCOMPLETE","NUMERIC_PERIOD_UNIT_SCOPE_BINDING_INCOMPLETE","DEFER","false","NUMERIC_PERIOD_UNIT_SCOPE_BINDING_INCOMPLETE"
"ORP115-V2-0016","ORP115-V1-0016","AKUMS","","GOVERNANCE_EVENT_REVIEW","TEXT_EVIDENCE_REVIEW","1959e309-9f2d-46f1-ab33-8bca2b6d294d","4a4db3f9-a589-4467-984b-1e2c43616ba6","DOCUMENT_CONTENT_IDENTITY_HASH_NOT_VERIFIED","SOURCE_CONTENT_IDENTITY_STILL_INCOMPLETE","DOCUMENT_CONTENT_IDENTITY_HASH_NOT_VERIFIED","DEFER","false","DOCUMENT_CONTENT_IDENTITY_HASH_NOT_VERIFIED"
"ORP115-V2-0017","ORP115-V1-0017","AKUMS","","OWNERSHIP_TREND_4Q","OWNERSHIP_4Q","28142fcc-cc19-483d-b99b-c6f5ddb4eebb","","METHODOLOGY_REQUIREMENT_SERIES_SELECTION_AND_BASIS_UNRESOLVED","METHODOLOGY_DECISION_STILL_REQUIRED","METHODOLOGY_REQUIREMENT_SERIES_SELECTION_AND_BASIS_UNRESOLVED","DEFER","false","METHODOLOGY_REQUIREMENT_SERIES_SELECTION_AND_BASIS_UNRESOLVED"
"ORP115-V2-0018","ORP115-V1-0018","AKUMS","","REGULATORY_RISK","TEXT_EVIDENCE_REVIEW","1959e309-9f2d-46f1-ab33-8bca2b6d294d","4a4db3f9-a589-4467-984b-1e2c43616ba6","DOCUMENT_CONTENT_IDENTITY_HASH_NOT_VERIFIED","SOURCE_CONTENT_IDENTITY_STILL_INCOMPLETE","DOCUMENT_CONTENT_IDENTITY_HASH_NOT_VERIFIED","DEFER","false","DOCUMENT_CONTENT_IDENTITY_HASH_NOT_VERIFIED"
"ORP115-V2-0019","ORP115-V1-0019","ALIVUS","","GOVERNANCE_EVENT_REVIEW","TEXT_EVIDENCE_REVIEW","33bc1d41-7021-408a-a23a-8100c7e5fbae","296456d4-cfdb-42c4-b7a6-54d223a99a54","DOCUMENT_CONTENT_IDENTITY_HASH_NOT_VERIFIED","SOURCE_CONTENT_IDENTITY_STILL_INCOMPLETE","DOCUMENT_CONTENT_IDENTITY_HASH_NOT_VERIFIED","DEFER","false","DOCUMENT_CONTENT_IDENTITY_HASH_NOT_VERIFIED"
"ORP115-V2-0020","ORP115-V1-0020","ALIVUS","","OWNERSHIP_TREND_4Q","OWNERSHIP_4Q","c974323a-9647-4974-90ac-1824685ec9e4","","METHODOLOGY_REQUIREMENT_SERIES_SELECTION_AND_BASIS_UNRESOLVED","METHODOLOGY_DECISION_STILL_REQUIRED","METHODOLOGY_REQUIREMENT_SERIES_SELECTION_AND_BASIS_UNRESOLVED","DEFER","false","METHODOLOGY_REQUIREMENT_SERIES_SELECTION_AND_BASIS_UNRESOLVED"
"ORP115-V2-0021","ORP115-V1-0021","ALIVUS","","REGULATORY_RISK","TEXT_EVIDENCE_REVIEW","33bc1d41-7021-408a-a23a-8100c7e5fbae","296456d4-cfdb-42c4-b7a6-54d223a99a54","DOCUMENT_CONTENT_IDENTITY_HASH_NOT_VERIFIED","SOURCE_CONTENT_IDENTITY_STILL_INCOMPLETE","DOCUMENT_CONTENT_IDENTITY_HASH_NOT_VERIFIED","DEFER","false","DOCUMENT_CONTENT_IDENTITY_HASH_NOT_VERIFIED"
"ORP115-V2-0022","ORP115-V1-0022","ANANTRAJ","","GOVERNANCE_EVENT_REVIEW","TEXT_EVIDENCE_REVIEW","4116cf27-5f02-4f0e-9e8a-2f0d40ef5b7d","","DOCUMENT_CONTENT_IDENTITY_HASH_NOT_VERIFIED","SOURCE_CONTENT_IDENTITY_STILL_INCOMPLETE","DOCUMENT_CONTENT_IDENTITY_HASH_NOT_VERIFIED","DEFER","false","DOCUMENT_CONTENT_IDENTITY_HASH_NOT_VERIFIED"
"ORP115-V2-0023","ORP115-V1-0023","ANANTRAJ","","LAND_BANK_LOCATION_BRAND_EXECUTION","TEXT_EVIDENCE_REVIEW","5795acd9-723c-4db7-9beb-fd4b0a32e04e","cc61ade9-5696-4e00-923a-bb2f058d89f0","DOCUMENT_CONTENT_IDENTITY_HASH_NOT_VERIFIED","SOURCE_CONTENT_IDENTITY_STILL_INCOMPLETE","DOCUMENT_CONTENT_IDENTITY_HASH_NOT_VERIFIED","DEFER","false","DOCUMENT_CONTENT_IDENTITY_HASH_NOT_VERIFIED"
"ORP115-V2-0024","ORP115-V1-0024","ANANTRAJ","","OWNERSHIP_TREND_4Q","OWNERSHIP_4Q","a4eb5eb5-2324-4a53-b595-421348e4e505","","METHODOLOGY_REQUIREMENT_SERIES_SELECTION_AND_BASIS_UNRESOLVED","METHODOLOGY_DECISION_STILL_REQUIRED","METHODOLOGY_REQUIREMENT_SERIES_SELECTION_AND_BASIS_UNRESOLVED","DEFER","false","METHODOLOGY_REQUIREMENT_SERIES_SELECTION_AND_BASIS_UNRESOLVED"
"ORP115-V2-0025","ORP115-V1-0025","ANANTRAJ","","PRE_SALES_COLLECTION_EXECUTION_QUALITY","TEXT_EVIDENCE_REVIEW","5795acd9-723c-4db7-9beb-fd4b0a32e04e","cc61ade9-5696-4e00-923a-bb2f058d89f0","DOCUMENT_CONTENT_IDENTITY_HASH_NOT_VERIFIED","SOURCE_CONTENT_IDENTITY_STILL_INCOMPLETE","DOCUMENT_CONTENT_IDENTITY_HASH_NOT_VERIFIED","DEFER","false","DOCUMENT_CONTENT_IDENTITY_HASH_NOT_VERIFIED"
"ORP115-V2-0026","ORP115-V1-0026","ANANTRAJ","","PRE_SALES_COLLECTIONS_AREA_RENTAL_GROWTH","TEXT_EVIDENCE_REVIEW","5795acd9-723c-4db7-9beb-fd4b0a32e04e","cc61ade9-5696-4e00-923a-bb2f058d89f0","DOCUMENT_CONTENT_IDENTITY_HASH_NOT_VERIFIED","SOURCE_CONTENT_IDENTITY_STILL_INCOMPLETE","DOCUMENT_CONTENT_IDENTITY_HASH_NOT_VERIFIED","DEFER","false","DOCUMENT_CONTENT_IDENTITY_HASH_NOT_VERIFIED"
"ORP115-V2-0027","ORP115-V1-0027","ANANTRAJ","","RENTAL_OCCUPANCY_WHEN_APPLICABLE","TEXT_EVIDENCE_REVIEW","5795acd9-723c-4db7-9beb-fd4b0a32e04e","cc61ade9-5696-4e00-923a-bb2f058d89f0","DOCUMENT_CONTENT_IDENTITY_HASH_NOT_VERIFIED","SOURCE_CONTENT_IDENTITY_STILL_INCOMPLETE","DOCUMENT_CONTENT_IDENTITY_HASH_NOT_VERIFIED","DEFER","false","DOCUMENT_CONTENT_IDENTITY_HASH_NOT_VERIFIED"
"ORP115-V2-0028","ORP115-V1-0028","ANGELONE","","CAPITAL_MARKETS_DURABILITY","TEXT_EVIDENCE_REVIEW","e71581df-e78c-4a44-9736-13deebc1bb77","de35a09f-9008-470b-afdc-acab3c609434","DOCUMENT_CONTENT_IDENTITY_HASH_NOT_VERIFIED","SOURCE_CONTENT_IDENTITY_STILL_INCOMPLETE","DOCUMENT_CONTENT_IDENTITY_HASH_NOT_VERIFIED","DEFER","false","DOCUMENT_CONTENT_IDENTITY_HASH_NOT_VERIFIED"
"ORP115-V2-0029","ORP115-V1-0029","ANGELONE","","CFO_OR_FCF_CONVERSION","NUMERIC_SERIES","39bb1fc3-d562-4a9d-b789-95aeede38b5d","","NUMERIC_PERIOD_UNIT_SCOPE_BINDING_INCOMPLETE","SOURCE_METADATA_STILL_INCOMPLETE","NUMERIC_PERIOD_UNIT_SCOPE_BINDING_INCOMPLETE","DEFER","false","NUMERIC_PERIOD_UNIT_SCOPE_BINDING_INCOMPLETE"
"ORP115-V2-0030","ORP115-V1-0030","ANGELONE","","NET_CASH_OR_LEVERAGE","NUMERIC_SERIES","39bb1fc3-d562-4a9d-b789-95aeede38b5d","","NUMERIC_PERIOD_UNIT_SCOPE_BINDING_INCOMPLETE","SOURCE_METADATA_STILL_INCOMPLETE","NUMERIC_PERIOD_UNIT_SCOPE_BINDING_INCOMPLETE","DEFER","false","NUMERIC_PERIOD_UNIT_SCOPE_BINDING_INCOMPLETE"
"ORP115-V2-0031","ORP115-V1-0031","ANGELONE","","OPERATING_MARGIN_HISTORY","NUMERIC_SERIES","39bb1fc3-d562-4a9d-b789-95aeede38b5d","","NUMERIC_PERIOD_UNIT_SCOPE_BINDING_INCOMPLETE","SOURCE_METADATA_STILL_INCOMPLETE","NUMERIC_PERIOD_UNIT_SCOPE_BINDING_INCOMPLETE","DEFER","false","NUMERIC_PERIOD_UNIT_SCOPE_BINDING_INCOMPLETE"
"ORP115-V2-0032","ORP115-V1-0032","ANGELONE","","OWNERSHIP_GOVERNANCE","OWNERSHIP_4Q","bbc4ee43-c136-400d-a5ce-45455ce37396","","METHODOLOGY_REQUIREMENT_SERIES_SELECTION_AND_BASIS_UNRESOLVED","METHODOLOGY_DECISION_STILL_REQUIRED","METHODOLOGY_REQUIREMENT_SERIES_SELECTION_AND_BASIS_UNRESOLVED","DEFER","false","METHODOLOGY_REQUIREMENT_SERIES_SELECTION_AND_BASIS_UNRESOLVED"
"ORP115-V2-0033","ORP115-V1-0033","ANGELONE","","ROE_OR_ROIC","NUMERIC_SERIES","39bb1fc3-d562-4a9d-b789-95aeede38b5d","","NUMERIC_PERIOD_UNIT_SCOPE_BINDING_INCOMPLETE","SOURCE_METADATA_STILL_INCOMPLETE","NUMERIC_PERIOD_UNIT_SCOPE_BINDING_INCOMPLETE","DEFER","false","NUMERIC_PERIOD_UNIT_SCOPE_BINDING_INCOMPLETE"
"ORP115-V2-0034","ORP115-V1-0034","ANGELONE","","VALUATION","NUMERIC_SERIES","39bb1fc3-d562-4a9d-b789-95aeede38b5d","","NUMERIC_PERIOD_UNIT_SCOPE_BINDING_INCOMPLETE","SOURCE_METADATA_STILL_INCOMPLETE","NUMERIC_PERIOD_UNIT_SCOPE_BINDING_INCOMPLETE","DEFER","false","NUMERIC_PERIOD_UNIT_SCOPE_BINDING_INCOMPLETE"
"ORP115-V2-0035","ORP115-V1-0035","APLAPOLLO","","BUSINESS_DURABILITY","TEXT_EVIDENCE_REVIEW","2903e4c6-7fca-4d64-9bbe-6f510ba54920","50703455-eebe-4e95-ae7c-8328eda1c0c3","DOCUMENT_CONTENT_IDENTITY_HASH_NOT_VERIFIED","SOURCE_CONTENT_IDENTITY_STILL_INCOMPLETE","DOCUMENT_CONTENT_IDENTITY_HASH_NOT_VERIFIED","DEFER","false","DOCUMENT_CONTENT_IDENTITY_HASH_NOT_VERIFIED"
"ORP115-V2-0036","ORP115-V1-0036","APLAPOLLO","","CFO_FCF_AND_WORKING_CAPITAL","NUMERIC_SERIES","58d97279-34b8-46b7-be21-9f7e0e3f2756","","NUMERIC_PERIOD_UNIT_SCOPE_BINDING_INCOMPLETE","SOURCE_METADATA_STILL_INCOMPLETE","NUMERIC_PERIOD_UNIT_SCOPE_BINDING_INCOMPLETE","DEFER","false","NUMERIC_PERIOD_UNIT_SCOPE_BINDING_INCOMPLETE"
"ORP115-V2-0037","ORP115-V1-0037","APLAPOLLO","","OWNERSHIP_GOVERNANCE","OWNERSHIP_4Q","3a0e2362-5c0c-46f3-a617-935dd2c5db87","","METHODOLOGY_REQUIREMENT_SERIES_SELECTION_AND_BASIS_UNRESOLVED","METHODOLOGY_DECISION_STILL_REQUIRED","METHODOLOGY_REQUIREMENT_SERIES_SELECTION_AND_BASIS_UNRESOLVED","DEFER","false","METHODOLOGY_REQUIREMENT_SERIES_SELECTION_AND_BASIS_UNRESOLVED"
"ORP115-V2-0038","ORP115-V1-0038","APLAPOLLO","","ROCE_OR_ROIC","NUMERIC_SERIES","ae7415a9-2410-4283-bd9d-64d85479e027","","NUMERIC_PERIOD_UNIT_SCOPE_BINDING_INCOMPLETE","SOURCE_METADATA_STILL_INCOMPLETE","NUMERIC_PERIOD_UNIT_SCOPE_BINDING_INCOMPLETE","DEFER","false","NUMERIC_PERIOD_UNIT_SCOPE_BINDING_INCOMPLETE"
"ORP115-V2-0039","ORP115-V1-0039","APLAPOLLO","","VALUATION","NUMERIC_SERIES","ae7415a9-2410-4283-bd9d-64d85479e027","","NUMERIC_PERIOD_UNIT_SCOPE_BINDING_INCOMPLETE","SOURCE_METADATA_STILL_INCOMPLETE","NUMERIC_PERIOD_UNIT_SCOPE_BINDING_INCOMPLETE","DEFER","false","NUMERIC_PERIOD_UNIT_SCOPE_BINDING_INCOMPLETE"
"ORP115-V2-0040","ORP115-V1-0040","ARVIND","","BRAND_OR_HOME_TEXTILE_POSITION","TEXT_EVIDENCE_REVIEW","f73bcc20-90e5-4521-9eb1-49a259548520","30e3c79a-db98-42e3-b518-aa1cf58c9c62","DOCUMENT_CONTENT_IDENTITY_HASH_NOT_VERIFIED","SOURCE_CONTENT_IDENTITY_STILL_INCOMPLETE","DOCUMENT_CONTENT_IDENTITY_HASH_NOT_VERIFIED","DEFER","false","DOCUMENT_CONTENT_IDENTITY_HASH_NOT_VERIFIED"
"ORP115-V2-0041","ORP115-V1-0041","ARVIND","","COTTON_INPUT_FX_DEMAND_CYCLE","TEXT_EVIDENCE_REVIEW","f73bcc20-90e5-4521-9eb1-49a259548520","30e3c79a-db98-42e3-b518-aa1cf58c9c62","DOCUMENT_CONTENT_IDENTITY_HASH_NOT_VERIFIED","SOURCE_CONTENT_IDENTITY_STILL_INCOMPLETE","DOCUMENT_CONTENT_IDENTITY_HASH_NOT_VERIFIED","DEFER","false","DOCUMENT_CONTENT_IDENTITY_HASH_NOT_VERIFIED"
"ORP115-V2-0042","ORP115-V1-0042","ARVIND","","CUSTOMER_DIVERSIFICATION","TEXT_EVIDENCE_REVIEW","f73bcc20-90e5-4521-9eb1-49a259548520","30e3c79a-db98-42e3-b518-aa1cf58c9c62","DOCUMENT_CONTENT_IDENTITY_HASH_NOT_VERIFIED","SOURCE_CONTENT_IDENTITY_STILL_INCOMPLETE","DOCUMENT_CONTENT_IDENTITY_HASH_NOT_VERIFIED","DEFER","false","DOCUMENT_CONTENT_IDENTITY_HASH_NOT_VERIFIED"
"ORP115-V2-0043","ORP115-V1-0043","ARVIND","","OWNERSHIP_TREND_4Q","OWNERSHIP_4Q","ad153cdd-da68-4c7c-b4ce-42f62a37dda2","","METHODOLOGY_REQUIREMENT_SERIES_SELECTION_AND_BASIS_UNRESOLVED","METHODOLOGY_DECISION_STILL_REQUIRED","METHODOLOGY_REQUIREMENT_SERIES_SELECTION_AND_BASIS_UNRESOLVED","DEFER","false","METHODOLOGY_REQUIREMENT_SERIES_SELECTION_AND_BASIS_UNRESOLVED"
"ORP115-V2-0044","ORP115-V1-0044","ARVIND","","REALIZATION_PRODUCT_MIX","TEXT_EVIDENCE_REVIEW","f73bcc20-90e5-4521-9eb1-49a259548520","30e3c79a-db98-42e3-b518-aa1cf58c9c62","DOCUMENT_CONTENT_IDENTITY_HASH_NOT_VERIFIED","SOURCE_CONTENT_IDENTITY_STILL_INCOMPLETE","DOCUMENT_CONTENT_IDENTITY_HASH_NOT_VERIFIED","DEFER","false","DOCUMENT_CONTENT_IDENTITY_HASH_NOT_VERIFIED"
"ORP115-V2-0045","ORP115-V1-0045","ASTRAL","","BUSINESS_DURABILITY","TEXT_EVIDENCE_REVIEW","b8f97058-448e-4bbb-8df4-ac070b132974","18b6a03b-7f05-4db5-a1a0-dbb98252b9f0","DOCUMENT_CONTENT_IDENTITY_HASH_NOT_VERIFIED","SOURCE_CONTENT_IDENTITY_STILL_INCOMPLETE","DOCUMENT_CONTENT_IDENTITY_HASH_NOT_VERIFIED","DEFER","false","DOCUMENT_CONTENT_IDENTITY_HASH_NOT_VERIFIED"
"ORP115-V2-0046","ORP115-V1-0046","ASTRAL","","CFO_FCF_AND_WORKING_CAPITAL","NUMERIC_SERIES","57cf0b91-9dda-459f-8d6b-e1adeb25121a","","NUMERIC_PERIOD_UNIT_SCOPE_BINDING_INCOMPLETE","SOURCE_METADATA_STILL_INCOMPLETE","NUMERIC_PERIOD_UNIT_SCOPE_BINDING_INCOMPLETE","DEFER","false","NUMERIC_PERIOD_UNIT_SCOPE_BINDING_INCOMPLETE"
"ORP115-V2-0047","ORP115-V1-0047","ASTRAL","","OWNERSHIP_GOVERNANCE","OWNERSHIP_4Q","33696978-c3b0-4b67-9f2a-5bdac2dea7bb","","METHODOLOGY_REQUIREMENT_SERIES_SELECTION_AND_BASIS_UNRESOLVED","METHODOLOGY_DECISION_STILL_REQUIRED","METHODOLOGY_REQUIREMENT_SERIES_SELECTION_AND_BASIS_UNRESOLVED","DEFER","false","METHODOLOGY_REQUIREMENT_SERIES_SELECTION_AND_BASIS_UNRESOLVED"
"ORP115-V2-0048","ORP115-V1-0048","ASTRAL","","ROCE_OR_ROIC","NUMERIC_SERIES","57cf0b91-9dda-459f-8d6b-e1adeb25121a","","NUMERIC_PERIOD_UNIT_SCOPE_BINDING_INCOMPLETE","SOURCE_METADATA_STILL_INCOMPLETE","NUMERIC_PERIOD_UNIT_SCOPE_BINDING_INCOMPLETE","DEFER","false","NUMERIC_PERIOD_UNIT_SCOPE_BINDING_INCOMPLETE"
"ORP115-V2-0049","ORP115-V1-0049","ASTRAL","","VALUATION","NUMERIC_SERIES","57cf0b91-9dda-459f-8d6b-e1adeb25121a","","NUMERIC_PERIOD_UNIT_SCOPE_BINDING_INCOMPLETE","SOURCE_METADATA_STILL_INCOMPLETE","NUMERIC_PERIOD_UNIT_SCOPE_BINDING_INCOMPLETE","DEFER","false","NUMERIC_PERIOD_UNIT_SCOPE_BINDING_INCOMPLETE"
"ORP115-V2-0050","ORP115-V1-0050","ASTRAMICRO","","BUSINESS_DURABILITY","TEXT_EVIDENCE_REVIEW","6778b629-e6e2-4c49-95d9-8595c62fe0f3","867e7984-2ce5-4b56-8cb8-f648f27fe5f1","DOCUMENT_CONTENT_IDENTITY_HASH_NOT_VERIFIED","SOURCE_CONTENT_IDENTITY_STILL_INCOMPLETE","DOCUMENT_CONTENT_IDENTITY_HASH_NOT_VERIFIED","DEFER","false","DOCUMENT_CONTENT_IDENTITY_HASH_NOT_VERIFIED"
"ORP115-V2-0051","ORP115-V1-0051","ASTRAMICRO","","CFO_FCF_CONVERSION","NUMERIC_SERIES","72b0a8e2-ba84-4fa8-8868-139171476c0d","","NUMERIC_PERIOD_UNIT_SCOPE_BINDING_INCOMPLETE","SOURCE_METADATA_STILL_INCOMPLETE","NUMERIC_PERIOD_UNIT_SCOPE_BINDING_INCOMPLETE","DEFER","false","NUMERIC_PERIOD_UNIT_SCOPE_BINDING_INCOMPLETE"
"ORP115-V2-0052","ORP115-V1-0052","ASTRAMICRO","","ORDER_BOOK_AND_EXECUTION_GROWTH","TEXT_EVIDENCE_REVIEW","6778b629-e6e2-4c49-95d9-8595c62fe0f3","867e7984-2ce5-4b56-8cb8-f648f27fe5f1","DOCUMENT_CONTENT_IDENTITY_HASH_NOT_VERIFIED","SOURCE_CONTENT_IDENTITY_STILL_INCOMPLETE","DOCUMENT_CONTENT_IDENTITY_HASH_NOT_VERIFIED","DEFER","false","DOCUMENT_CONTENT_IDENTITY_HASH_NOT_VERIFIED"
"ORP115-V2-0053","ORP115-V1-0053","ASTRAMICRO","","OWNERSHIP_GOVERNANCE","OWNERSHIP_4Q","d4dbcf9d-bc0e-4acc-8f45-d9b2c34e9f66","","METHODOLOGY_REQUIREMENT_SERIES_SELECTION_AND_BASIS_UNRESOLVED","METHODOLOGY_DECISION_STILL_REQUIRED","METHODOLOGY_REQUIREMENT_SERIES_SELECTION_AND_BASIS_UNRESOLVED","DEFER","false","METHODOLOGY_REQUIREMENT_SERIES_SELECTION_AND_BASIS_UNRESOLVED"
"ORP115-V2-0054","ORP115-V1-0054","ASTRAMICRO","","ROCE_OR_ROIC","NUMERIC_SERIES","72b0a8e2-ba84-4fa8-8868-139171476c0d","","NUMERIC_PERIOD_UNIT_SCOPE_BINDING_INCOMPLETE","SOURCE_METADATA_STILL_INCOMPLETE","NUMERIC_PERIOD_UNIT_SCOPE_BINDING_INCOMPLETE","DEFER","false","NUMERIC_PERIOD_UNIT_SCOPE_BINDING_INCOMPLETE"
"ORP115-V2-0055","ORP115-V1-0055","ASTRAMICRO","","VALUATION","NUMERIC_SERIES","72b0a8e2-ba84-4fa8-8868-139171476c0d","","NUMERIC_PERIOD_UNIT_SCOPE_BINDING_INCOMPLETE","SOURCE_METADATA_STILL_INCOMPLETE","NUMERIC_PERIOD_UNIT_SCOPE_BINDING_INCOMPLETE","DEFER","false","NUMERIC_PERIOD_UNIT_SCOPE_BINDING_INCOMPLETE"
"ORP115-V2-0056","ORP115-V1-0056","AUBANK","","CAPITAL_ADEQUACY_RATIO","NUMERIC_SERIES","a69b66cb-5835-4216-8dbd-96d280a0a984","","NUMERIC_PERIOD_UNIT_SCOPE_BINDING_INCOMPLETE","SOURCE_METADATA_STILL_INCOMPLETE","NUMERIC_PERIOD_UNIT_SCOPE_BINDING_INCOMPLETE","DEFER","false","NUMERIC_PERIOD_UNIT_SCOPE_BINDING_INCOMPLETE"
"ORP115-V2-0057","ORP115-V1-0057","AUBANK","","CET1_RATIO","NUMERIC_SERIES","a69b66cb-5835-4216-8dbd-96d280a0a984","","NUMERIC_PERIOD_UNIT_SCOPE_BINDING_INCOMPLETE","SOURCE_METADATA_STILL_INCOMPLETE","NUMERIC_PERIOD_UNIT_SCOPE_BINDING_INCOMPLETE","DEFER","false","NUMERIC_PERIOD_UNIT_SCOPE_BINDING_INCOMPLETE"
"ORP115-V2-0058","ORP115-V1-0058","AUBANK","","EXTERNAL_LONG_TERM_RATING","TEXT_EVIDENCE_REVIEW","8879e2e3-f8ff-4c19-bdb3-c0f0c1bb4d70","1bf6092b-766c-421e-8cd7-fe05e2e6a095","DOCUMENT_CONTENT_IDENTITY_HASH_NOT_VERIFIED","SOURCE_CONTENT_IDENTITY_STILL_INCOMPLETE","DOCUMENT_CONTENT_IDENTITY_HASH_NOT_VERIFIED","DEFER","false","DOCUMENT_CONTENT_IDENTITY_HASH_NOT_VERIFIED"
"ORP115-V2-0059","ORP115-V1-0059","AUBANK","","GOVERNANCE_EVENT_SIGNAL","TEXT_EVIDENCE_REVIEW","8879e2e3-f8ff-4c19-bdb3-c0f0c1bb4d70","1bf6092b-766c-421e-8cd7-fe05e2e6a095","DOCUMENT_CONTENT_IDENTITY_HASH_NOT_VERIFIED","SOURCE_CONTENT_IDENTITY_STILL_INCOMPLETE","DOCUMENT_CONTENT_IDENTITY_HASH_NOT_VERIFIED","DEFER","false","DOCUMENT_CONTENT_IDENTITY_HASH_NOT_VERIFIED"
"ORP115-V2-0060","ORP115-V1-0060","AUBANK","","GROSS_NPA","NUMERIC_SERIES","a69b66cb-5835-4216-8dbd-96d280a0a984","","NUMERIC_PERIOD_UNIT_SCOPE_BINDING_INCOMPLETE","SOURCE_METADATA_STILL_INCOMPLETE","NUMERIC_PERIOD_UNIT_SCOPE_BINDING_INCOMPLETE","DEFER","false","NUMERIC_PERIOD_UNIT_SCOPE_BINDING_INCOMPLETE"
"ORP115-V2-0061","ORP115-V1-0061","AUBANK","","INSTITUTIONAL_OWNERSHIP_TREND_4Q","OWNERSHIP_4Q","17a7c7ef-c9f5-4858-8084-965e2384b0ed","","METHODOLOGY_REQUIREMENT_SERIES_SELECTION_AND_BASIS_UNRESOLVED","METHODOLOGY_DECISION_STILL_REQUIRED","METHODOLOGY_REQUIREMENT_SERIES_SELECTION_AND_BASIS_UNRESOLVED","DEFER","false","METHODOLOGY_REQUIREMENT_SERIES_SELECTION_AND_BASIS_UNRESOLVED"
"ORP115-V2-0062","ORP115-V1-0062","AUBANK","","NET_NPA","NUMERIC_SERIES","a69b66cb-5835-4216-8dbd-96d280a0a984","","NUMERIC_PERIOD_UNIT_SCOPE_BINDING_INCOMPLETE","SOURCE_METADATA_STILL_INCOMPLETE","NUMERIC_PERIOD_UNIT_SCOPE_BINDING_INCOMPLETE","DEFER","false","NUMERIC_PERIOD_UNIT_SCOPE_BINDING_INCOMPLETE"
"ORP115-V2-0063","ORP115-V1-0063","AUBANK","","PB_ADJUSTED_FOR_ROE","NUMERIC_SERIES","d6d9f174-86f7-4f10-9533-2a0a55939a99","","NUMERIC_PERIOD_UNIT_SCOPE_BINDING_INCOMPLETE","SOURCE_METADATA_STILL_INCOMPLETE","NUMERIC_PERIOD_UNIT_SCOPE_BINDING_INCOMPLETE","DEFER","false","NUMERIC_PERIOD_UNIT_SCOPE_BINDING_INCOMPLETE"
"ORP115-V2-0064","ORP115-V1-0064","AUBANK","","PE_TTM_RELATIVE","NUMERIC_SERIES","a69b66cb-5835-4216-8dbd-96d280a0a984","","NUMERIC_PERIOD_UNIT_SCOPE_BINDING_INCOMPLETE","SOURCE_METADATA_STILL_INCOMPLETE","NUMERIC_PERIOD_UNIT_SCOPE_BINDING_INCOMPLETE","DEFER","false","NUMERIC_PERIOD_UNIT_SCOPE_BINDING_INCOMPLETE"
"ORP115-V2-0065","ORP115-V1-0065","AUBANK","","RATING_TREND","TEXT_EVIDENCE_REVIEW","8879e2e3-f8ff-4c19-bdb3-c0f0c1bb4d70","1bf6092b-766c-421e-8cd7-fe05e2e6a095","DOCUMENT_CONTENT_IDENTITY_HASH_NOT_VERIFIED","SOURCE_CONTENT_IDENTITY_STILL_INCOMPLETE","DOCUMENT_CONTENT_IDENTITY_HASH_NOT_VERIFIED","DEFER","false","DOCUMENT_CONTENT_IDENTITY_HASH_NOT_VERIFIED"
"ORP115-V2-0066","ORP115-V1-0066","AUBANK","","ROA_ANNUAL","NUMERIC_SERIES","d6d9f174-86f7-4f10-9533-2a0a55939a99","","NUMERIC_PERIOD_UNIT_SCOPE_BINDING_INCOMPLETE","SOURCE_METADATA_STILL_INCOMPLETE","NUMERIC_PERIOD_UNIT_SCOPE_BINDING_INCOMPLETE","DEFER","false","NUMERIC_PERIOD_UNIT_SCOPE_BINDING_INCOMPLETE"
"ORP115-V2-0067","ORP115-V1-0067","AUROPHARMA","","GOVERNANCE_EVENT_REVIEW","TEXT_EVIDENCE_REVIEW","0e2a5d65-0c53-405d-8923-348869bec7e7","8267ee66-c389-4254-ba55-a74870b84194","DOCUMENT_CONTENT_IDENTITY_HASH_NOT_VERIFIED","SOURCE_CONTENT_IDENTITY_STILL_INCOMPLETE","DOCUMENT_CONTENT_IDENTITY_HASH_NOT_VERIFIED","DEFER","false","DOCUMENT_CONTENT_IDENTITY_HASH_NOT_VERIFIED"
"ORP115-V2-0068","ORP115-V1-0068","AUROPHARMA","","OWNERSHIP_TREND_4Q","OWNERSHIP_4Q","ede5ce02-1d25-4cf6-b97f-0102a17c7a8f","","METHODOLOGY_REQUIREMENT_SERIES_SELECTION_AND_BASIS_UNRESOLVED","METHODOLOGY_DECISION_STILL_REQUIRED","METHODOLOGY_REQUIREMENT_SERIES_SELECTION_AND_BASIS_UNRESOLVED","DEFER","false","METHODOLOGY_REQUIREMENT_SERIES_SELECTION_AND_BASIS_UNRESOLVED"
"ORP115-V2-0069","ORP115-V1-0069","AUROPHARMA","","REGULATORY_RISK","TEXT_EVIDENCE_REVIEW","6a30617f-b9ea-4691-a18c-3aca5e7101f0","3f292342-415c-4f50-9e1b-a3aa2ff792b6","DOCUMENT_CONTENT_IDENTITY_HASH_NOT_VERIFIED","SOURCE_CONTENT_IDENTITY_STILL_INCOMPLETE","DOCUMENT_CONTENT_IDENTITY_HASH_NOT_VERIFIED","DEFER","false","DOCUMENT_CONTENT_IDENTITY_HASH_NOT_VERIFIED"
"ORP115-V2-0070","ORP115-V1-0070","AVALON","","BUSINESS_DURABILITY","TEXT_EVIDENCE_REVIEW","5d22ab53-83b2-4599-85cb-8c4a30f5e8f6","8f4029f3-9f27-46ae-a88c-0e12e6b82d05","DOCUMENT_CONTENT_IDENTITY_HASH_NOT_VERIFIED","SOURCE_CONTENT_IDENTITY_STILL_INCOMPLETE","DOCUMENT_CONTENT_IDENTITY_HASH_NOT_VERIFIED","DEFER","false","DOCUMENT_CONTENT_IDENTITY_HASH_NOT_VERIFIED"
"ORP115-V2-0071","ORP115-V1-0071","AVALON","","CFO_FCF_AND_WORKING_CAPITAL","NUMERIC_SERIES","54e469ab-c19e-4326-8ba8-84b69c22bd9f","","NUMERIC_PERIOD_UNIT_SCOPE_BINDING_INCOMPLETE","SOURCE_METADATA_STILL_INCOMPLETE","NUMERIC_PERIOD_UNIT_SCOPE_BINDING_INCOMPLETE","DEFER","false","NUMERIC_PERIOD_UNIT_SCOPE_BINDING_INCOMPLETE"
"ORP115-V2-0072","ORP115-V1-0072","AVALON","","NET_DEBT_AND_INTEREST_COVERAGE","NUMERIC_SERIES","28d06632-4449-4cd0-95e8-e1013b9ff12e","","NUMERIC_PERIOD_UNIT_SCOPE_BINDING_INCOMPLETE","SOURCE_METADATA_STILL_INCOMPLETE","NUMERIC_PERIOD_UNIT_SCOPE_BINDING_INCOMPLETE","DEFER","false","NUMERIC_PERIOD_UNIT_SCOPE_BINDING_INCOMPLETE"
"ORP115-V2-0073","ORP115-V1-0073","AVALON","","OWNERSHIP_GOVERNANCE","OWNERSHIP_4Q","8abd71d5-f1b7-49f5-b61b-a2ab26fd18ba","","METHODOLOGY_REQUIREMENT_SERIES_SELECTION_AND_BASIS_UNRESOLVED","METHODOLOGY_DECISION_STILL_REQUIRED","METHODOLOGY_REQUIREMENT_SERIES_SELECTION_AND_BASIS_UNRESOLVED","DEFER","false","METHODOLOGY_REQUIREMENT_SERIES_SELECTION_AND_BASIS_UNRESOLVED"
"ORP115-V2-0074","ORP115-V1-0074","AVALON","","ROCE_OR_ROIC","NUMERIC_SERIES","28d06632-4449-4cd0-95e8-e1013b9ff12e","","NUMERIC_PERIOD_UNIT_SCOPE_BINDING_INCOMPLETE","SOURCE_METADATA_STILL_INCOMPLETE","NUMERIC_PERIOD_UNIT_SCOPE_BINDING_INCOMPLETE","DEFER","false","NUMERIC_PERIOD_UNIT_SCOPE_BINDING_INCOMPLETE"
"ORP115-V2-0075","ORP115-V1-0075","AVALON","","VALUATION","NUMERIC_SERIES","28d06632-4449-4cd0-95e8-e1013b9ff12e","","NUMERIC_PERIOD_UNIT_SCOPE_BINDING_INCOMPLETE","SOURCE_METADATA_STILL_INCOMPLETE","NUMERIC_PERIOD_UNIT_SCOPE_BINDING_INCOMPLETE","DEFER","false","NUMERIC_PERIOD_UNIT_SCOPE_BINDING_INCOMPLETE"
"ORP115-V2-0076","ORP115-V1-0076","AVTNPL","","BRAND_CUSTOMER_SUPPLY_CHAIN","TEXT_EVIDENCE_REVIEW","e7257ff3-318a-477d-86b5-7b64f6b67e42","65d7fcac-deea-4d1f-b4c6-e2b57d07e301","DOCUMENT_CONTENT_IDENTITY_HASH_NOT_VERIFIED","SOURCE_CONTENT_IDENTITY_STILL_INCOMPLETE","DOCUMENT_CONTENT_IDENTITY_HASH_NOT_VERIFIED","DEFER","false","DOCUMENT_CONTENT_IDENTITY_HASH_NOT_VERIFIED"
"ORP115-V2-0077","ORP115-V1-0077","AVTNPL","","CROP_INPUT_PRICE_FX_CUSTOMER_CONCENTRATION","TEXT_EVIDENCE_REVIEW","e7257ff3-318a-477d-86b5-7b64f6b67e42","65d7fcac-deea-4d1f-b4c6-e2b57d07e301","DOCUMENT_CONTENT_IDENTITY_HASH_NOT_VERIFIED","SOURCE_CONTENT_IDENTITY_STILL_INCOMPLETE","DOCUMENT_CONTENT_IDENTITY_HASH_NOT_VERIFIED","DEFER","false","DOCUMENT_CONTENT_IDENTITY_HASH_NOT_VERIFIED"
"ORP115-V2-0078","ORP115-V1-0078","AVTNPL","","GOVERNANCE_EVENT_REVIEW","TEXT_EVIDENCE_REVIEW","e7257ff3-318a-477d-86b5-7b64f6b67e42","65d7fcac-deea-4d1f-b4c6-e2b57d07e301","DOCUMENT_CONTENT_IDENTITY_HASH_NOT_VERIFIED","SOURCE_CONTENT_IDENTITY_STILL_INCOMPLETE","DOCUMENT_CONTENT_IDENTITY_HASH_NOT_VERIFIED","DEFER","false","DOCUMENT_CONTENT_IDENTITY_HASH_NOT_VERIFIED"
"ORP115-V2-0079","ORP115-V1-0079","AVTNPL","","OWNERSHIP_TREND_4Q","OWNERSHIP_4Q","03b108e9-e430-4895-ac95-3f027461c35f","","METHODOLOGY_REQUIREMENT_SERIES_SELECTION_AND_BASIS_UNRESOLVED","METHODOLOGY_DECISION_STILL_REQUIRED","METHODOLOGY_REQUIREMENT_SERIES_SELECTION_AND_BASIS_UNRESOLVED","DEFER","false","METHODOLOGY_REQUIREMENT_SERIES_SELECTION_AND_BASIS_UNRESOLVED"
"ORP115-V2-0080","ORP115-V1-0080","AVTNPL","","PROCUREMENT_AND_PROCESSING_MOAT","TEXT_EVIDENCE_REVIEW","e7257ff3-318a-477d-86b5-7b64f6b67e42","65d7fcac-deea-4d1f-b4c6-e2b57d07e301","DOCUMENT_CONTENT_IDENTITY_HASH_NOT_VERIFIED","SOURCE_CONTENT_IDENTITY_STILL_INCOMPLETE","DOCUMENT_CONTENT_IDENTITY_HASH_NOT_VERIFIED","DEFER","false","DOCUMENT_CONTENT_IDENTITY_HASH_NOT_VERIFIED"
"ORP115-V2-0081","ORP115-V1-0081","AVTNPL","","PRODUCT_MIX","TEXT_EVIDENCE_REVIEW","e7257ff3-318a-477d-86b5-7b64f6b67e42","65d7fcac-deea-4d1f-b4c6-e2b57d07e301","DOCUMENT_CONTENT_IDENTITY_HASH_NOT_VERIFIED","SOURCE_CONTENT_IDENTITY_STILL_INCOMPLETE","DOCUMENT_CONTENT_IDENTITY_HASH_NOT_VERIFIED","DEFER","false","DOCUMENT_CONTENT_IDENTITY_HASH_NOT_VERIFIED"
"ORP115-V2-0082","ORP115-V1-0082","AWHCL","","CFO_FCF_RECEIVABLES","TEXT_EVIDENCE_REVIEW","65a45a41-f5ea-4242-8916-11650f8d24ec","50fc1379-97cb-49bb-a715-9c2982361353","DOCUMENT_CONTENT_IDENTITY_HASH_NOT_VERIFIED","SOURCE_CONTENT_IDENTITY_STILL_INCOMPLETE","DOCUMENT_CONTENT_IDENTITY_HASH_NOT_VERIFIED","DEFER","false","DOCUMENT_CONTENT_IDENTITY_HASH_NOT_VERIFIED"
"ORP115-V2-0083","ORP115-V1-0083","AWHCL","","COUNTERPARTY_RECEIVABLE_REGULATORY_PROJECT","TEXT_EVIDENCE_REVIEW","65a45a41-f5ea-4242-8916-11650f8d24ec","50fc1379-97cb-49bb-a715-9c2982361353","DOCUMENT_CONTENT_IDENTITY_HASH_NOT_VERIFIED","SOURCE_CONTENT_IDENTITY_STILL_INCOMPLETE","DOCUMENT_CONTENT_IDENTITY_HASH_NOT_VERIFIED","DEFER","false","DOCUMENT_CONTENT_IDENTITY_HASH_NOT_VERIFIED"
"ORP115-V2-0084","ORP115-V1-0084","AWHCL","","GOVERNANCE_EVENT_REVIEW","TEXT_EVIDENCE_REVIEW","65a45a41-f5ea-4242-8916-11650f8d24ec","50fc1379-97cb-49bb-a715-9c2982361353","DOCUMENT_CONTENT_IDENTITY_HASH_NOT_VERIFIED","SOURCE_CONTENT_IDENTITY_STILL_INCOMPLETE","DOCUMENT_CONTENT_IDENTITY_HASH_NOT_VERIFIED","DEFER","false","DOCUMENT_CONTENT_IDENTITY_HASH_NOT_VERIFIED"
"ORP115-V2-0085","ORP115-V1-0085","AWHCL","","OWNERSHIP_TREND_4Q","OWNERSHIP_4Q","aae0f0ff-e75c-464c-8e63-73d1d291bd81","","METHODOLOGY_REQUIREMENT_SERIES_SELECTION_AND_BASIS_UNRESOLVED","METHODOLOGY_DECISION_STILL_REQUIRED","METHODOLOGY_REQUIREMENT_SERIES_SELECTION_AND_BASIS_UNRESOLVED","DEFER","false","METHODOLOGY_REQUIREMENT_SERIES_SELECTION_AND_BASIS_UNRESOLVED"
"ORP115-V2-0086","ORP115-V1-0086","AWHCL","","REVENUE_ORDER_BOOK_CAPACITY_GROWTH","TEXT_EVIDENCE_REVIEW","65a45a41-f5ea-4242-8916-11650f8d24ec","50fc1379-97cb-49bb-a715-9c2982361353","DOCUMENT_CONTENT_IDENTITY_HASH_NOT_VERIFIED","SOURCE_CONTENT_IDENTITY_STILL_INCOMPLETE","DOCUMENT_CONTENT_IDENTITY_HASH_NOT_VERIFIED","DEFER","false","DOCUMENT_CONTENT_IDENTITY_HASH_NOT_VERIFIED"
"ORP115-V2-0087","ORP115-V1-0087","AWHCL","","TECHNOLOGY_PERMITS_MUNICIPAL_INDUSTRIAL_DIVERSIFICATION","TEXT_EVIDENCE_REVIEW","65a45a41-f5ea-4242-8916-11650f8d24ec","50fc1379-97cb-49bb-a715-9c2982361353","DOCUMENT_CONTENT_IDENTITY_HASH_NOT_VERIFIED","SOURCE_CONTENT_IDENTITY_STILL_INCOMPLETE","DOCUMENT_CONTENT_IDENTITY_HASH_NOT_VERIFIED","DEFER","false","DOCUMENT_CONTENT_IDENTITY_HASH_NOT_VERIFIED"
"ORP115-V2-0088","ORP115-V1-0088","AXISBANK","","CAPITAL_ADEQUACY_RATIO","NUMERIC_SERIES","aa738904-2fd2-4ad4-ac45-e30248442536","","NUMERIC_PERIOD_UNIT_SCOPE_BINDING_INCOMPLETE","SOURCE_METADATA_STILL_INCOMPLETE","NUMERIC_PERIOD_UNIT_SCOPE_BINDING_INCOMPLETE","DEFER","false","NUMERIC_PERIOD_UNIT_SCOPE_BINDING_INCOMPLETE"
"ORP115-V2-0089","ORP115-V1-0089","AXISBANK","","CET1_RATIO","NUMERIC_SERIES","aa738904-2fd2-4ad4-ac45-e30248442536","","NUMERIC_PERIOD_UNIT_SCOPE_BINDING_INCOMPLETE","SOURCE_METADATA_STILL_INCOMPLETE","NUMERIC_PERIOD_UNIT_SCOPE_BINDING_INCOMPLETE","DEFER","false","NUMERIC_PERIOD_UNIT_SCOPE_BINDING_INCOMPLETE"
"ORP115-V2-0090","ORP115-V1-0090","AXISBANK","","EXTERNAL_LONG_TERM_RATING","TEXT_EVIDENCE_REVIEW","d04056ac-16fd-4e13-9433-ede7214c0728","648c16d1-ef4c-47c1-9bd7-d73a803f97f5","DOCUMENT_CONTENT_IDENTITY_HASH_NOT_VERIFIED","SOURCE_CONTENT_IDENTITY_STILL_INCOMPLETE","DOCUMENT_CONTENT_IDENTITY_HASH_NOT_VERIFIED","DEFER","false","DOCUMENT_CONTENT_IDENTITY_HASH_NOT_VERIFIED"
"ORP115-V2-0091","ORP115-V1-0091","AXISBANK","","GROSS_NPA","NUMERIC_SERIES","aa738904-2fd2-4ad4-ac45-e30248442536","","NUMERIC_PERIOD_UNIT_SCOPE_BINDING_INCOMPLETE","SOURCE_METADATA_STILL_INCOMPLETE","NUMERIC_PERIOD_UNIT_SCOPE_BINDING_INCOMPLETE","DEFER","false","NUMERIC_PERIOD_UNIT_SCOPE_BINDING_INCOMPLETE"
"ORP115-V2-0092","ORP115-V1-0092","AXISBANK","","INSTITUTIONAL_OWNERSHIP_TREND_4Q","OWNERSHIP_4Q","e0d46eba-05b4-4d55-a9e9-042bbfa31839","","METHODOLOGY_REQUIREMENT_SERIES_SELECTION_AND_BASIS_UNRESOLVED","METHODOLOGY_DECISION_STILL_REQUIRED","METHODOLOGY_REQUIREMENT_SERIES_SELECTION_AND_BASIS_UNRESOLVED","DEFER","false","METHODOLOGY_REQUIREMENT_SERIES_SELECTION_AND_BASIS_UNRESOLVED"
"ORP115-V2-0093","ORP115-V1-0093","AXISBANK","","NET_NPA","NUMERIC_SERIES","aa738904-2fd2-4ad4-ac45-e30248442536","","NUMERIC_PERIOD_UNIT_SCOPE_BINDING_INCOMPLETE","SOURCE_METADATA_STILL_INCOMPLETE","NUMERIC_PERIOD_UNIT_SCOPE_BINDING_INCOMPLETE","DEFER","false","NUMERIC_PERIOD_UNIT_SCOPE_BINDING_INCOMPLETE"
"ORP115-V2-0094","ORP115-V1-0094","AXISBANK","","PB_ADJUSTED_FOR_ROE","NUMERIC_SERIES","2883a59b-eae5-4e80-9f2d-7962bc858124","","NUMERIC_PERIOD_UNIT_SCOPE_BINDING_INCOMPLETE","SOURCE_METADATA_STILL_INCOMPLETE","NUMERIC_PERIOD_UNIT_SCOPE_BINDING_INCOMPLETE","DEFER","false","NUMERIC_PERIOD_UNIT_SCOPE_BINDING_INCOMPLETE"
"ORP115-V2-0095","ORP115-V1-0095","AXISBANK","","PE_TTM_RELATIVE","NUMERIC_SERIES","aa738904-2fd2-4ad4-ac45-e30248442536","","NUMERIC_PERIOD_UNIT_SCOPE_BINDING_INCOMPLETE","SOURCE_METADATA_STILL_INCOMPLETE","NUMERIC_PERIOD_UNIT_SCOPE_BINDING_INCOMPLETE","DEFER","false","NUMERIC_PERIOD_UNIT_SCOPE_BINDING_INCOMPLETE"
"ORP115-V2-0096","ORP115-V1-0096","AXISBANK","","RATING_TREND","TEXT_EVIDENCE_REVIEW","d04056ac-16fd-4e13-9433-ede7214c0728","648c16d1-ef4c-47c1-9bd7-d73a803f97f5","DOCUMENT_CONTENT_IDENTITY_HASH_NOT_VERIFIED","SOURCE_CONTENT_IDENTITY_STILL_INCOMPLETE","DOCUMENT_CONTENT_IDENTITY_HASH_NOT_VERIFIED","DEFER","false","DOCUMENT_CONTENT_IDENTITY_HASH_NOT_VERIFIED"
"ORP115-V2-0097","ORP115-V1-0097","AXISBANK","","ROA_ANNUAL","NUMERIC_SERIES","2883a59b-eae5-4e80-9f2d-7962bc858124","","NUMERIC_PERIOD_UNIT_SCOPE_BINDING_INCOMPLETE","SOURCE_METADATA_STILL_INCOMPLETE","NUMERIC_PERIOD_UNIT_SCOPE_BINDING_INCOMPLETE","DEFER","false","NUMERIC_PERIOD_UNIT_SCOPE_BINDING_INCOMPLETE"
"ORP115-V2-0098","ORP115-V1-0098","BANDHANBNK","","CAPITAL_ADEQUACY_RATIO","NUMERIC_SERIES","5b3354e7-865d-4eb0-85cc-a9555d253a26","","NUMERIC_PERIOD_UNIT_SCOPE_BINDING_INCOMPLETE","SOURCE_METADATA_STILL_INCOMPLETE","NUMERIC_PERIOD_UNIT_SCOPE_BINDING_INCOMPLETE","DEFER","false","NUMERIC_PERIOD_UNIT_SCOPE_BINDING_INCOMPLETE"
"ORP115-V2-0099","ORP115-V1-0099","BANDHANBNK","","CET1_RATIO","NUMERIC_SERIES","5b3354e7-865d-4eb0-85cc-a9555d253a26","","NUMERIC_PERIOD_UNIT_SCOPE_BINDING_INCOMPLETE","SOURCE_METADATA_STILL_INCOMPLETE","NUMERIC_PERIOD_UNIT_SCOPE_BINDING_INCOMPLETE","DEFER","false","NUMERIC_PERIOD_UNIT_SCOPE_BINDING_INCOMPLETE"
"ORP115-V2-0100","ORP115-V1-0100","BANDHANBNK","","EXTERNAL_LONG_TERM_RATING","TEXT_EVIDENCE_REVIEW","356149ad-91d7-4654-939b-d80df8b77531","f13ba223-268b-41a7-84b7-c6619bb506b6","DOCUMENT_CONTENT_IDENTITY_HASH_NOT_VERIFIED","SOURCE_CONTENT_IDENTITY_STILL_INCOMPLETE","DOCUMENT_CONTENT_IDENTITY_HASH_NOT_VERIFIED","DEFER","false","DOCUMENT_CONTENT_IDENTITY_HASH_NOT_VERIFIED"
"ORP115-V2-0101","ORP115-V1-0101","BANDHANBNK","","GOVERNANCE_EVENT_SIGNAL","TEXT_EVIDENCE_REVIEW","356149ad-91d7-4654-939b-d80df8b77531","f13ba223-268b-41a7-84b7-c6619bb506b6","DOCUMENT_CONTENT_IDENTITY_HASH_NOT_VERIFIED","SOURCE_CONTENT_IDENTITY_STILL_INCOMPLETE","DOCUMENT_CONTENT_IDENTITY_HASH_NOT_VERIFIED","DEFER","false","DOCUMENT_CONTENT_IDENTITY_HASH_NOT_VERIFIED"
"ORP115-V2-0102","ORP115-V1-0102","BANDHANBNK","","GROSS_NPA","NUMERIC_SERIES","5b3354e7-865d-4eb0-85cc-a9555d253a26","","NUMERIC_PERIOD_UNIT_SCOPE_BINDING_INCOMPLETE","SOURCE_METADATA_STILL_INCOMPLETE","NUMERIC_PERIOD_UNIT_SCOPE_BINDING_INCOMPLETE","DEFER","false","NUMERIC_PERIOD_UNIT_SCOPE_BINDING_INCOMPLETE"
"ORP115-V2-0103","ORP115-V1-0103","BANDHANBNK","","INSTITUTIONAL_OWNERSHIP_TREND_4Q","OWNERSHIP_4Q","352ceb1a-3c75-482f-9cda-f305511f4b6d","","METHODOLOGY_REQUIREMENT_SERIES_SELECTION_AND_BASIS_UNRESOLVED","METHODOLOGY_DECISION_STILL_REQUIRED","METHODOLOGY_REQUIREMENT_SERIES_SELECTION_AND_BASIS_UNRESOLVED","DEFER","false","METHODOLOGY_REQUIREMENT_SERIES_SELECTION_AND_BASIS_UNRESOLVED"
"ORP115-V2-0104","ORP115-V1-0104","BANDHANBNK","","NET_NPA","NUMERIC_SERIES","5b3354e7-865d-4eb0-85cc-a9555d253a26","","NUMERIC_PERIOD_UNIT_SCOPE_BINDING_INCOMPLETE","SOURCE_METADATA_STILL_INCOMPLETE","NUMERIC_PERIOD_UNIT_SCOPE_BINDING_INCOMPLETE","DEFER","false","NUMERIC_PERIOD_UNIT_SCOPE_BINDING_INCOMPLETE"
"ORP115-V2-0105","ORP115-V1-0105","BANDHANBNK","","PB_ADJUSTED_FOR_ROE","NUMERIC_SERIES","d360e0d1-c509-486a-bd80-a0dd400fc18b","","NUMERIC_PERIOD_UNIT_SCOPE_BINDING_INCOMPLETE","SOURCE_METADATA_STILL_INCOMPLETE","NUMERIC_PERIOD_UNIT_SCOPE_BINDING_INCOMPLETE","DEFER","false","NUMERIC_PERIOD_UNIT_SCOPE_BINDING_INCOMPLETE"
"ORP115-V2-0106","ORP115-V1-0106","BANDHANBNK","","PE_TTM_RELATIVE","NUMERIC_SERIES","5b3354e7-865d-4eb0-85cc-a9555d253a26","","NUMERIC_PERIOD_UNIT_SCOPE_BINDING_INCOMPLETE","SOURCE_METADATA_STILL_INCOMPLETE","NUMERIC_PERIOD_UNIT_SCOPE_BINDING_INCOMPLETE","DEFER","false","NUMERIC_PERIOD_UNIT_SCOPE_BINDING_INCOMPLETE"
"ORP115-V2-0107","ORP115-V1-0107","BANDHANBNK","","RATING_TREND","TEXT_EVIDENCE_REVIEW","356149ad-91d7-4654-939b-d80df8b77531","f13ba223-268b-41a7-84b7-c6619bb506b6","DOCUMENT_CONTENT_IDENTITY_HASH_NOT_VERIFIED","SOURCE_CONTENT_IDENTITY_STILL_INCOMPLETE","DOCUMENT_CONTENT_IDENTITY_HASH_NOT_VERIFIED","DEFER","false","DOCUMENT_CONTENT_IDENTITY_HASH_NOT_VERIFIED"
"ORP115-V2-0108","ORP115-V1-0108","BANDHANBNK","","ROA_ANNUAL","NUMERIC_SERIES","d360e0d1-c509-486a-bd80-a0dd400fc18b","","NUMERIC_PERIOD_UNIT_SCOPE_BINDING_INCOMPLETE","SOURCE_METADATA_STILL_INCOMPLETE","NUMERIC_PERIOD_UNIT_SCOPE_BINDING_INCOMPLETE","DEFER","false","NUMERIC_PERIOD_UNIT_SCOPE_BINDING_INCOMPLETE"
"ORP115-V2-0109","ORP115-V1-0109","BANKBARODA","","CAPITAL_ADEQUACY_RATIO","NUMERIC_SERIES","7030978e-5f1e-462f-8afa-eb7215a903b0","","NUMERIC_PERIOD_UNIT_SCOPE_BINDING_INCOMPLETE","SOURCE_METADATA_STILL_INCOMPLETE","NUMERIC_PERIOD_UNIT_SCOPE_BINDING_INCOMPLETE","DEFER","false","NUMERIC_PERIOD_UNIT_SCOPE_BINDING_INCOMPLETE"
"ORP115-V2-0110","ORP115-V1-0110","BANKBARODA","","CET1_RATIO","NUMERIC_SERIES","7030978e-5f1e-462f-8afa-eb7215a903b0","","NUMERIC_PERIOD_UNIT_SCOPE_BINDING_INCOMPLETE","SOURCE_METADATA_STILL_INCOMPLETE","NUMERIC_PERIOD_UNIT_SCOPE_BINDING_INCOMPLETE","DEFER","false","NUMERIC_PERIOD_UNIT_SCOPE_BINDING_INCOMPLETE"
"ORP115-V2-0111","ORP115-V1-0111","BANKBARODA","","EXTERNAL_LONG_TERM_RATING","TEXT_EVIDENCE_REVIEW","df3a52fc-6e6a-447f-bb05-e661eb0da736","de05b56c-ebe5-4d7d-b465-e40af9693747","DOCUMENT_CONTENT_IDENTITY_HASH_NOT_VERIFIED","SOURCE_CONTENT_IDENTITY_STILL_INCOMPLETE","DOCUMENT_CONTENT_IDENTITY_HASH_NOT_VERIFIED","DEFER","false","DOCUMENT_CONTENT_IDENTITY_HASH_NOT_VERIFIED"
"ORP115-V2-0112","ORP115-V1-0112","BANKBARODA","","GROSS_NPA","NUMERIC_SERIES","7030978e-5f1e-462f-8afa-eb7215a903b0","","NUMERIC_PERIOD_UNIT_SCOPE_BINDING_INCOMPLETE","SOURCE_METADATA_STILL_INCOMPLETE","NUMERIC_PERIOD_UNIT_SCOPE_BINDING_INCOMPLETE","DEFER","false","NUMERIC_PERIOD_UNIT_SCOPE_BINDING_INCOMPLETE"
"ORP115-V2-0113","ORP115-V1-0113","BANKBARODA","","INSTITUTIONAL_OWNERSHIP_TREND_4Q","OWNERSHIP_4Q","0ff07d19-830e-41b4-ae7c-cdde5e391e96","","METHODOLOGY_REQUIREMENT_SERIES_SELECTION_AND_BASIS_UNRESOLVED","METHODOLOGY_DECISION_STILL_REQUIRED","METHODOLOGY_REQUIREMENT_SERIES_SELECTION_AND_BASIS_UNRESOLVED","DEFER","false","METHODOLOGY_REQUIREMENT_SERIES_SELECTION_AND_BASIS_UNRESOLVED"
"ORP115-V2-0114","ORP115-V1-0114","BANKBARODA","","NET_NPA","NUMERIC_SERIES","7030978e-5f1e-462f-8afa-eb7215a903b0","","NUMERIC_PERIOD_UNIT_SCOPE_BINDING_INCOMPLETE","SOURCE_METADATA_STILL_INCOMPLETE","NUMERIC_PERIOD_UNIT_SCOPE_BINDING_INCOMPLETE","DEFER","false","NUMERIC_PERIOD_UNIT_SCOPE_BINDING_INCOMPLETE"
"ORP115-V2-0115","ORP115-V1-0115","BANKBARODA","","PB_ADJUSTED_FOR_ROE","NUMERIC_SERIES","2122fab8-0925-41d4-806b-42a3c5ce7dc3","","NUMERIC_PERIOD_UNIT_SCOPE_BINDING_INCOMPLETE","SOURCE_METADATA_STILL_INCOMPLETE","NUMERIC_PERIOD_UNIT_SCOPE_BINDING_INCOMPLETE","DEFER","false","NUMERIC_PERIOD_UNIT_SCOPE_BINDING_INCOMPLETE"
"ORP115-V2-0116","ORP115-V1-0116","BANKBARODA","","PE_TTM_RELATIVE","NUMERIC_SERIES","7030978e-5f1e-462f-8afa-eb7215a903b0","","NUMERIC_PERIOD_UNIT_SCOPE_BINDING_INCOMPLETE","SOURCE_METADATA_STILL_INCOMPLETE","NUMERIC_PERIOD_UNIT_SCOPE_BINDING_INCOMPLETE","DEFER","false","NUMERIC_PERIOD_UNIT_SCOPE_BINDING_INCOMPLETE"
"ORP115-V2-0117","ORP115-V1-0117","BANKBARODA","","RATING_TREND","TEXT_EVIDENCE_REVIEW","df3a52fc-6e6a-447f-bb05-e661eb0da736","de05b56c-ebe5-4d7d-b465-e40af9693747","DOCUMENT_CONTENT_IDENTITY_HASH_NOT_VERIFIED","SOURCE_CONTENT_IDENTITY_STILL_INCOMPLETE","DOCUMENT_CONTENT_IDENTITY_HASH_NOT_VERIFIED","DEFER","false","DOCUMENT_CONTENT_IDENTITY_HASH_NOT_VERIFIED"
"ORP115-V2-0118","ORP115-V1-0118","BANKBARODA","","ROA_ANNUAL","NUMERIC_SERIES","2122fab8-0925-41d4-806b-42a3c5ce7dc3","","NUMERIC_PERIOD_UNIT_SCOPE_BINDING_INCOMPLETE","SOURCE_METADATA_STILL_INCOMPLETE","NUMERIC_PERIOD_UNIT_SCOPE_BINDING_INCOMPLETE","DEFER","false","NUMERIC_PERIOD_UNIT_SCOPE_BINDING_INCOMPLETE"
"ORP115-V2-0119","ORP115-V1-0119","BBOX","","BUSINESS_DURABILITY","TEXT_EVIDENCE_REVIEW","c6b56ae4-f01d-4196-b3ac-556c4d5b4469","c8845e34-aab0-4d35-aeff-41582563d1f6","DOCUMENT_CONTENT_IDENTITY_HASH_NOT_VERIFIED","SOURCE_CONTENT_IDENTITY_STILL_INCOMPLETE","DOCUMENT_CONTENT_IDENTITY_HASH_NOT_VERIFIED","DEFER","false","DOCUMENT_CONTENT_IDENTITY_HASH_NOT_VERIFIED"
"ORP115-V2-0120","ORP115-V1-0120","BBOX","","FCF_CONVERSION","NUMERIC_SERIES","a2b5054b-802b-4c7b-b045-ea81dcb83e0d","","NUMERIC_PERIOD_UNIT_SCOPE_BINDING_INCOMPLETE","SOURCE_METADATA_STILL_INCOMPLETE","NUMERIC_PERIOD_UNIT_SCOPE_BINDING_INCOMPLETE","DEFER","false","NUMERIC_PERIOD_UNIT_SCOPE_BINDING_INCOMPLETE"
"ORP115-V2-0121","ORP115-V1-0121","BBOX","","OWNERSHIP_GOVERNANCE","OWNERSHIP_4Q","7ca6f2e5-b4e3-49b8-98d2-00d7446ce11b","","METHODOLOGY_REQUIREMENT_SERIES_SELECTION_AND_BASIS_UNRESOLVED","METHODOLOGY_DECISION_STILL_REQUIRED","METHODOLOGY_REQUIREMENT_SERIES_SELECTION_AND_BASIS_UNRESOLVED","DEFER","false","METHODOLOGY_REQUIREMENT_SERIES_SELECTION_AND_BASIS_UNRESOLVED"
"ORP115-V2-0122","ORP115-V1-0122","BBOX","","VALUATION","NUMERIC_SERIES","a2b5054b-802b-4c7b-b045-ea81dcb83e0d","","NUMERIC_PERIOD_UNIT_SCOPE_BINDING_INCOMPLETE","SOURCE_METADATA_STILL_INCOMPLETE","NUMERIC_PERIOD_UNIT_SCOPE_BINDING_INCOMPLETE","DEFER","false","NUMERIC_PERIOD_UNIT_SCOPE_BINDING_INCOMPLETE"
"ORP115-V2-0123","ORP115-V1-0123","BECTORFOOD","","BRAND_DISTRIBUTION_CATEGORY_DURABILITY","TEXT_EVIDENCE_REVIEW","30affa20-6895-489b-b1ad-76ae2ceae92f","4921ef64-70e8-4118-91f7-2960ec03332f","DOCUMENT_CONTENT_IDENTITY_HASH_NOT_VERIFIED","SOURCE_CONTENT_IDENTITY_STILL_INCOMPLETE","DOCUMENT_CONTENT_IDENTITY_HASH_NOT_VERIFIED","DEFER","false","DOCUMENT_CONTENT_IDENTITY_HASH_NOT_VERIFIED"
"ORP115-V2-0124","ORP115-V1-0124","BECTORFOOD","","CFO_OR_FCF_CONVERSION_AND_WORKING_CAPITAL","NUMERIC_SERIES","ecc2f8bc-30af-4db9-aaa8-63bab2c70d85","","NUMERIC_PERIOD_UNIT_SCOPE_BINDING_INCOMPLETE","SOURCE_METADATA_STILL_INCOMPLETE","NUMERIC_PERIOD_UNIT_SCOPE_BINDING_INCOMPLETE","DEFER","false","NUMERIC_PERIOD_UNIT_SCOPE_BINDING_INCOMPLETE"
"ORP115-V2-0125","ORP115-V1-0125","BECTORFOOD","","GROSS_AND_OPERATING_MARGIN_HISTORY","NUMERIC_SERIES","ecc2f8bc-30af-4db9-aaa8-63bab2c70d85","","NUMERIC_PERIOD_UNIT_SCOPE_BINDING_INCOMPLETE","SOURCE_METADATA_STILL_INCOMPLETE","NUMERIC_PERIOD_UNIT_SCOPE_BINDING_INCOMPLETE","DEFER","false","NUMERIC_PERIOD_UNIT_SCOPE_BINDING_INCOMPLETE"
"ORP115-V2-0126","ORP115-V1-0126","BECTORFOOD","","NET_CASH_OR_LEVERAGE","NUMERIC_SERIES","ecc2f8bc-30af-4db9-aaa8-63bab2c70d85","","NUMERIC_PERIOD_UNIT_SCOPE_BINDING_INCOMPLETE","SOURCE_METADATA_STILL_INCOMPLETE","NUMERIC_PERIOD_UNIT_SCOPE_BINDING_INCOMPLETE","DEFER","false","NUMERIC_PERIOD_UNIT_SCOPE_BINDING_INCOMPLETE"
"ORP115-V2-0127","ORP115-V1-0127","BECTORFOOD","","OWNERSHIP_GOVERNANCE","OWNERSHIP_4Q","a20cc51f-1425-4bac-80c9-6ffc0cd0e042","","METHODOLOGY_REQUIREMENT_SERIES_SELECTION_AND_BASIS_UNRESOLVED","METHODOLOGY_DECISION_STILL_REQUIRED","METHODOLOGY_REQUIREMENT_SERIES_SELECTION_AND_BASIS_UNRESOLVED","DEFER","false","METHODOLOGY_REQUIREMENT_SERIES_SELECTION_AND_BASIS_UNRESOLVED"
"ORP115-V2-0128","ORP115-V1-0128","BECTORFOOD","","ROCE_OR_ROIC","NUMERIC_SERIES","ecc2f8bc-30af-4db9-aaa8-63bab2c70d85","","NUMERIC_PERIOD_UNIT_SCOPE_BINDING_INCOMPLETE","SOURCE_METADATA_STILL_INCOMPLETE","NUMERIC_PERIOD_UNIT_SCOPE_BINDING_INCOMPLETE","DEFER","false","NUMERIC_PERIOD_UNIT_SCOPE_BINDING_INCOMPLETE"
"ORP115-V2-0129","ORP115-V1-0129","BECTORFOOD","","VALUATION","NUMERIC_SERIES","ecc2f8bc-30af-4db9-aaa8-63bab2c70d85","","NUMERIC_PERIOD_UNIT_SCOPE_BINDING_INCOMPLETE","SOURCE_METADATA_STILL_INCOMPLETE","NUMERIC_PERIOD_UNIT_SCOPE_BINDING_INCOMPLETE","DEFER","false","NUMERIC_PERIOD_UNIT_SCOPE_BINDING_INCOMPLETE"
"ORP115-V2-0130","ORP115-V1-0130","BEL","","BUSINESS_DURABILITY","TEXT_EVIDENCE_REVIEW","964382a6-f4b9-44e3-ab45-ec407dba92ce","0f5f6d1d-f7a9-480b-8bea-2f799ee94ff0","DOCUMENT_CONTENT_IDENTITY_HASH_NOT_VERIFIED","SOURCE_CONTENT_IDENTITY_STILL_INCOMPLETE","DOCUMENT_CONTENT_IDENTITY_HASH_NOT_VERIFIED","DEFER","false","DOCUMENT_CONTENT_IDENTITY_HASH_NOT_VERIFIED"
"ORP115-V2-0131","ORP115-V1-0131","BEL","","CFO_FCF_CONVERSION","NUMERIC_SERIES","cf472a75-1d5d-4045-b3c0-f7cc36f10d8d","","NUMERIC_PERIOD_UNIT_SCOPE_BINDING_INCOMPLETE","SOURCE_METADATA_STILL_INCOMPLETE","NUMERIC_PERIOD_UNIT_SCOPE_BINDING_INCOMPLETE","DEFER","false","NUMERIC_PERIOD_UNIT_SCOPE_BINDING_INCOMPLETE"
"ORP115-V2-0132","ORP115-V1-0132","BEL","","NET_DEBT_AND_INTEREST_COVERAGE","NUMERIC_SERIES","5e8631a6-0b6b-4543-babf-e8e5bdcaf11d","","NUMERIC_PERIOD_UNIT_SCOPE_BINDING_INCOMPLETE","SOURCE_METADATA_STILL_INCOMPLETE","NUMERIC_PERIOD_UNIT_SCOPE_BINDING_INCOMPLETE","DEFER","false","NUMERIC_PERIOD_UNIT_SCOPE_BINDING_INCOMPLETE"
"ORP115-V2-0133","ORP115-V1-0133","BEL","","ORDER_BOOK_AND_EXECUTION_GROWTH","TEXT_EVIDENCE_REVIEW","964382a6-f4b9-44e3-ab45-ec407dba92ce","0f5f6d1d-f7a9-480b-8bea-2f799ee94ff0","DOCUMENT_CONTENT_IDENTITY_HASH_NOT_VERIFIED","SOURCE_CONTENT_IDENTITY_STILL_INCOMPLETE","DOCUMENT_CONTENT_IDENTITY_HASH_NOT_VERIFIED","DEFER","false","DOCUMENT_CONTENT_IDENTITY_HASH_NOT_VERIFIED"
"ORP115-V2-0134","ORP115-V1-0134","BEL","","OWNERSHIP_GOVERNANCE","OWNERSHIP_4Q","fa2d5fea-e519-456b-af62-269191a15185","","METHODOLOGY_REQUIREMENT_SERIES_SELECTION_AND_BASIS_UNRESOLVED","METHODOLOGY_DECISION_STILL_REQUIRED","METHODOLOGY_REQUIREMENT_SERIES_SELECTION_AND_BASIS_UNRESOLVED","DEFER","false","METHODOLOGY_REQUIREMENT_SERIES_SELECTION_AND_BASIS_UNRESOLVED"
"ORP115-V2-0135","ORP115-V1-0135","BEL","","VALUATION","NUMERIC_SERIES","5e8631a6-0b6b-4543-babf-e8e5bdcaf11d","","NUMERIC_PERIOD_UNIT_SCOPE_BINDING_INCOMPLETE","SOURCE_METADATA_STILL_INCOMPLETE","NUMERIC_PERIOD_UNIT_SCOPE_BINDING_INCOMPLETE","DEFER","false","NUMERIC_PERIOD_UNIT_SCOPE_BINDING_INCOMPLETE"
"ORP115-V2-0136","ORP115-V1-0136","BHARTIARTL","","ARPU_MARGIN_NETWORK_QUALITY","TEXT_EVIDENCE_REVIEW","398e586a-f8ef-4d1d-8cd2-5bcb1c0895a9","","DOCUMENT_CONTENT_IDENTITY_HASH_NOT_VERIFIED","SOURCE_CONTENT_IDENTITY_STILL_INCOMPLETE","DOCUMENT_CONTENT_IDENTITY_HASH_NOT_VERIFIED","DEFER","false","DOCUMENT_CONTENT_IDENTITY_HASH_NOT_VERIFIED"
"ORP115-V2-0137","ORP115-V1-0137","BHARTIARTL","","CHURN_OR_CUSTOMER_QUALITY","TEXT_EVIDENCE_REVIEW","398e586a-f8ef-4d1d-8cd2-5bcb1c0895a9","","DOCUMENT_CONTENT_IDENTITY_HASH_NOT_VERIFIED","SOURCE_CONTENT_IDENTITY_STILL_INCOMPLETE","DOCUMENT_CONTENT_IDENTITY_HASH_NOT_VERIFIED","DEFER","false","DOCUMENT_CONTENT_IDENTITY_HASH_NOT_VERIFIED"
"ORP115-V2-0138","ORP115-V1-0138","BHARTIARTL","","EV_SUBSCRIBER_OR_ARPU_CONTEXT","TEXT_EVIDENCE_REVIEW","398e586a-f8ef-4d1d-8cd2-5bcb1c0895a9","","DOCUMENT_CONTENT_IDENTITY_HASH_NOT_VERIFIED","SOURCE_CONTENT_IDENTITY_STILL_INCOMPLETE","DOCUMENT_CONTENT_IDENTITY_HASH_NOT_VERIFIED","DEFER","false","DOCUMENT_CONTENT_IDENTITY_HASH_NOT_VERIFIED"
"ORP115-V2-0139","ORP115-V1-0139","BHARTIARTL","","GOVERNANCE_EVENT_REVIEW","TEXT_EVIDENCE_REVIEW","398e586a-f8ef-4d1d-8cd2-5bcb1c0895a9","","DOCUMENT_CONTENT_IDENTITY_HASH_NOT_VERIFIED","SOURCE_CONTENT_IDENTITY_STILL_INCOMPLETE","DOCUMENT_CONTENT_IDENTITY_HASH_NOT_VERIFIED","DEFER","false","DOCUMENT_CONTENT_IDENTITY_HASH_NOT_VERIFIED"
"ORP115-V2-0140","ORP115-V1-0140","BHARTIARTL","","OWNERSHIP_TREND_4Q","OWNERSHIP_4Q","82c7ce3c-5ffa-4514-9cf2-03bab7546e59","","METHODOLOGY_REQUIREMENT_SERIES_SELECTION_AND_BASIS_UNRESOLVED","METHODOLOGY_DECISION_STILL_REQUIRED","METHODOLOGY_REQUIREMENT_SERIES_SELECTION_AND_BASIS_UNRESOLVED","DEFER","false","METHODOLOGY_REQUIREMENT_SERIES_SELECTION_AND_BASIS_UNRESOLVED"
"ORP115-V2-0141","ORP115-V1-0141","BHARTIARTL","","REGULATION_COMPETITION_CAPEX_TECH_TRANSITION","TEXT_EVIDENCE_REVIEW","398e586a-f8ef-4d1d-8cd2-5bcb1c0895a9","","DOCUMENT_CONTENT_IDENTITY_HASH_NOT_VERIFIED","SOURCE_CONTENT_IDENTITY_STILL_INCOMPLETE","DOCUMENT_CONTENT_IDENTITY_HASH_NOT_VERIFIED","DEFER","false","DOCUMENT_CONTENT_IDENTITY_HASH_NOT_VERIFIED"
"ORP115-V2-0142","ORP115-V1-0142","BHARTIARTL","","SPECTRUM_NETWORK_SCALE_BRAND_DISTRIBUTION","TEXT_EVIDENCE_REVIEW","398e586a-f8ef-4d1d-8cd2-5bcb1c0895a9","","DOCUMENT_CONTENT_IDENTITY_HASH_NOT_VERIFIED","SOURCE_CONTENT_IDENTITY_STILL_INCOMPLETE","DOCUMENT_CONTENT_IDENTITY_HASH_NOT_VERIFIED","DEFER","false","DOCUMENT_CONTENT_IDENTITY_HASH_NOT_VERIFIED"
"ORP115-V2-0143","ORP115-V1-0143","BHARTIARTL","","SUBSCRIBER_DATA_ARPU_REVENUE_GROWTH","TEXT_EVIDENCE_REVIEW","398e586a-f8ef-4d1d-8cd2-5bcb1c0895a9","","DOCUMENT_CONTENT_IDENTITY_HASH_NOT_VERIFIED","SOURCE_CONTENT_IDENTITY_STILL_INCOMPLETE","DOCUMENT_CONTENT_IDENTITY_HASH_NOT_VERIFIED","DEFER","false","DOCUMENT_CONTENT_IDENTITY_HASH_NOT_VERIFIED"
"ORP115-V2-0144","ORP115-V1-0144","BIKAJI","","BRAND_DISTRIBUTION_CATEGORY_DURABILITY","TEXT_EVIDENCE_REVIEW","ec6a567b-356a-4566-a43e-4e8b63122c19","a142341a-eac6-43ef-b5bb-dc51c273047d","DOCUMENT_CONTENT_IDENTITY_HASH_NOT_VERIFIED","SOURCE_CONTENT_IDENTITY_STILL_INCOMPLETE","DOCUMENT_CONTENT_IDENTITY_HASH_NOT_VERIFIED","DEFER","false","DOCUMENT_CONTENT_IDENTITY_HASH_NOT_VERIFIED"
"ORP115-V2-0145","ORP115-V1-0145","BIKAJI","","CFO_OR_FCF_CONVERSION_AND_WORKING_CAPITAL","NUMERIC_SERIES","c5200105-efb2-46bb-ab4c-e0ed1ef01162","","NUMERIC_PERIOD_UNIT_SCOPE_BINDING_INCOMPLETE","SOURCE_METADATA_STILL_INCOMPLETE","NUMERIC_PERIOD_UNIT_SCOPE_BINDING_INCOMPLETE","DEFER","false","NUMERIC_PERIOD_UNIT_SCOPE_BINDING_INCOMPLETE"
"ORP115-V2-0146","ORP115-V1-0146","BIKAJI","","GROSS_AND_OPERATING_MARGIN_HISTORY","NUMERIC_SERIES","833f5f64-402b-4599-b291-44de5e5d4813","","NUMERIC_PERIOD_UNIT_SCOPE_BINDING_INCOMPLETE","SOURCE_METADATA_STILL_INCOMPLETE","NUMERIC_PERIOD_UNIT_SCOPE_BINDING_INCOMPLETE","DEFER","false","NUMERIC_PERIOD_UNIT_SCOPE_BINDING_INCOMPLETE"
"ORP115-V2-0147","ORP115-V1-0147","BIKAJI","","NET_CASH_OR_LEVERAGE","NUMERIC_SERIES","c5200105-efb2-46bb-ab4c-e0ed1ef01162","","NUMERIC_PERIOD_UNIT_SCOPE_BINDING_INCOMPLETE","SOURCE_METADATA_STILL_INCOMPLETE","NUMERIC_PERIOD_UNIT_SCOPE_BINDING_INCOMPLETE","DEFER","false","NUMERIC_PERIOD_UNIT_SCOPE_BINDING_INCOMPLETE"
"ORP115-V2-0148","ORP115-V1-0148","BIKAJI","","OWNERSHIP_GOVERNANCE","OWNERSHIP_4Q","9ccca9b4-2098-4c09-a208-74313e914f81","","METHODOLOGY_REQUIREMENT_SERIES_SELECTION_AND_BASIS_UNRESOLVED","METHODOLOGY_DECISION_STILL_REQUIRED","METHODOLOGY_REQUIREMENT_SERIES_SELECTION_AND_BASIS_UNRESOLVED","DEFER","false","METHODOLOGY_REQUIREMENT_SERIES_SELECTION_AND_BASIS_UNRESOLVED"
"ORP115-V2-0149","ORP115-V1-0149","BIKAJI","","VALUATION","NUMERIC_SERIES","833f5f64-402b-4599-b291-44de5e5d4813","","NUMERIC_PERIOD_UNIT_SCOPE_BINDING_INCOMPLETE","SOURCE_METADATA_STILL_INCOMPLETE","NUMERIC_PERIOD_UNIT_SCOPE_BINDING_INCOMPLETE","DEFER","false","NUMERIC_PERIOD_UNIT_SCOPE_BINDING_INCOMPLETE"
"ORP115-V2-0150","ORP115-V1-0150","BIOCON","","GOVERNANCE_EVENT_REVIEW","TEXT_EVIDENCE_REVIEW","e41a0502-b23b-4682-bb9a-a04a4838ad96","4a41cd9b-4d94-4dca-9b36-8e42b0993995","DOCUMENT_CONTENT_IDENTITY_HASH_NOT_VERIFIED","SOURCE_CONTENT_IDENTITY_STILL_INCOMPLETE","DOCUMENT_CONTENT_IDENTITY_HASH_NOT_VERIFIED","DEFER","false","DOCUMENT_CONTENT_IDENTITY_HASH_NOT_VERIFIED"
"ORP115-V2-0151","ORP115-V1-0151","BIOCON","","OWNERSHIP_TREND_4Q","OWNERSHIP_4Q","e500aa30-3bec-4676-8e22-0cd83e091f44","","METHODOLOGY_REQUIREMENT_SERIES_SELECTION_AND_BASIS_UNRESOLVED","METHODOLOGY_DECISION_STILL_REQUIRED","METHODOLOGY_REQUIREMENT_SERIES_SELECTION_AND_BASIS_UNRESOLVED","DEFER","false","METHODOLOGY_REQUIREMENT_SERIES_SELECTION_AND_BASIS_UNRESOLVED"
"ORP115-V2-0152","ORP115-V1-0152","BIOCON","","REGULATORY_RISK","TEXT_EVIDENCE_REVIEW","8eadcd4b-743b-415a-8a2f-445c13b9a731","83604da9-1a82-4c19-bcb0-cd388beb98a6","DOCUMENT_CONTENT_IDENTITY_HASH_NOT_VERIFIED","SOURCE_CONTENT_IDENTITY_STILL_INCOMPLETE","DOCUMENT_CONTENT_IDENTITY_HASH_NOT_VERIFIED","DEFER","false","DOCUMENT_CONTENT_IDENTITY_HASH_NOT_VERIFIED"
"ORP115-V2-0153","ORP115-V1-0153","BLUESTARCO","","BRAND_DISTRIBUTION_AFTERSALES","TEXT_EVIDENCE_REVIEW","5b19d168-2ce6-40d7-a745-5bb23ce0008c","ebc72ccd-2dfb-495b-8381-91f17912e549","DOCUMENT_CONTENT_IDENTITY_HASH_NOT_VERIFIED","SOURCE_CONTENT_IDENTITY_STILL_INCOMPLETE","DOCUMENT_CONTENT_IDENTITY_HASH_NOT_VERIFIED","DEFER","false","DOCUMENT_CONTENT_IDENTITY_HASH_NOT_VERIFIED"
"ORP115-V2-0154","ORP115-V1-0154","BLUESTARCO","","GOVERNANCE_EVENT_REVIEW","TEXT_EVIDENCE_REVIEW","5b19d168-2ce6-40d7-a745-5bb23ce0008c","ebc72ccd-2dfb-495b-8381-91f17912e549","DOCUMENT_CONTENT_IDENTITY_HASH_NOT_VERIFIED","SOURCE_CONTENT_IDENTITY_STILL_INCOMPLETE","DOCUMENT_CONTENT_IDENTITY_HASH_NOT_VERIFIED","DEFER","false","DOCUMENT_CONTENT_IDENTITY_HASH_NOT_VERIFIED"
"ORP115-V2-0155","ORP115-V1-0155","BLUESTARCO","","INPUT_COST_DEMAND_COMPETITION","TEXT_EVIDENCE_REVIEW","5b19d168-2ce6-40d7-a745-5bb23ce0008c","ebc72ccd-2dfb-495b-8381-91f17912e549","DOCUMENT_CONTENT_IDENTITY_HASH_NOT_VERIFIED","SOURCE_CONTENT_IDENTITY_STILL_INCOMPLETE","DOCUMENT_CONTENT_IDENTITY_HASH_NOT_VERIFIED","DEFER","false","DOCUMENT_CONTENT_IDENTITY_HASH_NOT_VERIFIED"
"ORP115-V2-0156","ORP115-V1-0156","BLUESTARCO","","OWNERSHIP_TREND_4Q","OWNERSHIP_4Q","e3c25d67-8a9d-4046-acbb-03544404a749","","METHODOLOGY_REQUIREMENT_SERIES_SELECTION_AND_BASIS_UNRESOLVED","METHODOLOGY_DECISION_STILL_REQUIRED","METHODOLOGY_REQUIREMENT_SERIES_SELECTION_AND_BASIS_UNRESOLVED","DEFER","false","METHODOLOGY_REQUIREMENT_SERIES_SELECTION_AND_BASIS_UNRESOLVED"
"ORP115-V2-0157","ORP115-V1-0157","BLUESTARCO","","PRODUCT_MIX","TEXT_EVIDENCE_REVIEW","4f8eee39-76f6-4801-b147-1f8c8b939228","3b00b72e-8db6-469a-a2b2-a93c7871f776","DOCUMENT_CONTENT_IDENTITY_HASH_NOT_VERIFIED","SOURCE_CONTENT_IDENTITY_STILL_INCOMPLETE","DOCUMENT_CONTENT_IDENTITY_HASH_NOT_VERIFIED","DEFER","false","DOCUMENT_CONTENT_IDENTITY_HASH_NOT_VERIFIED"
"ORP115-V2-0158","ORP115-V1-0158","BLUSPRING","","CLIENT_CONCENTRATION_LABOUR_REGULATION","TEXT_EVIDENCE_REVIEW","990c7f6a-8e44-4977-acdd-a23b3fb57a9e","a834a3fb-487b-4be2-805c-653a46a86f59","DOCUMENT_CONTENT_IDENTITY_HASH_NOT_VERIFIED","SOURCE_CONTENT_IDENTITY_STILL_INCOMPLETE","DOCUMENT_CONTENT_IDENTITY_HASH_NOT_VERIFIED","DEFER","false","DOCUMENT_CONTENT_IDENTITY_HASH_NOT_VERIFIED"
"ORP115-V2-0159","ORP115-V1-0159","BLUSPRING","","CLIENT_RETENTION","TEXT_EVIDENCE_REVIEW","990c7f6a-8e44-4977-acdd-a23b3fb57a9e","a834a3fb-487b-4be2-805c-653a46a86f59","DOCUMENT_CONTENT_IDENTITY_HASH_NOT_VERIFIED","SOURCE_CONTENT_IDENTITY_STILL_INCOMPLETE","DOCUMENT_CONTENT_IDENTITY_HASH_NOT_VERIFIED","DEFER","false","DOCUMENT_CONTENT_IDENTITY_HASH_NOT_VERIFIED"
"ORP115-V2-0160","ORP115-V1-0160","BLUSPRING","","CONTRACT_RENEWAL","TEXT_EVIDENCE_REVIEW","e268293f-e80c-48c6-bebc-c3b3a1c9aee8","fc234700-25d9-4037-9a4e-b2d172603b84","DOCUMENT_CONTENT_IDENTITY_HASH_NOT_VERIFIED","SOURCE_CONTENT_IDENTITY_STILL_INCOMPLETE","DOCUMENT_CONTENT_IDENTITY_HASH_NOT_VERIFIED","DEFER","false","DOCUMENT_CONTENT_IDENTITY_HASH_NOT_VERIFIED"
"ORP115-V2-0161","ORP115-V1-0161","BLUSPRING","","GOVERNANCE_EVENT_REVIEW","TEXT_EVIDENCE_REVIEW","990c7f6a-8e44-4977-acdd-a23b3fb57a9e","a834a3fb-487b-4be2-805c-653a46a86f59","DOCUMENT_CONTENT_IDENTITY_HASH_NOT_VERIFIED","SOURCE_CONTENT_IDENTITY_STILL_INCOMPLETE","DOCUMENT_CONTENT_IDENTITY_HASH_NOT_VERIFIED","DEFER","false","DOCUMENT_CONTENT_IDENTITY_HASH_NOT_VERIFIED"
"ORP115-V2-0162","ORP115-V1-0162","BLUSPRING","","OWNERSHIP_TREND_4Q","OWNERSHIP_4Q","109bb846-f749-476b-834f-6bddc95d594a","","METHODOLOGY_REQUIREMENT_SERIES_SELECTION_AND_BASIS_UNRESOLVED","METHODOLOGY_DECISION_STILL_REQUIRED","METHODOLOGY_REQUIREMENT_SERIES_SELECTION_AND_BASIS_UNRESOLVED","DEFER","false","METHODOLOGY_REQUIREMENT_SERIES_SELECTION_AND_BASIS_UNRESOLVED"
"ORP115-V2-0163","ORP115-V1-0163","BLUSPRING","","SERVICE_DEPTH","TEXT_EVIDENCE_REVIEW","990c7f6a-8e44-4977-acdd-a23b3fb57a9e","a834a3fb-487b-4be2-805c-653a46a86f59","DOCUMENT_CONTENT_IDENTITY_HASH_NOT_VERIFIED","SOURCE_CONTENT_IDENTITY_STILL_INCOMPLETE","DOCUMENT_CONTENT_IDENTITY_HASH_NOT_VERIFIED","DEFER","false","DOCUMENT_CONTENT_IDENTITY_HASH_NOT_VERIFIED"
"ORP115-V2-0164","ORP115-V1-0164","CAMS","","AUM_CLIENT_ASSET_AND_EARNINGS_GROWTH","NUMERIC_SERIES","445a0f74-0b43-42e5-84d0-ffbb4771d732","","NUMERIC_PERIOD_UNIT_SCOPE_BINDING_INCOMPLETE","SOURCE_METADATA_STILL_INCOMPLETE","NUMERIC_PERIOD_UNIT_SCOPE_BINDING_INCOMPLETE","DEFER","false","NUMERIC_PERIOD_UNIT_SCOPE_BINDING_INCOMPLETE"
"ORP115-V2-0165","ORP115-V1-0165","CAMS","","CAPITAL_MARKETS_DURABILITY","TEXT_EVIDENCE_REVIEW","83d3535e-1e58-45dd-b597-27b2db433d45","af0de38a-102b-4545-9583-c04174fae3b8","DOCUMENT_CONTENT_IDENTITY_HASH_NOT_VERIFIED","SOURCE_CONTENT_IDENTITY_STILL_INCOMPLETE","DOCUMENT_CONTENT_IDENTITY_HASH_NOT_VERIFIED","DEFER","false","DOCUMENT_CONTENT_IDENTITY_HASH_NOT_VERIFIED"
"ORP115-V2-0166","ORP115-V1-0166","CAMS","","OWNERSHIP_GOVERNANCE","OWNERSHIP_4Q","ec7c6c50-2fc6-475b-ad0e-f9bcd00e22b2","","METHODOLOGY_REQUIREMENT_SERIES_SELECTION_AND_BASIS_UNRESOLVED","METHODOLOGY_DECISION_STILL_REQUIRED","METHODOLOGY_REQUIREMENT_SERIES_SELECTION_AND_BASIS_UNRESOLVED","DEFER","false","METHODOLOGY_REQUIREMENT_SERIES_SELECTION_AND_BASIS_UNRESOLVED"
"ORP115-V2-0167","ORP115-V1-0167","CAMS","","VALUATION","NUMERIC_SERIES","445a0f74-0b43-42e5-84d0-ffbb4771d732","","NUMERIC_PERIOD_UNIT_SCOPE_BINDING_INCOMPLETE","SOURCE_METADATA_STILL_INCOMPLETE","NUMERIC_PERIOD_UNIT_SCOPE_BINDING_INCOMPLETE","DEFER","false","NUMERIC_PERIOD_UNIT_SCOPE_BINDING_INCOMPLETE"
"ORP115-V2-0168","ORP115-V1-0168","CAPLIPOINT","","GOVERNANCE_EVENT_REVIEW","TEXT_EVIDENCE_REVIEW","983b76e8-b6f3-4455-bb8f-031913d25401","198b90eb-9c78-4b1d-8818-a9e9f4d1f70b","DOCUMENT_CONTENT_IDENTITY_HASH_NOT_VERIFIED","SOURCE_CONTENT_IDENTITY_STILL_INCOMPLETE","DOCUMENT_CONTENT_IDENTITY_HASH_NOT_VERIFIED","DEFER","false","DOCUMENT_CONTENT_IDENTITY_HASH_NOT_VERIFIED"
"ORP115-V2-0169","ORP115-V1-0169","CAPLIPOINT","","OWNERSHIP_TREND_4Q","OWNERSHIP_4Q","c5d9f987-12ed-4e57-843d-3900cf4f4187","","METHODOLOGY_REQUIREMENT_SERIES_SELECTION_AND_BASIS_UNRESOLVED","METHODOLOGY_DECISION_STILL_REQUIRED","METHODOLOGY_REQUIREMENT_SERIES_SELECTION_AND_BASIS_UNRESOLVED","DEFER","false","METHODOLOGY_REQUIREMENT_SERIES_SELECTION_AND_BASIS_UNRESOLVED"
"ORP115-V2-0170","ORP115-V1-0170","CAPLIPOINT","","REGULATORY_RISK","TEXT_EVIDENCE_REVIEW","983b76e8-b6f3-4455-bb8f-031913d25401","198b90eb-9c78-4b1d-8818-a9e9f4d1f70b","DOCUMENT_CONTENT_IDENTITY_HASH_NOT_VERIFIED","SOURCE_CONTENT_IDENTITY_STILL_INCOMPLETE","DOCUMENT_CONTENT_IDENTITY_HASH_NOT_VERIFIED","DEFER","false","DOCUMENT_CONTENT_IDENTITY_HASH_NOT_VERIFIED"
"ORP115-V2-0171","ORP115-V1-0171","CCL","","BRAND_DISTRIBUTION_CATEGORY_DURABILITY","TEXT_EVIDENCE_REVIEW","9d4d764a-e236-48cc-b183-38455ac4b246","d11f011b-9b35-491f-ac3d-dc3483b4f072","DOCUMENT_CONTENT_IDENTITY_HASH_NOT_VERIFIED","SOURCE_CONTENT_IDENTITY_STILL_INCOMPLETE","DOCUMENT_CONTENT_IDENTITY_HASH_NOT_VERIFIED","DEFER","false","DOCUMENT_CONTENT_IDENTITY_HASH_NOT_VERIFIED"
"ORP115-V2-0172","ORP115-V1-0172","CCL","","CFO_OR_FCF_CONVERSION_AND_WORKING_CAPITAL","NUMERIC_SERIES","40f41a0b-b23f-4ba8-bdcd-9487502be3e2","","NUMERIC_PERIOD_UNIT_SCOPE_BINDING_INCOMPLETE","SOURCE_METADATA_STILL_INCOMPLETE","NUMERIC_PERIOD_UNIT_SCOPE_BINDING_INCOMPLETE","DEFER","false","NUMERIC_PERIOD_UNIT_SCOPE_BINDING_INCOMPLETE"
"ORP115-V2-0173","ORP115-V1-0173","CCL","","GROSS_AND_OPERATING_MARGIN_HISTORY","NUMERIC_SERIES","a22997a6-58e1-42a8-9c55-ddc444857058","","NUMERIC_PERIOD_UNIT_SCOPE_BINDING_INCOMPLETE","SOURCE_METADATA_STILL_INCOMPLETE","NUMERIC_PERIOD_UNIT_SCOPE_BINDING_INCOMPLETE","DEFER","false","NUMERIC_PERIOD_UNIT_SCOPE_BINDING_INCOMPLETE"
"ORP115-V2-0174","ORP115-V1-0174","CCL","","OWNERSHIP_GOVERNANCE","OWNERSHIP_4Q","d2afacf9-8b66-49eb-9130-0e026a493fdf","","METHODOLOGY_REQUIREMENT_SERIES_SELECTION_AND_BASIS_UNRESOLVED","METHODOLOGY_DECISION_STILL_REQUIRED","METHODOLOGY_REQUIREMENT_SERIES_SELECTION_AND_BASIS_UNRESOLVED","DEFER","false","METHODOLOGY_REQUIREMENT_SERIES_SELECTION_AND_BASIS_UNRESOLVED"
"ORP115-V2-0175","ORP115-V1-0175","CCL","","VALUATION","NUMERIC_SERIES","40f41a0b-b23f-4ba8-bdcd-9487502be3e2","","NUMERIC_PERIOD_UNIT_SCOPE_BINDING_INCOMPLETE","SOURCE_METADATA_STILL_INCOMPLETE","NUMERIC_PERIOD_UNIT_SCOPE_BINDING_INCOMPLETE","DEFER","false","NUMERIC_PERIOD_UNIT_SCOPE_BINDING_INCOMPLETE"
"ORP115-V2-0176","ORP115-V1-0176","CEMPRO","","BUSINESS_DURABILITY","TEXT_EVIDENCE_REVIEW","f5a6df76-e213-4bb1-ab55-5b5fbba0dc8b","d1087a81-9561-49fc-a20d-e3095f0eaa3b","DOCUMENT_CONTENT_IDENTITY_HASH_NOT_VERIFIED","SOURCE_CONTENT_IDENTITY_STILL_INCOMPLETE","DOCUMENT_CONTENT_IDENTITY_HASH_NOT_VERIFIED","DEFER","false","DOCUMENT_CONTENT_IDENTITY_HASH_NOT_VERIFIED"
"ORP115-V2-0177","ORP115-V1-0177","CEMPRO","","OPERATING_MARGIN_HISTORY","NUMERIC_SERIES","61f3328b-4f79-45c5-85ab-997ae7d3ceef","","NUMERIC_PERIOD_UNIT_SCOPE_BINDING_INCOMPLETE","SOURCE_METADATA_STILL_INCOMPLETE","NUMERIC_PERIOD_UNIT_SCOPE_BINDING_INCOMPLETE","DEFER","false","NUMERIC_PERIOD_UNIT_SCOPE_BINDING_INCOMPLETE"
"ORP115-V2-0178","ORP115-V1-0178","CEMPRO","","ORDER_BOOK_AND_REVENUE_GROWTH","TEXT_EVIDENCE_REVIEW","f5a6df76-e213-4bb1-ab55-5b5fbba0dc8b","d1087a81-9561-49fc-a20d-e3095f0eaa3b","DOCUMENT_CONTENT_IDENTITY_HASH_NOT_VERIFIED","SOURCE_CONTENT_IDENTITY_STILL_INCOMPLETE","DOCUMENT_CONTENT_IDENTITY_HASH_NOT_VERIFIED","DEFER","false","DOCUMENT_CONTENT_IDENTITY_HASH_NOT_VERIFIED"
"ORP115-V2-0179","ORP115-V1-0179","CEMPRO","","OWNERSHIP_GOVERNANCE","OWNERSHIP_4Q","2de907c4-4c8b-4625-9586-d8c8979d93e8","","METHODOLOGY_REQUIREMENT_SERIES_SELECTION_AND_BASIS_UNRESOLVED","METHODOLOGY_DECISION_STILL_REQUIRED","METHODOLOGY_REQUIREMENT_SERIES_SELECTION_AND_BASIS_UNRESOLVED","DEFER","false","METHODOLOGY_REQUIREMENT_SERIES_SELECTION_AND_BASIS_UNRESOLVED"
"ORP115-V2-0180","ORP115-V1-0180","CEMPRO","","ROCE_OR_ROIC","NUMERIC_SERIES","61f3328b-4f79-45c5-85ab-997ae7d3ceef","","NUMERIC_PERIOD_UNIT_SCOPE_BINDING_INCOMPLETE","SOURCE_METADATA_STILL_INCOMPLETE","NUMERIC_PERIOD_UNIT_SCOPE_BINDING_INCOMPLETE","DEFER","false","NUMERIC_PERIOD_UNIT_SCOPE_BINDING_INCOMPLETE"
"ORP115-V2-0181","ORP115-V1-0181","CEMPRO","","VALUATION","NUMERIC_SERIES","61f3328b-4f79-45c5-85ab-997ae7d3ceef","","NUMERIC_PERIOD_UNIT_SCOPE_BINDING_INCOMPLETE","SOURCE_METADATA_STILL_INCOMPLETE","NUMERIC_PERIOD_UNIT_SCOPE_BINDING_INCOMPLETE","DEFER","false","NUMERIC_PERIOD_UNIT_SCOPE_BINDING_INCOMPLETE"
"ORP115-V2-0182","ORP115-V1-0182","CEMPRO","","WORKING_CAPITAL_AND_CASH_CONVERSION","NUMERIC_SERIES","61f3328b-4f79-45c5-85ab-997ae7d3ceef","","NUMERIC_PERIOD_UNIT_SCOPE_BINDING_INCOMPLETE","SOURCE_METADATA_STILL_INCOMPLETE","NUMERIC_PERIOD_UNIT_SCOPE_BINDING_INCOMPLETE","DEFER","false","NUMERIC_PERIOD_UNIT_SCOPE_BINDING_INCOMPLETE"
"ORP115-V2-0183","ORP115-V1-0183","CGCL","","EXTERNAL_RATING","TEXT_EVIDENCE_REVIEW","fcc7744c-ddc7-4cda-b206-0830d981f04f","614d7999-e184-4c5f-94d4-ea1c2be42fb3","DOCUMENT_CONTENT_IDENTITY_HASH_NOT_VERIFIED","SOURCE_CONTENT_IDENTITY_STILL_INCOMPLETE","DOCUMENT_CONTENT_IDENTITY_HASH_NOT_VERIFIED","DEFER","false","DOCUMENT_CONTENT_IDENTITY_HASH_NOT_VERIFIED"
"ORP115-V2-0184","ORP115-V1-0184","CGCL","","FRANCHISE_OR_DISTRIBUTION","TEXT_EVIDENCE_REVIEW","fcc7744c-ddc7-4cda-b206-0830d981f04f","614d7999-e184-4c5f-94d4-ea1c2be42fb3","DOCUMENT_CONTENT_IDENTITY_HASH_NOT_VERIFIED","SOURCE_CONTENT_IDENTITY_STILL_INCOMPLETE","DOCUMENT_CONTENT_IDENTITY_HASH_NOT_VERIFIED","DEFER","false","DOCUMENT_CONTENT_IDENTITY_HASH_NOT_VERIFIED"
"ORP115-V2-0185","ORP115-V1-0185","CGCL","","GOVERNANCE_EVENT_REVIEW","TEXT_EVIDENCE_REVIEW","fcc7744c-ddc7-4cda-b206-0830d981f04f","614d7999-e184-4c5f-94d4-ea1c2be42fb3","DOCUMENT_CONTENT_IDENTITY_HASH_NOT_VERIFIED","SOURCE_CONTENT_IDENTITY_STILL_INCOMPLETE","DOCUMENT_CONTENT_IDENTITY_HASH_NOT_VERIFIED","DEFER","false","DOCUMENT_CONTENT_IDENTITY_HASH_NOT_VERIFIED"
"ORP115-V2-0186","ORP115-V1-0186","CGCL","","OWNERSHIP_TREND_4Q","OWNERSHIP_4Q","577c8963-d754-4dac-acd7-f2dcc837cff2","","METHODOLOGY_REQUIREMENT_SERIES_SELECTION_AND_BASIS_UNRESOLVED","METHODOLOGY_DECISION_STILL_REQUIRED","METHODOLOGY_REQUIREMENT_SERIES_SELECTION_AND_BASIS_UNRESOLVED","DEFER","false","METHODOLOGY_REQUIREMENT_SERIES_SELECTION_AND_BASIS_UNRESOLVED"
"ORP115-V2-0187","ORP115-V1-0187","CGCL","","RATING_TREND","TEXT_EVIDENCE_REVIEW","fcc7744c-ddc7-4cda-b206-0830d981f04f","614d7999-e184-4c5f-94d4-ea1c2be42fb3","DOCUMENT_CONTENT_IDENTITY_HASH_NOT_VERIFIED","SOURCE_CONTENT_IDENTITY_STILL_INCOMPLETE","DOCUMENT_CONTENT_IDENTITY_HASH_NOT_VERIFIED","DEFER","false","DOCUMENT_CONTENT_IDENTITY_HASH_NOT_VERIFIED"
"ORP115-V2-0188","ORP115-V1-0188","CGCL","","UNDERWRITING_CYCLE_HISTORY","TEXT_EVIDENCE_REVIEW","9b22e686-4057-4e84-920c-ee500d461d5f","","DOCUMENT_CONTENT_IDENTITY_HASH_NOT_VERIFIED","SOURCE_CONTENT_IDENTITY_STILL_INCOMPLETE","DOCUMENT_CONTENT_IDENTITY_HASH_NOT_VERIFIED","DEFER","false","DOCUMENT_CONTENT_IDENTITY_HASH_NOT_VERIFIED"
"ORP115-V2-0189","ORP115-V1-0189","CGPOWER","","BUSINESS_DURABILITY","TEXT_EVIDENCE_REVIEW","c091452e-1306-4261-94f8-fdb0b14d8f62","6ae4c1c1-5037-4c6f-96a4-aa6fae9a4e71","DOCUMENT_CONTENT_IDENTITY_HASH_NOT_VERIFIED","SOURCE_CONTENT_IDENTITY_STILL_INCOMPLETE","DOCUMENT_CONTENT_IDENTITY_HASH_NOT_VERIFIED","DEFER","false","DOCUMENT_CONTENT_IDENTITY_HASH_NOT_VERIFIED"
"ORP115-V2-0190","ORP115-V1-0190","CGPOWER","","CFO_FCF_AND_WORKING_CAPITAL","NUMERIC_SERIES","9f2548ff-9fbd-4cd6-8362-a3fc933f9c13","","NUMERIC_PERIOD_UNIT_SCOPE_BINDING_INCOMPLETE","SOURCE_METADATA_STILL_INCOMPLETE","NUMERIC_PERIOD_UNIT_SCOPE_BINDING_INCOMPLETE","DEFER","false","NUMERIC_PERIOD_UNIT_SCOPE_BINDING_INCOMPLETE"
"ORP115-V2-0191","ORP115-V1-0191","CGPOWER","","NET_DEBT_AND_INTEREST_COVERAGE","NUMERIC_SERIES","9f2548ff-9fbd-4cd6-8362-a3fc933f9c13","","NUMERIC_PERIOD_UNIT_SCOPE_BINDING_INCOMPLETE","SOURCE_METADATA_STILL_INCOMPLETE","NUMERIC_PERIOD_UNIT_SCOPE_BINDING_INCOMPLETE","DEFER","false","NUMERIC_PERIOD_UNIT_SCOPE_BINDING_INCOMPLETE"
"ORP115-V2-0192","ORP115-V1-0192","CGPOWER","","OWNERSHIP_GOVERNANCE","OWNERSHIP_4Q","27813495-25b1-4635-ac1a-30f65a5cee68","","METHODOLOGY_REQUIREMENT_SERIES_SELECTION_AND_BASIS_UNRESOLVED","METHODOLOGY_DECISION_STILL_REQUIRED","METHODOLOGY_REQUIREMENT_SERIES_SELECTION_AND_BASIS_UNRESOLVED","DEFER","false","METHODOLOGY_REQUIREMENT_SERIES_SELECTION_AND_BASIS_UNRESOLVED"
"ORP115-V2-0193","ORP115-V1-0193","CGPOWER","","VALUATION","NUMERIC_SERIES","9f2548ff-9fbd-4cd6-8362-a3fc933f9c13","","NUMERIC_PERIOD_UNIT_SCOPE_BINDING_INCOMPLETE","SOURCE_METADATA_STILL_INCOMPLETE","NUMERIC_PERIOD_UNIT_SCOPE_BINDING_INCOMPLETE","DEFER","false","NUMERIC_PERIOD_UNIT_SCOPE_BINDING_INCOMPLETE"
"ORP115-V2-0194","ORP115-V1-0194","CHOLAFIN","","EXTERNAL_RATING","TEXT_EVIDENCE_REVIEW","f13839ba-408a-4ac8-b5ff-7cf3213a31bb","ff8c0ce1-12f7-4629-bff5-969001f1928c","DOCUMENT_CONTENT_IDENTITY_HASH_NOT_VERIFIED","SOURCE_CONTENT_IDENTITY_STILL_INCOMPLETE","DOCUMENT_CONTENT_IDENTITY_HASH_NOT_VERIFIED","DEFER","false","DOCUMENT_CONTENT_IDENTITY_HASH_NOT_VERIFIED"
"ORP115-V2-0195","ORP115-V1-0195","CHOLAFIN","","FRANCHISE_OR_DISTRIBUTION","TEXT_EVIDENCE_REVIEW","f13839ba-408a-4ac8-b5ff-7cf3213a31bb","ff8c0ce1-12f7-4629-bff5-969001f1928c","DOCUMENT_CONTENT_IDENTITY_HASH_NOT_VERIFIED","SOURCE_CONTENT_IDENTITY_STILL_INCOMPLETE","DOCUMENT_CONTENT_IDENTITY_HASH_NOT_VERIFIED","DEFER","false","DOCUMENT_CONTENT_IDENTITY_HASH_NOT_VERIFIED"
"ORP115-V2-0196","ORP115-V1-0196","CHOLAFIN","","GOVERNANCE_EVENT_REVIEW","TEXT_EVIDENCE_REVIEW","f13839ba-408a-4ac8-b5ff-7cf3213a31bb","ff8c0ce1-12f7-4629-bff5-969001f1928c","DOCUMENT_CONTENT_IDENTITY_HASH_NOT_VERIFIED","SOURCE_CONTENT_IDENTITY_STILL_INCOMPLETE","DOCUMENT_CONTENT_IDENTITY_HASH_NOT_VERIFIED","DEFER","false","DOCUMENT_CONTENT_IDENTITY_HASH_NOT_VERIFIED"
"ORP115-V2-0197","ORP115-V1-0197","CHOLAFIN","","OWNERSHIP_TREND_4Q","OWNERSHIP_4Q","0e73e3f1-2447-4d44-8e04-89e154ce3820","","METHODOLOGY_REQUIREMENT_SERIES_SELECTION_AND_BASIS_UNRESOLVED","METHODOLOGY_DECISION_STILL_REQUIRED","METHODOLOGY_REQUIREMENT_SERIES_SELECTION_AND_BASIS_UNRESOLVED","DEFER","false","METHODOLOGY_REQUIREMENT_SERIES_SELECTION_AND_BASIS_UNRESOLVED"
"ORP115-V2-0198","ORP115-V1-0198","CHOLAFIN","","RATING_TREND","TEXT_EVIDENCE_REVIEW","f13839ba-408a-4ac8-b5ff-7cf3213a31bb","ff8c0ce1-12f7-4629-bff5-969001f1928c","DOCUMENT_CONTENT_IDENTITY_HASH_NOT_VERIFIED","SOURCE_CONTENT_IDENTITY_STILL_INCOMPLETE","DOCUMENT_CONTENT_IDENTITY_HASH_NOT_VERIFIED","DEFER","false","DOCUMENT_CONTENT_IDENTITY_HASH_NOT_VERIFIED"
"ORP115-V2-0199","ORP115-V1-0199","CHOLAFIN","","UNDERWRITING_CYCLE_HISTORY","TEXT_EVIDENCE_REVIEW","f13839ba-408a-4ac8-b5ff-7cf3213a31bb","ff8c0ce1-12f7-4629-bff5-969001f1928c","DOCUMENT_CONTENT_IDENTITY_HASH_NOT_VERIFIED","SOURCE_CONTENT_IDENTITY_STILL_INCOMPLETE","DOCUMENT_CONTENT_IDENTITY_HASH_NOT_VERIFIED","DEFER","false","DOCUMENT_CONTENT_IDENTITY_HASH_NOT_VERIFIED"
"ORP115-V2-0200","ORP115-V1-0200","CIEINDIA","","NET_CASH_OR_LEVERAGE","NUMERIC_SERIES","96420640-cd85-48c1-89a5-82afff78694a","","NUMERIC_PERIOD_UNIT_SCOPE_BINDING_INCOMPLETE","SOURCE_METADATA_STILL_INCOMPLETE","NUMERIC_PERIOD_UNIT_SCOPE_BINDING_INCOMPLETE","DEFER","false","NUMERIC_PERIOD_UNIT_SCOPE_BINDING_INCOMPLETE"
"ORP115-V2-0201","ORP115-V1-0201","CIEINDIA","","OWNERSHIP_GOVERNANCE","OWNERSHIP_4Q","89565936-6fc2-48dc-89fc-8faeb3e999d0","","METHODOLOGY_REQUIREMENT_SERIES_SELECTION_AND_BASIS_UNRESOLVED","METHODOLOGY_DECISION_STILL_REQUIRED","METHODOLOGY_REQUIREMENT_SERIES_SELECTION_AND_BASIS_UNRESOLVED","DEFER","false","METHODOLOGY_REQUIREMENT_SERIES_SELECTION_AND_BASIS_UNRESOLVED"
"ORP115-V2-0202","ORP115-V1-0202","CIEINDIA","","VALUATION","NUMERIC_SERIES","96420640-cd85-48c1-89a5-82afff78694a","","NUMERIC_PERIOD_UNIT_SCOPE_BINDING_INCOMPLETE","SOURCE_METADATA_STILL_INCOMPLETE","NUMERIC_PERIOD_UNIT_SCOPE_BINDING_INCOMPLETE","DEFER","false","NUMERIC_PERIOD_UNIT_SCOPE_BINDING_INCOMPLETE"
"ORP115-V2-0203","ORP115-V1-0203","CIPLA","","GOVERNANCE_EVENT_REVIEW","TEXT_EVIDENCE_REVIEW","fe8ea22d-7687-4a59-ae43-a61539ed194e","51b13dbb-ace7-4ecb-9800-377637fbb265","DOCUMENT_CONTENT_IDENTITY_HASH_NOT_VERIFIED","SOURCE_CONTENT_IDENTITY_STILL_INCOMPLETE","DOCUMENT_CONTENT_IDENTITY_HASH_NOT_VERIFIED","DEFER","false","DOCUMENT_CONTENT_IDENTITY_HASH_NOT_VERIFIED"
"ORP115-V2-0204","ORP115-V1-0204","CIPLA","","OWNERSHIP_TREND_4Q","OWNERSHIP_4Q","4ed80bf3-f094-4a0c-9ade-90aa7bf7e5b1","","METHODOLOGY_REQUIREMENT_SERIES_SELECTION_AND_BASIS_UNRESOLVED","METHODOLOGY_DECISION_STILL_REQUIRED","METHODOLOGY_REQUIREMENT_SERIES_SELECTION_AND_BASIS_UNRESOLVED","DEFER","false","METHODOLOGY_REQUIREMENT_SERIES_SELECTION_AND_BASIS_UNRESOLVED"
"ORP115-V2-0205","ORP115-V1-0205","CIPLA","","REGULATORY_RISK","TEXT_EVIDENCE_REVIEW","fe8ea22d-7687-4a59-ae43-a61539ed194e","51b13dbb-ace7-4ecb-9800-377637fbb265","DOCUMENT_CONTENT_IDENTITY_HASH_NOT_VERIFIED","SOURCE_CONTENT_IDENTITY_STILL_INCOMPLETE","DOCUMENT_CONTENT_IDENTITY_HASH_NOT_VERIFIED","DEFER","false","DOCUMENT_CONTENT_IDENTITY_HASH_NOT_VERIFIED"
"ORP115-V2-0206","ORP115-V1-0206","COALINDIA","","COMMODITY_POLICY_ENERGY_TRANSITION_MINING","TEXT_EVIDENCE_REVIEW","ae03e85b-2c3d-4bf9-86ac-22fc81f3ea73","27ba20db-b1da-40bd-9058-e3e9eccc902e","DOCUMENT_CONTENT_IDENTITY_HASH_NOT_VERIFIED","SOURCE_CONTENT_IDENTITY_STILL_INCOMPLETE","DOCUMENT_CONTENT_IDENTITY_HASH_NOT_VERIFIED","DEFER","false","DOCUMENT_CONTENT_IDENTITY_HASH_NOT_VERIFIED"
"ORP115-V2-0207","ORP115-V1-0207","COALINDIA","","GOVERNANCE_EVENT_REVIEW","TEXT_EVIDENCE_REVIEW","ae03e85b-2c3d-4bf9-86ac-22fc81f3ea73","27ba20db-b1da-40bd-9058-e3e9eccc902e","DOCUMENT_CONTENT_IDENTITY_HASH_NOT_VERIFIED","SOURCE_CONTENT_IDENTITY_STILL_INCOMPLETE","DOCUMENT_CONTENT_IDENTITY_HASH_NOT_VERIFIED","DEFER","false","DOCUMENT_CONTENT_IDENTITY_HASH_NOT_VERIFIED"
"ORP115-V2-0208","ORP115-V1-0208","COALINDIA","","OWNERSHIP_TREND_4Q","OWNERSHIP_4Q","0cd000f9-6fac-42e7-ab0f-70b4728af8fa","","METHODOLOGY_REQUIREMENT_SERIES_SELECTION_AND_BASIS_UNRESOLVED","METHODOLOGY_DECISION_STILL_REQUIRED","METHODOLOGY_REQUIREMENT_SERIES_SELECTION_AND_BASIS_UNRESOLVED","DEFER","false","METHODOLOGY_REQUIREMENT_SERIES_SELECTION_AND_BASIS_UNRESOLVED"
"ORP115-V2-0209","ORP115-V1-0209","COALINDIA","","RESERVES_COST_POSITION_OFFTAKE","TEXT_EVIDENCE_REVIEW","ae03e85b-2c3d-4bf9-86ac-22fc81f3ea73","27ba20db-b1da-40bd-9058-e3e9eccc902e","DOCUMENT_CONTENT_IDENTITY_HASH_NOT_VERIFIED","SOURCE_CONTENT_IDENTITY_STILL_INCOMPLETE","DOCUMENT_CONTENT_IDENTITY_HASH_NOT_VERIFIED","DEFER","false","DOCUMENT_CONTENT_IDENTITY_HASH_NOT_VERIFIED"
"ORP115-V2-0210","ORP115-V1-0210","COROMANDEL","","BUSINESS_DURABILITY","TEXT_EVIDENCE_REVIEW","d28e2aa4-9d45-4e40-ad03-19c41ecef1b4","10269c05-70e8-4f9e-9360-5e20de3761d2","DOCUMENT_CONTENT_IDENTITY_HASH_NOT_VERIFIED","SOURCE_CONTENT_IDENTITY_STILL_INCOMPLETE","DOCUMENT_CONTENT_IDENTITY_HASH_NOT_VERIFIED","DEFER","false","DOCUMENT_CONTENT_IDENTITY_HASH_NOT_VERIFIED"
"ORP115-V2-0211","ORP115-V1-0211","COROMANDEL","","NET_CASH_OR_LEVERAGE","NUMERIC_SERIES","34516f4c-9af5-4974-a627-f480b0da6938","","NUMERIC_PERIOD_UNIT_SCOPE_BINDING_INCOMPLETE","SOURCE_METADATA_STILL_INCOMPLETE","NUMERIC_PERIOD_UNIT_SCOPE_BINDING_INCOMPLETE","DEFER","false","NUMERIC_PERIOD_UNIT_SCOPE_BINDING_INCOMPLETE"
"ORP115-V2-0212","ORP115-V1-0212","COROMANDEL","","OWNERSHIP_GOVERNANCE","OWNERSHIP_4Q","dcc885c8-7d07-423e-aae7-c2c3eee7f92f","","METHODOLOGY_REQUIREMENT_SERIES_SELECTION_AND_BASIS_UNRESOLVED","METHODOLOGY_DECISION_STILL_REQUIRED","METHODOLOGY_REQUIREMENT_SERIES_SELECTION_AND_BASIS_UNRESOLVED","DEFER","false","METHODOLOGY_REQUIREMENT_SERIES_SELECTION_AND_BASIS_UNRESOLVED"
"ORP115-V2-0213","ORP115-V1-0213","COROMANDEL","","ROCE_OR_ROIC","NUMERIC_SERIES","34516f4c-9af5-4974-a627-f480b0da6938","","NUMERIC_PERIOD_UNIT_SCOPE_BINDING_INCOMPLETE","SOURCE_METADATA_STILL_INCOMPLETE","NUMERIC_PERIOD_UNIT_SCOPE_BINDING_INCOMPLETE","DEFER","false","NUMERIC_PERIOD_UNIT_SCOPE_BINDING_INCOMPLETE"
"ORP115-V2-0214","ORP115-V1-0214","COROMANDEL","","VALUATION","NUMERIC_SERIES","34516f4c-9af5-4974-a627-f480b0da6938","","NUMERIC_PERIOD_UNIT_SCOPE_BINDING_INCOMPLETE","SOURCE_METADATA_STILL_INCOMPLETE","NUMERIC_PERIOD_UNIT_SCOPE_BINDING_INCOMPLETE","DEFER","false","NUMERIC_PERIOD_UNIT_SCOPE_BINDING_INCOMPLETE"
"ORP115-V2-0215","ORP115-V1-0215","CPPLUS","","CAPACITY_DISCIPLINE","TEXT_EVIDENCE_REVIEW","782ce264-2b10-48da-8fe1-6f74406a1cac","293e3120-efa9-4f63-8f5f-6e95420df0e0","DOCUMENT_CONTENT_IDENTITY_HASH_NOT_VERIFIED","SOURCE_CONTENT_IDENTITY_STILL_INCOMPLETE","DOCUMENT_CONTENT_IDENTITY_HASH_NOT_VERIFIED","DEFER","false","DOCUMENT_CONTENT_IDENTITY_HASH_NOT_VERIFIED"
"ORP115-V2-0216","ORP115-V1-0216","CPPLUS","","DISTRIBUTION_CUSTOMER_PRODUCT_MOAT","TEXT_EVIDENCE_REVIEW","782ce264-2b10-48da-8fe1-6f74406a1cac","293e3120-efa9-4f63-8f5f-6e95420df0e0","DOCUMENT_CONTENT_IDENTITY_HASH_NOT_VERIFIED","SOURCE_CONTENT_IDENTITY_STILL_INCOMPLETE","DOCUMENT_CONTENT_IDENTITY_HASH_NOT_VERIFIED","DEFER","false","DOCUMENT_CONTENT_IDENTITY_HASH_NOT_VERIFIED"
"ORP115-V2-0217","ORP115-V1-0217","CPPLUS","","GOVERNANCE_EVENT_REVIEW","TEXT_EVIDENCE_REVIEW","782ce264-2b10-48da-8fe1-6f74406a1cac","293e3120-efa9-4f63-8f5f-6e95420df0e0","DOCUMENT_CONTENT_IDENTITY_HASH_NOT_VERIFIED","SOURCE_CONTENT_IDENTITY_STILL_INCOMPLETE","DOCUMENT_CONTENT_IDENTITY_HASH_NOT_VERIFIED","DEFER","false","DOCUMENT_CONTENT_IDENTITY_HASH_NOT_VERIFIED"
"ORP115-V2-0218","ORP115-V1-0218","CPPLUS","","INPUT_COST_DEMAND_CAPEX","TEXT_EVIDENCE_REVIEW","782ce264-2b10-48da-8fe1-6f74406a1cac","293e3120-efa9-4f63-8f5f-6e95420df0e0","DOCUMENT_CONTENT_IDENTITY_HASH_NOT_VERIFIED","SOURCE_CONTENT_IDENTITY_STILL_INCOMPLETE","DOCUMENT_CONTENT_IDENTITY_HASH_NOT_VERIFIED","DEFER","false","DOCUMENT_CONTENT_IDENTITY_HASH_NOT_VERIFIED"
"ORP115-V2-0219","ORP115-V1-0219","CPPLUS","","OWNERSHIP_TREND_4Q","OWNERSHIP_4Q","183eaa93-dc9b-4cbe-8396-d889254dfd9f","","METHODOLOGY_REQUIREMENT_SERIES_SELECTION_AND_BASIS_UNRESOLVED","METHODOLOGY_DECISION_STILL_REQUIRED","METHODOLOGY_REQUIREMENT_SERIES_SELECTION_AND_BASIS_UNRESOLVED","DEFER","false","METHODOLOGY_REQUIREMENT_SERIES_SELECTION_AND_BASIS_UNRESOLVED"
"ORP115-V2-0220","ORP115-V1-0220","CPPLUS","","PRODUCT_MIX_QUALITY","TEXT_EVIDENCE_REVIEW","782ce264-2b10-48da-8fe1-6f74406a1cac","293e3120-efa9-4f63-8f5f-6e95420df0e0","DOCUMENT_CONTENT_IDENTITY_HASH_NOT_VERIFIED","SOURCE_CONTENT_IDENTITY_STILL_INCOMPLETE","DOCUMENT_CONTENT_IDENTITY_HASH_NOT_VERIFIED","DEFER","false","DOCUMENT_CONTENT_IDENTITY_HASH_NOT_VERIFIED"
"ORP115-V2-0221","ORP115-V1-0221","CROMPTON","","BRAND_DISTRIBUTION_AFTERSALES","TEXT_EVIDENCE_REVIEW","10769713-ea32-4712-902f-d5e9430a4247","785fba15-f547-4694-917c-bdcd84f0e9dc","DOCUMENT_CONTENT_IDENTITY_HASH_NOT_VERIFIED","SOURCE_CONTENT_IDENTITY_STILL_INCOMPLETE","DOCUMENT_CONTENT_IDENTITY_HASH_NOT_VERIFIED","DEFER","false","DOCUMENT_CONTENT_IDENTITY_HASH_NOT_VERIFIED"
"ORP115-V2-0222","ORP115-V1-0222","CROMPTON","","INPUT_COST_DEMAND_COMPETITION","TEXT_EVIDENCE_REVIEW","10769713-ea32-4712-902f-d5e9430a4247","785fba15-f547-4694-917c-bdcd84f0e9dc","DOCUMENT_CONTENT_IDENTITY_HASH_NOT_VERIFIED","SOURCE_CONTENT_IDENTITY_STILL_INCOMPLETE","DOCUMENT_CONTENT_IDENTITY_HASH_NOT_VERIFIED","DEFER","false","DOCUMENT_CONTENT_IDENTITY_HASH_NOT_VERIFIED"
"ORP115-V2-0223","ORP115-V1-0223","CROMPTON","","OWNERSHIP_TREND_4Q","OWNERSHIP_4Q","ae93dec1-77fe-486a-860b-44226d626885","","METHODOLOGY_REQUIREMENT_SERIES_SELECTION_AND_BASIS_UNRESOLVED","METHODOLOGY_DECISION_STILL_REQUIRED","METHODOLOGY_REQUIREMENT_SERIES_SELECTION_AND_BASIS_UNRESOLVED","DEFER","false","METHODOLOGY_REQUIREMENT_SERIES_SELECTION_AND_BASIS_UNRESOLVED"
"ORP115-V2-0224","ORP115-V1-0224","CROMPTON","","PRODUCT_MIX","TEXT_EVIDENCE_REVIEW","10769713-ea32-4712-902f-d5e9430a4247","785fba15-f547-4694-917c-bdcd84f0e9dc","DOCUMENT_CONTENT_IDENTITY_HASH_NOT_VERIFIED","SOURCE_CONTENT_IDENTITY_STILL_INCOMPLETE","DOCUMENT_CONTENT_IDENTITY_HASH_NOT_VERIFIED","DEFER","false","DOCUMENT_CONTENT_IDENTITY_HASH_NOT_VERIFIED"
"ORP115-V2-0225","ORP115-V1-0225","DATAPATTNS","","BUSINESS_DURABILITY","TEXT_EVIDENCE_REVIEW","25f8556d-19f2-46f6-9cc5-c9e0a7cd5706","87e280ba-5865-4cdd-bb69-e758608f00ef","DOCUMENT_CONTENT_IDENTITY_HASH_NOT_VERIFIED","SOURCE_CONTENT_IDENTITY_STILL_INCOMPLETE","DOCUMENT_CONTENT_IDENTITY_HASH_NOT_VERIFIED","DEFER","false","DOCUMENT_CONTENT_IDENTITY_HASH_NOT_VERIFIED"
"ORP115-V2-0226","ORP115-V1-0226","DATAPATTNS","","CFO_FCF_CONVERSION","NUMERIC_SERIES","94ac5bdb-e2ab-426d-9e89-38bcbf9cf0d5","","NUMERIC_PERIOD_UNIT_SCOPE_BINDING_INCOMPLETE","SOURCE_METADATA_STILL_INCOMPLETE","NUMERIC_PERIOD_UNIT_SCOPE_BINDING_INCOMPLETE","DEFER","false","NUMERIC_PERIOD_UNIT_SCOPE_BINDING_INCOMPLETE"
"ORP115-V2-0227","ORP115-V1-0227","DATAPATTNS","","ORDER_BOOK_AND_EXECUTION_GROWTH","TEXT_EVIDENCE_REVIEW","25f8556d-19f2-46f6-9cc5-c9e0a7cd5706","87e280ba-5865-4cdd-bb69-e758608f00ef","DOCUMENT_CONTENT_IDENTITY_HASH_NOT_VERIFIED","SOURCE_CONTENT_IDENTITY_STILL_INCOMPLETE","DOCUMENT_CONTENT_IDENTITY_HASH_NOT_VERIFIED","DEFER","false","DOCUMENT_CONTENT_IDENTITY_HASH_NOT_VERIFIED"
"ORP115-V2-0228","ORP115-V1-0228","DATAPATTNS","","OWNERSHIP_GOVERNANCE","OWNERSHIP_4Q","7376edd0-76fd-4398-9e06-7d0e99298b0e","","METHODOLOGY_REQUIREMENT_SERIES_SELECTION_AND_BASIS_UNRESOLVED","METHODOLOGY_DECISION_STILL_REQUIRED","METHODOLOGY_REQUIREMENT_SERIES_SELECTION_AND_BASIS_UNRESOLVED","DEFER","false","METHODOLOGY_REQUIREMENT_SERIES_SELECTION_AND_BASIS_UNRESOLVED"
"ORP115-V2-0229","ORP115-V1-0229","DEEPAKFERT","","BUSINESS_DURABILITY","TEXT_EVIDENCE_REVIEW","ffc1b928-d5d0-49d1-a891-cba6fcbb7406","e73eb185-0402-4e8b-b140-79f18672250a","DOCUMENT_CONTENT_IDENTITY_HASH_NOT_VERIFIED","SOURCE_CONTENT_IDENTITY_STILL_INCOMPLETE","DOCUMENT_CONTENT_IDENTITY_HASH_NOT_VERIFIED","DEFER","false","DOCUMENT_CONTENT_IDENTITY_HASH_NOT_VERIFIED"
"ORP115-V2-0230","ORP115-V1-0230","DEEPAKFERT","","NET_CASH_OR_LEVERAGE","NUMERIC_SERIES","441376dc-2bcb-4f06-b66d-782f5df8b277","","NUMERIC_PERIOD_UNIT_SCOPE_BINDING_INCOMPLETE","SOURCE_METADATA_STILL_INCOMPLETE","NUMERIC_PERIOD_UNIT_SCOPE_BINDING_INCOMPLETE","DEFER","false","NUMERIC_PERIOD_UNIT_SCOPE_BINDING_INCOMPLETE"
"ORP115-V2-0231","ORP115-V1-0231","DEEPAKFERT","","OWNERSHIP_GOVERNANCE","OWNERSHIP_4Q","db5dac67-de78-43c2-96a1-b039e44e2be2","","METHODOLOGY_REQUIREMENT_SERIES_SELECTION_AND_BASIS_UNRESOLVED","METHODOLOGY_DECISION_STILL_REQUIRED","METHODOLOGY_REQUIREMENT_SERIES_SELECTION_AND_BASIS_UNRESOLVED","DEFER","false","METHODOLOGY_REQUIREMENT_SERIES_SELECTION_AND_BASIS_UNRESOLVED"
"ORP115-V2-0232","ORP115-V1-0232","DEEPAKFERT","","VALUATION","NUMERIC_SERIES","441376dc-2bcb-4f06-b66d-782f5df8b277","","NUMERIC_PERIOD_UNIT_SCOPE_BINDING_INCOMPLETE","SOURCE_METADATA_STILL_INCOMPLETE","NUMERIC_PERIOD_UNIT_SCOPE_BINDING_INCOMPLETE","DEFER","false","NUMERIC_PERIOD_UNIT_SCOPE_BINDING_INCOMPLETE"
"ORP115-V2-0233","ORP115-V1-0233","DEEPINDS","","COMMODITY_POLICY_COUNTERPARTY_TRANSITION","TEXT_EVIDENCE_REVIEW","80ac54fe-9a2a-45ac-a42d-6c12504c560c","d2564ca4-bfbe-4461-8225-5c668f6d158e","DOCUMENT_CONTENT_IDENTITY_HASH_NOT_VERIFIED","SOURCE_CONTENT_IDENTITY_STILL_INCOMPLETE","DOCUMENT_CONTENT_IDENTITY_HASH_NOT_VERIFIED","DEFER","false","DOCUMENT_CONTENT_IDENTITY_HASH_NOT_VERIFIED"
"ORP115-V2-0234","ORP115-V1-0234","DEEPINDS","","GOVERNANCE_EVENT_REVIEW","TEXT_EVIDENCE_REVIEW","80ac54fe-9a2a-45ac-a42d-6c12504c560c","d2564ca4-bfbe-4461-8225-5c668f6d158e","DOCUMENT_CONTENT_IDENTITY_HASH_NOT_VERIFIED","SOURCE_CONTENT_IDENTITY_STILL_INCOMPLETE","DOCUMENT_CONTENT_IDENTITY_HASH_NOT_VERIFIED","DEFER","false","DOCUMENT_CONTENT_IDENTITY_HASH_NOT_VERIFIED"
"ORP115-V2-0235","ORP115-V1-0235","DEEPINDS","","OWNERSHIP_TREND_4Q","OWNERSHIP_4Q","8c8028d2-463d-491c-9084-b91146739105","","METHODOLOGY_REQUIREMENT_SERIES_SELECTION_AND_BASIS_UNRESOLVED","METHODOLOGY_DECISION_STILL_REQUIRED","METHODOLOGY_REQUIREMENT_SERIES_SELECTION_AND_BASIS_UNRESOLVED","DEFER","false","METHODOLOGY_REQUIREMENT_SERIES_SELECTION_AND_BASIS_UNRESOLVED"
"ORP115-V2-0236","ORP115-V1-0236","DEEPINDS","","PRODUCTION_ORDER_REVENUE_GROWTH_BY_BUSINESS_MODEL","TEXT_EVIDENCE_REVIEW","80ac54fe-9a2a-45ac-a42d-6c12504c560c","d2564ca4-bfbe-4461-8225-5c668f6d158e","DOCUMENT_CONTENT_IDENTITY_HASH_NOT_VERIFIED","SOURCE_CONTENT_IDENTITY_STILL_INCOMPLETE","DOCUMENT_CONTENT_IDENTITY_HASH_NOT_VERIFIED","DEFER","false","DOCUMENT_CONTENT_IDENTITY_HASH_NOT_VERIFIED"
"ORP115-V2-0237","ORP115-V1-0237","DEEPINDS","","RESERVES_CONTRACT_VISIBILITY_ASSET_OR_SERVICE_DEPTH","TEXT_EVIDENCE_REVIEW","80ac54fe-9a2a-45ac-a42d-6c12504c560c","d2564ca4-bfbe-4461-8225-5c668f6d158e","DOCUMENT_CONTENT_IDENTITY_HASH_NOT_VERIFIED","SOURCE_CONTENT_IDENTITY_STILL_INCOMPLETE","DOCUMENT_CONTENT_IDENTITY_HASH_NOT_VERIFIED","DEFER","false","DOCUMENT_CONTENT_IDENTITY_HASH_NOT_VERIFIED"
"ORP115-V2-0238","ORP115-V1-0238","DELHIVERY","","FUEL_COMPETITION_CLIENT_CONCENTRATION","TEXT_EVIDENCE_REVIEW","e1b494d6-2052-4bb0-ab2b-33b917c83c37","ff94226c-90b5-4115-a7d2-42da5ae97af6","DOCUMENT_CONTENT_IDENTITY_HASH_NOT_VERIFIED","SOURCE_CONTENT_IDENTITY_STILL_INCOMPLETE","DOCUMENT_CONTENT_IDENTITY_HASH_NOT_VERIFIED","DEFER","false","DOCUMENT_CONTENT_IDENTITY_HASH_NOT_VERIFIED"
"ORP115-V2-0239","ORP115-V1-0239","DELHIVERY","","NETWORK_DENSITY_CLIENT_DIVERSIFICATION_TECH","TEXT_EVIDENCE_REVIEW","e1b494d6-2052-4bb0-ab2b-33b917c83c37","ff94226c-90b5-4115-a7d2-42da5ae97af6","DOCUMENT_CONTENT_IDENTITY_HASH_NOT_VERIFIED","SOURCE_CONTENT_IDENTITY_STILL_INCOMPLETE","DOCUMENT_CONTENT_IDENTITY_HASH_NOT_VERIFIED","DEFER","false","DOCUMENT_CONTENT_IDENTITY_HASH_NOT_VERIFIED"
"ORP115-V2-0240","ORP115-V1-0240","DELHIVERY","","OWNERSHIP_TREND_4Q","OWNERSHIP_4Q","3f14bd97-3d07-4aea-a343-30065ee56d0f","","METHODOLOGY_REQUIREMENT_SERIES_SELECTION_AND_BASIS_UNRESOLVED","METHODOLOGY_DECISION_STILL_REQUIRED","METHODOLOGY_REQUIREMENT_SERIES_SELECTION_AND_BASIS_UNRESOLVED","DEFER","false","METHODOLOGY_REQUIREMENT_SERIES_SELECTION_AND_BASIS_UNRESOLVED"
"ORP115-V2-0241","ORP115-V1-0241","DHARMAJ","","BUSINESS_DURABILITY","TEXT_EVIDENCE_REVIEW","d5a66bb8-b1d1-441d-8374-daac1231eb94","0669ff1f-1467-48da-b7b5-837620b3971f","DOCUMENT_CONTENT_IDENTITY_HASH_NOT_VERIFIED","SOURCE_CONTENT_IDENTITY_STILL_INCOMPLETE","DOCUMENT_CONTENT_IDENTITY_HASH_NOT_VERIFIED","DEFER","false","DOCUMENT_CONTENT_IDENTITY_HASH_NOT_VERIFIED"
"ORP115-V2-0242","ORP115-V1-0242","DHARMAJ","","NET_CASH_OR_LEVERAGE","NUMERIC_SERIES","a85cf8df-5399-4930-8567-c5d913f9a13c","","NUMERIC_PERIOD_UNIT_SCOPE_BINDING_INCOMPLETE","SOURCE_METADATA_STILL_INCOMPLETE","NUMERIC_PERIOD_UNIT_SCOPE_BINDING_INCOMPLETE","DEFER","false","NUMERIC_PERIOD_UNIT_SCOPE_BINDING_INCOMPLETE"
"ORP115-V2-0243","ORP115-V1-0243","DHARMAJ","","OPERATING_MARGIN_HISTORY","NUMERIC_SERIES","a85cf8df-5399-4930-8567-c5d913f9a13c","","NUMERIC_PERIOD_UNIT_SCOPE_BINDING_INCOMPLETE","SOURCE_METADATA_STILL_INCOMPLETE","NUMERIC_PERIOD_UNIT_SCOPE_BINDING_INCOMPLETE","DEFER","false","NUMERIC_PERIOD_UNIT_SCOPE_BINDING_INCOMPLETE"
"ORP115-V2-0244","ORP115-V1-0244","DHARMAJ","","OWNERSHIP_GOVERNANCE","OWNERSHIP_4Q","07ec9a45-ad06-470f-aaf6-22255660c558","","METHODOLOGY_REQUIREMENT_SERIES_SELECTION_AND_BASIS_UNRESOLVED","METHODOLOGY_DECISION_STILL_REQUIRED","METHODOLOGY_REQUIREMENT_SERIES_SELECTION_AND_BASIS_UNRESOLVED","DEFER","false","METHODOLOGY_REQUIREMENT_SERIES_SELECTION_AND_BASIS_UNRESOLVED"
"ORP115-V2-0245","ORP115-V1-0245","DHARMAJ","","ROCE_OR_ROIC","NUMERIC_SERIES","a85cf8df-5399-4930-8567-c5d913f9a13c","","NUMERIC_PERIOD_UNIT_SCOPE_BINDING_INCOMPLETE","SOURCE_METADATA_STILL_INCOMPLETE","NUMERIC_PERIOD_UNIT_SCOPE_BINDING_INCOMPLETE","DEFER","false","NUMERIC_PERIOD_UNIT_SCOPE_BINDING_INCOMPLETE"
"ORP115-V2-0246","ORP115-V1-0246","DLINKINDIA","","BUSINESS_DURABILITY","TEXT_EVIDENCE_REVIEW","b597c024-6f9d-4d5a-b02a-070942c0e9d6","19c14dfe-aece-4832-8891-40f17d7b5277","DOCUMENT_CONTENT_IDENTITY_HASH_NOT_VERIFIED","SOURCE_CONTENT_IDENTITY_STILL_INCOMPLETE","DOCUMENT_CONTENT_IDENTITY_HASH_NOT_VERIFIED","DEFER","false","DOCUMENT_CONTENT_IDENTITY_HASH_NOT_VERIFIED"
"ORP115-V2-0247","ORP115-V1-0247","DLINKINDIA","","OWNERSHIP_GOVERNANCE","OWNERSHIP_4Q","349eea63-ece3-4664-8a6a-2444a472570e","","METHODOLOGY_REQUIREMENT_SERIES_SELECTION_AND_BASIS_UNRESOLVED","METHODOLOGY_DECISION_STILL_REQUIRED","METHODOLOGY_REQUIREMENT_SERIES_SELECTION_AND_BASIS_UNRESOLVED","DEFER","false","METHODOLOGY_REQUIREMENT_SERIES_SELECTION_AND_BASIS_UNRESOLVED"
"ORP115-V2-0248","ORP115-V1-0248","DLINKINDIA","","ROCE_OR_ROIC","NUMERIC_SERIES","17fe2463-7210-4a9c-bc32-a5390b17b041","","NUMERIC_PERIOD_UNIT_SCOPE_BINDING_INCOMPLETE","SOURCE_METADATA_STILL_INCOMPLETE","NUMERIC_PERIOD_UNIT_SCOPE_BINDING_INCOMPLETE","DEFER","false","NUMERIC_PERIOD_UNIT_SCOPE_BINDING_INCOMPLETE"
"ORP115-V2-0249","ORP115-V1-0249","DLINKINDIA","","VALUATION","NUMERIC_SERIES","17fe2463-7210-4a9c-bc32-a5390b17b041","","NUMERIC_PERIOD_UNIT_SCOPE_BINDING_INCOMPLETE","SOURCE_METADATA_STILL_INCOMPLETE","NUMERIC_PERIOD_UNIT_SCOPE_BINDING_INCOMPLETE","DEFER","false","NUMERIC_PERIOD_UNIT_SCOPE_BINDING_INCOMPLETE"
"ORP115-V2-0250","ORP115-V1-0250","DLINKINDIA","","WORKING_CAPITAL_AND_CASH_CONVERSION","NUMERIC_SERIES","17fe2463-7210-4a9c-bc32-a5390b17b041","","NUMERIC_PERIOD_UNIT_SCOPE_BINDING_INCOMPLETE","SOURCE_METADATA_STILL_INCOMPLETE","NUMERIC_PERIOD_UNIT_SCOPE_BINDING_INCOMPLETE","DEFER","false","NUMERIC_PERIOD_UNIT_SCOPE_BINDING_INCOMPLETE"
"ORP115-V2-0251","ORP115-V1-0251","DMART","","BRAND_NETWORK_DENSITY","TEXT_EVIDENCE_REVIEW","09578b04-4b1f-4bb3-ba88-2126e8005bb4","3f39f05e-5ebd-4629-96fd-0c46584859a8","DOCUMENT_CONTENT_IDENTITY_HASH_NOT_VERIFIED","SOURCE_CONTENT_IDENTITY_STILL_INCOMPLETE","DOCUMENT_CONTENT_IDENTITY_HASH_NOT_VERIFIED","DEFER","false","DOCUMENT_CONTENT_IDENTITY_HASH_NOT_VERIFIED"
"ORP115-V2-0252","ORP115-V1-0252","DMART","","CUSTOMER_RETENTION","TEXT_EVIDENCE_REVIEW","e1e03616-3608-476f-9c21-0febeab2acec","8afc8719-bb78-4321-8239-d148db8a0161","DOCUMENT_CONTENT_IDENTITY_HASH_NOT_VERIFIED","SOURCE_CONTENT_IDENTITY_STILL_INCOMPLETE","DOCUMENT_CONTENT_IDENTITY_HASH_NOT_VERIFIED","DEFER","false","DOCUMENT_CONTENT_IDENTITY_HASH_NOT_VERIFIED"
"ORP115-V2-0253","ORP115-V1-0253","DMART","","GOVERNANCE_EVENT_REVIEW","TEXT_EVIDENCE_REVIEW","09578b04-4b1f-4bb3-ba88-2126e8005bb4","3f39f05e-5ebd-4629-96fd-0c46584859a8","DOCUMENT_CONTENT_IDENTITY_HASH_NOT_VERIFIED","SOURCE_CONTENT_IDENTITY_STILL_INCOMPLETE","DOCUMENT_CONTENT_IDENTITY_HASH_NOT_VERIFIED","DEFER","false","DOCUMENT_CONTENT_IDENTITY_HASH_NOT_VERIFIED"
"ORP115-V2-0254","ORP115-V1-0254","DMART","","INVENTORY_COMPETITION_UNIT_ECONOMICS","TEXT_EVIDENCE_REVIEW","e1e03616-3608-476f-9c21-0febeab2acec","8afc8719-bb78-4321-8239-d148db8a0161","DOCUMENT_CONTENT_IDENTITY_HASH_NOT_VERIFIED","SOURCE_CONTENT_IDENTITY_STILL_INCOMPLETE","DOCUMENT_CONTENT_IDENTITY_HASH_NOT_VERIFIED","DEFER","false","DOCUMENT_CONTENT_IDENTITY_HASH_NOT_VERIFIED"
"ORP115-V2-0255","ORP115-V1-0255","DMART","","OWNERSHIP_TREND_4Q","OWNERSHIP_4Q","35d49565-4897-4429-a209-17b4efc59925","","METHODOLOGY_REQUIREMENT_SERIES_SELECTION_AND_BASIS_UNRESOLVED","METHODOLOGY_DECISION_STILL_REQUIRED","METHODOLOGY_REQUIREMENT_SERIES_SELECTION_AND_BASIS_UNRESOLVED","DEFER","false","METHODOLOGY_REQUIREMENT_SERIES_SELECTION_AND_BASIS_UNRESOLVED"
"ORP115-V2-0256","ORP115-V1-0256","E2E","","OWNERSHIP_TREND_4Q","OWNERSHIP_4Q","b5b50364-216d-42cf-86f3-ecdd610673d5","","METHODOLOGY_REQUIREMENT_SERIES_SELECTION_AND_BASIS_UNRESOLVED","METHODOLOGY_DECISION_STILL_REQUIRED","METHODOLOGY_REQUIREMENT_SERIES_SELECTION_AND_BASIS_UNRESOLVED","DEFER","false","METHODOLOGY_REQUIREMENT_SERIES_SELECTION_AND_BASIS_UNRESOLVED"
"ORP115-V2-0257","ORP115-V1-0257","EBGNG","","BUSINESS_DURABILITY","TEXT_EVIDENCE_REVIEW","3ec32af2-20f4-4c96-b68a-f2a9be9ec7cc","4d7e4e70-f7cb-4d9c-995b-257217116978","DOCUMENT_CONTENT_IDENTITY_HASH_NOT_VERIFIED","SOURCE_CONTENT_IDENTITY_STILL_INCOMPLETE","DOCUMENT_CONTENT_IDENTITY_HASH_NOT_VERIFIED","DEFER","false","DOCUMENT_CONTENT_IDENTITY_HASH_NOT_VERIFIED"
"ORP115-V2-0258","ORP115-V1-0258","EBGNG","","NET_CASH_OR_LEVERAGE","NUMERIC_SERIES","6485e541-3878-49e9-8cb6-c3d74bbb5b31","","NUMERIC_PERIOD_UNIT_SCOPE_BINDING_INCOMPLETE","SOURCE_METADATA_STILL_INCOMPLETE","NUMERIC_PERIOD_UNIT_SCOPE_BINDING_INCOMPLETE","DEFER","false","NUMERIC_PERIOD_UNIT_SCOPE_BINDING_INCOMPLETE"
"ORP115-V2-0259","ORP115-V1-0259","EBGNG","","OWNERSHIP_GOVERNANCE","OWNERSHIP_4Q","6ee9b92a-e455-4798-a81d-dbbc50b750d5","","METHODOLOGY_REQUIREMENT_SERIES_SELECTION_AND_BASIS_UNRESOLVED","METHODOLOGY_DECISION_STILL_REQUIRED","METHODOLOGY_REQUIREMENT_SERIES_SELECTION_AND_BASIS_UNRESOLVED","DEFER","false","METHODOLOGY_REQUIREMENT_SERIES_SELECTION_AND_BASIS_UNRESOLVED"
"ORP115-V2-0260","ORP115-V1-0260","EBGNG","","ROCE_OR_ROIC","NUMERIC_SERIES","6485e541-3878-49e9-8cb6-c3d74bbb5b31","","NUMERIC_PERIOD_UNIT_SCOPE_BINDING_INCOMPLETE","SOURCE_METADATA_STILL_INCOMPLETE","NUMERIC_PERIOD_UNIT_SCOPE_BINDING_INCOMPLETE","DEFER","false","NUMERIC_PERIOD_UNIT_SCOPE_BINDING_INCOMPLETE"
"ORP115-V2-0261","ORP115-V1-0261","ECLERX","","CLIENT_CONCENTRATION_WAGE_FX_AUTOMATION","TEXT_EVIDENCE_REVIEW","af8d4ba6-956a-42aa-85da-09a73f45da9a","b0278753-4d7f-4ea0-9658-2bd1c020ee1a","DOCUMENT_CONTENT_IDENTITY_HASH_NOT_VERIFIED","SOURCE_CONTENT_IDENTITY_STILL_INCOMPLETE","DOCUMENT_CONTENT_IDENTITY_HASH_NOT_VERIFIED","DEFER","false","DOCUMENT_CONTENT_IDENTITY_HASH_NOT_VERIFIED"
"ORP115-V2-0262","ORP115-V1-0262","ECLERX","","CLIENT_RETENTION","TEXT_EVIDENCE_REVIEW","af8d4ba6-956a-42aa-85da-09a73f45da9a","b0278753-4d7f-4ea0-9658-2bd1c020ee1a","DOCUMENT_CONTENT_IDENTITY_HASH_NOT_VERIFIED","SOURCE_CONTENT_IDENTITY_STILL_INCOMPLETE","DOCUMENT_CONTENT_IDENTITY_HASH_NOT_VERIFIED","DEFER","false","DOCUMENT_CONTENT_IDENTITY_HASH_NOT_VERIFIED"
"ORP115-V2-0263","ORP115-V1-0263","ECLERX","","DELIVERY_SCALE","TEXT_EVIDENCE_REVIEW","af8d4ba6-956a-42aa-85da-09a73f45da9a","b0278753-4d7f-4ea0-9658-2bd1c020ee1a","DOCUMENT_CONTENT_IDENTITY_HASH_NOT_VERIFIED","SOURCE_CONTENT_IDENTITY_STILL_INCOMPLETE","DOCUMENT_CONTENT_IDENTITY_HASH_NOT_VERIFIED","DEFER","false","DOCUMENT_CONTENT_IDENTITY_HASH_NOT_VERIFIED"
"ORP115-V2-0264","ORP115-V1-0264","ECLERX","","DOMAIN_DEPTH","TEXT_EVIDENCE_REVIEW","af8d4ba6-956a-42aa-85da-09a73f45da9a","b0278753-4d7f-4ea0-9658-2bd1c020ee1a","DOCUMENT_CONTENT_IDENTITY_HASH_NOT_VERIFIED","SOURCE_CONTENT_IDENTITY_STILL_INCOMPLETE","DOCUMENT_CONTENT_IDENTITY_HASH_NOT_VERIFIED","DEFER","false","DOCUMENT_CONTENT_IDENTITY_HASH_NOT_VERIFIED"
"ORP115-V2-0265","ORP115-V1-0265","ECLERX","","GOVERNANCE_EVENT_REVIEW","TEXT_EVIDENCE_REVIEW","af8d4ba6-956a-42aa-85da-09a73f45da9a","b0278753-4d7f-4ea0-9658-2bd1c020ee1a","DOCUMENT_CONTENT_IDENTITY_HASH_NOT_VERIFIED","SOURCE_CONTENT_IDENTITY_STILL_INCOMPLETE","DOCUMENT_CONTENT_IDENTITY_HASH_NOT_VERIFIED","DEFER","false","DOCUMENT_CONTENT_IDENTITY_HASH_NOT_VERIFIED"
"ORP115-V2-0266","ORP115-V1-0266","ECLERX","","OWNERSHIP_TREND_4Q","OWNERSHIP_4Q","9f46d057-7940-4eeb-a5f4-cb4b7b83a7a1","","METHODOLOGY_REQUIREMENT_SERIES_SELECTION_AND_BASIS_UNRESOLVED","METHODOLOGY_DECISION_STILL_REQUIRED","METHODOLOGY_REQUIREMENT_SERIES_SELECTION_AND_BASIS_UNRESOLVED","DEFER","false","METHODOLOGY_REQUIREMENT_SERIES_SELECTION_AND_BASIS_UNRESOLVED"
"ORP115-V2-0267","ORP115-V1-0267","EIEL","","CFO_FCF_RECEIVABLES","TEXT_EVIDENCE_REVIEW","3b954346-00b2-4f43-a9dd-fe9dc2bea851","9528f6b5-5202-4573-9b66-f784b8140f67","DOCUMENT_CONTENT_IDENTITY_HASH_NOT_VERIFIED","SOURCE_CONTENT_IDENTITY_STILL_INCOMPLETE","DOCUMENT_CONTENT_IDENTITY_HASH_NOT_VERIFIED","DEFER","false","DOCUMENT_CONTENT_IDENTITY_HASH_NOT_VERIFIED"
"ORP115-V2-0268","ORP115-V1-0268","EIEL","","COUNTERPARTY_RECEIVABLE_REGULATORY_PROJECT","TEXT_EVIDENCE_REVIEW","3b954346-00b2-4f43-a9dd-fe9dc2bea851","9528f6b5-5202-4573-9b66-f784b8140f67","DOCUMENT_CONTENT_IDENTITY_HASH_NOT_VERIFIED","SOURCE_CONTENT_IDENTITY_STILL_INCOMPLETE","DOCUMENT_CONTENT_IDENTITY_HASH_NOT_VERIFIED","DEFER","false","DOCUMENT_CONTENT_IDENTITY_HASH_NOT_VERIFIED"
"ORP115-V2-0269","ORP115-V1-0269","EIEL","","GOVERNANCE_EVENT_REVIEW","TEXT_EVIDENCE_REVIEW","3b954346-00b2-4f43-a9dd-fe9dc2bea851","9528f6b5-5202-4573-9b66-f784b8140f67","DOCUMENT_CONTENT_IDENTITY_HASH_NOT_VERIFIED","SOURCE_CONTENT_IDENTITY_STILL_INCOMPLETE","DOCUMENT_CONTENT_IDENTITY_HASH_NOT_VERIFIED","DEFER","false","DOCUMENT_CONTENT_IDENTITY_HASH_NOT_VERIFIED"
"ORP115-V2-0270","ORP115-V1-0270","EIEL","","OWNERSHIP_TREND_4Q","OWNERSHIP_4Q","0d228cf6-0d21-4ee6-8289-4231d66f261e","","METHODOLOGY_REQUIREMENT_SERIES_SELECTION_AND_BASIS_UNRESOLVED","METHODOLOGY_DECISION_STILL_REQUIRED","METHODOLOGY_REQUIREMENT_SERIES_SELECTION_AND_BASIS_UNRESOLVED","DEFER","false","METHODOLOGY_REQUIREMENT_SERIES_SELECTION_AND_BASIS_UNRESOLVED"
"ORP115-V2-0271","ORP115-V1-0271","EIEL","","REVENUE_ORDER_BOOK_CAPACITY_GROWTH","TEXT_EVIDENCE_REVIEW","3b954346-00b2-4f43-a9dd-fe9dc2bea851","9528f6b5-5202-4573-9b66-f784b8140f67","DOCUMENT_CONTENT_IDENTITY_HASH_NOT_VERIFIED","SOURCE_CONTENT_IDENTITY_STILL_INCOMPLETE","DOCUMENT_CONTENT_IDENTITY_HASH_NOT_VERIFIED","DEFER","false","DOCUMENT_CONTENT_IDENTITY_HASH_NOT_VERIFIED"
"ORP115-V2-0272","ORP115-V1-0272","EIEL","","TECHNOLOGY_PERMITS_MUNICIPAL_INDUSTRIAL_DIVERSIFICATION","TEXT_EVIDENCE_REVIEW","3b954346-00b2-4f43-a9dd-fe9dc2bea851","9528f6b5-5202-4573-9b66-f784b8140f67","DOCUMENT_CONTENT_IDENTITY_HASH_NOT_VERIFIED","SOURCE_CONTENT_IDENTITY_STILL_INCOMPLETE","DOCUMENT_CONTENT_IDENTITY_HASH_NOT_VERIFIED","DEFER","false","DOCUMENT_CONTENT_IDENTITY_HASH_NOT_VERIFIED"
"ORP115-V2-0273","ORP115-V1-0273","EMCURE","","GOVERNANCE_EVENT_REVIEW","TEXT_EVIDENCE_REVIEW","087a68a2-7e0d-45a4-a9a9-b8521c12b930","d4dbdf51-5581-426f-a515-c9ef4b9d8e4b","DOCUMENT_CONTENT_IDENTITY_HASH_NOT_VERIFIED","SOURCE_CONTENT_IDENTITY_STILL_INCOMPLETE","DOCUMENT_CONTENT_IDENTITY_HASH_NOT_VERIFIED","DEFER","false","DOCUMENT_CONTENT_IDENTITY_HASH_NOT_VERIFIED"
"ORP115-V2-0274","ORP115-V1-0274","EMCURE","","OWNERSHIP_TREND_4Q","OWNERSHIP_4Q","2e2f07cb-bf60-481d-8766-c1afc852994b","","METHODOLOGY_REQUIREMENT_SERIES_SELECTION_AND_BASIS_UNRESOLVED","METHODOLOGY_DECISION_STILL_REQUIRED","METHODOLOGY_REQUIREMENT_SERIES_SELECTION_AND_BASIS_UNRESOLVED","DEFER","false","METHODOLOGY_REQUIREMENT_SERIES_SELECTION_AND_BASIS_UNRESOLVED"
"ORP115-V2-0275","ORP115-V1-0275","EMCURE","","REGULATORY_RISK","TEXT_EVIDENCE_REVIEW","087a68a2-7e0d-45a4-a9a9-b8521c12b930","d4dbdf51-5581-426f-a515-c9ef4b9d8e4b","DOCUMENT_CONTENT_IDENTITY_HASH_NOT_VERIFIED","SOURCE_CONTENT_IDENTITY_STILL_INCOMPLETE","DOCUMENT_CONTENT_IDENTITY_HASH_NOT_VERIFIED","DEFER","false","DOCUMENT_CONTENT_IDENTITY_HASH_NOT_VERIFIED"
"ORP115-V2-0276","ORP115-V1-0276","EMSLIMITED","","COUNTERPARTY_RECEIVABLE_REGULATORY_PROJECT","TEXT_EVIDENCE_REVIEW","76757912-7a46-4af2-b351-002ebc80c1a7","a6f5ae30-e966-4dbc-8822-4e48c7d9d08b","DOCUMENT_CONTENT_IDENTITY_HASH_NOT_VERIFIED","SOURCE_CONTENT_IDENTITY_STILL_INCOMPLETE","DOCUMENT_CONTENT_IDENTITY_HASH_NOT_VERIFIED","DEFER","false","DOCUMENT_CONTENT_IDENTITY_HASH_NOT_VERIFIED"
"ORP115-V2-0277","ORP115-V1-0277","EMSLIMITED","","GOVERNANCE_EVENT_REVIEW","TEXT_EVIDENCE_REVIEW","76757912-7a46-4af2-b351-002ebc80c1a7","a6f5ae30-e966-4dbc-8822-4e48c7d9d08b","DOCUMENT_CONTENT_IDENTITY_HASH_NOT_VERIFIED","SOURCE_CONTENT_IDENTITY_STILL_INCOMPLETE","DOCUMENT_CONTENT_IDENTITY_HASH_NOT_VERIFIED","DEFER","false","DOCUMENT_CONTENT_IDENTITY_HASH_NOT_VERIFIED"
"ORP115-V2-0278","ORP115-V1-0278","EMSLIMITED","","OWNERSHIP_TREND_4Q","OWNERSHIP_4Q","e43580bb-2849-40d2-9d13-1b1834117380","","METHODOLOGY_REQUIREMENT_SERIES_SELECTION_AND_BASIS_UNRESOLVED","METHODOLOGY_DECISION_STILL_REQUIRED","METHODOLOGY_REQUIREMENT_SERIES_SELECTION_AND_BASIS_UNRESOLVED","DEFER","false","METHODOLOGY_REQUIREMENT_SERIES_SELECTION_AND_BASIS_UNRESOLVED"
"ORP115-V2-0279","ORP115-V1-0279","EMSLIMITED","","REVENUE_ORDER_BOOK_CAPACITY_GROWTH","TEXT_EVIDENCE_REVIEW","76757912-7a46-4af2-b351-002ebc80c1a7","a6f5ae30-e966-4dbc-8822-4e48c7d9d08b","DOCUMENT_CONTENT_IDENTITY_HASH_NOT_VERIFIED","SOURCE_CONTENT_IDENTITY_STILL_INCOMPLETE","DOCUMENT_CONTENT_IDENTITY_HASH_NOT_VERIFIED","DEFER","false","DOCUMENT_CONTENT_IDENTITY_HASH_NOT_VERIFIED"
"ORP115-V2-0280","ORP115-V1-0280","EMSLIMITED","","TECHNOLOGY_PERMITS_MUNICIPAL_INDUSTRIAL_DIVERSIFICATION","TEXT_EVIDENCE_REVIEW","76757912-7a46-4af2-b351-002ebc80c1a7","a6f5ae30-e966-4dbc-8822-4e48c7d9d08b","DOCUMENT_CONTENT_IDENTITY_HASH_NOT_VERIFIED","SOURCE_CONTENT_IDENTITY_STILL_INCOMPLETE","DOCUMENT_CONTENT_IDENTITY_HASH_NOT_VERIFIED","DEFER","false","DOCUMENT_CONTENT_IDENTITY_HASH_NOT_VERIFIED"
"ORP115-V2-0281","ORP115-V1-0281","ENDURANCE","","BUSINESS_DURABILITY","TEXT_EVIDENCE_REVIEW","abea0253-1093-4abb-a80b-67e64be51736","72a9685b-bf90-46d4-9a6b-b5e43ae1209f","DOCUMENT_CONTENT_IDENTITY_HASH_NOT_VERIFIED","SOURCE_CONTENT_IDENTITY_STILL_INCOMPLETE","DOCUMENT_CONTENT_IDENTITY_HASH_NOT_VERIFIED","DEFER","false","DOCUMENT_CONTENT_IDENTITY_HASH_NOT_VERIFIED"
"ORP115-V2-0282","ORP115-V1-0282","ENDURANCE","","NET_CASH_OR_LEVERAGE","NUMERIC_SERIES","7163776c-2632-4c91-8c70-04724410d3e5","","NUMERIC_PERIOD_UNIT_SCOPE_BINDING_INCOMPLETE","SOURCE_METADATA_STILL_INCOMPLETE","NUMERIC_PERIOD_UNIT_SCOPE_BINDING_INCOMPLETE","DEFER","false","NUMERIC_PERIOD_UNIT_SCOPE_BINDING_INCOMPLETE"
"ORP115-V2-0283","ORP115-V1-0283","ENDURANCE","","OWNERSHIP_GOVERNANCE","OWNERSHIP_4Q","4efd275d-3e88-46ea-adc7-2e3465600836","","METHODOLOGY_REQUIREMENT_SERIES_SELECTION_AND_BASIS_UNRESOLVED","METHODOLOGY_DECISION_STILL_REQUIRED","METHODOLOGY_REQUIREMENT_SERIES_SELECTION_AND_BASIS_UNRESOLVED","DEFER","false","METHODOLOGY_REQUIREMENT_SERIES_SELECTION_AND_BASIS_UNRESOLVED"
"ORP115-V2-0284","ORP115-V1-0284","ENDURANCE","","VALUATION","NUMERIC_SERIES","7163776c-2632-4c91-8c70-04724410d3e5","","NUMERIC_PERIOD_UNIT_SCOPE_BINDING_INCOMPLETE","SOURCE_METADATA_STILL_INCOMPLETE","NUMERIC_PERIOD_UNIT_SCOPE_BINDING_INCOMPLETE","DEFER","false","NUMERIC_PERIOD_UNIT_SCOPE_BINDING_INCOMPLETE"
"ORP115-V2-0285","ORP115-V1-0285","EPL","","BUSINESS_DURABILITY","TEXT_EVIDENCE_REVIEW","311d44f3-2dee-45fe-ab1b-3f512851716a","45d646d4-3276-43d6-815f-1e6818417e31","DOCUMENT_CONTENT_IDENTITY_HASH_NOT_VERIFIED","SOURCE_CONTENT_IDENTITY_STILL_INCOMPLETE","DOCUMENT_CONTENT_IDENTITY_HASH_NOT_VERIFIED","DEFER","false","DOCUMENT_CONTENT_IDENTITY_HASH_NOT_VERIFIED"
"ORP115-V2-0286","ORP115-V1-0286","EPL","","NET_DEBT_AND_INTEREST_COVERAGE","NUMERIC_SERIES","ab36d7de-820a-4887-8883-236849ba2933","","NUMERIC_PERIOD_UNIT_SCOPE_BINDING_INCOMPLETE","SOURCE_METADATA_STILL_INCOMPLETE","NUMERIC_PERIOD_UNIT_SCOPE_BINDING_INCOMPLETE","DEFER","false","NUMERIC_PERIOD_UNIT_SCOPE_BINDING_INCOMPLETE"
"ORP115-V2-0287","ORP115-V1-0287","EPL","","OWNERSHIP_GOVERNANCE","OWNERSHIP_4Q","4586a5ff-db23-43fc-a875-e3d73c63e007","","METHODOLOGY_REQUIREMENT_SERIES_SELECTION_AND_BASIS_UNRESOLVED","METHODOLOGY_DECISION_STILL_REQUIRED","METHODOLOGY_REQUIREMENT_SERIES_SELECTION_AND_BASIS_UNRESOLVED","DEFER","false","METHODOLOGY_REQUIREMENT_SERIES_SELECTION_AND_BASIS_UNRESOLVED"
"ORP115-V2-0288","ORP115-V1-0288","EPL","","ROCE_OR_ROIC","NUMERIC_SERIES","ab36d7de-820a-4887-8883-236849ba2933","","NUMERIC_PERIOD_UNIT_SCOPE_BINDING_INCOMPLETE","SOURCE_METADATA_STILL_INCOMPLETE","NUMERIC_PERIOD_UNIT_SCOPE_BINDING_INCOMPLETE","DEFER","false","NUMERIC_PERIOD_UNIT_SCOPE_BINDING_INCOMPLETE"
"ORP115-V2-0289","ORP115-V1-0289","EPL","","VALUATION","NUMERIC_SERIES","ab36d7de-820a-4887-8883-236849ba2933","","NUMERIC_PERIOD_UNIT_SCOPE_BINDING_INCOMPLETE","SOURCE_METADATA_STILL_INCOMPLETE","NUMERIC_PERIOD_UNIT_SCOPE_BINDING_INCOMPLETE","DEFER","false","NUMERIC_PERIOD_UNIT_SCOPE_BINDING_INCOMPLETE"
"ORP115-V2-0290","ORP115-V1-0290","ERIS","","GOVERNANCE_EVENT_REVIEW","TEXT_EVIDENCE_REVIEW","7a044d3f-e4df-4f29-8fa6-92eb457688d9","edd1976a-6b2a-4587-bc62-9c853e220484","DOCUMENT_CONTENT_IDENTITY_HASH_NOT_VERIFIED","SOURCE_CONTENT_IDENTITY_STILL_INCOMPLETE","DOCUMENT_CONTENT_IDENTITY_HASH_NOT_VERIFIED","DEFER","false","DOCUMENT_CONTENT_IDENTITY_HASH_NOT_VERIFIED"
"ORP115-V2-0291","ORP115-V1-0291","ERIS","","OWNERSHIP_TREND_4Q","OWNERSHIP_4Q","af1637ab-dda2-4893-8544-6c69ce858a24","","METHODOLOGY_REQUIREMENT_SERIES_SELECTION_AND_BASIS_UNRESOLVED","METHODOLOGY_DECISION_STILL_REQUIRED","METHODOLOGY_REQUIREMENT_SERIES_SELECTION_AND_BASIS_UNRESOLVED","DEFER","false","METHODOLOGY_REQUIREMENT_SERIES_SELECTION_AND_BASIS_UNRESOLVED"
"ORP115-V2-0292","ORP115-V1-0292","ERIS","","REGULATORY_RISK","TEXT_EVIDENCE_REVIEW","7a044d3f-e4df-4f29-8fa6-92eb457688d9","edd1976a-6b2a-4587-bc62-9c853e220484","DOCUMENT_CONTENT_IDENTITY_HASH_NOT_VERIFIED","SOURCE_CONTENT_IDENTITY_STILL_INCOMPLETE","DOCUMENT_CONTENT_IDENTITY_HASH_NOT_VERIFIED","DEFER","false","DOCUMENT_CONTENT_IDENTITY_HASH_NOT_VERIFIED"
"ORP115-V2-0293","ORP115-V1-0293","ETERNAL","","BRAND_NETWORK_DENSITY","TEXT_EVIDENCE_REVIEW","427d62ef-5bb7-4548-8257-449e57861177","3bc188a5-d043-40d2-86be-aaa8125a16be","DOCUMENT_CONTENT_IDENTITY_HASH_NOT_VERIFIED","SOURCE_CONTENT_IDENTITY_STILL_INCOMPLETE","DOCUMENT_CONTENT_IDENTITY_HASH_NOT_VERIFIED","DEFER","false","DOCUMENT_CONTENT_IDENTITY_HASH_NOT_VERIFIED"
"ORP115-V2-0294","ORP115-V1-0294","ETERNAL","","CUSTOMER_RETENTION","TEXT_EVIDENCE_REVIEW","427d62ef-5bb7-4548-8257-449e57861177","3bc188a5-d043-40d2-86be-aaa8125a16be","DOCUMENT_CONTENT_IDENTITY_HASH_NOT_VERIFIED","SOURCE_CONTENT_IDENTITY_STILL_INCOMPLETE","DOCUMENT_CONTENT_IDENTITY_HASH_NOT_VERIFIED","DEFER","false","DOCUMENT_CONTENT_IDENTITY_HASH_NOT_VERIFIED"
"ORP115-V2-0295","ORP115-V1-0295","ETERNAL","","GOVERNANCE_EVENT_REVIEW","TEXT_EVIDENCE_REVIEW","427d62ef-5bb7-4548-8257-449e57861177","3bc188a5-d043-40d2-86be-aaa8125a16be","DOCUMENT_CONTENT_IDENTITY_HASH_NOT_VERIFIED","SOURCE_CONTENT_IDENTITY_STILL_INCOMPLETE","DOCUMENT_CONTENT_IDENTITY_HASH_NOT_VERIFIED","DEFER","false","DOCUMENT_CONTENT_IDENTITY_HASH_NOT_VERIFIED"
"ORP115-V2-0296","ORP115-V1-0296","ETERNAL","","INVENTORY_COMPETITION_UNIT_ECONOMICS","TEXT_EVIDENCE_REVIEW","427d62ef-5bb7-4548-8257-449e57861177","3bc188a5-d043-40d2-86be-aaa8125a16be","DOCUMENT_CONTENT_IDENTITY_HASH_NOT_VERIFIED","SOURCE_CONTENT_IDENTITY_STILL_INCOMPLETE","DOCUMENT_CONTENT_IDENTITY_HASH_NOT_VERIFIED","DEFER","false","DOCUMENT_CONTENT_IDENTITY_HASH_NOT_VERIFIED"
"ORP115-V2-0297","ORP115-V1-0297","ETERNAL","","OMNICHANNEL_OR_PLATFORM_MOAT","TEXT_EVIDENCE_REVIEW","427d62ef-5bb7-4548-8257-449e57861177","3bc188a5-d043-40d2-86be-aaa8125a16be","DOCUMENT_CONTENT_IDENTITY_HASH_NOT_VERIFIED","SOURCE_CONTENT_IDENTITY_STILL_INCOMPLETE","DOCUMENT_CONTENT_IDENTITY_HASH_NOT_VERIFIED","DEFER","false","DOCUMENT_CONTENT_IDENTITY_HASH_NOT_VERIFIED"
"ORP115-V2-0298","ORP115-V1-0298","ETERNAL","","OWNERSHIP_TREND_4Q","OWNERSHIP_4Q","4fb24213-3e75-4f4e-ada5-27d9ca176a8e","","METHODOLOGY_REQUIREMENT_SERIES_SELECTION_AND_BASIS_UNRESOLVED","METHODOLOGY_DECISION_STILL_REQUIRED","METHODOLOGY_REQUIREMENT_SERIES_SELECTION_AND_BASIS_UNRESOLVED","DEFER","false","METHODOLOGY_REQUIREMENT_SERIES_SELECTION_AND_BASIS_UNRESOLVED"
"ORP115-V2-0299","ORP115-V1-0299","ETHOSLTD","","BRAND_TRUST_NETWORK_DISTRIBUTION","TEXT_EVIDENCE_REVIEW","0fbae5f9-7b70-4882-847f-a4cc1a095d19","c1e36a0f-f50e-4636-85bc-fb78bf6588b1","DOCUMENT_CONTENT_IDENTITY_HASH_NOT_VERIFIED","SOURCE_CONTENT_IDENTITY_STILL_INCOMPLETE","DOCUMENT_CONTENT_IDENTITY_HASH_NOT_VERIFIED","DEFER","false","DOCUMENT_CONTENT_IDENTITY_HASH_NOT_VERIFIED"
"ORP115-V2-0300","ORP115-V1-0300","ETHOSLTD","","FRANCHISE_STORE_ECONOMICS","TEXT_EVIDENCE_REVIEW","0fbae5f9-7b70-4882-847f-a4cc1a095d19","c1e36a0f-f50e-4636-85bc-fb78bf6588b1","DOCUMENT_CONTENT_IDENTITY_HASH_NOT_VERIFIED","SOURCE_CONTENT_IDENTITY_STILL_INCOMPLETE","DOCUMENT_CONTENT_IDENTITY_HASH_NOT_VERIFIED","DEFER","false","DOCUMENT_CONTENT_IDENTITY_HASH_NOT_VERIFIED"
"ORP115-V2-0301","ORP115-V1-0301","ETHOSLTD","","GOLD_PRICE_INVENTORY_REGULATION","TEXT_EVIDENCE_REVIEW","0fbae5f9-7b70-4882-847f-a4cc1a095d19","c1e36a0f-f50e-4636-85bc-fb78bf6588b1","DOCUMENT_CONTENT_IDENTITY_HASH_NOT_VERIFIED","SOURCE_CONTENT_IDENTITY_STILL_INCOMPLETE","DOCUMENT_CONTENT_IDENTITY_HASH_NOT_VERIFIED","DEFER","false","DOCUMENT_CONTENT_IDENTITY_HASH_NOT_VERIFIED"
"ORP115-V2-0302","ORP115-V1-0302","ETHOSLTD","","GOVERNANCE_EVENT_REVIEW","TEXT_EVIDENCE_REVIEW","0fbae5f9-7b70-4882-847f-a4cc1a095d19","c1e36a0f-f50e-4636-85bc-fb78bf6588b1","DOCUMENT_CONTENT_IDENTITY_HASH_NOT_VERIFIED","SOURCE_CONTENT_IDENTITY_STILL_INCOMPLETE","DOCUMENT_CONTENT_IDENTITY_HASH_NOT_VERIFIED","DEFER","false","DOCUMENT_CONTENT_IDENTITY_HASH_NOT_VERIFIED"
"ORP115-V2-0303","ORP115-V1-0303","ETHOSLTD","","OWNERSHIP_TREND_4Q","OWNERSHIP_4Q","2662675b-27b4-4aad-af0d-ce8bf7802432","","METHODOLOGY_REQUIREMENT_SERIES_SELECTION_AND_BASIS_UNRESOLVED","METHODOLOGY_DECISION_STILL_REQUIRED","METHODOLOGY_REQUIREMENT_SERIES_SELECTION_AND_BASIS_UNRESOLVED","DEFER","false","METHODOLOGY_REQUIREMENT_SERIES_SELECTION_AND_BASIS_UNRESOLVED"
"ORP115-V2-0304","ORP115-V1-0304","EXIDEIND","","BUSINESS_DURABILITY","TEXT_EVIDENCE_REVIEW","d1f3a7ac-8c7a-4399-a879-4a10a2ef7238","bc039cf9-30f8-45a2-837b-8557e696f275","DOCUMENT_CONTENT_IDENTITY_HASH_NOT_VERIFIED","SOURCE_CONTENT_IDENTITY_STILL_INCOMPLETE","DOCUMENT_CONTENT_IDENTITY_HASH_NOT_VERIFIED","DEFER","false","DOCUMENT_CONTENT_IDENTITY_HASH_NOT_VERIFIED"
"ORP115-V2-0305","ORP115-V1-0305","EXIDEIND","","OWNERSHIP_GOVERNANCE","OWNERSHIP_4Q","b65f1499-9eed-4484-a1d3-ff75196f19ad","","METHODOLOGY_REQUIREMENT_SERIES_SELECTION_AND_BASIS_UNRESOLVED","METHODOLOGY_DECISION_STILL_REQUIRED","METHODOLOGY_REQUIREMENT_SERIES_SELECTION_AND_BASIS_UNRESOLVED","DEFER","false","METHODOLOGY_REQUIREMENT_SERIES_SELECTION_AND_BASIS_UNRESOLVED"
"ORP115-V2-0306","ORP115-V1-0306","EXIDEIND","","VALUATION","NUMERIC_SERIES","c5a90501-b3e1-4053-8220-1360dff71e8b","","NUMERIC_PERIOD_UNIT_SCOPE_BINDING_INCOMPLETE","SOURCE_METADATA_STILL_INCOMPLETE","NUMERIC_PERIOD_UNIT_SCOPE_BINDING_INCOMPLETE","DEFER","false","NUMERIC_PERIOD_UNIT_SCOPE_BINDING_INCOMPLETE"
"ORP115-V2-0307","ORP115-V1-0307","FAZE3Q","","BRAND_OR_HOME_TEXTILE_POSITION","TEXT_EVIDENCE_REVIEW","149a21e3-97ae-41e0-903e-da89d47306a1","9c68be32-aaab-461a-986c-159bd7624c65","DOCUMENT_CONTENT_IDENTITY_HASH_NOT_VERIFIED","SOURCE_CONTENT_IDENTITY_STILL_INCOMPLETE","DOCUMENT_CONTENT_IDENTITY_HASH_NOT_VERIFIED","DEFER","false","DOCUMENT_CONTENT_IDENTITY_HASH_NOT_VERIFIED"
"ORP115-V2-0308","ORP115-V1-0308","FAZE3Q","","CAPACITY_UTILISATION","TEXT_EVIDENCE_REVIEW","149a21e3-97ae-41e0-903e-da89d47306a1","9c68be32-aaab-461a-986c-159bd7624c65","DOCUMENT_CONTENT_IDENTITY_HASH_NOT_VERIFIED","SOURCE_CONTENT_IDENTITY_STILL_INCOMPLETE","DOCUMENT_CONTENT_IDENTITY_HASH_NOT_VERIFIED","DEFER","false","DOCUMENT_CONTENT_IDENTITY_HASH_NOT_VERIFIED"
"ORP115-V2-0309","ORP115-V1-0309","FAZE3Q","","COTTON_INPUT_FX_DEMAND_CYCLE","TEXT_EVIDENCE_REVIEW","149a21e3-97ae-41e0-903e-da89d47306a1","9c68be32-aaab-461a-986c-159bd7624c65","DOCUMENT_CONTENT_IDENTITY_HASH_NOT_VERIFIED","SOURCE_CONTENT_IDENTITY_STILL_INCOMPLETE","DOCUMENT_CONTENT_IDENTITY_HASH_NOT_VERIFIED","DEFER","false","DOCUMENT_CONTENT_IDENTITY_HASH_NOT_VERIFIED"
"ORP115-V2-0310","ORP115-V1-0310","FAZE3Q","","CUSTOMER_DIVERSIFICATION","TEXT_EVIDENCE_REVIEW","149a21e3-97ae-41e0-903e-da89d47306a1","9c68be32-aaab-461a-986c-159bd7624c65","DOCUMENT_CONTENT_IDENTITY_HASH_NOT_VERIFIED","SOURCE_CONTENT_IDENTITY_STILL_INCOMPLETE","DOCUMENT_CONTENT_IDENTITY_HASH_NOT_VERIFIED","DEFER","false","DOCUMENT_CONTENT_IDENTITY_HASH_NOT_VERIFIED"
"ORP115-V2-0311","ORP115-V1-0311","FAZE3Q","","GOVERNANCE_EVENT_REVIEW","TEXT_EVIDENCE_REVIEW","149a21e3-97ae-41e0-903e-da89d47306a1","9c68be32-aaab-461a-986c-159bd7624c65","DOCUMENT_CONTENT_IDENTITY_HASH_NOT_VERIFIED","SOURCE_CONTENT_IDENTITY_STILL_INCOMPLETE","DOCUMENT_CONTENT_IDENTITY_HASH_NOT_VERIFIED","DEFER","false","DOCUMENT_CONTENT_IDENTITY_HASH_NOT_VERIFIED"
"ORP115-V2-0312","ORP115-V1-0312","FAZE3Q","","OWNERSHIP_TREND_4Q","OWNERSHIP_4Q","eaff4e67-1503-434a-ba77-c0a38401fac2","","METHODOLOGY_REQUIREMENT_SERIES_SELECTION_AND_BASIS_UNRESOLVED","METHODOLOGY_DECISION_STILL_REQUIRED","METHODOLOGY_REQUIREMENT_SERIES_SELECTION_AND_BASIS_UNRESOLVED","DEFER","false","METHODOLOGY_REQUIREMENT_SERIES_SELECTION_AND_BASIS_UNRESOLVED"
"ORP115-V2-0313","ORP115-V1-0313","FAZE3Q","","REALIZATION_PRODUCT_MIX","TEXT_EVIDENCE_REVIEW","149a21e3-97ae-41e0-903e-da89d47306a1","9c68be32-aaab-461a-986c-159bd7624c65","DOCUMENT_CONTENT_IDENTITY_HASH_NOT_VERIFIED","SOURCE_CONTENT_IDENTITY_STILL_INCOMPLETE","DOCUMENT_CONTENT_IDENTITY_HASH_NOT_VERIFIED","DEFER","false","DOCUMENT_CONTENT_IDENTITY_HASH_NOT_VERIFIED"
"ORP115-V2-0314","ORP115-V1-0314","FEDERALBNK","","CAPITAL_ADEQUACY_RATIO","NUMERIC_SERIES","f1ddbb57-8dc1-4212-87dc-c03ad05b2ec9","","NUMERIC_PERIOD_UNIT_SCOPE_BINDING_INCOMPLETE","SOURCE_METADATA_STILL_INCOMPLETE","NUMERIC_PERIOD_UNIT_SCOPE_BINDING_INCOMPLETE","DEFER","false","NUMERIC_PERIOD_UNIT_SCOPE_BINDING_INCOMPLETE"
"ORP115-V2-0315","ORP115-V1-0315","FEDERALBNK","","CET1_RATIO","NUMERIC_SERIES","f1ddbb57-8dc1-4212-87dc-c03ad05b2ec9","","NUMERIC_PERIOD_UNIT_SCOPE_BINDING_INCOMPLETE","SOURCE_METADATA_STILL_INCOMPLETE","NUMERIC_PERIOD_UNIT_SCOPE_BINDING_INCOMPLETE","DEFER","false","NUMERIC_PERIOD_UNIT_SCOPE_BINDING_INCOMPLETE"
"ORP115-V2-0316","ORP115-V1-0316","FEDERALBNK","","EXTERNAL_LONG_TERM_RATING","TEXT_EVIDENCE_REVIEW","2f940155-b97a-4492-afc3-293c47752cd2","f91b99be-a5aa-4756-82f1-005ba0c07b50","DOCUMENT_CONTENT_IDENTITY_HASH_NOT_VERIFIED","SOURCE_CONTENT_IDENTITY_STILL_INCOMPLETE","DOCUMENT_CONTENT_IDENTITY_HASH_NOT_VERIFIED","DEFER","false","DOCUMENT_CONTENT_IDENTITY_HASH_NOT_VERIFIED"
"ORP115-V2-0317","ORP115-V1-0317","FEDERALBNK","","GOVERNANCE_EVENT_SIGNAL","TEXT_EVIDENCE_REVIEW","2f940155-b97a-4492-afc3-293c47752cd2","f91b99be-a5aa-4756-82f1-005ba0c07b50","DOCUMENT_CONTENT_IDENTITY_HASH_NOT_VERIFIED","SOURCE_CONTENT_IDENTITY_STILL_INCOMPLETE","DOCUMENT_CONTENT_IDENTITY_HASH_NOT_VERIFIED","DEFER","false","DOCUMENT_CONTENT_IDENTITY_HASH_NOT_VERIFIED"
"ORP115-V2-0318","ORP115-V1-0318","FEDERALBNK","","GROSS_NPA","NUMERIC_SERIES","f1ddbb57-8dc1-4212-87dc-c03ad05b2ec9","","NUMERIC_PERIOD_UNIT_SCOPE_BINDING_INCOMPLETE","SOURCE_METADATA_STILL_INCOMPLETE","NUMERIC_PERIOD_UNIT_SCOPE_BINDING_INCOMPLETE","DEFER","false","NUMERIC_PERIOD_UNIT_SCOPE_BINDING_INCOMPLETE"
"ORP115-V2-0319","ORP115-V1-0319","FEDERALBNK","","INSTITUTIONAL_OWNERSHIP_TREND_4Q","OWNERSHIP_4Q","febe4431-1ea1-448b-987c-08e29eeb9f33","","METHODOLOGY_REQUIREMENT_SERIES_SELECTION_AND_BASIS_UNRESOLVED","METHODOLOGY_DECISION_STILL_REQUIRED","METHODOLOGY_REQUIREMENT_SERIES_SELECTION_AND_BASIS_UNRESOLVED","DEFER","false","METHODOLOGY_REQUIREMENT_SERIES_SELECTION_AND_BASIS_UNRESOLVED"
"ORP115-V2-0320","ORP115-V1-0320","FEDERALBNK","","NET_NPA","NUMERIC_SERIES","f1ddbb57-8dc1-4212-87dc-c03ad05b2ec9","","NUMERIC_PERIOD_UNIT_SCOPE_BINDING_INCOMPLETE","SOURCE_METADATA_STILL_INCOMPLETE","NUMERIC_PERIOD_UNIT_SCOPE_BINDING_INCOMPLETE","DEFER","false","NUMERIC_PERIOD_UNIT_SCOPE_BINDING_INCOMPLETE"
"ORP115-V2-0321","ORP115-V1-0321","FEDERALBNK","","PB_ADJUSTED_FOR_ROE","NUMERIC_SERIES","f1ddbb57-8dc1-4212-87dc-c03ad05b2ec9","","NUMERIC_PERIOD_UNIT_SCOPE_BINDING_INCOMPLETE","SOURCE_METADATA_STILL_INCOMPLETE","NUMERIC_PERIOD_UNIT_SCOPE_BINDING_INCOMPLETE","DEFER","false","NUMERIC_PERIOD_UNIT_SCOPE_BINDING_INCOMPLETE"
"ORP115-V2-0322","ORP115-V1-0322","FEDERALBNK","","PE_TTM_RELATIVE","NUMERIC_SERIES","f1ddbb57-8dc1-4212-87dc-c03ad05b2ec9","","NUMERIC_PERIOD_UNIT_SCOPE_BINDING_INCOMPLETE","SOURCE_METADATA_STILL_INCOMPLETE","NUMERIC_PERIOD_UNIT_SCOPE_BINDING_INCOMPLETE","DEFER","false","NUMERIC_PERIOD_UNIT_SCOPE_BINDING_INCOMPLETE"
"ORP115-V2-0323","ORP115-V1-0323","FEDERALBNK","","RATING_TREND","TEXT_EVIDENCE_REVIEW","2f940155-b97a-4492-afc3-293c47752cd2","f91b99be-a5aa-4756-82f1-005ba0c07b50","DOCUMENT_CONTENT_IDENTITY_HASH_NOT_VERIFIED","SOURCE_CONTENT_IDENTITY_STILL_INCOMPLETE","DOCUMENT_CONTENT_IDENTITY_HASH_NOT_VERIFIED","DEFER","false","DOCUMENT_CONTENT_IDENTITY_HASH_NOT_VERIFIED"
"ORP115-V2-0324","ORP115-V1-0324","FEDERALBNK","","ROA_ANNUAL","NUMERIC_SERIES","f1ddbb57-8dc1-4212-87dc-c03ad05b2ec9","","NUMERIC_PERIOD_UNIT_SCOPE_BINDING_INCOMPLETE","SOURCE_METADATA_STILL_INCOMPLETE","NUMERIC_PERIOD_UNIT_SCOPE_BINDING_INCOMPLETE","DEFER","false","NUMERIC_PERIOD_UNIT_SCOPE_BINDING_INCOMPLETE"
"ORP115-V2-0325","ORP115-V1-0325","FORTIS","","HOSPITAL_OPERATING_DURABILITY","TEXT_EVIDENCE_REVIEW","a8727edc-d0a2-4341-ab9d-ee5a711e6188","119be1c6-9023-41df-afb6-3b9052c28468","DOCUMENT_CONTENT_IDENTITY_HASH_NOT_VERIFIED","SOURCE_CONTENT_IDENTITY_STILL_INCOMPLETE","DOCUMENT_CONTENT_IDENTITY_HASH_NOT_VERIFIED","DEFER","false","DOCUMENT_CONTENT_IDENTITY_HASH_NOT_VERIFIED"
"ORP115-V2-0326","ORP115-V1-0326","FORTIS","","NET_CASH_OR_LEVERAGE","NUMERIC_SERIES","70047527-a45f-4f8a-a79c-eb93c2cca152","","NUMERIC_PERIOD_UNIT_SCOPE_BINDING_INCOMPLETE","SOURCE_METADATA_STILL_INCOMPLETE","NUMERIC_PERIOD_UNIT_SCOPE_BINDING_INCOMPLETE","DEFER","false","NUMERIC_PERIOD_UNIT_SCOPE_BINDING_INCOMPLETE"
"ORP115-V2-0327","ORP115-V1-0327","FORTIS","","OPERATING_MARGIN_HISTORY","NUMERIC_SERIES","70047527-a45f-4f8a-a79c-eb93c2cca152","","NUMERIC_PERIOD_UNIT_SCOPE_BINDING_INCOMPLETE","SOURCE_METADATA_STILL_INCOMPLETE","NUMERIC_PERIOD_UNIT_SCOPE_BINDING_INCOMPLETE","DEFER","false","NUMERIC_PERIOD_UNIT_SCOPE_BINDING_INCOMPLETE"
"ORP115-V2-0328","ORP115-V1-0328","FORTIS","","OWNERSHIP_GOVERNANCE","OWNERSHIP_4Q","6e28a8e9-ed32-4f04-b5e0-5159d571c49d","","METHODOLOGY_REQUIREMENT_SERIES_SELECTION_AND_BASIS_UNRESOLVED","METHODOLOGY_DECISION_STILL_REQUIRED","METHODOLOGY_REQUIREMENT_SERIES_SELECTION_AND_BASIS_UNRESOLVED","DEFER","false","METHODOLOGY_REQUIREMENT_SERIES_SELECTION_AND_BASIS_UNRESOLVED"
"ORP115-V2-0329","ORP115-V1-0329","FORTIS","","ROCE_OR_ROIC","NUMERIC_SERIES","70047527-a45f-4f8a-a79c-eb93c2cca152","","NUMERIC_PERIOD_UNIT_SCOPE_BINDING_INCOMPLETE","SOURCE_METADATA_STILL_INCOMPLETE","NUMERIC_PERIOD_UNIT_SCOPE_BINDING_INCOMPLETE","DEFER","false","NUMERIC_PERIOD_UNIT_SCOPE_BINDING_INCOMPLETE"
"ORP115-V2-0330","ORP115-V1-0330","FORTIS","","VALUATION","NUMERIC_SERIES","70047527-a45f-4f8a-a79c-eb93c2cca152","","NUMERIC_PERIOD_UNIT_SCOPE_BINDING_INCOMPLETE","SOURCE_METADATA_STILL_INCOMPLETE","NUMERIC_PERIOD_UNIT_SCOPE_BINDING_INCOMPLETE","DEFER","false","NUMERIC_PERIOD_UNIT_SCOPE_BINDING_INCOMPLETE"
"ORP115-V2-0331","ORP115-V1-0331","GAIL","","CFO_OR_FCF_CONVERSION_THROUGH_CYCLE","NUMERIC_SERIES","f925a635-1274-4b56-a723-445b0f647d09","","NUMERIC_PERIOD_UNIT_SCOPE_BINDING_INCOMPLETE","SOURCE_METADATA_STILL_INCOMPLETE","NUMERIC_PERIOD_UNIT_SCOPE_BINDING_INCOMPLETE","DEFER","false","NUMERIC_PERIOD_UNIT_SCOPE_BINDING_INCOMPLETE"
"ORP115-V2-0332","ORP115-V1-0332","GAIL","","NET_DEBT_AND_INTEREST_COVERAGE","NUMERIC_SERIES","f925a635-1274-4b56-a723-445b0f647d09","","NUMERIC_PERIOD_UNIT_SCOPE_BINDING_INCOMPLETE","SOURCE_METADATA_STILL_INCOMPLETE","NUMERIC_PERIOD_UNIT_SCOPE_BINDING_INCOMPLETE","DEFER","false","NUMERIC_PERIOD_UNIT_SCOPE_BINDING_INCOMPLETE"
"ORP115-V2-0333","ORP115-V1-0333","GAIL","","OWNERSHIP_GOVERNANCE","OWNERSHIP_4Q","685aeee0-25de-4a30-b0f7-2bce57842beb","","METHODOLOGY_REQUIREMENT_SERIES_SELECTION_AND_BASIS_UNRESOLVED","METHODOLOGY_DECISION_STILL_REQUIRED","METHODOLOGY_REQUIREMENT_SERIES_SELECTION_AND_BASIS_UNRESOLVED","DEFER","false","METHODOLOGY_REQUIREMENT_SERIES_SELECTION_AND_BASIS_UNRESOLVED"
"ORP115-V2-0334","ORP115-V1-0334","GAIL","","ROCE_OR_ROIC_THROUGH_CYCLE","NUMERIC_SERIES","f925a635-1274-4b56-a723-445b0f647d09","","NUMERIC_PERIOD_UNIT_SCOPE_BINDING_INCOMPLETE","SOURCE_METADATA_STILL_INCOMPLETE","NUMERIC_PERIOD_UNIT_SCOPE_BINDING_INCOMPLETE","DEFER","false","NUMERIC_PERIOD_UNIT_SCOPE_BINDING_INCOMPLETE"
"ORP115-V2-0335","ORP115-V1-0335","GAIL","","VALUATION_THROUGH_CYCLE","NUMERIC_SERIES","f925a635-1274-4b56-a723-445b0f647d09","","NUMERIC_PERIOD_UNIT_SCOPE_BINDING_INCOMPLETE","SOURCE_METADATA_STILL_INCOMPLETE","NUMERIC_PERIOD_UNIT_SCOPE_BINDING_INCOMPLETE","DEFER","false","NUMERIC_PERIOD_UNIT_SCOPE_BINDING_INCOMPLETE"
"ORP115-V2-0336","ORP115-V1-0336","GESHIP","","FLEET_AGE_MIX_CHARTER_COVERAGE_COUNTERPARTY","TEXT_EVIDENCE_REVIEW","b00c9979-ee3d-4ba1-85bd-640a7f9a2a92","de276d1d-e8bd-432a-9f8a-4670a464b0ec","DOCUMENT_CONTENT_IDENTITY_HASH_NOT_VERIFIED","SOURCE_CONTENT_IDENTITY_STILL_INCOMPLETE","DOCUMENT_CONTENT_IDENTITY_HASH_NOT_VERIFIED","DEFER","false","DOCUMENT_CONTENT_IDENTITY_HASH_NOT_VERIFIED"
"ORP115-V2-0337","ORP115-V1-0337","GESHIP","","FLEET_CAPACITY_TCE_REVENUE_GROWTH","TEXT_EVIDENCE_REVIEW","b00c9979-ee3d-4ba1-85bd-640a7f9a2a92","de276d1d-e8bd-432a-9f8a-4670a464b0ec","DOCUMENT_CONTENT_IDENTITY_HASH_NOT_VERIFIED","SOURCE_CONTENT_IDENTITY_STILL_INCOMPLETE","DOCUMENT_CONTENT_IDENTITY_HASH_NOT_VERIFIED","DEFER","false","DOCUMENT_CONTENT_IDENTITY_HASH_NOT_VERIFIED"
"ORP115-V2-0338","ORP115-V1-0338","GESHIP","","GOVERNANCE_EVENT_REVIEW","TEXT_EVIDENCE_REVIEW","b00c9979-ee3d-4ba1-85bd-640a7f9a2a92","de276d1d-e8bd-432a-9f8a-4670a464b0ec","DOCUMENT_CONTENT_IDENTITY_HASH_NOT_VERIFIED","SOURCE_CONTENT_IDENTITY_STILL_INCOMPLETE","DOCUMENT_CONTENT_IDENTITY_HASH_NOT_VERIFIED","DEFER","false","DOCUMENT_CONTENT_IDENTITY_HASH_NOT_VERIFIED"
"ORP115-V2-0339","ORP115-V1-0339","GESHIP","","OWNERSHIP_TREND_4Q","OWNERSHIP_4Q","2cf75218-9f1b-489d-96ed-c5567f8ee582","","METHODOLOGY_REQUIREMENT_SERIES_SELECTION_AND_BASIS_UNRESOLVED","METHODOLOGY_DECISION_STILL_REQUIRED","METHODOLOGY_REQUIREMENT_SERIES_SELECTION_AND_BASIS_UNRESOLVED","DEFER","false","METHODOLOGY_REQUIREMENT_SERIES_SELECTION_AND_BASIS_UNRESOLVED"
"ORP115-V2-0340","ORP115-V1-0340","GLENMARK","","GOVERNANCE_EVENT_REVIEW","TEXT_EVIDENCE_REVIEW","728e12ab-6fb6-456f-87ca-bd95ee4ed6c6","027f6886-43da-4379-8078-b83ea1248b50","DOCUMENT_CONTENT_IDENTITY_HASH_NOT_VERIFIED","SOURCE_CONTENT_IDENTITY_STILL_INCOMPLETE","DOCUMENT_CONTENT_IDENTITY_HASH_NOT_VERIFIED","DEFER","false","DOCUMENT_CONTENT_IDENTITY_HASH_NOT_VERIFIED"
"ORP115-V2-0341","ORP115-V1-0341","GLENMARK","","OWNERSHIP_TREND_4Q","OWNERSHIP_4Q","63a55fde-212b-42a8-9aee-f006aab88f20","","METHODOLOGY_REQUIREMENT_SERIES_SELECTION_AND_BASIS_UNRESOLVED","METHODOLOGY_DECISION_STILL_REQUIRED","METHODOLOGY_REQUIREMENT_SERIES_SELECTION_AND_BASIS_UNRESOLVED","DEFER","false","METHODOLOGY_REQUIREMENT_SERIES_SELECTION_AND_BASIS_UNRESOLVED"
"ORP115-V2-0342","ORP115-V1-0342","GLENMARK","","REGULATORY_RISK","TEXT_EVIDENCE_REVIEW","728e12ab-6fb6-456f-87ca-bd95ee4ed6c6","027f6886-43da-4379-8078-b83ea1248b50","DOCUMENT_CONTENT_IDENTITY_HASH_NOT_VERIFIED","SOURCE_CONTENT_IDENTITY_STILL_INCOMPLETE","DOCUMENT_CONTENT_IDENTITY_HASH_NOT_VERIFIED","DEFER","false","DOCUMENT_CONTENT_IDENTITY_HASH_NOT_VERIFIED"
"ORP115-V2-0343","ORP115-V1-0343","GMBREW","","BRAND_DISTRIBUTION_CATEGORY_DURABILITY","TEXT_EVIDENCE_REVIEW","c3f00afa-cb28-4bf0-a0d0-13dcd0ab4391","6010a9a0-c374-431e-8c75-f4ad0f85fcc5","DOCUMENT_CONTENT_IDENTITY_HASH_NOT_VERIFIED","SOURCE_CONTENT_IDENTITY_STILL_INCOMPLETE","DOCUMENT_CONTENT_IDENTITY_HASH_NOT_VERIFIED","DEFER","false","DOCUMENT_CONTENT_IDENTITY_HASH_NOT_VERIFIED"
"ORP115-V2-0344","ORP115-V1-0344","GMBREW","","CFO_OR_FCF_CONVERSION_AND_WORKING_CAPITAL","NUMERIC_SERIES","f1a4402b-681a-42fb-8a17-8ffe0d92bf79","","NUMERIC_PERIOD_UNIT_SCOPE_BINDING_INCOMPLETE","SOURCE_METADATA_STILL_INCOMPLETE","NUMERIC_PERIOD_UNIT_SCOPE_BINDING_INCOMPLETE","DEFER","false","NUMERIC_PERIOD_UNIT_SCOPE_BINDING_INCOMPLETE"
"ORP115-V2-0345","ORP115-V1-0345","GMBREW","","GROSS_AND_OPERATING_MARGIN_HISTORY","NUMERIC_SERIES","f1a4402b-681a-42fb-8a17-8ffe0d92bf79","","NUMERIC_PERIOD_UNIT_SCOPE_BINDING_INCOMPLETE","SOURCE_METADATA_STILL_INCOMPLETE","NUMERIC_PERIOD_UNIT_SCOPE_BINDING_INCOMPLETE","DEFER","false","NUMERIC_PERIOD_UNIT_SCOPE_BINDING_INCOMPLETE"
"ORP115-V2-0346","ORP115-V1-0346","GMBREW","","OWNERSHIP_GOVERNANCE","OWNERSHIP_4Q","c75c0c21-e200-4642-9626-c478518c64c3","","METHODOLOGY_REQUIREMENT_SERIES_SELECTION_AND_BASIS_UNRESOLVED","METHODOLOGY_DECISION_STILL_REQUIRED","METHODOLOGY_REQUIREMENT_SERIES_SELECTION_AND_BASIS_UNRESOLVED","DEFER","false","METHODOLOGY_REQUIREMENT_SERIES_SELECTION_AND_BASIS_UNRESOLVED"
"ORP115-V2-0347","ORP115-V1-0347","GMBREW","","ROCE_OR_ROIC","NUMERIC_SERIES","f1a4402b-681a-42fb-8a17-8ffe0d92bf79","","NUMERIC_PERIOD_UNIT_SCOPE_BINDING_INCOMPLETE","SOURCE_METADATA_STILL_INCOMPLETE","NUMERIC_PERIOD_UNIT_SCOPE_BINDING_INCOMPLETE","DEFER","false","NUMERIC_PERIOD_UNIT_SCOPE_BINDING_INCOMPLETE"
"ORP115-V2-0348","ORP115-V1-0348","GMBREW","","VALUATION","NUMERIC_SERIES","f1a4402b-681a-42fb-8a17-8ffe0d92bf79","","NUMERIC_PERIOD_UNIT_SCOPE_BINDING_INCOMPLETE","SOURCE_METADATA_STILL_INCOMPLETE","NUMERIC_PERIOD_UNIT_SCOPE_BINDING_INCOMPLETE","DEFER","false","NUMERIC_PERIOD_UNIT_SCOPE_BINDING_INCOMPLETE"
"ORP115-V2-0349","ORP115-V1-0349","GNFC","","CAPACITY_DISCIPLINE","TEXT_EVIDENCE_REVIEW","804232c2-a69b-4160-98bf-32c5293cf095","3c66f126-4a5c-4ab8-9a91-abe45f7dde18","DOCUMENT_CONTENT_IDENTITY_HASH_NOT_VERIFIED","SOURCE_CONTENT_IDENTITY_STILL_INCOMPLETE","DOCUMENT_CONTENT_IDENTITY_HASH_NOT_VERIFIED","DEFER","false","DOCUMENT_CONTENT_IDENTITY_HASH_NOT_VERIFIED"
"ORP115-V2-0350","ORP115-V1-0350","GNFC","","ENVIRONMENTAL_COMPLIANCE","TEXT_EVIDENCE_REVIEW","804232c2-a69b-4160-98bf-32c5293cf095","3c66f126-4a5c-4ab8-9a91-abe45f7dde18","DOCUMENT_CONTENT_IDENTITY_HASH_NOT_VERIFIED","SOURCE_CONTENT_IDENTITY_STILL_INCOMPLETE","DOCUMENT_CONTENT_IDENTITY_HASH_NOT_VERIFIED","DEFER","false","DOCUMENT_CONTENT_IDENTITY_HASH_NOT_VERIFIED"
"ORP115-V2-0351","ORP115-V1-0351","GNFC","","FEEDSTOCK_GLOBAL_PRICING","TEXT_EVIDENCE_REVIEW","804232c2-a69b-4160-98bf-32c5293cf095","3c66f126-4a5c-4ab8-9a91-abe45f7dde18","DOCUMENT_CONTENT_IDENTITY_HASH_NOT_VERIFIED","SOURCE_CONTENT_IDENTITY_STILL_INCOMPLETE","DOCUMENT_CONTENT_IDENTITY_HASH_NOT_VERIFIED","DEFER","false","DOCUMENT_CONTENT_IDENTITY_HASH_NOT_VERIFIED"
"ORP115-V2-0352","ORP115-V1-0352","GNFC","","GOVERNANCE_EVENT_REVIEW","TEXT_EVIDENCE_REVIEW","804232c2-a69b-4160-98bf-32c5293cf095","3c66f126-4a5c-4ab8-9a91-abe45f7dde18","DOCUMENT_CONTENT_IDENTITY_HASH_NOT_VERIFIED","SOURCE_CONTENT_IDENTITY_STILL_INCOMPLETE","DOCUMENT_CONTENT_IDENTITY_HASH_NOT_VERIFIED","DEFER","false","DOCUMENT_CONTENT_IDENTITY_HASH_NOT_VERIFIED"
"ORP115-V2-0353","ORP115-V1-0353","GNFC","","OWNERSHIP_TREND_4Q","OWNERSHIP_4Q","f4ce912e-40e8-4d8c-9322-97a331e84f67","","METHODOLOGY_REQUIREMENT_SERIES_SELECTION_AND_BASIS_UNRESOLVED","METHODOLOGY_DECISION_STILL_REQUIRED","METHODOLOGY_REQUIREMENT_SERIES_SELECTION_AND_BASIS_UNRESOLVED","DEFER","false","METHODOLOGY_REQUIREMENT_SERIES_SELECTION_AND_BASIS_UNRESOLVED"
"ORP115-V2-0354","ORP115-V1-0354","GNFC","","PRODUCT_MIX_MARGIN_QUALITY","TEXT_EVIDENCE_REVIEW","804232c2-a69b-4160-98bf-32c5293cf095","3c66f126-4a5c-4ab8-9a91-abe45f7dde18","DOCUMENT_CONTENT_IDENTITY_HASH_NOT_VERIFIED","SOURCE_CONTENT_IDENTITY_STILL_INCOMPLETE","DOCUMENT_CONTENT_IDENTITY_HASH_NOT_VERIFIED","DEFER","false","DOCUMENT_CONTENT_IDENTITY_HASH_NOT_VERIFIED"
"ORP115-V2-0355","ORP115-V1-0355","GOKEX","","BRAND_OR_HOME_TEXTILE_POSITION","TEXT_EVIDENCE_REVIEW","7361f55d-a7e3-4fab-aece-9ba7c132cecd","62f34e2d-2682-4ac8-ab7b-fa59817c7152","DOCUMENT_CONTENT_IDENTITY_HASH_NOT_VERIFIED","SOURCE_CONTENT_IDENTITY_STILL_INCOMPLETE","DOCUMENT_CONTENT_IDENTITY_HASH_NOT_VERIFIED","DEFER","false","DOCUMENT_CONTENT_IDENTITY_HASH_NOT_VERIFIED"
"ORP115-V2-0356","ORP115-V1-0356","GOKEX","","CAPACITY_UTILISATION","TEXT_EVIDENCE_REVIEW","7361f55d-a7e3-4fab-aece-9ba7c132cecd","62f34e2d-2682-4ac8-ab7b-fa59817c7152","DOCUMENT_CONTENT_IDENTITY_HASH_NOT_VERIFIED","SOURCE_CONTENT_IDENTITY_STILL_INCOMPLETE","DOCUMENT_CONTENT_IDENTITY_HASH_NOT_VERIFIED","DEFER","false","DOCUMENT_CONTENT_IDENTITY_HASH_NOT_VERIFIED"
"ORP115-V2-0357","ORP115-V1-0357","GOKEX","","COTTON_INPUT_FX_DEMAND_CYCLE","TEXT_EVIDENCE_REVIEW","7361f55d-a7e3-4fab-aece-9ba7c132cecd","62f34e2d-2682-4ac8-ab7b-fa59817c7152","DOCUMENT_CONTENT_IDENTITY_HASH_NOT_VERIFIED","SOURCE_CONTENT_IDENTITY_STILL_INCOMPLETE","DOCUMENT_CONTENT_IDENTITY_HASH_NOT_VERIFIED","DEFER","false","DOCUMENT_CONTENT_IDENTITY_HASH_NOT_VERIFIED"
"ORP115-V2-0358","ORP115-V1-0358","GOKEX","","CUSTOMER_DIVERSIFICATION","TEXT_EVIDENCE_REVIEW","7361f55d-a7e3-4fab-aece-9ba7c132cecd","62f34e2d-2682-4ac8-ab7b-fa59817c7152","DOCUMENT_CONTENT_IDENTITY_HASH_NOT_VERIFIED","SOURCE_CONTENT_IDENTITY_STILL_INCOMPLETE","DOCUMENT_CONTENT_IDENTITY_HASH_NOT_VERIFIED","DEFER","false","DOCUMENT_CONTENT_IDENTITY_HASH_NOT_VERIFIED"
"ORP115-V2-0359","ORP115-V1-0359","GOKEX","","GOVERNANCE_EVENT_REVIEW","TEXT_EVIDENCE_REVIEW","7361f55d-a7e3-4fab-aece-9ba7c132cecd","62f34e2d-2682-4ac8-ab7b-fa59817c7152","DOCUMENT_CONTENT_IDENTITY_HASH_NOT_VERIFIED","SOURCE_CONTENT_IDENTITY_STILL_INCOMPLETE","DOCUMENT_CONTENT_IDENTITY_HASH_NOT_VERIFIED","DEFER","false","DOCUMENT_CONTENT_IDENTITY_HASH_NOT_VERIFIED"
"ORP115-V2-0360","ORP115-V1-0360","GOKEX","","OWNERSHIP_TREND_4Q","OWNERSHIP_4Q","86e6c5ad-5f22-42ef-bf4e-cdba80996841","","METHODOLOGY_REQUIREMENT_SERIES_SELECTION_AND_BASIS_UNRESOLVED","METHODOLOGY_DECISION_STILL_REQUIRED","METHODOLOGY_REQUIREMENT_SERIES_SELECTION_AND_BASIS_UNRESOLVED","DEFER","false","METHODOLOGY_REQUIREMENT_SERIES_SELECTION_AND_BASIS_UNRESOLVED"
"ORP115-V2-0361","ORP115-V1-0361","GOKEX","","REALIZATION_PRODUCT_MIX","TEXT_EVIDENCE_REVIEW","7361f55d-a7e3-4fab-aece-9ba7c132cecd","62f34e2d-2682-4ac8-ab7b-fa59817c7152","DOCUMENT_CONTENT_IDENTITY_HASH_NOT_VERIFIED","SOURCE_CONTENT_IDENTITY_STILL_INCOMPLETE","DOCUMENT_CONTENT_IDENTITY_HASH_NOT_VERIFIED","DEFER","false","DOCUMENT_CONTENT_IDENTITY_HASH_NOT_VERIFIED"
"ORP115-V2-0362","ORP115-V1-0362","GOLDIAM","","BRAND_TRUST_NETWORK_DISTRIBUTION","TEXT_EVIDENCE_REVIEW","1eecf59a-10aa-4859-aa56-d3c0fa908adc","0a87a834-2865-436d-abb0-b07db252edf6","DOCUMENT_CONTENT_IDENTITY_HASH_NOT_VERIFIED","SOURCE_CONTENT_IDENTITY_STILL_INCOMPLETE","DOCUMENT_CONTENT_IDENTITY_HASH_NOT_VERIFIED","DEFER","false","DOCUMENT_CONTENT_IDENTITY_HASH_NOT_VERIFIED"
"ORP115-V2-0363","ORP115-V1-0363","GOLDIAM","","FRANCHISE_STORE_ECONOMICS","TEXT_EVIDENCE_REVIEW","1eecf59a-10aa-4859-aa56-d3c0fa908adc","0a87a834-2865-436d-abb0-b07db252edf6","DOCUMENT_CONTENT_IDENTITY_HASH_NOT_VERIFIED","SOURCE_CONTENT_IDENTITY_STILL_INCOMPLETE","DOCUMENT_CONTENT_IDENTITY_HASH_NOT_VERIFIED","DEFER","false","DOCUMENT_CONTENT_IDENTITY_HASH_NOT_VERIFIED"
"ORP115-V2-0364","ORP115-V1-0364","GOLDIAM","","GOLD_PRICE_INVENTORY_REGULATION","TEXT_EVIDENCE_REVIEW","1eecf59a-10aa-4859-aa56-d3c0fa908adc","0a87a834-2865-436d-abb0-b07db252edf6","DOCUMENT_CONTENT_IDENTITY_HASH_NOT_VERIFIED","SOURCE_CONTENT_IDENTITY_STILL_INCOMPLETE","DOCUMENT_CONTENT_IDENTITY_HASH_NOT_VERIFIED","DEFER","false","DOCUMENT_CONTENT_IDENTITY_HASH_NOT_VERIFIED"
"ORP115-V2-0365","ORP115-V1-0365","GOLDIAM","","GOVERNANCE_EVENT_REVIEW","TEXT_EVIDENCE_REVIEW","1eecf59a-10aa-4859-aa56-d3c0fa908adc","0a87a834-2865-436d-abb0-b07db252edf6","DOCUMENT_CONTENT_IDENTITY_HASH_NOT_VERIFIED","SOURCE_CONTENT_IDENTITY_STILL_INCOMPLETE","DOCUMENT_CONTENT_IDENTITY_HASH_NOT_VERIFIED","DEFER","false","DOCUMENT_CONTENT_IDENTITY_HASH_NOT_VERIFIED"
"ORP115-V2-0366","ORP115-V1-0366","GOLDIAM","","OWNERSHIP_TREND_4Q","OWNERSHIP_4Q","09f632c2-3e78-41cd-8eca-a6e0fd077b88","","METHODOLOGY_REQUIREMENT_SERIES_SELECTION_AND_BASIS_UNRESOLVED","METHODOLOGY_DECISION_STILL_REQUIRED","METHODOLOGY_REQUIREMENT_SERIES_SELECTION_AND_BASIS_UNRESOLVED","DEFER","false","METHODOLOGY_REQUIREMENT_SERIES_SELECTION_AND_BASIS_UNRESOLVED"
"ORP115-V2-0367","ORP115-V1-0367","GOODLUCK","","BUSINESS_DURABILITY","TEXT_EVIDENCE_REVIEW","9019049c-e3b1-4a67-b708-e41496a62935","339d38a9-600f-40f6-ba62-924c740a60ef","DOCUMENT_CONTENT_IDENTITY_HASH_NOT_VERIFIED","SOURCE_CONTENT_IDENTITY_STILL_INCOMPLETE","DOCUMENT_CONTENT_IDENTITY_HASH_NOT_VERIFIED","DEFER","false","DOCUMENT_CONTENT_IDENTITY_HASH_NOT_VERIFIED"
"ORP115-V2-0368","ORP115-V1-0368","GOODLUCK","","CFO_FCF_AND_WORKING_CAPITAL","NUMERIC_SERIES","70aa043b-74e6-4927-b696-56cbeb9e5220","","NUMERIC_PERIOD_UNIT_SCOPE_BINDING_INCOMPLETE","SOURCE_METADATA_STILL_INCOMPLETE","NUMERIC_PERIOD_UNIT_SCOPE_BINDING_INCOMPLETE","DEFER","false","NUMERIC_PERIOD_UNIT_SCOPE_BINDING_INCOMPLETE"
"ORP115-V2-0369","ORP115-V1-0369","GOODLUCK","","NET_DEBT_AND_INTEREST_COVERAGE","NUMERIC_SERIES","bed8a973-c34b-4e8c-850e-e08028f2774e","","NUMERIC_PERIOD_UNIT_SCOPE_BINDING_INCOMPLETE","SOURCE_METADATA_STILL_INCOMPLETE","NUMERIC_PERIOD_UNIT_SCOPE_BINDING_INCOMPLETE","DEFER","false","NUMERIC_PERIOD_UNIT_SCOPE_BINDING_INCOMPLETE"
"ORP115-V2-0370","ORP115-V1-0370","GOODLUCK","","OWNERSHIP_GOVERNANCE","OWNERSHIP_4Q","0b6d5ae5-3256-4240-8622-fac0f042ea8c","","METHODOLOGY_REQUIREMENT_SERIES_SELECTION_AND_BASIS_UNRESOLVED","METHODOLOGY_DECISION_STILL_REQUIRED","METHODOLOGY_REQUIREMENT_SERIES_SELECTION_AND_BASIS_UNRESOLVED","DEFER","false","METHODOLOGY_REQUIREMENT_SERIES_SELECTION_AND_BASIS_UNRESOLVED"
"ORP115-V2-0371","ORP115-V1-0371","GOODLUCK","","ROCE_OR_ROIC","NUMERIC_SERIES","bed8a973-c34b-4e8c-850e-e08028f2774e","","NUMERIC_PERIOD_UNIT_SCOPE_BINDING_INCOMPLETE","SOURCE_METADATA_STILL_INCOMPLETE","NUMERIC_PERIOD_UNIT_SCOPE_BINDING_INCOMPLETE","DEFER","false","NUMERIC_PERIOD_UNIT_SCOPE_BINDING_INCOMPLETE"
"ORP115-V2-0372","ORP115-V1-0372","GOODLUCK","","VALUATION","NUMERIC_SERIES","bed8a973-c34b-4e8c-850e-e08028f2774e","","NUMERIC_PERIOD_UNIT_SCOPE_BINDING_INCOMPLETE","SOURCE_METADATA_STILL_INCOMPLETE","NUMERIC_PERIOD_UNIT_SCOPE_BINDING_INCOMPLETE","DEFER","false","NUMERIC_PERIOD_UNIT_SCOPE_BINDING_INCOMPLETE"
"ORP115-V2-0373","ORP115-V1-0373","GOPAL","","BRAND_DISTRIBUTION_CATEGORY_DURABILITY","TEXT_EVIDENCE_REVIEW","501890d2-619c-4d25-b54c-9f4d4ef0792e","ab61d7cf-b651-4754-ac71-e3979acdc953","DOCUMENT_CONTENT_IDENTITY_HASH_NOT_VERIFIED","SOURCE_CONTENT_IDENTITY_STILL_INCOMPLETE","DOCUMENT_CONTENT_IDENTITY_HASH_NOT_VERIFIED","DEFER","false","DOCUMENT_CONTENT_IDENTITY_HASH_NOT_VERIFIED"
"ORP115-V2-0374","ORP115-V1-0374","GOPAL","","CFO_OR_FCF_CONVERSION_AND_WORKING_CAPITAL","NUMERIC_SERIES","f673f3ae-8d68-42e4-98ad-d7fa824d86fa","","NUMERIC_PERIOD_UNIT_SCOPE_BINDING_INCOMPLETE","SOURCE_METADATA_STILL_INCOMPLETE","NUMERIC_PERIOD_UNIT_SCOPE_BINDING_INCOMPLETE","DEFER","false","NUMERIC_PERIOD_UNIT_SCOPE_BINDING_INCOMPLETE"
"ORP115-V2-0375","ORP115-V1-0375","GOPAL","","GROSS_AND_OPERATING_MARGIN_HISTORY","NUMERIC_SERIES","f673f3ae-8d68-42e4-98ad-d7fa824d86fa","","NUMERIC_PERIOD_UNIT_SCOPE_BINDING_INCOMPLETE","SOURCE_METADATA_STILL_INCOMPLETE","NUMERIC_PERIOD_UNIT_SCOPE_BINDING_INCOMPLETE","DEFER","false","NUMERIC_PERIOD_UNIT_SCOPE_BINDING_INCOMPLETE"
"ORP115-V2-0376","ORP115-V1-0376","GOPAL","","NET_CASH_OR_LEVERAGE","NUMERIC_SERIES","f673f3ae-8d68-42e4-98ad-d7fa824d86fa","","NUMERIC_PERIOD_UNIT_SCOPE_BINDING_INCOMPLETE","SOURCE_METADATA_STILL_INCOMPLETE","NUMERIC_PERIOD_UNIT_SCOPE_BINDING_INCOMPLETE","DEFER","false","NUMERIC_PERIOD_UNIT_SCOPE_BINDING_INCOMPLETE"
"ORP115-V2-0377","ORP115-V1-0377","GOPAL","","OWNERSHIP_GOVERNANCE","OWNERSHIP_4Q","02b866c9-e467-4e43-8364-7140595cd192","","METHODOLOGY_REQUIREMENT_SERIES_SELECTION_AND_BASIS_UNRESOLVED","METHODOLOGY_DECISION_STILL_REQUIRED","METHODOLOGY_REQUIREMENT_SERIES_SELECTION_AND_BASIS_UNRESOLVED","DEFER","false","METHODOLOGY_REQUIREMENT_SERIES_SELECTION_AND_BASIS_UNRESOLVED"
"ORP115-V2-0378","ORP115-V1-0378","GOPAL","","ROCE_OR_ROIC","NUMERIC_SERIES","f673f3ae-8d68-42e4-98ad-d7fa824d86fa","","NUMERIC_PERIOD_UNIT_SCOPE_BINDING_INCOMPLETE","SOURCE_METADATA_STILL_INCOMPLETE","NUMERIC_PERIOD_UNIT_SCOPE_BINDING_INCOMPLETE","DEFER","false","NUMERIC_PERIOD_UNIT_SCOPE_BINDING_INCOMPLETE"
"ORP115-V2-0379","ORP115-V1-0379","GRANULES","","GOVERNANCE_EVENT_REVIEW","TEXT_EVIDENCE_REVIEW","8785e47e-5ec9-4a68-9bf7-e78815b76397","90f8876f-c53a-437f-b4d6-4cda56b2fd1d","DOCUMENT_CONTENT_IDENTITY_HASH_NOT_VERIFIED","SOURCE_CONTENT_IDENTITY_STILL_INCOMPLETE","DOCUMENT_CONTENT_IDENTITY_HASH_NOT_VERIFIED","DEFER","false","DOCUMENT_CONTENT_IDENTITY_HASH_NOT_VERIFIED"
"ORP115-V2-0380","ORP115-V1-0380","GRANULES","","OWNERSHIP_TREND_4Q","OWNERSHIP_4Q","7ae11f0d-3607-4772-a98c-dd287caf7c16","","METHODOLOGY_REQUIREMENT_SERIES_SELECTION_AND_BASIS_UNRESOLVED","METHODOLOGY_DECISION_STILL_REQUIRED","METHODOLOGY_REQUIREMENT_SERIES_SELECTION_AND_BASIS_UNRESOLVED","DEFER","false","METHODOLOGY_REQUIREMENT_SERIES_SELECTION_AND_BASIS_UNRESOLVED"
"ORP115-V2-0381","ORP115-V1-0381","GRANULES","","REGULATORY_RISK","TEXT_EVIDENCE_REVIEW","8785e47e-5ec9-4a68-9bf7-e78815b76397","90f8876f-c53a-437f-b4d6-4cda56b2fd1d","DOCUMENT_CONTENT_IDENTITY_HASH_NOT_VERIFIED","SOURCE_CONTENT_IDENTITY_STILL_INCOMPLETE","DOCUMENT_CONTENT_IDENTITY_HASH_NOT_VERIFIED","DEFER","false","DOCUMENT_CONTENT_IDENTITY_HASH_NOT_VERIFIED"
"ORP115-V2-0382","ORP115-V1-0382","GRASIM","","LIMESTONE_RESERVES_COST_POSITION_DISTRIBUTION","TEXT_EVIDENCE_REVIEW","5874b09c-f02c-4209-8615-c03f7cc173dd","b6cc3eb0-5696-43e6-954d-67426c6f9d48","DOCUMENT_CONTENT_IDENTITY_HASH_NOT_VERIFIED","SOURCE_CONTENT_IDENTITY_STILL_INCOMPLETE","DOCUMENT_CONTENT_IDENTITY_HASH_NOT_VERIFIED","DEFER","false","DOCUMENT_CONTENT_IDENTITY_HASH_NOT_VERIFIED"
"ORP115-V2-0383","ORP115-V1-0383","GRASIM","","OWNERSHIP_TREND_4Q","OWNERSHIP_4Q","a0e9c7b9-89d1-4502-8377-4ff5975f0ea2","","METHODOLOGY_REQUIREMENT_SERIES_SELECTION_AND_BASIS_UNRESOLVED","METHODOLOGY_DECISION_STILL_REQUIRED","METHODOLOGY_REQUIREMENT_SERIES_SELECTION_AND_BASIS_UNRESOLVED","DEFER","false","METHODOLOGY_REQUIREMENT_SERIES_SELECTION_AND_BASIS_UNRESOLVED"
"ORP115-V2-0384","ORP115-V1-0384","GRASIM","","REGIONAL_DIVERSIFICATION","TEXT_EVIDENCE_REVIEW","afd17efa-c1b6-4c85-9bf1-f0a8467ee65f","","DOCUMENT_CONTENT_IDENTITY_HASH_NOT_VERIFIED","SOURCE_CONTENT_IDENTITY_STILL_INCOMPLETE","DOCUMENT_CONTENT_IDENTITY_HASH_NOT_VERIFIED","DEFER","false","DOCUMENT_CONTENT_IDENTITY_HASH_NOT_VERIFIED"
"ORP115-V2-0385","ORP115-V1-0385","GRASIM","","VOLUME_CAPACITY_UTILISATION_GROWTH","TEXT_EVIDENCE_REVIEW","5874b09c-f02c-4209-8615-c03f7cc173dd","b6cc3eb0-5696-43e6-954d-67426c6f9d48","DOCUMENT_CONTENT_IDENTITY_HASH_NOT_VERIFIED","SOURCE_CONTENT_IDENTITY_STILL_INCOMPLETE","DOCUMENT_CONTENT_IDENTITY_HASH_NOT_VERIFIED","DEFER","false","DOCUMENT_CONTENT_IDENTITY_HASH_NOT_VERIFIED"
"ORP115-V2-0386","ORP115-V1-0386","GRAVITA","","CFO_OR_FCF_CONVERSION_THROUGH_CYCLE","NUMERIC_SERIES","80b3ece3-b939-42f0-85d1-9463727a0498","","NUMERIC_PERIOD_UNIT_SCOPE_BINDING_INCOMPLETE","SOURCE_METADATA_STILL_INCOMPLETE","NUMERIC_PERIOD_UNIT_SCOPE_BINDING_INCOMPLETE","DEFER","false","NUMERIC_PERIOD_UNIT_SCOPE_BINDING_INCOMPLETE"
"ORP115-V2-0387","ORP115-V1-0387","GRAVITA","","METALS_BUSINESS_DURABILITY","TEXT_EVIDENCE_REVIEW","ca51bc49-d350-40fd-9909-ced4503fc9ff","e1d2d110-85f9-4b9b-8663-a15bacd4e884","DOCUMENT_CONTENT_IDENTITY_HASH_NOT_VERIFIED","SOURCE_CONTENT_IDENTITY_STILL_INCOMPLETE","DOCUMENT_CONTENT_IDENTITY_HASH_NOT_VERIFIED","DEFER","false","DOCUMENT_CONTENT_IDENTITY_HASH_NOT_VERIFIED"
"ORP115-V2-0388","ORP115-V1-0388","GRAVITA","","OWNERSHIP_GOVERNANCE","OWNERSHIP_4Q","a8f46cda-f379-451e-9446-9d570087bd13","","METHODOLOGY_REQUIREMENT_SERIES_SELECTION_AND_BASIS_UNRESOLVED","METHODOLOGY_DECISION_STILL_REQUIRED","METHODOLOGY_REQUIREMENT_SERIES_SELECTION_AND_BASIS_UNRESOLVED","DEFER","false","METHODOLOGY_REQUIREMENT_SERIES_SELECTION_AND_BASIS_UNRESOLVED"
"ORP115-V2-0389","ORP115-V1-0389","GRAVITA","","ROCE_OR_ROIC_THROUGH_CYCLE","NUMERIC_SERIES","e9dc8ddc-77e4-4b31-868b-8ff11b562d5c","","NUMERIC_PERIOD_UNIT_SCOPE_BINDING_INCOMPLETE","SOURCE_METADATA_STILL_INCOMPLETE","NUMERIC_PERIOD_UNIT_SCOPE_BINDING_INCOMPLETE","DEFER","false","NUMERIC_PERIOD_UNIT_SCOPE_BINDING_INCOMPLETE"
"ORP115-V2-0390","ORP115-V1-0390","GRAVITA","","THROUGH_CYCLE_MARGIN_QUALITY","NUMERIC_SERIES","80b3ece3-b939-42f0-85d1-9463727a0498","","NUMERIC_PERIOD_UNIT_SCOPE_BINDING_INCOMPLETE","SOURCE_METADATA_STILL_INCOMPLETE","NUMERIC_PERIOD_UNIT_SCOPE_BINDING_INCOMPLETE","DEFER","false","NUMERIC_PERIOD_UNIT_SCOPE_BINDING_INCOMPLETE"
"ORP115-V2-0391","ORP115-V1-0391","GRAVITA","","VALUATION_THROUGH_CYCLE","NUMERIC_SERIES","e9dc8ddc-77e4-4b31-868b-8ff11b562d5c","","NUMERIC_PERIOD_UNIT_SCOPE_BINDING_INCOMPLETE","SOURCE_METADATA_STILL_INCOMPLETE","NUMERIC_PERIOD_UNIT_SCOPE_BINDING_INCOMPLETE","DEFER","false","NUMERIC_PERIOD_UNIT_SCOPE_BINDING_INCOMPLETE"
"ORP115-V2-0392","ORP115-V1-0392","GROWW","","AUM_CLIENT_ASSET_AND_EARNINGS_GROWTH","NUMERIC_SERIES","f6d4b86b-593e-442d-8185-a8934347211f","","NUMERIC_PERIOD_UNIT_SCOPE_BINDING_INCOMPLETE","SOURCE_METADATA_STILL_INCOMPLETE","NUMERIC_PERIOD_UNIT_SCOPE_BINDING_INCOMPLETE","DEFER","false","NUMERIC_PERIOD_UNIT_SCOPE_BINDING_INCOMPLETE"
"ORP115-V2-0393","ORP115-V1-0393","GROWW","","CAPITAL_MARKETS_DURABILITY","TEXT_EVIDENCE_REVIEW","c5b74c50-2b45-4de3-874c-073867aeaeb5","cb023bfe-2d51-49b0-85fd-b5410c9e750f","DOCUMENT_CONTENT_IDENTITY_HASH_NOT_VERIFIED","SOURCE_CONTENT_IDENTITY_STILL_INCOMPLETE","DOCUMENT_CONTENT_IDENTITY_HASH_NOT_VERIFIED","DEFER","false","DOCUMENT_CONTENT_IDENTITY_HASH_NOT_VERIFIED"
"ORP115-V2-0394","ORP115-V1-0394","GROWW","","CFO_OR_FCF_CONVERSION","NUMERIC_SERIES","f6d4b86b-593e-442d-8185-a8934347211f","","NUMERIC_PERIOD_UNIT_SCOPE_BINDING_INCOMPLETE","SOURCE_METADATA_STILL_INCOMPLETE","NUMERIC_PERIOD_UNIT_SCOPE_BINDING_INCOMPLETE","DEFER","false","NUMERIC_PERIOD_UNIT_SCOPE_BINDING_INCOMPLETE"
"ORP115-V2-0395","ORP115-V1-0395","GROWW","","OPERATING_MARGIN_HISTORY","NUMERIC_SERIES","f6d4b86b-593e-442d-8185-a8934347211f","","NUMERIC_PERIOD_UNIT_SCOPE_BINDING_INCOMPLETE","SOURCE_METADATA_STILL_INCOMPLETE","NUMERIC_PERIOD_UNIT_SCOPE_BINDING_INCOMPLETE","DEFER","false","NUMERIC_PERIOD_UNIT_SCOPE_BINDING_INCOMPLETE"
"ORP115-V2-0396","ORP115-V1-0396","GRSE","","BUSINESS_DURABILITY","TEXT_EVIDENCE_REVIEW","500ebeb1-acf8-4e09-a3c9-b58358797dd0","f670331f-bfde-4cd6-8128-7bae5b657507","DOCUMENT_CONTENT_IDENTITY_HASH_NOT_VERIFIED","SOURCE_CONTENT_IDENTITY_STILL_INCOMPLETE","DOCUMENT_CONTENT_IDENTITY_HASH_NOT_VERIFIED","DEFER","false","DOCUMENT_CONTENT_IDENTITY_HASH_NOT_VERIFIED"
"ORP115-V2-0397","ORP115-V1-0397","GRSE","","CFO_FCF_CONVERSION","NUMERIC_SERIES","34fe259b-056c-4b65-af6a-3e7b2ce70df4","","NUMERIC_PERIOD_UNIT_SCOPE_BINDING_INCOMPLETE","SOURCE_METADATA_STILL_INCOMPLETE","NUMERIC_PERIOD_UNIT_SCOPE_BINDING_INCOMPLETE","DEFER","false","NUMERIC_PERIOD_UNIT_SCOPE_BINDING_INCOMPLETE"
"ORP115-V2-0398","ORP115-V1-0398","GRSE","","OPERATING_MARGIN_HISTORY","NUMERIC_SERIES","34fe259b-056c-4b65-af6a-3e7b2ce70df4","","NUMERIC_PERIOD_UNIT_SCOPE_BINDING_INCOMPLETE","SOURCE_METADATA_STILL_INCOMPLETE","NUMERIC_PERIOD_UNIT_SCOPE_BINDING_INCOMPLETE","DEFER","false","NUMERIC_PERIOD_UNIT_SCOPE_BINDING_INCOMPLETE"
"ORP115-V2-0399","ORP115-V1-0399","GRSE","","ORDER_BOOK_AND_EXECUTION_GROWTH","TEXT_EVIDENCE_REVIEW","500ebeb1-acf8-4e09-a3c9-b58358797dd0","f670331f-bfde-4cd6-8128-7bae5b657507","DOCUMENT_CONTENT_IDENTITY_HASH_NOT_VERIFIED","SOURCE_CONTENT_IDENTITY_STILL_INCOMPLETE","DOCUMENT_CONTENT_IDENTITY_HASH_NOT_VERIFIED","DEFER","false","DOCUMENT_CONTENT_IDENTITY_HASH_NOT_VERIFIED"
"ORP115-V2-0400","ORP115-V1-0400","GRSE","","OWNERSHIP_GOVERNANCE","OWNERSHIP_4Q","f9797580-2502-40bf-9d5c-7742c26c95ea","","METHODOLOGY_REQUIREMENT_SERIES_SELECTION_AND_BASIS_UNRESOLVED","METHODOLOGY_DECISION_STILL_REQUIRED","METHODOLOGY_REQUIREMENT_SERIES_SELECTION_AND_BASIS_UNRESOLVED","DEFER","false","METHODOLOGY_REQUIREMENT_SERIES_SELECTION_AND_BASIS_UNRESOLVED"
"ORP115-V2-0401","ORP115-V1-0401","GRSE","","ROCE_OR_ROIC","NUMERIC_SERIES","34fe259b-056c-4b65-af6a-3e7b2ce70df4","","NUMERIC_PERIOD_UNIT_SCOPE_BINDING_INCOMPLETE","SOURCE_METADATA_STILL_INCOMPLETE","NUMERIC_PERIOD_UNIT_SCOPE_BINDING_INCOMPLETE","DEFER","false","NUMERIC_PERIOD_UNIT_SCOPE_BINDING_INCOMPLETE"
"ORP115-V2-0402","ORP115-V1-0402","GRSE","","VALUATION","NUMERIC_SERIES","34fe259b-056c-4b65-af6a-3e7b2ce70df4","","NUMERIC_PERIOD_UNIT_SCOPE_BINDING_INCOMPLETE","SOURCE_METADATA_STILL_INCOMPLETE","NUMERIC_PERIOD_UNIT_SCOPE_BINDING_INCOMPLETE","DEFER","false","NUMERIC_PERIOD_UNIT_SCOPE_BINDING_INCOMPLETE"
"ORP115-V2-0403","ORP115-V1-0403","HAL","","BUSINESS_DURABILITY","TEXT_EVIDENCE_REVIEW","187d2ca6-053e-492e-9b55-1f34ac9b91f3","90e199a2-0b33-4a4d-a2ba-761b7f6309c2","DOCUMENT_CONTENT_IDENTITY_HASH_NOT_VERIFIED","SOURCE_CONTENT_IDENTITY_STILL_INCOMPLETE","DOCUMENT_CONTENT_IDENTITY_HASH_NOT_VERIFIED","DEFER","false","DOCUMENT_CONTENT_IDENTITY_HASH_NOT_VERIFIED"
"ORP115-V2-0404","ORP115-V1-0404","HAL","","CFO_FCF_CONVERSION","NUMERIC_SERIES","dc9b6725-67f4-4200-be6d-9b05e5e185bd","","NUMERIC_PERIOD_UNIT_SCOPE_BINDING_INCOMPLETE","SOURCE_METADATA_STILL_INCOMPLETE","NUMERIC_PERIOD_UNIT_SCOPE_BINDING_INCOMPLETE","DEFER","false","NUMERIC_PERIOD_UNIT_SCOPE_BINDING_INCOMPLETE"
"ORP115-V2-0405","ORP115-V1-0405","HAL","","NET_DEBT_AND_INTEREST_COVERAGE","NUMERIC_SERIES","dc9b6725-67f4-4200-be6d-9b05e5e185bd","","NUMERIC_PERIOD_UNIT_SCOPE_BINDING_INCOMPLETE","SOURCE_METADATA_STILL_INCOMPLETE","NUMERIC_PERIOD_UNIT_SCOPE_BINDING_INCOMPLETE","DEFER","false","NUMERIC_PERIOD_UNIT_SCOPE_BINDING_INCOMPLETE"
"ORP115-V2-0406","ORP115-V1-0406","HAL","","OPERATING_MARGIN_HISTORY","NUMERIC_SERIES","dc9b6725-67f4-4200-be6d-9b05e5e185bd","","NUMERIC_PERIOD_UNIT_SCOPE_BINDING_INCOMPLETE","SOURCE_METADATA_STILL_INCOMPLETE","NUMERIC_PERIOD_UNIT_SCOPE_BINDING_INCOMPLETE","DEFER","false","NUMERIC_PERIOD_UNIT_SCOPE_BINDING_INCOMPLETE"
"ORP115-V2-0407","ORP115-V1-0407","HAL","","ORDER_BOOK_AND_EXECUTION_GROWTH","TEXT_EVIDENCE_REVIEW","187d2ca6-053e-492e-9b55-1f34ac9b91f3","90e199a2-0b33-4a4d-a2ba-761b7f6309c2","DOCUMENT_CONTENT_IDENTITY_HASH_NOT_VERIFIED","SOURCE_CONTENT_IDENTITY_STILL_INCOMPLETE","DOCUMENT_CONTENT_IDENTITY_HASH_NOT_VERIFIED","DEFER","false","DOCUMENT_CONTENT_IDENTITY_HASH_NOT_VERIFIED"
"ORP115-V2-0408","ORP115-V1-0408","HAL","","OWNERSHIP_GOVERNANCE","OWNERSHIP_4Q","19a90aff-a61e-4f98-8196-7e31235ebc1a","","METHODOLOGY_REQUIREMENT_SERIES_SELECTION_AND_BASIS_UNRESOLVED","METHODOLOGY_DECISION_STILL_REQUIRED","METHODOLOGY_REQUIREMENT_SERIES_SELECTION_AND_BASIS_UNRESOLVED","DEFER","false","METHODOLOGY_REQUIREMENT_SERIES_SELECTION_AND_BASIS_UNRESOLVED"
"ORP115-V2-0409","ORP115-V1-0409","HAL","","ROCE_OR_ROIC","NUMERIC_SERIES","dc9b6725-67f4-4200-be6d-9b05e5e185bd","","NUMERIC_PERIOD_UNIT_SCOPE_BINDING_INCOMPLETE","SOURCE_METADATA_STILL_INCOMPLETE","NUMERIC_PERIOD_UNIT_SCOPE_BINDING_INCOMPLETE","DEFER","false","NUMERIC_PERIOD_UNIT_SCOPE_BINDING_INCOMPLETE"
"ORP115-V2-0410","ORP115-V1-0410","HAL","","VALUATION","NUMERIC_SERIES","dc9b6725-67f4-4200-be6d-9b05e5e185bd","","NUMERIC_PERIOD_UNIT_SCOPE_BINDING_INCOMPLETE","SOURCE_METADATA_STILL_INCOMPLETE","NUMERIC_PERIOD_UNIT_SCOPE_BINDING_INCOMPLETE","DEFER","false","NUMERIC_PERIOD_UNIT_SCOPE_BINDING_INCOMPLETE"
"ORP115-V2-0411","ORP115-V1-0411","HBLENGINE","","BUSINESS_DURABILITY","TEXT_EVIDENCE_REVIEW","e908bfbc-db43-4fb8-8859-566cd3f6af45","fc69766f-4326-4b2f-8db4-980b83fa1ff9","DOCUMENT_CONTENT_IDENTITY_HASH_NOT_VERIFIED","SOURCE_CONTENT_IDENTITY_STILL_INCOMPLETE","DOCUMENT_CONTENT_IDENTITY_HASH_NOT_VERIFIED","DEFER","false","DOCUMENT_CONTENT_IDENTITY_HASH_NOT_VERIFIED"
"ORP115-V2-0412","ORP115-V1-0412","HBLENGINE","","CFO_FCF_AND_WORKING_CAPITAL","NUMERIC_SERIES","afe6b646-dfd9-4b4a-b3a9-f003d509e68a","","NUMERIC_PERIOD_UNIT_SCOPE_BINDING_INCOMPLETE","SOURCE_METADATA_STILL_INCOMPLETE","NUMERIC_PERIOD_UNIT_SCOPE_BINDING_INCOMPLETE","DEFER","false","NUMERIC_PERIOD_UNIT_SCOPE_BINDING_INCOMPLETE"
"ORP115-V2-0413","ORP115-V1-0413","HBLENGINE","","NET_DEBT_AND_INTEREST_COVERAGE","NUMERIC_SERIES","afe6b646-dfd9-4b4a-b3a9-f003d509e68a","","NUMERIC_PERIOD_UNIT_SCOPE_BINDING_INCOMPLETE","SOURCE_METADATA_STILL_INCOMPLETE","NUMERIC_PERIOD_UNIT_SCOPE_BINDING_INCOMPLETE","DEFER","false","NUMERIC_PERIOD_UNIT_SCOPE_BINDING_INCOMPLETE"
"ORP115-V2-0414","ORP115-V1-0414","HBLENGINE","","OPERATING_MARGIN_HISTORY","NUMERIC_SERIES","afe6b646-dfd9-4b4a-b3a9-f003d509e68a","","NUMERIC_PERIOD_UNIT_SCOPE_BINDING_INCOMPLETE","SOURCE_METADATA_STILL_INCOMPLETE","NUMERIC_PERIOD_UNIT_SCOPE_BINDING_INCOMPLETE","DEFER","false","NUMERIC_PERIOD_UNIT_SCOPE_BINDING_INCOMPLETE"
"ORP115-V2-0415","ORP115-V1-0415","HBLENGINE","","OWNERSHIP_GOVERNANCE","OWNERSHIP_4Q","c0d4ad19-75ae-4634-b944-fa7c8f9b93fc","","METHODOLOGY_REQUIREMENT_SERIES_SELECTION_AND_BASIS_UNRESOLVED","METHODOLOGY_DECISION_STILL_REQUIRED","METHODOLOGY_REQUIREMENT_SERIES_SELECTION_AND_BASIS_UNRESOLVED","DEFER","false","METHODOLOGY_REQUIREMENT_SERIES_SELECTION_AND_BASIS_UNRESOLVED"
"ORP115-V2-0416","ORP115-V1-0416","HBLENGINE","","ROCE_OR_ROIC","NUMERIC_SERIES","afe6b646-dfd9-4b4a-b3a9-f003d509e68a","","NUMERIC_PERIOD_UNIT_SCOPE_BINDING_INCOMPLETE","SOURCE_METADATA_STILL_INCOMPLETE","NUMERIC_PERIOD_UNIT_SCOPE_BINDING_INCOMPLETE","DEFER","false","NUMERIC_PERIOD_UNIT_SCOPE_BINDING_INCOMPLETE"
"ORP115-V2-0417","ORP115-V1-0417","HBLENGINE","","VALUATION","NUMERIC_SERIES","afe6b646-dfd9-4b4a-b3a9-f003d509e68a","","NUMERIC_PERIOD_UNIT_SCOPE_BINDING_INCOMPLETE","SOURCE_METADATA_STILL_INCOMPLETE","NUMERIC_PERIOD_UNIT_SCOPE_BINDING_INCOMPLETE","DEFER","false","NUMERIC_PERIOD_UNIT_SCOPE_BINDING_INCOMPLETE"
"ORP115-V2-0418","ORP115-V1-0418","HCLTECH","","BUSINESS_DURABILITY","TEXT_EVIDENCE_REVIEW","4c00c38f-9990-40af-9a91-1bf73365904f","350f62ce-1b62-4e66-9f35-5609b8a20e30","DOCUMENT_CONTENT_IDENTITY_HASH_NOT_VERIFIED","SOURCE_CONTENT_IDENTITY_STILL_INCOMPLETE","DOCUMENT_CONTENT_IDENTITY_HASH_NOT_VERIFIED","DEFER","false","DOCUMENT_CONTENT_IDENTITY_HASH_NOT_VERIFIED"
"ORP115-V2-0419","ORP115-V1-0419","HCLTECH","","FCF_CONVERSION","NUMERIC_SERIES","c7638917-a43f-4c70-839a-fb313404c820","","NUMERIC_PERIOD_UNIT_SCOPE_BINDING_INCOMPLETE","SOURCE_METADATA_STILL_INCOMPLETE","NUMERIC_PERIOD_UNIT_SCOPE_BINDING_INCOMPLETE","DEFER","false","NUMERIC_PERIOD_UNIT_SCOPE_BINDING_INCOMPLETE"
"ORP115-V2-0420","ORP115-V1-0420","HCLTECH","","OWNERSHIP_GOVERNANCE","OWNERSHIP_4Q","29febc1c-878a-4b88-9f47-3d28be6a4701","","METHODOLOGY_REQUIREMENT_SERIES_SELECTION_AND_BASIS_UNRESOLVED","METHODOLOGY_DECISION_STILL_REQUIRED","METHODOLOGY_REQUIREMENT_SERIES_SELECTION_AND_BASIS_UNRESOLVED","DEFER","false","METHODOLOGY_REQUIREMENT_SERIES_SELECTION_AND_BASIS_UNRESOLVED"
"ORP115-V2-0421","ORP115-V1-0421","HCLTECH","","ROCE_OR_ROIC","NUMERIC_SERIES","c7638917-a43f-4c70-839a-fb313404c820","","NUMERIC_PERIOD_UNIT_SCOPE_BINDING_INCOMPLETE","SOURCE_METADATA_STILL_INCOMPLETE","NUMERIC_PERIOD_UNIT_SCOPE_BINDING_INCOMPLETE","DEFER","false","NUMERIC_PERIOD_UNIT_SCOPE_BINDING_INCOMPLETE"
"ORP115-V2-0422","ORP115-V1-0422","HCLTECH","","VALUATION","NUMERIC_SERIES","c7638917-a43f-4c70-839a-fb313404c820","","NUMERIC_PERIOD_UNIT_SCOPE_BINDING_INCOMPLETE","SOURCE_METADATA_STILL_INCOMPLETE","NUMERIC_PERIOD_UNIT_SCOPE_BINDING_INCOMPLETE","DEFER","false","NUMERIC_PERIOD_UNIT_SCOPE_BINDING_INCOMPLETE"
"ORP115-V2-0423","ORP115-V1-0423","HDFCAMC","","AUM_CLIENT_ASSET_AND_EARNINGS_GROWTH","NUMERIC_SERIES","96daddf5-d134-41ea-9fff-1832fa51fb3b","","NUMERIC_PERIOD_UNIT_SCOPE_BINDING_INCOMPLETE","SOURCE_METADATA_STILL_INCOMPLETE","NUMERIC_PERIOD_UNIT_SCOPE_BINDING_INCOMPLETE","DEFER","false","NUMERIC_PERIOD_UNIT_SCOPE_BINDING_INCOMPLETE"
"ORP115-V2-0424","ORP115-V1-0424","HDFCAMC","","CAPITAL_MARKETS_DURABILITY","TEXT_EVIDENCE_REVIEW","28a1feb0-0a63-402b-9716-15583ec6b2e6","dcbad151-8c38-4e8f-aace-073f9d994ab3","DOCUMENT_CONTENT_IDENTITY_HASH_NOT_VERIFIED","SOURCE_CONTENT_IDENTITY_STILL_INCOMPLETE","DOCUMENT_CONTENT_IDENTITY_HASH_NOT_VERIFIED","DEFER","false","DOCUMENT_CONTENT_IDENTITY_HASH_NOT_VERIFIED"
"ORP115-V2-0425","ORP115-V1-0425","HDFCAMC","","NET_CASH_OR_LEVERAGE","NUMERIC_SERIES","96daddf5-d134-41ea-9fff-1832fa51fb3b","","NUMERIC_PERIOD_UNIT_SCOPE_BINDING_INCOMPLETE","SOURCE_METADATA_STILL_INCOMPLETE","NUMERIC_PERIOD_UNIT_SCOPE_BINDING_INCOMPLETE","DEFER","false","NUMERIC_PERIOD_UNIT_SCOPE_BINDING_INCOMPLETE"
"ORP115-V2-0426","ORP115-V1-0426","HDFCAMC","","OWNERSHIP_GOVERNANCE","OWNERSHIP_4Q","254cd112-feff-4948-84f5-23cf7429d976","","METHODOLOGY_REQUIREMENT_SERIES_SELECTION_AND_BASIS_UNRESOLVED","METHODOLOGY_DECISION_STILL_REQUIRED","METHODOLOGY_REQUIREMENT_SERIES_SELECTION_AND_BASIS_UNRESOLVED","DEFER","false","METHODOLOGY_REQUIREMENT_SERIES_SELECTION_AND_BASIS_UNRESOLVED"
"ORP115-V2-0427","ORP115-V1-0427","HDFCAMC","","VALUATION","NUMERIC_SERIES","96daddf5-d134-41ea-9fff-1832fa51fb3b","","NUMERIC_PERIOD_UNIT_SCOPE_BINDING_INCOMPLETE","SOURCE_METADATA_STILL_INCOMPLETE","NUMERIC_PERIOD_UNIT_SCOPE_BINDING_INCOMPLETE","DEFER","false","NUMERIC_PERIOD_UNIT_SCOPE_BINDING_INCOMPLETE"
"ORP115-V2-0428","ORP115-V1-0428","HDFCBANK","","CAPITAL_ADEQUACY_RATIO","NUMERIC_SERIES","ebc2c638-794a-4718-bd5c-3f06f9133dfc","","NUMERIC_PERIOD_UNIT_SCOPE_BINDING_INCOMPLETE","SOURCE_METADATA_STILL_INCOMPLETE","NUMERIC_PERIOD_UNIT_SCOPE_BINDING_INCOMPLETE","DEFER","false","NUMERIC_PERIOD_UNIT_SCOPE_BINDING_INCOMPLETE"
"ORP115-V2-0429","ORP115-V1-0429","HDFCBANK","","CET1_RATIO","NUMERIC_SERIES","ebc2c638-794a-4718-bd5c-3f06f9133dfc","","NUMERIC_PERIOD_UNIT_SCOPE_BINDING_INCOMPLETE","SOURCE_METADATA_STILL_INCOMPLETE","NUMERIC_PERIOD_UNIT_SCOPE_BINDING_INCOMPLETE","DEFER","false","NUMERIC_PERIOD_UNIT_SCOPE_BINDING_INCOMPLETE"
"ORP115-V2-0430","ORP115-V1-0430","HDFCBANK","","EXTERNAL_LONG_TERM_RATING","TEXT_EVIDENCE_REVIEW","d0545a16-595f-461a-96f1-3e87d23b8e05","","DOCUMENT_CONTENT_IDENTITY_HASH_NOT_VERIFIED","SOURCE_CONTENT_IDENTITY_STILL_INCOMPLETE","DOCUMENT_CONTENT_IDENTITY_HASH_NOT_VERIFIED","DEFER","false","DOCUMENT_CONTENT_IDENTITY_HASH_NOT_VERIFIED"
"ORP115-V2-0431","ORP115-V1-0431","HDFCBANK","","GOVERNANCE_EVENT_SIGNAL","TEXT_EVIDENCE_REVIEW","d0545a16-595f-461a-96f1-3e87d23b8e05","","DOCUMENT_CONTENT_IDENTITY_HASH_NOT_VERIFIED","SOURCE_CONTENT_IDENTITY_STILL_INCOMPLETE","DOCUMENT_CONTENT_IDENTITY_HASH_NOT_VERIFIED","DEFER","false","DOCUMENT_CONTENT_IDENTITY_HASH_NOT_VERIFIED"
"ORP115-V2-0432","ORP115-V1-0432","HDFCBANK","","GROSS_NPA","NUMERIC_SERIES","ebc2c638-794a-4718-bd5c-3f06f9133dfc","","NUMERIC_PERIOD_UNIT_SCOPE_BINDING_INCOMPLETE","SOURCE_METADATA_STILL_INCOMPLETE","NUMERIC_PERIOD_UNIT_SCOPE_BINDING_INCOMPLETE","DEFER","false","NUMERIC_PERIOD_UNIT_SCOPE_BINDING_INCOMPLETE"
"ORP115-V2-0433","ORP115-V1-0433","HDFCBANK","","INSTITUTIONAL_OWNERSHIP_TREND_4Q","OWNERSHIP_4Q","5a951d45-a52b-4efc-8115-4d30470ae641","","METHODOLOGY_REQUIREMENT_SERIES_SELECTION_AND_BASIS_UNRESOLVED","METHODOLOGY_DECISION_STILL_REQUIRED","METHODOLOGY_REQUIREMENT_SERIES_SELECTION_AND_BASIS_UNRESOLVED","DEFER","false","METHODOLOGY_REQUIREMENT_SERIES_SELECTION_AND_BASIS_UNRESOLVED"
"ORP115-V2-0434","ORP115-V1-0434","HDFCBANK","","NET_NPA","NUMERIC_SERIES","ebc2c638-794a-4718-bd5c-3f06f9133dfc","","NUMERIC_PERIOD_UNIT_SCOPE_BINDING_INCOMPLETE","SOURCE_METADATA_STILL_INCOMPLETE","NUMERIC_PERIOD_UNIT_SCOPE_BINDING_INCOMPLETE","DEFER","false","NUMERIC_PERIOD_UNIT_SCOPE_BINDING_INCOMPLETE"
"ORP115-V2-0435","ORP115-V1-0435","HDFCBANK","","PB_ADJUSTED_FOR_ROE","NUMERIC_SERIES","ebc2c638-794a-4718-bd5c-3f06f9133dfc","","NUMERIC_PERIOD_UNIT_SCOPE_BINDING_INCOMPLETE","SOURCE_METADATA_STILL_INCOMPLETE","NUMERIC_PERIOD_UNIT_SCOPE_BINDING_INCOMPLETE","DEFER","false","NUMERIC_PERIOD_UNIT_SCOPE_BINDING_INCOMPLETE"
"ORP115-V2-0436","ORP115-V1-0436","HDFCBANK","","PE_TTM_RELATIVE","NUMERIC_SERIES","ebc2c638-794a-4718-bd5c-3f06f9133dfc","","NUMERIC_PERIOD_UNIT_SCOPE_BINDING_INCOMPLETE","SOURCE_METADATA_STILL_INCOMPLETE","NUMERIC_PERIOD_UNIT_SCOPE_BINDING_INCOMPLETE","DEFER","false","NUMERIC_PERIOD_UNIT_SCOPE_BINDING_INCOMPLETE"
"ORP115-V2-0437","ORP115-V1-0437","HDFCBANK","","RATING_TREND","TEXT_EVIDENCE_REVIEW","d0545a16-595f-461a-96f1-3e87d23b8e05","","DOCUMENT_CONTENT_IDENTITY_HASH_NOT_VERIFIED","SOURCE_CONTENT_IDENTITY_STILL_INCOMPLETE","DOCUMENT_CONTENT_IDENTITY_HASH_NOT_VERIFIED","DEFER","false","DOCUMENT_CONTENT_IDENTITY_HASH_NOT_VERIFIED"
"ORP115-V2-0438","ORP115-V1-0438","HDFCBANK","","ROA_ANNUAL","NUMERIC_SERIES","ebc2c638-794a-4718-bd5c-3f06f9133dfc","","NUMERIC_PERIOD_UNIT_SCOPE_BINDING_INCOMPLETE","SOURCE_METADATA_STILL_INCOMPLETE","NUMERIC_PERIOD_UNIT_SCOPE_BINDING_INCOMPLETE","DEFER","false","NUMERIC_PERIOD_UNIT_SCOPE_BINDING_INCOMPLETE"
"ORP115-V2-0439","ORP115-V1-0439","HEXT","","BUSINESS_DURABILITY","TEXT_EVIDENCE_REVIEW","ced99e7b-d5bc-4b16-8a78-6ab7e1e91ddf","c91f3541-674a-40f5-96ce-5469f865c9df","DOCUMENT_CONTENT_IDENTITY_HASH_NOT_VERIFIED","SOURCE_CONTENT_IDENTITY_STILL_INCOMPLETE","DOCUMENT_CONTENT_IDENTITY_HASH_NOT_VERIFIED","DEFER","false","DOCUMENT_CONTENT_IDENTITY_HASH_NOT_VERIFIED"
"ORP115-V2-0440","ORP115-V1-0440","HEXT","","NET_CASH_OR_LEVERAGE","NUMERIC_SERIES","360152f4-9659-469f-b589-399e53d67da0","","NUMERIC_PERIOD_UNIT_SCOPE_BINDING_INCOMPLETE","SOURCE_METADATA_STILL_INCOMPLETE","NUMERIC_PERIOD_UNIT_SCOPE_BINDING_INCOMPLETE","DEFER","false","NUMERIC_PERIOD_UNIT_SCOPE_BINDING_INCOMPLETE"
"ORP115-V2-0441","ORP115-V1-0441","HEXT","","OWNERSHIP_GOVERNANCE","OWNERSHIP_4Q","d7119eeb-0fd1-4e18-af5c-6b4ddddae160","","METHODOLOGY_REQUIREMENT_SERIES_SELECTION_AND_BASIS_UNRESOLVED","METHODOLOGY_DECISION_STILL_REQUIRED","METHODOLOGY_REQUIREMENT_SERIES_SELECTION_AND_BASIS_UNRESOLVED","DEFER","false","METHODOLOGY_REQUIREMENT_SERIES_SELECTION_AND_BASIS_UNRESOLVED"
"ORP115-V2-0442","ORP115-V1-0442","HEXT","","ROCE_OR_ROIC","NUMERIC_SERIES","360152f4-9659-469f-b589-399e53d67da0","","NUMERIC_PERIOD_UNIT_SCOPE_BINDING_INCOMPLETE","SOURCE_METADATA_STILL_INCOMPLETE","NUMERIC_PERIOD_UNIT_SCOPE_BINDING_INCOMPLETE","DEFER","false","NUMERIC_PERIOD_UNIT_SCOPE_BINDING_INCOMPLETE"
"ORP115-V2-0443","ORP115-V1-0443","HINDALCO","","CFO_OR_FCF_CONVERSION_THROUGH_CYCLE","NUMERIC_SERIES","84f6fd9f-af87-4d12-baf6-012bcbcf13db","","NUMERIC_PERIOD_UNIT_SCOPE_BINDING_INCOMPLETE","SOURCE_METADATA_STILL_INCOMPLETE","NUMERIC_PERIOD_UNIT_SCOPE_BINDING_INCOMPLETE","DEFER","false","NUMERIC_PERIOD_UNIT_SCOPE_BINDING_INCOMPLETE"
"ORP115-V2-0444","ORP115-V1-0444","HINDALCO","","METALS_BUSINESS_DURABILITY","TEXT_EVIDENCE_REVIEW","864bbea0-105c-44c5-bd67-54cae4b740ea","401d14ca-358a-45d9-8156-cd05c0834406","DOCUMENT_CONTENT_IDENTITY_HASH_NOT_VERIFIED","SOURCE_CONTENT_IDENTITY_STILL_INCOMPLETE","DOCUMENT_CONTENT_IDENTITY_HASH_NOT_VERIFIED","DEFER","false","DOCUMENT_CONTENT_IDENTITY_HASH_NOT_VERIFIED"
"ORP115-V2-0445","ORP115-V1-0445","HINDALCO","","OWNERSHIP_GOVERNANCE","OWNERSHIP_4Q","607a9dfd-7c1a-4a48-956c-879f0668071f","","METHODOLOGY_REQUIREMENT_SERIES_SELECTION_AND_BASIS_UNRESOLVED","METHODOLOGY_DECISION_STILL_REQUIRED","METHODOLOGY_REQUIREMENT_SERIES_SELECTION_AND_BASIS_UNRESOLVED","DEFER","false","METHODOLOGY_REQUIREMENT_SERIES_SELECTION_AND_BASIS_UNRESOLVED"
"ORP115-V2-0446","ORP115-V1-0446","HINDALCO","","ROCE_OR_ROIC_THROUGH_CYCLE","NUMERIC_SERIES","91a8588a-66f1-4a06-a111-74d5d5fee171","","NUMERIC_PERIOD_UNIT_SCOPE_BINDING_INCOMPLETE","SOURCE_METADATA_STILL_INCOMPLETE","NUMERIC_PERIOD_UNIT_SCOPE_BINDING_INCOMPLETE","DEFER","false","NUMERIC_PERIOD_UNIT_SCOPE_BINDING_INCOMPLETE"
"ORP115-V2-0447","ORP115-V1-0447","HINDALCO","","THROUGH_CYCLE_MARGIN_QUALITY","NUMERIC_SERIES","84f6fd9f-af87-4d12-baf6-012bcbcf13db","","NUMERIC_PERIOD_UNIT_SCOPE_BINDING_INCOMPLETE","SOURCE_METADATA_STILL_INCOMPLETE","NUMERIC_PERIOD_UNIT_SCOPE_BINDING_INCOMPLETE","DEFER","false","NUMERIC_PERIOD_UNIT_SCOPE_BINDING_INCOMPLETE"
"ORP115-V2-0448","ORP115-V1-0448","HINDALCO","","VALUATION_THROUGH_CYCLE","NUMERIC_SERIES","91a8588a-66f1-4a06-a111-74d5d5fee171","","NUMERIC_PERIOD_UNIT_SCOPE_BINDING_INCOMPLETE","SOURCE_METADATA_STILL_INCOMPLETE","NUMERIC_PERIOD_UNIT_SCOPE_BINDING_INCOMPLETE","DEFER","false","NUMERIC_PERIOD_UNIT_SCOPE_BINDING_INCOMPLETE"
"ORP115-V2-0449","ORP115-V1-0449","HINDCOPPER","","CFO_OR_FCF_CONVERSION_THROUGH_CYCLE","NUMERIC_SERIES","9975750c-f589-473e-8008-ac0ffcbc76f5","","NUMERIC_PERIOD_UNIT_SCOPE_BINDING_INCOMPLETE","SOURCE_METADATA_STILL_INCOMPLETE","NUMERIC_PERIOD_UNIT_SCOPE_BINDING_INCOMPLETE","DEFER","false","NUMERIC_PERIOD_UNIT_SCOPE_BINDING_INCOMPLETE"
"ORP115-V2-0450","ORP115-V1-0450","HINDCOPPER","","METALS_BUSINESS_DURABILITY","TEXT_EVIDENCE_REVIEW","06389763-598e-4786-b2cd-27b299f1aad7","7b965157-06d0-473c-a65e-5b317f86f653","DOCUMENT_CONTENT_IDENTITY_HASH_NOT_VERIFIED","SOURCE_CONTENT_IDENTITY_STILL_INCOMPLETE","DOCUMENT_CONTENT_IDENTITY_HASH_NOT_VERIFIED","DEFER","false","DOCUMENT_CONTENT_IDENTITY_HASH_NOT_VERIFIED"
"ORP115-V2-0451","ORP115-V1-0451","HINDCOPPER","","NET_DEBT_AND_INTEREST_COVERAGE_MID_CYCLE","NUMERIC_SERIES","22bdaa6e-b1c0-4b9f-8e62-7255c9e94059","","NUMERIC_PERIOD_UNIT_SCOPE_BINDING_INCOMPLETE","SOURCE_METADATA_STILL_INCOMPLETE","NUMERIC_PERIOD_UNIT_SCOPE_BINDING_INCOMPLETE","DEFER","false","NUMERIC_PERIOD_UNIT_SCOPE_BINDING_INCOMPLETE"
"ORP115-V2-0452","ORP115-V1-0452","HINDCOPPER","","OWNERSHIP_GOVERNANCE","OWNERSHIP_4Q","ba409451-d71d-4619-991e-fcb0fec662c3","","METHODOLOGY_REQUIREMENT_SERIES_SELECTION_AND_BASIS_UNRESOLVED","METHODOLOGY_DECISION_STILL_REQUIRED","METHODOLOGY_REQUIREMENT_SERIES_SELECTION_AND_BASIS_UNRESOLVED","DEFER","false","METHODOLOGY_REQUIREMENT_SERIES_SELECTION_AND_BASIS_UNRESOLVED"
"ORP115-V2-0453","ORP115-V1-0453","HINDCOPPER","","ROCE_OR_ROIC_THROUGH_CYCLE","NUMERIC_SERIES","22bdaa6e-b1c0-4b9f-8e62-7255c9e94059","","NUMERIC_PERIOD_UNIT_SCOPE_BINDING_INCOMPLETE","SOURCE_METADATA_STILL_INCOMPLETE","NUMERIC_PERIOD_UNIT_SCOPE_BINDING_INCOMPLETE","DEFER","false","NUMERIC_PERIOD_UNIT_SCOPE_BINDING_INCOMPLETE"
"ORP115-V2-0454","ORP115-V1-0454","HINDCOPPER","","THROUGH_CYCLE_MARGIN_QUALITY","NUMERIC_SERIES","9975750c-f589-473e-8008-ac0ffcbc76f5","","NUMERIC_PERIOD_UNIT_SCOPE_BINDING_INCOMPLETE","SOURCE_METADATA_STILL_INCOMPLETE","NUMERIC_PERIOD_UNIT_SCOPE_BINDING_INCOMPLETE","DEFER","false","NUMERIC_PERIOD_UNIT_SCOPE_BINDING_INCOMPLETE"
"ORP115-V2-0455","ORP115-V1-0455","HINDCOPPER","","VALUATION_THROUGH_CYCLE","NUMERIC_SERIES","22bdaa6e-b1c0-4b9f-8e62-7255c9e94059","","NUMERIC_PERIOD_UNIT_SCOPE_BINDING_INCOMPLETE","SOURCE_METADATA_STILL_INCOMPLETE","NUMERIC_PERIOD_UNIT_SCOPE_BINDING_INCOMPLETE","DEFER","false","NUMERIC_PERIOD_UNIT_SCOPE_BINDING_INCOMPLETE"
"ORP115-V2-0456","ORP115-V1-0456","HINDUNILVR","","BRAND_DISTRIBUTION_CATEGORY_DURABILITY","TEXT_EVIDENCE_REVIEW","7aeef56f-111b-49bf-9a54-dd19f1c64bb0","29ebe433-5f57-464b-91c0-85c05906c9ab","DOCUMENT_CONTENT_IDENTITY_HASH_NOT_VERIFIED","SOURCE_CONTENT_IDENTITY_STILL_INCOMPLETE","DOCUMENT_CONTENT_IDENTITY_HASH_NOT_VERIFIED","DEFER","false","DOCUMENT_CONTENT_IDENTITY_HASH_NOT_VERIFIED"
"ORP115-V2-0457","ORP115-V1-0457","HINDUNILVR","","CFO_OR_FCF_CONVERSION_AND_WORKING_CAPITAL","NUMERIC_SERIES","99aee5a7-37d5-4c7e-9320-d319ba92ee8f","","NUMERIC_PERIOD_UNIT_SCOPE_BINDING_INCOMPLETE","SOURCE_METADATA_STILL_INCOMPLETE","NUMERIC_PERIOD_UNIT_SCOPE_BINDING_INCOMPLETE","DEFER","false","NUMERIC_PERIOD_UNIT_SCOPE_BINDING_INCOMPLETE"
"ORP115-V2-0458","ORP115-V1-0458","HINDUNILVR","","GROSS_AND_OPERATING_MARGIN_HISTORY","NUMERIC_SERIES","99aee5a7-37d5-4c7e-9320-d319ba92ee8f","","NUMERIC_PERIOD_UNIT_SCOPE_BINDING_INCOMPLETE","SOURCE_METADATA_STILL_INCOMPLETE","NUMERIC_PERIOD_UNIT_SCOPE_BINDING_INCOMPLETE","DEFER","false","NUMERIC_PERIOD_UNIT_SCOPE_BINDING_INCOMPLETE"
"ORP115-V2-0459","ORP115-V1-0459","HINDUNILVR","","OWNERSHIP_GOVERNANCE","OWNERSHIP_4Q","c7a115a8-7f33-41cd-80e8-3309b89461d5","","METHODOLOGY_REQUIREMENT_SERIES_SELECTION_AND_BASIS_UNRESOLVED","METHODOLOGY_DECISION_STILL_REQUIRED","METHODOLOGY_REQUIREMENT_SERIES_SELECTION_AND_BASIS_UNRESOLVED","DEFER","false","METHODOLOGY_REQUIREMENT_SERIES_SELECTION_AND_BASIS_UNRESOLVED"
"ORP115-V2-0460","ORP115-V1-0460","HINDUNILVR","","VALUATION","NUMERIC_SERIES","47c7d39d-f2e4-4956-b5b1-2dd31a3713fa","","NUMERIC_PERIOD_UNIT_SCOPE_BINDING_INCOMPLETE","SOURCE_METADATA_STILL_INCOMPLETE","NUMERIC_PERIOD_UNIT_SCOPE_BINDING_INCOMPLETE","DEFER","false","NUMERIC_PERIOD_UNIT_SCOPE_BINDING_INCOMPLETE"
"ORP115-V2-0461","ORP115-V1-0461","HINDZINC","","CFO_OR_FCF_CONVERSION_THROUGH_CYCLE","NUMERIC_SERIES","eabafc7c-f59a-4799-bc07-2eb11db5f824","","NUMERIC_PERIOD_UNIT_SCOPE_BINDING_INCOMPLETE","SOURCE_METADATA_STILL_INCOMPLETE","NUMERIC_PERIOD_UNIT_SCOPE_BINDING_INCOMPLETE","DEFER","false","NUMERIC_PERIOD_UNIT_SCOPE_BINDING_INCOMPLETE"
"ORP115-V2-0462","ORP115-V1-0462","HINDZINC","","METALS_BUSINESS_DURABILITY","TEXT_EVIDENCE_REVIEW","18753890-57de-4b85-8763-01f1b3fdaa8d","00817606-3068-4789-b85f-284484b550fe","DOCUMENT_CONTENT_IDENTITY_HASH_NOT_VERIFIED","SOURCE_CONTENT_IDENTITY_STILL_INCOMPLETE","DOCUMENT_CONTENT_IDENTITY_HASH_NOT_VERIFIED","DEFER","false","DOCUMENT_CONTENT_IDENTITY_HASH_NOT_VERIFIED"
"ORP115-V2-0463","ORP115-V1-0463","HINDZINC","","NET_DEBT_AND_INTEREST_COVERAGE_MID_CYCLE","NUMERIC_SERIES","c3f22201-f0a5-4dca-a0af-8051471ed466","","NUMERIC_PERIOD_UNIT_SCOPE_BINDING_INCOMPLETE","SOURCE_METADATA_STILL_INCOMPLETE","NUMERIC_PERIOD_UNIT_SCOPE_BINDING_INCOMPLETE","DEFER","false","NUMERIC_PERIOD_UNIT_SCOPE_BINDING_INCOMPLETE"
"ORP115-V2-0464","ORP115-V1-0464","HINDZINC","","OWNERSHIP_GOVERNANCE","OWNERSHIP_4Q","50d82e18-1476-4e1a-b44c-91dbad3240c6","","METHODOLOGY_REQUIREMENT_SERIES_SELECTION_AND_BASIS_UNRESOLVED","METHODOLOGY_DECISION_STILL_REQUIRED","METHODOLOGY_REQUIREMENT_SERIES_SELECTION_AND_BASIS_UNRESOLVED","DEFER","false","METHODOLOGY_REQUIREMENT_SERIES_SELECTION_AND_BASIS_UNRESOLVED"
"ORP115-V2-0465","ORP115-V1-0465","HINDZINC","","ROCE_OR_ROIC_THROUGH_CYCLE","NUMERIC_SERIES","c3f22201-f0a5-4dca-a0af-8051471ed466","","NUMERIC_PERIOD_UNIT_SCOPE_BINDING_INCOMPLETE","SOURCE_METADATA_STILL_INCOMPLETE","NUMERIC_PERIOD_UNIT_SCOPE_BINDING_INCOMPLETE","DEFER","false","NUMERIC_PERIOD_UNIT_SCOPE_BINDING_INCOMPLETE"
"ORP115-V2-0466","ORP115-V1-0466","HINDZINC","","THROUGH_CYCLE_MARGIN_QUALITY","NUMERIC_SERIES","eabafc7c-f59a-4799-bc07-2eb11db5f824","","NUMERIC_PERIOD_UNIT_SCOPE_BINDING_INCOMPLETE","SOURCE_METADATA_STILL_INCOMPLETE","NUMERIC_PERIOD_UNIT_SCOPE_BINDING_INCOMPLETE","DEFER","false","NUMERIC_PERIOD_UNIT_SCOPE_BINDING_INCOMPLETE"
"ORP115-V2-0467","ORP115-V1-0467","HINDZINC","","VALUATION_THROUGH_CYCLE","NUMERIC_SERIES","c3f22201-f0a5-4dca-a0af-8051471ed466","","NUMERIC_PERIOD_UNIT_SCOPE_BINDING_INCOMPLETE","SOURCE_METADATA_STILL_INCOMPLETE","NUMERIC_PERIOD_UNIT_SCOPE_BINDING_INCOMPLETE","DEFER","false","NUMERIC_PERIOD_UNIT_SCOPE_BINDING_INCOMPLETE"
"ORP115-V2-0468","ORP115-V1-0468","HUDCO","","EXTERNAL_RATING","TEXT_EVIDENCE_REVIEW","53a0c268-1603-4bfb-a609-66864ae18f13","10639dce-6a30-4044-9356-6aab493ac449","DOCUMENT_CONTENT_IDENTITY_HASH_NOT_VERIFIED","SOURCE_CONTENT_IDENTITY_STILL_INCOMPLETE","DOCUMENT_CONTENT_IDENTITY_HASH_NOT_VERIFIED","DEFER","false","DOCUMENT_CONTENT_IDENTITY_HASH_NOT_VERIFIED"
"ORP115-V2-0469","ORP115-V1-0469","HUDCO","","GOVERNANCE_EVENT_REVIEW","TEXT_EVIDENCE_REVIEW","66267460-7bd3-48d4-94e6-b9684cff7ed7","","DOCUMENT_CONTENT_IDENTITY_HASH_NOT_VERIFIED","SOURCE_CONTENT_IDENTITY_STILL_INCOMPLETE","DOCUMENT_CONTENT_IDENTITY_HASH_NOT_VERIFIED","DEFER","false","DOCUMENT_CONTENT_IDENTITY_HASH_NOT_VERIFIED"
"ORP115-V2-0470","ORP115-V1-0470","HUDCO","","OWNERSHIP_TREND_4Q","OWNERSHIP_4Q","8b8b18d3-9370-46c3-a620-6ef1347decb4","","METHODOLOGY_REQUIREMENT_SERIES_SELECTION_AND_BASIS_UNRESOLVED","METHODOLOGY_DECISION_STILL_REQUIRED","METHODOLOGY_REQUIREMENT_SERIES_SELECTION_AND_BASIS_UNRESOLVED","DEFER","false","METHODOLOGY_REQUIREMENT_SERIES_SELECTION_AND_BASIS_UNRESOLVED"
"ORP115-V2-0471","ORP115-V1-0471","HUDCO","","RATING_TREND","TEXT_EVIDENCE_REVIEW","53a0c268-1603-4bfb-a609-66864ae18f13","10639dce-6a30-4044-9356-6aab493ac449","DOCUMENT_CONTENT_IDENTITY_HASH_NOT_VERIFIED","SOURCE_CONTENT_IDENTITY_STILL_INCOMPLETE","DOCUMENT_CONTENT_IDENTITY_HASH_NOT_VERIFIED","DEFER","false","DOCUMENT_CONTENT_IDENTITY_HASH_NOT_VERIFIED"
"ORP115-V2-0472","ORP115-V1-0472","HYUNDAI","","BUSINESS_DURABILITY","TEXT_EVIDENCE_REVIEW","306873e7-879d-4642-9c2b-41967ae7de36","88cca9d0-9c1f-42a6-a38c-3645af9ada25","DOCUMENT_CONTENT_IDENTITY_HASH_NOT_VERIFIED","SOURCE_CONTENT_IDENTITY_STILL_INCOMPLETE","DOCUMENT_CONTENT_IDENTITY_HASH_NOT_VERIFIED","DEFER","false","DOCUMENT_CONTENT_IDENTITY_HASH_NOT_VERIFIED"
"ORP115-V2-0473","ORP115-V1-0473","HYUNDAI","","NET_CASH_OR_LEVERAGE","NUMERIC_SERIES","a5c21d43-4029-4566-803e-b3488dea968f","","NUMERIC_PERIOD_UNIT_SCOPE_BINDING_INCOMPLETE","SOURCE_METADATA_STILL_INCOMPLETE","NUMERIC_PERIOD_UNIT_SCOPE_BINDING_INCOMPLETE","DEFER","false","NUMERIC_PERIOD_UNIT_SCOPE_BINDING_INCOMPLETE"
"ORP115-V2-0474","ORP115-V1-0474","HYUNDAI","","OWNERSHIP_GOVERNANCE","OWNERSHIP_4Q","94780ccc-fe29-4967-8ae7-994fb80534f6","","METHODOLOGY_REQUIREMENT_SERIES_SELECTION_AND_BASIS_UNRESOLVED","METHODOLOGY_DECISION_STILL_REQUIRED","METHODOLOGY_REQUIREMENT_SERIES_SELECTION_AND_BASIS_UNRESOLVED","DEFER","false","METHODOLOGY_REQUIREMENT_SERIES_SELECTION_AND_BASIS_UNRESOLVED"
"ORP115-V2-0475","ORP115-V1-0475","ICEMAKE","","OWNERSHIP_TREND_4Q","OWNERSHIP_4Q","d324db68-79de-4944-8f16-4e656bc4366b","","METHODOLOGY_REQUIREMENT_SERIES_SELECTION_AND_BASIS_UNRESOLVED","METHODOLOGY_DECISION_STILL_REQUIRED","METHODOLOGY_REQUIREMENT_SERIES_SELECTION_AND_BASIS_UNRESOLVED","DEFER","false","METHODOLOGY_REQUIREMENT_SERIES_SELECTION_AND_BASIS_UNRESOLVED"
"ORP115-V2-0476","ORP115-V1-0476","ICICIAMC","","CAPITAL_MARKETS_DURABILITY","TEXT_EVIDENCE_REVIEW","68b740a0-3b06-41e0-ad62-620217367c9d","3932e1db-1184-4a1a-97c2-ddcbd819308e","DOCUMENT_CONTENT_IDENTITY_HASH_NOT_VERIFIED","SOURCE_CONTENT_IDENTITY_STILL_INCOMPLETE","DOCUMENT_CONTENT_IDENTITY_HASH_NOT_VERIFIED","DEFER","false","DOCUMENT_CONTENT_IDENTITY_HASH_NOT_VERIFIED"
"ORP115-V2-0477","ORP115-V1-0477","ICICIBANK","","CAPITAL_ADEQUACY_RATIO","NUMERIC_SERIES","73eb2ca0-680c-4b51-bbff-14bbedd52b31","","NUMERIC_PERIOD_UNIT_SCOPE_BINDING_INCOMPLETE","SOURCE_METADATA_STILL_INCOMPLETE","NUMERIC_PERIOD_UNIT_SCOPE_BINDING_INCOMPLETE","DEFER","false","NUMERIC_PERIOD_UNIT_SCOPE_BINDING_INCOMPLETE"
"ORP115-V2-0478","ORP115-V1-0478","ICICIBANK","","CET1_RATIO","NUMERIC_SERIES","73eb2ca0-680c-4b51-bbff-14bbedd52b31","","NUMERIC_PERIOD_UNIT_SCOPE_BINDING_INCOMPLETE","SOURCE_METADATA_STILL_INCOMPLETE","NUMERIC_PERIOD_UNIT_SCOPE_BINDING_INCOMPLETE","DEFER","false","NUMERIC_PERIOD_UNIT_SCOPE_BINDING_INCOMPLETE"
"ORP115-V2-0479","ORP115-V1-0479","ICICIBANK","","EXTERNAL_LONG_TERM_RATING","TEXT_EVIDENCE_REVIEW","145b90ef-de79-4cdb-8e78-c37416acae8b","82b09874-9ce3-4d78-9946-aed0e8444dc6","DOCUMENT_CONTENT_IDENTITY_HASH_NOT_VERIFIED","SOURCE_CONTENT_IDENTITY_STILL_INCOMPLETE","DOCUMENT_CONTENT_IDENTITY_HASH_NOT_VERIFIED","DEFER","false","DOCUMENT_CONTENT_IDENTITY_HASH_NOT_VERIFIED"
"ORP115-V2-0480","ORP115-V1-0480","ICICIBANK","","GOVERNANCE_EVENT_SIGNAL","TEXT_EVIDENCE_REVIEW","145b90ef-de79-4cdb-8e78-c37416acae8b","82b09874-9ce3-4d78-9946-aed0e8444dc6","DOCUMENT_CONTENT_IDENTITY_HASH_NOT_VERIFIED","SOURCE_CONTENT_IDENTITY_STILL_INCOMPLETE","DOCUMENT_CONTENT_IDENTITY_HASH_NOT_VERIFIED","DEFER","false","DOCUMENT_CONTENT_IDENTITY_HASH_NOT_VERIFIED"
"ORP115-V2-0481","ORP115-V1-0481","ICICIBANK","","GROSS_NPA","NUMERIC_SERIES","73eb2ca0-680c-4b51-bbff-14bbedd52b31","","NUMERIC_PERIOD_UNIT_SCOPE_BINDING_INCOMPLETE","SOURCE_METADATA_STILL_INCOMPLETE","NUMERIC_PERIOD_UNIT_SCOPE_BINDING_INCOMPLETE","DEFER","false","NUMERIC_PERIOD_UNIT_SCOPE_BINDING_INCOMPLETE"
"ORP115-V2-0482","ORP115-V1-0482","ICICIBANK","","INSTITUTIONAL_OWNERSHIP_TREND_4Q","OWNERSHIP_4Q","aace5192-1de4-4c1c-928f-1f55ea4ca3ef","","METHODOLOGY_REQUIREMENT_SERIES_SELECTION_AND_BASIS_UNRESOLVED","METHODOLOGY_DECISION_STILL_REQUIRED","METHODOLOGY_REQUIREMENT_SERIES_SELECTION_AND_BASIS_UNRESOLVED","DEFER","false","METHODOLOGY_REQUIREMENT_SERIES_SELECTION_AND_BASIS_UNRESOLVED"
"ORP115-V2-0483","ORP115-V1-0483","ICICIBANK","","NET_NPA","NUMERIC_SERIES","73eb2ca0-680c-4b51-bbff-14bbedd52b31","","NUMERIC_PERIOD_UNIT_SCOPE_BINDING_INCOMPLETE","SOURCE_METADATA_STILL_INCOMPLETE","NUMERIC_PERIOD_UNIT_SCOPE_BINDING_INCOMPLETE","DEFER","false","NUMERIC_PERIOD_UNIT_SCOPE_BINDING_INCOMPLETE"
"ORP115-V2-0484","ORP115-V1-0484","ICICIBANK","","PB_ADJUSTED_FOR_ROE","NUMERIC_SERIES","e25c2788-9e5e-44c1-a07c-f58e823b9de6","","NUMERIC_PERIOD_UNIT_SCOPE_BINDING_INCOMPLETE","SOURCE_METADATA_STILL_INCOMPLETE","NUMERIC_PERIOD_UNIT_SCOPE_BINDING_INCOMPLETE","DEFER","false","NUMERIC_PERIOD_UNIT_SCOPE_BINDING_INCOMPLETE"
"ORP115-V2-0485","ORP115-V1-0485","ICICIBANK","","PE_TTM_RELATIVE","NUMERIC_SERIES","73eb2ca0-680c-4b51-bbff-14bbedd52b31","","NUMERIC_PERIOD_UNIT_SCOPE_BINDING_INCOMPLETE","SOURCE_METADATA_STILL_INCOMPLETE","NUMERIC_PERIOD_UNIT_SCOPE_BINDING_INCOMPLETE","DEFER","false","NUMERIC_PERIOD_UNIT_SCOPE_BINDING_INCOMPLETE"
"ORP115-V2-0486","ORP115-V1-0486","ICICIBANK","","RATING_TREND","TEXT_EVIDENCE_REVIEW","145b90ef-de79-4cdb-8e78-c37416acae8b","82b09874-9ce3-4d78-9946-aed0e8444dc6","DOCUMENT_CONTENT_IDENTITY_HASH_NOT_VERIFIED","SOURCE_CONTENT_IDENTITY_STILL_INCOMPLETE","DOCUMENT_CONTENT_IDENTITY_HASH_NOT_VERIFIED","DEFER","false","DOCUMENT_CONTENT_IDENTITY_HASH_NOT_VERIFIED"
"ORP115-V2-0487","ORP115-V1-0487","ICICIBANK","","ROA_ANNUAL","NUMERIC_SERIES","e25c2788-9e5e-44c1-a07c-f58e823b9de6","","NUMERIC_PERIOD_UNIT_SCOPE_BINDING_INCOMPLETE","SOURCE_METADATA_STILL_INCOMPLETE","NUMERIC_PERIOD_UNIT_SCOPE_BINDING_INCOMPLETE","DEFER","false","NUMERIC_PERIOD_UNIT_SCOPE_BINDING_INCOMPLETE"
"ORP115-V2-0488","ORP115-V1-0488","ICIL","","BRAND_OR_HOME_TEXTILE_POSITION","TEXT_EVIDENCE_REVIEW","a16fe706-3589-4cb7-ad4b-50a6db9c6294","c6ed0c1a-e1a1-4d9f-8b2c-37c6058612d3","DOCUMENT_CONTENT_IDENTITY_HASH_NOT_VERIFIED","SOURCE_CONTENT_IDENTITY_STILL_INCOMPLETE","DOCUMENT_CONTENT_IDENTITY_HASH_NOT_VERIFIED","DEFER","false","DOCUMENT_CONTENT_IDENTITY_HASH_NOT_VERIFIED"
"ORP115-V2-0489","ORP115-V1-0489","ICIL","","CAPACITY_UTILISATION","TEXT_EVIDENCE_REVIEW","a16fe706-3589-4cb7-ad4b-50a6db9c6294","c6ed0c1a-e1a1-4d9f-8b2c-37c6058612d3","DOCUMENT_CONTENT_IDENTITY_HASH_NOT_VERIFIED","SOURCE_CONTENT_IDENTITY_STILL_INCOMPLETE","DOCUMENT_CONTENT_IDENTITY_HASH_NOT_VERIFIED","DEFER","false","DOCUMENT_CONTENT_IDENTITY_HASH_NOT_VERIFIED"
"ORP115-V2-0490","ORP115-V1-0490","ICIL","","COTTON_INPUT_FX_DEMAND_CYCLE","TEXT_EVIDENCE_REVIEW","a16fe706-3589-4cb7-ad4b-50a6db9c6294","c6ed0c1a-e1a1-4d9f-8b2c-37c6058612d3","DOCUMENT_CONTENT_IDENTITY_HASH_NOT_VERIFIED","SOURCE_CONTENT_IDENTITY_STILL_INCOMPLETE","DOCUMENT_CONTENT_IDENTITY_HASH_NOT_VERIFIED","DEFER","false","DOCUMENT_CONTENT_IDENTITY_HASH_NOT_VERIFIED"
"ORP115-V2-0491","ORP115-V1-0491","ICIL","","CUSTOMER_DIVERSIFICATION","TEXT_EVIDENCE_REVIEW","a16fe706-3589-4cb7-ad4b-50a6db9c6294","c6ed0c1a-e1a1-4d9f-8b2c-37c6058612d3","DOCUMENT_CONTENT_IDENTITY_HASH_NOT_VERIFIED","SOURCE_CONTENT_IDENTITY_STILL_INCOMPLETE","DOCUMENT_CONTENT_IDENTITY_HASH_NOT_VERIFIED","DEFER","false","DOCUMENT_CONTENT_IDENTITY_HASH_NOT_VERIFIED"
"ORP115-V2-0492","ORP115-V1-0492","ICIL","","GOVERNANCE_EVENT_REVIEW","TEXT_EVIDENCE_REVIEW","a16fe706-3589-4cb7-ad4b-50a6db9c6294","c6ed0c1a-e1a1-4d9f-8b2c-37c6058612d3","DOCUMENT_CONTENT_IDENTITY_HASH_NOT_VERIFIED","SOURCE_CONTENT_IDENTITY_STILL_INCOMPLETE","DOCUMENT_CONTENT_IDENTITY_HASH_NOT_VERIFIED","DEFER","false","DOCUMENT_CONTENT_IDENTITY_HASH_NOT_VERIFIED"
"ORP115-V2-0493","ORP115-V1-0493","ICIL","","OWNERSHIP_TREND_4Q","OWNERSHIP_4Q","caebf136-908b-4437-b30f-516db01c8670","","METHODOLOGY_REQUIREMENT_SERIES_SELECTION_AND_BASIS_UNRESOLVED","METHODOLOGY_DECISION_STILL_REQUIRED","METHODOLOGY_REQUIREMENT_SERIES_SELECTION_AND_BASIS_UNRESOLVED","DEFER","false","METHODOLOGY_REQUIREMENT_SERIES_SELECTION_AND_BASIS_UNRESOLVED"
"ORP115-V2-0494","ORP115-V1-0494","ICIL","","REALIZATION_PRODUCT_MIX","TEXT_EVIDENCE_REVIEW","a16fe706-3589-4cb7-ad4b-50a6db9c6294","c6ed0c1a-e1a1-4d9f-8b2c-37c6058612d3","DOCUMENT_CONTENT_IDENTITY_HASH_NOT_VERIFIED","SOURCE_CONTENT_IDENTITY_STILL_INCOMPLETE","DOCUMENT_CONTENT_IDENTITY_HASH_NOT_VERIFIED","DEFER","false","DOCUMENT_CONTENT_IDENTITY_HASH_NOT_VERIFIED"
"ORP115-V2-0495","ORP115-V1-0495","IDBI","","CAPITAL_ADEQUACY_RATIO","NUMERIC_SERIES","3cd72599-5819-4c98-be5a-a9d1aa5e58c4","","NUMERIC_PERIOD_UNIT_SCOPE_BINDING_INCOMPLETE","SOURCE_METADATA_STILL_INCOMPLETE","NUMERIC_PERIOD_UNIT_SCOPE_BINDING_INCOMPLETE","DEFER","false","NUMERIC_PERIOD_UNIT_SCOPE_BINDING_INCOMPLETE"
"ORP115-V2-0496","ORP115-V1-0496","IDBI","","CET1_RATIO","NUMERIC_SERIES","3cd72599-5819-4c98-be5a-a9d1aa5e58c4","","NUMERIC_PERIOD_UNIT_SCOPE_BINDING_INCOMPLETE","SOURCE_METADATA_STILL_INCOMPLETE","NUMERIC_PERIOD_UNIT_SCOPE_BINDING_INCOMPLETE","DEFER","false","NUMERIC_PERIOD_UNIT_SCOPE_BINDING_INCOMPLETE"
"ORP115-V2-0497","ORP115-V1-0497","IDBI","","EXTERNAL_LONG_TERM_RATING","TEXT_EVIDENCE_REVIEW","a3afcc6b-1600-44b1-b3bf-8b798b602434","a61389c5-6a1f-447d-990c-69abc92ce7d9","DOCUMENT_CONTENT_IDENTITY_HASH_NOT_VERIFIED","SOURCE_CONTENT_IDENTITY_STILL_INCOMPLETE","DOCUMENT_CONTENT_IDENTITY_HASH_NOT_VERIFIED","DEFER","false","DOCUMENT_CONTENT_IDENTITY_HASH_NOT_VERIFIED"
"ORP115-V2-0498","ORP115-V1-0498","IDBI","","GROSS_NPA","NUMERIC_SERIES","3cd72599-5819-4c98-be5a-a9d1aa5e58c4","","NUMERIC_PERIOD_UNIT_SCOPE_BINDING_INCOMPLETE","SOURCE_METADATA_STILL_INCOMPLETE","NUMERIC_PERIOD_UNIT_SCOPE_BINDING_INCOMPLETE","DEFER","false","NUMERIC_PERIOD_UNIT_SCOPE_BINDING_INCOMPLETE"
"ORP115-V2-0499","ORP115-V1-0499","IDBI","","INSTITUTIONAL_OWNERSHIP_TREND_4Q","OWNERSHIP_4Q","e1f99fb7-059e-48ac-8e95-b7fbc9894baf","","METHODOLOGY_REQUIREMENT_SERIES_SELECTION_AND_BASIS_UNRESOLVED","METHODOLOGY_DECISION_STILL_REQUIRED","METHODOLOGY_REQUIREMENT_SERIES_SELECTION_AND_BASIS_UNRESOLVED","DEFER","false","METHODOLOGY_REQUIREMENT_SERIES_SELECTION_AND_BASIS_UNRESOLVED"
"ORP115-V2-0500","ORP115-V1-0500","IDBI","","NET_NPA","NUMERIC_SERIES","3cd72599-5819-4c98-be5a-a9d1aa5e58c4","","NUMERIC_PERIOD_UNIT_SCOPE_BINDING_INCOMPLETE","SOURCE_METADATA_STILL_INCOMPLETE","NUMERIC_PERIOD_UNIT_SCOPE_BINDING_INCOMPLETE","DEFER","false","NUMERIC_PERIOD_UNIT_SCOPE_BINDING_INCOMPLETE"
"ORP115-V2-0501","ORP115-V1-0501","IDBI","","PB_ADJUSTED_FOR_ROE","NUMERIC_SERIES","3cd72599-5819-4c98-be5a-a9d1aa5e58c4","","NUMERIC_PERIOD_UNIT_SCOPE_BINDING_INCOMPLETE","SOURCE_METADATA_STILL_INCOMPLETE","NUMERIC_PERIOD_UNIT_SCOPE_BINDING_INCOMPLETE","DEFER","false","NUMERIC_PERIOD_UNIT_SCOPE_BINDING_INCOMPLETE"
"ORP115-V2-0502","ORP115-V1-0502","IDBI","","PE_TTM_RELATIVE","NUMERIC_SERIES","3cd72599-5819-4c98-be5a-a9d1aa5e58c4","","NUMERIC_PERIOD_UNIT_SCOPE_BINDING_INCOMPLETE","SOURCE_METADATA_STILL_INCOMPLETE","NUMERIC_PERIOD_UNIT_SCOPE_BINDING_INCOMPLETE","DEFER","false","NUMERIC_PERIOD_UNIT_SCOPE_BINDING_INCOMPLETE"
"ORP115-V2-0503","ORP115-V1-0503","IDBI","","RATING_TREND","TEXT_EVIDENCE_REVIEW","a3afcc6b-1600-44b1-b3bf-8b798b602434","a61389c5-6a1f-447d-990c-69abc92ce7d9","DOCUMENT_CONTENT_IDENTITY_HASH_NOT_VERIFIED","SOURCE_CONTENT_IDENTITY_STILL_INCOMPLETE","DOCUMENT_CONTENT_IDENTITY_HASH_NOT_VERIFIED","DEFER","false","DOCUMENT_CONTENT_IDENTITY_HASH_NOT_VERIFIED"
"ORP115-V2-0504","ORP115-V1-0504","IDBI","","ROA_ANNUAL","NUMERIC_SERIES","b3259131-c875-4338-8f18-ec047ae9ef29","","NUMERIC_PERIOD_UNIT_SCOPE_BINDING_INCOMPLETE","SOURCE_METADATA_STILL_INCOMPLETE","NUMERIC_PERIOD_UNIT_SCOPE_BINDING_INCOMPLETE","DEFER","false","NUMERIC_PERIOD_UNIT_SCOPE_BINDING_INCOMPLETE"
"ORP115-V2-0505","ORP115-V1-0505","IDFCFIRSTB","","EXTERNAL_LONG_TERM_RATING","TEXT_EVIDENCE_REVIEW","a1219307-9777-4fa9-a1f2-ab2964647399","d5bacb29-cfbb-4e42-a237-f483ed92f8b9","DOCUMENT_CONTENT_IDENTITY_HASH_NOT_VERIFIED","SOURCE_CONTENT_IDENTITY_STILL_INCOMPLETE","DOCUMENT_CONTENT_IDENTITY_HASH_NOT_VERIFIED","DEFER","false","DOCUMENT_CONTENT_IDENTITY_HASH_NOT_VERIFIED"
"ORP115-V2-0506","ORP115-V1-0506","IDFCFIRSTB","","GOVERNANCE_EVENT_SIGNAL","TEXT_EVIDENCE_REVIEW","d238817e-bc06-4b7c-9126-e2e1eeff0ec6","","DOCUMENT_CONTENT_IDENTITY_HASH_NOT_VERIFIED","SOURCE_CONTENT_IDENTITY_STILL_INCOMPLETE","DOCUMENT_CONTENT_IDENTITY_HASH_NOT_VERIFIED","DEFER","false","DOCUMENT_CONTENT_IDENTITY_HASH_NOT_VERIFIED"
"ORP115-V2-0507","ORP115-V1-0507","IDFCFIRSTB","","GROSS_NPA","NUMERIC_SERIES","60f6bd85-d1f5-4774-a64e-f853b44a383d","","NUMERIC_PERIOD_UNIT_SCOPE_BINDING_INCOMPLETE","SOURCE_METADATA_STILL_INCOMPLETE","NUMERIC_PERIOD_UNIT_SCOPE_BINDING_INCOMPLETE","DEFER","false","NUMERIC_PERIOD_UNIT_SCOPE_BINDING_INCOMPLETE"
"ORP115-V2-0508","ORP115-V1-0508","IDFCFIRSTB","","INSTITUTIONAL_OWNERSHIP_TREND_4Q","OWNERSHIP_4Q","0e9235b8-1ba9-412e-aa6b-02ec2ba77f6a","","METHODOLOGY_REQUIREMENT_SERIES_SELECTION_AND_BASIS_UNRESOLVED","METHODOLOGY_DECISION_STILL_REQUIRED","METHODOLOGY_REQUIREMENT_SERIES_SELECTION_AND_BASIS_UNRESOLVED","DEFER","false","METHODOLOGY_REQUIREMENT_SERIES_SELECTION_AND_BASIS_UNRESOLVED"
"ORP115-V2-0509","ORP115-V1-0509","IDFCFIRSTB","","NET_NPA","NUMERIC_SERIES","60f6bd85-d1f5-4774-a64e-f853b44a383d","","NUMERIC_PERIOD_UNIT_SCOPE_BINDING_INCOMPLETE","SOURCE_METADATA_STILL_INCOMPLETE","NUMERIC_PERIOD_UNIT_SCOPE_BINDING_INCOMPLETE","DEFER","false","NUMERIC_PERIOD_UNIT_SCOPE_BINDING_INCOMPLETE"
"ORP115-V2-0510","ORP115-V1-0510","IDFCFIRSTB","","PB_ADJUSTED_FOR_ROE","NUMERIC_SERIES","1d4f5cc3-44b9-4ac5-9d35-1611ea5ae7f5","","NUMERIC_PERIOD_UNIT_SCOPE_BINDING_INCOMPLETE","SOURCE_METADATA_STILL_INCOMPLETE","NUMERIC_PERIOD_UNIT_SCOPE_BINDING_INCOMPLETE","DEFER","false","NUMERIC_PERIOD_UNIT_SCOPE_BINDING_INCOMPLETE"
"ORP115-V2-0511","ORP115-V1-0511","IDFCFIRSTB","","PE_TTM_RELATIVE","NUMERIC_SERIES","60f6bd85-d1f5-4774-a64e-f853b44a383d","","NUMERIC_PERIOD_UNIT_SCOPE_BINDING_INCOMPLETE","SOURCE_METADATA_STILL_INCOMPLETE","NUMERIC_PERIOD_UNIT_SCOPE_BINDING_INCOMPLETE","DEFER","false","NUMERIC_PERIOD_UNIT_SCOPE_BINDING_INCOMPLETE"
"ORP115-V2-0512","ORP115-V1-0512","IDFCFIRSTB","","RATING_TREND","TEXT_EVIDENCE_REVIEW","a1219307-9777-4fa9-a1f2-ab2964647399","d5bacb29-cfbb-4e42-a237-f483ed92f8b9","DOCUMENT_CONTENT_IDENTITY_HASH_NOT_VERIFIED","SOURCE_CONTENT_IDENTITY_STILL_INCOMPLETE","DOCUMENT_CONTENT_IDENTITY_HASH_NOT_VERIFIED","DEFER","false","DOCUMENT_CONTENT_IDENTITY_HASH_NOT_VERIFIED"
"ORP115-V2-0513","ORP115-V1-0513","IDFCFIRSTB","","ROA_ANNUAL","NUMERIC_SERIES","1d4f5cc3-44b9-4ac5-9d35-1611ea5ae7f5","","NUMERIC_PERIOD_UNIT_SCOPE_BINDING_INCOMPLETE","SOURCE_METADATA_STILL_INCOMPLETE","NUMERIC_PERIOD_UNIT_SCOPE_BINDING_INCOMPLETE","DEFER","false","NUMERIC_PERIOD_UNIT_SCOPE_BINDING_INCOMPLETE"
"ORP115-V2-0514","ORP115-V1-0514","IGL","","COMMODITY_POLICY_TRANSITION_RISK","TEXT_EVIDENCE_REVIEW","de7a3cd9-1b4b-4e78-974f-7db15ff2dc3e","67991ee6-58cb-47db-8091-e52c6ce6b720","DOCUMENT_CONTENT_IDENTITY_HASH_NOT_VERIFIED","SOURCE_CONTENT_IDENTITY_STILL_INCOMPLETE","DOCUMENT_CONTENT_IDENTITY_HASH_NOT_VERIFIED","DEFER","false","DOCUMENT_CONTENT_IDENTITY_HASH_NOT_VERIFIED"
"ORP115-V2-0515","ORP115-V1-0515","IGL","","NET_DEBT_AND_INTEREST_COVERAGE","NUMERIC_SERIES","d1e54bec-44d5-4773-a0a4-b7124ad5a616","","NUMERIC_PERIOD_UNIT_SCOPE_BINDING_INCOMPLETE","SOURCE_METADATA_STILL_INCOMPLETE","NUMERIC_PERIOD_UNIT_SCOPE_BINDING_INCOMPLETE","DEFER","false","NUMERIC_PERIOD_UNIT_SCOPE_BINDING_INCOMPLETE"
"ORP115-V2-0516","ORP115-V1-0516","IGL","","OIL_GAS_BUSINESS_DURABILITY","TEXT_EVIDENCE_REVIEW","de7a3cd9-1b4b-4e78-974f-7db15ff2dc3e","67991ee6-58cb-47db-8091-e52c6ce6b720","DOCUMENT_CONTENT_IDENTITY_HASH_NOT_VERIFIED","SOURCE_CONTENT_IDENTITY_STILL_INCOMPLETE","DOCUMENT_CONTENT_IDENTITY_HASH_NOT_VERIFIED","DEFER","false","DOCUMENT_CONTENT_IDENTITY_HASH_NOT_VERIFIED"
"ORP115-V2-0517","ORP115-V1-0517","IGL","","OWNERSHIP_GOVERNANCE","OWNERSHIP_4Q","5f1a5bad-ddc2-4349-b6b7-fbecc723174a","","METHODOLOGY_REQUIREMENT_SERIES_SELECTION_AND_BASIS_UNRESOLVED","METHODOLOGY_DECISION_STILL_REQUIRED","METHODOLOGY_REQUIREMENT_SERIES_SELECTION_AND_BASIS_UNRESOLVED","DEFER","false","METHODOLOGY_REQUIREMENT_SERIES_SELECTION_AND_BASIS_UNRESOLVED"
"ORP115-V2-0518","ORP115-V1-0518","IGL","","ROCE_OR_ROIC_THROUGH_CYCLE","NUMERIC_SERIES","d1e54bec-44d5-4773-a0a4-b7124ad5a616","","NUMERIC_PERIOD_UNIT_SCOPE_BINDING_INCOMPLETE","SOURCE_METADATA_STILL_INCOMPLETE","NUMERIC_PERIOD_UNIT_SCOPE_BINDING_INCOMPLETE","DEFER","false","NUMERIC_PERIOD_UNIT_SCOPE_BINDING_INCOMPLETE"
"ORP115-V2-0519","ORP115-V1-0519","IGL","","VALUATION_THROUGH_CYCLE","NUMERIC_SERIES","d1e54bec-44d5-4773-a0a4-b7124ad5a616","","NUMERIC_PERIOD_UNIT_SCOPE_BINDING_INCOMPLETE","SOURCE_METADATA_STILL_INCOMPLETE","NUMERIC_PERIOD_UNIT_SCOPE_BINDING_INCOMPLETE","DEFER","false","NUMERIC_PERIOD_UNIT_SCOPE_BINDING_INCOMPLETE"
"ORP115-V2-0520","ORP115-V1-0520","IKS","","CLIENT_CONCENTRATION_WAGE_FX_AUTOMATION","TEXT_EVIDENCE_REVIEW","9aac589c-c8cc-480d-8a7d-9546d491b038","7e00fc69-f873-4c56-a111-5a43b965233a","DOCUMENT_CONTENT_IDENTITY_HASH_NOT_VERIFIED","SOURCE_CONTENT_IDENTITY_STILL_INCOMPLETE","DOCUMENT_CONTENT_IDENTITY_HASH_NOT_VERIFIED","DEFER","false","DOCUMENT_CONTENT_IDENTITY_HASH_NOT_VERIFIED"
"ORP115-V2-0521","ORP115-V1-0521","IKS","","CLIENT_RETENTION","TEXT_EVIDENCE_REVIEW","9aac589c-c8cc-480d-8a7d-9546d491b038","7e00fc69-f873-4c56-a111-5a43b965233a","DOCUMENT_CONTENT_IDENTITY_HASH_NOT_VERIFIED","SOURCE_CONTENT_IDENTITY_STILL_INCOMPLETE","DOCUMENT_CONTENT_IDENTITY_HASH_NOT_VERIFIED","DEFER","false","DOCUMENT_CONTENT_IDENTITY_HASH_NOT_VERIFIED"
"ORP115-V2-0522","ORP115-V1-0522","IKS","","DELIVERY_SCALE","TEXT_EVIDENCE_REVIEW","6307c400-1cf8-4007-bf8c-6f1fdc519bb3","","DOCUMENT_CONTENT_IDENTITY_HASH_NOT_VERIFIED","SOURCE_CONTENT_IDENTITY_STILL_INCOMPLETE","DOCUMENT_CONTENT_IDENTITY_HASH_NOT_VERIFIED","DEFER","false","DOCUMENT_CONTENT_IDENTITY_HASH_NOT_VERIFIED"
"ORP115-V2-0523","ORP115-V1-0523","IKS","","GOVERNANCE_EVENT_REVIEW","TEXT_EVIDENCE_REVIEW","9aac589c-c8cc-480d-8a7d-9546d491b038","7e00fc69-f873-4c56-a111-5a43b965233a","DOCUMENT_CONTENT_IDENTITY_HASH_NOT_VERIFIED","SOURCE_CONTENT_IDENTITY_STILL_INCOMPLETE","DOCUMENT_CONTENT_IDENTITY_HASH_NOT_VERIFIED","DEFER","false","DOCUMENT_CONTENT_IDENTITY_HASH_NOT_VERIFIED"
"ORP115-V2-0524","ORP115-V1-0524","IKS","","OWNERSHIP_TREND_4Q","OWNERSHIP_4Q","30ac253b-dc1b-4ade-aa2b-93b53664367b","","METHODOLOGY_REQUIREMENT_SERIES_SELECTION_AND_BASIS_UNRESOLVED","METHODOLOGY_DECISION_STILL_REQUIRED","METHODOLOGY_REQUIREMENT_SERIES_SELECTION_AND_BASIS_UNRESOLVED","DEFER","false","METHODOLOGY_REQUIREMENT_SERIES_SELECTION_AND_BASIS_UNRESOLVED"
"ORP115-V2-0525","ORP115-V1-0525","INDHOTEL","","ASSET_OR_FRANCHISE_DIVERSIFICATION","TEXT_EVIDENCE_REVIEW","ef879c12-478d-4d77-afc7-1cebb820c453","0301737e-cbfe-4edf-8886-3d132f14501c","DOCUMENT_CONTENT_IDENTITY_HASH_NOT_VERIFIED","SOURCE_CONTENT_IDENTITY_STILL_INCOMPLETE","DOCUMENT_CONTENT_IDENTITY_HASH_NOT_VERIFIED","DEFER","false","DOCUMENT_CONTENT_IDENTITY_HASH_NOT_VERIFIED"
"ORP115-V2-0526","ORP115-V1-0526","INDHOTEL","","BRAND_NETWORK_CUSTOMER_REPEAT","TEXT_EVIDENCE_REVIEW","ef879c12-478d-4d77-afc7-1cebb820c453","0301737e-cbfe-4edf-8886-3d132f14501c","DOCUMENT_CONTENT_IDENTITY_HASH_NOT_VERIFIED","SOURCE_CONTENT_IDENTITY_STILL_INCOMPLETE","DOCUMENT_CONTENT_IDENTITY_HASH_NOT_VERIFIED","DEFER","false","DOCUMENT_CONTENT_IDENTITY_HASH_NOT_VERIFIED"
"ORP115-V2-0527","ORP115-V1-0527","INDHOTEL","","OWNERSHIP_TREND_4Q","OWNERSHIP_4Q","30461da5-8530-4141-a91d-1af11231982a","","METHODOLOGY_REQUIREMENT_SERIES_SELECTION_AND_BASIS_UNRESOLVED","METHODOLOGY_DECISION_STILL_REQUIRED","METHODOLOGY_REQUIREMENT_SERIES_SELECTION_AND_BASIS_UNRESOLVED","DEFER","false","METHODOLOGY_REQUIREMENT_SERIES_SELECTION_AND_BASIS_UNRESOLVED"
"ORP115-V2-0528","ORP115-V1-0528","INDHOTEL","","UNIT_ECONOMICS_OR_ASSET_ROCE_CONTEXT","TEXT_EVIDENCE_REVIEW","ef879c12-478d-4d77-afc7-1cebb820c453","0301737e-cbfe-4edf-8886-3d132f14501c","DOCUMENT_CONTENT_IDENTITY_HASH_NOT_VERIFIED","SOURCE_CONTENT_IDENTITY_STILL_INCOMPLETE","DOCUMENT_CONTENT_IDENTITY_HASH_NOT_VERIFIED","DEFER","false","DOCUMENT_CONTENT_IDENTITY_HASH_NOT_VERIFIED"
"ORP115-V2-0529","ORP115-V1-0529","INDIANB","","CAPITAL_ADEQUACY_RATIO","NUMERIC_SERIES","1718e2fe-5018-45c7-90a1-3c241221740f","","NUMERIC_PERIOD_UNIT_SCOPE_BINDING_INCOMPLETE","SOURCE_METADATA_STILL_INCOMPLETE","NUMERIC_PERIOD_UNIT_SCOPE_BINDING_INCOMPLETE","DEFER","false","NUMERIC_PERIOD_UNIT_SCOPE_BINDING_INCOMPLETE"
"ORP115-V2-0530","ORP115-V1-0530","INDIANB","","CET1_RATIO","NUMERIC_SERIES","1718e2fe-5018-45c7-90a1-3c241221740f","","NUMERIC_PERIOD_UNIT_SCOPE_BINDING_INCOMPLETE","SOURCE_METADATA_STILL_INCOMPLETE","NUMERIC_PERIOD_UNIT_SCOPE_BINDING_INCOMPLETE","DEFER","false","NUMERIC_PERIOD_UNIT_SCOPE_BINDING_INCOMPLETE"
"ORP115-V2-0531","ORP115-V1-0531","INDIANB","","EXTERNAL_LONG_TERM_RATING","TEXT_EVIDENCE_REVIEW","b334caa5-5e9e-4e92-80fb-696fa1d08aa7","216cc045-9b1a-423b-a32f-9ecd578d088f","DOCUMENT_CONTENT_IDENTITY_HASH_NOT_VERIFIED","SOURCE_CONTENT_IDENTITY_STILL_INCOMPLETE","DOCUMENT_CONTENT_IDENTITY_HASH_NOT_VERIFIED","DEFER","false","DOCUMENT_CONTENT_IDENTITY_HASH_NOT_VERIFIED"
"ORP115-V2-0532","ORP115-V1-0532","INDIANB","","GROSS_NPA","NUMERIC_SERIES","1718e2fe-5018-45c7-90a1-3c241221740f","","NUMERIC_PERIOD_UNIT_SCOPE_BINDING_INCOMPLETE","SOURCE_METADATA_STILL_INCOMPLETE","NUMERIC_PERIOD_UNIT_SCOPE_BINDING_INCOMPLETE","DEFER","false","NUMERIC_PERIOD_UNIT_SCOPE_BINDING_INCOMPLETE"
"ORP115-V2-0533","ORP115-V1-0533","INDIANB","","INSTITUTIONAL_OWNERSHIP_TREND_4Q","OWNERSHIP_4Q","ca453da6-07c0-470f-b07c-1e675ea86dee","","METHODOLOGY_REQUIREMENT_SERIES_SELECTION_AND_BASIS_UNRESOLVED","METHODOLOGY_DECISION_STILL_REQUIRED","METHODOLOGY_REQUIREMENT_SERIES_SELECTION_AND_BASIS_UNRESOLVED","DEFER","false","METHODOLOGY_REQUIREMENT_SERIES_SELECTION_AND_BASIS_UNRESOLVED"
"ORP115-V2-0534","ORP115-V1-0534","INDIANB","","NET_NPA","NUMERIC_SERIES","1718e2fe-5018-45c7-90a1-3c241221740f","","NUMERIC_PERIOD_UNIT_SCOPE_BINDING_INCOMPLETE","SOURCE_METADATA_STILL_INCOMPLETE","NUMERIC_PERIOD_UNIT_SCOPE_BINDING_INCOMPLETE","DEFER","false","NUMERIC_PERIOD_UNIT_SCOPE_BINDING_INCOMPLETE"
"ORP115-V2-0535","ORP115-V1-0535","INDIANB","","PB_ADJUSTED_FOR_ROE","NUMERIC_SERIES","c876e23d-788b-4c2c-84bb-d4b31af3602c","","NUMERIC_PERIOD_UNIT_SCOPE_BINDING_INCOMPLETE","SOURCE_METADATA_STILL_INCOMPLETE","NUMERIC_PERIOD_UNIT_SCOPE_BINDING_INCOMPLETE","DEFER","false","NUMERIC_PERIOD_UNIT_SCOPE_BINDING_INCOMPLETE"
"ORP115-V2-0536","ORP115-V1-0536","INDIANB","","PE_TTM_RELATIVE","NUMERIC_SERIES","1718e2fe-5018-45c7-90a1-3c241221740f","","NUMERIC_PERIOD_UNIT_SCOPE_BINDING_INCOMPLETE","SOURCE_METADATA_STILL_INCOMPLETE","NUMERIC_PERIOD_UNIT_SCOPE_BINDING_INCOMPLETE","DEFER","false","NUMERIC_PERIOD_UNIT_SCOPE_BINDING_INCOMPLETE"
"ORP115-V2-0537","ORP115-V1-0537","INDIANB","","RATING_TREND","TEXT_EVIDENCE_REVIEW","b334caa5-5e9e-4e92-80fb-696fa1d08aa7","216cc045-9b1a-423b-a32f-9ecd578d088f","DOCUMENT_CONTENT_IDENTITY_HASH_NOT_VERIFIED","SOURCE_CONTENT_IDENTITY_STILL_INCOMPLETE","DOCUMENT_CONTENT_IDENTITY_HASH_NOT_VERIFIED","DEFER","false","DOCUMENT_CONTENT_IDENTITY_HASH_NOT_VERIFIED"
"ORP115-V2-0538","ORP115-V1-0538","INDIANB","","ROA_ANNUAL","NUMERIC_SERIES","c876e23d-788b-4c2c-84bb-d4b31af3602c","","NUMERIC_PERIOD_UNIT_SCOPE_BINDING_INCOMPLETE","SOURCE_METADATA_STILL_INCOMPLETE","NUMERIC_PERIOD_UNIT_SCOPE_BINDING_INCOMPLETE","DEFER","false","NUMERIC_PERIOD_UNIT_SCOPE_BINDING_INCOMPLETE"
"ORP115-V2-0539","ORP115-V1-0539","INDUSTOWER","","CUSTOMER_CONCENTRATION_RECEIVABLE_REGULATION","TEXT_EVIDENCE_REVIEW","cc9a71f3-4131-4438-968a-b0c10bc848fe","e5b18b36-b5d4-493f-b07d-f3a16ffdc6e8","DOCUMENT_CONTENT_IDENTITY_HASH_NOT_VERIFIED","SOURCE_CONTENT_IDENTITY_STILL_INCOMPLETE","DOCUMENT_CONTENT_IDENTITY_HASH_NOT_VERIFIED","DEFER","false","DOCUMENT_CONTENT_IDENTITY_HASH_NOT_VERIFIED"
"ORP115-V2-0540","ORP115-V1-0540","INDUSTOWER","","CUSTOMER_DIVERSIFICATION","TEXT_EVIDENCE_REVIEW","cc9a71f3-4131-4438-968a-b0c10bc848fe","e5b18b36-b5d4-493f-b07d-f3a16ffdc6e8","DOCUMENT_CONTENT_IDENTITY_HASH_NOT_VERIFIED","SOURCE_CONTENT_IDENTITY_STILL_INCOMPLETE","DOCUMENT_CONTENT_IDENTITY_HASH_NOT_VERIFIED","DEFER","false","DOCUMENT_CONTENT_IDENTITY_HASH_NOT_VERIFIED"
"ORP115-V2-0541","ORP115-V1-0541","INDUSTOWER","","GOVERNANCE_EVENT_REVIEW","TEXT_EVIDENCE_REVIEW","cc9a71f3-4131-4438-968a-b0c10bc848fe","e5b18b36-b5d4-493f-b07d-f3a16ffdc6e8","DOCUMENT_CONTENT_IDENTITY_HASH_NOT_VERIFIED","SOURCE_CONTENT_IDENTITY_STILL_INCOMPLETE","DOCUMENT_CONTENT_IDENTITY_HASH_NOT_VERIFIED","DEFER","false","DOCUMENT_CONTENT_IDENTITY_HASH_NOT_VERIFIED"
"ORP115-V2-0542","ORP115-V1-0542","INDUSTOWER","","NET_DEBT_INTEREST_COVERAGE_RECEIVABLES","TEXT_EVIDENCE_REVIEW","29fe4938-5ab0-4fc9-b039-058cfc9cd7bc","17dc1ef0-6f36-4f36-901d-5f6741ef9bc6","DOCUMENT_CONTENT_IDENTITY_HASH_NOT_VERIFIED","SOURCE_CONTENT_IDENTITY_STILL_INCOMPLETE","DOCUMENT_CONTENT_IDENTITY_HASH_NOT_VERIFIED","DEFER","false","DOCUMENT_CONTENT_IDENTITY_HASH_NOT_VERIFIED"
"ORP115-V2-0543","ORP115-V1-0543","INDUSTOWER","","OWNERSHIP_TREND_4Q","OWNERSHIP_4Q","25788a0e-9141-4f2c-ba4c-2b6ac51896c4","","METHODOLOGY_REQUIREMENT_SERIES_SELECTION_AND_BASIS_UNRESOLVED","METHODOLOGY_DECISION_STILL_REQUIRED","METHODOLOGY_REQUIREMENT_SERIES_SELECTION_AND_BASIS_UNRESOLVED","DEFER","false","METHODOLOGY_REQUIREMENT_SERIES_SELECTION_AND_BASIS_UNRESOLVED"
"ORP115-V2-0544","ORP115-V1-0544","INDUSTOWER","","ROCE_TENANCY_CONTEXT","TEXT_EVIDENCE_REVIEW","cc9a71f3-4131-4438-968a-b0c10bc848fe","e5b18b36-b5d4-493f-b07d-f3a16ffdc6e8","DOCUMENT_CONTENT_IDENTITY_HASH_NOT_VERIFIED","SOURCE_CONTENT_IDENTITY_STILL_INCOMPLETE","DOCUMENT_CONTENT_IDENTITY_HASH_NOT_VERIFIED","DEFER","false","DOCUMENT_CONTENT_IDENTITY_HASH_NOT_VERIFIED"
"ORP115-V2-0545","ORP115-V1-0545","INDUSTOWER","","TENANCY_CONTRACT_NETWORK_SCALE","TEXT_EVIDENCE_REVIEW","cc9a71f3-4131-4438-968a-b0c10bc848fe","e5b18b36-b5d4-493f-b07d-f3a16ffdc6e8","DOCUMENT_CONTENT_IDENTITY_HASH_NOT_VERIFIED","SOURCE_CONTENT_IDENTITY_STILL_INCOMPLETE","DOCUMENT_CONTENT_IDENTITY_HASH_NOT_VERIFIED","DEFER","false","DOCUMENT_CONTENT_IDENTITY_HASH_NOT_VERIFIED"
"ORP115-V2-0546","ORP115-V1-0546","INDUSTOWER","","TENANCY_MARGIN_COLLECTION_QUALITY","TEXT_EVIDENCE_REVIEW","cc9a71f3-4131-4438-968a-b0c10bc848fe","e5b18b36-b5d4-493f-b07d-f3a16ffdc6e8","DOCUMENT_CONTENT_IDENTITY_HASH_NOT_VERIFIED","SOURCE_CONTENT_IDENTITY_STILL_INCOMPLETE","DOCUMENT_CONTENT_IDENTITY_HASH_NOT_VERIFIED","DEFER","false","DOCUMENT_CONTENT_IDENTITY_HASH_NOT_VERIFIED"
"ORP115-V2-0547","ORP115-V1-0547","INDUSTOWER","","TOWER_TENANCY_DATA_CAPEX_REVENUE_GROWTH","TEXT_EVIDENCE_REVIEW","cc9a71f3-4131-4438-968a-b0c10bc848fe","e5b18b36-b5d4-493f-b07d-f3a16ffdc6e8","DOCUMENT_CONTENT_IDENTITY_HASH_NOT_VERIFIED","SOURCE_CONTENT_IDENTITY_STILL_INCOMPLETE","DOCUMENT_CONTENT_IDENTITY_HASH_NOT_VERIFIED","DEFER","false","DOCUMENT_CONTENT_IDENTITY_HASH_NOT_VERIFIED"
"ORP115-V2-0548","ORP115-V1-0548","INDUSTOWER","","UPTIME","TEXT_EVIDENCE_REVIEW","cc9a71f3-4131-4438-968a-b0c10bc848fe","e5b18b36-b5d4-493f-b07d-f3a16ffdc6e8","DOCUMENT_CONTENT_IDENTITY_HASH_NOT_VERIFIED","SOURCE_CONTENT_IDENTITY_STILL_INCOMPLETE","DOCUMENT_CONTENT_IDENTITY_HASH_NOT_VERIFIED","DEFER","false","DOCUMENT_CONTENT_IDENTITY_HASH_NOT_VERIFIED"
"ORP115-V2-0549","ORP115-V1-0549","INFY","","BUSINESS_DURABILITY","TEXT_EVIDENCE_REVIEW","88ba79d6-ec55-4b3a-ac2e-347779854bb2","cd4e3ac8-ef13-4cd1-8b76-5fa2cd92b45b","DOCUMENT_CONTENT_IDENTITY_HASH_NOT_VERIFIED","SOURCE_CONTENT_IDENTITY_STILL_INCOMPLETE","DOCUMENT_CONTENT_IDENTITY_HASH_NOT_VERIFIED","DEFER","false","DOCUMENT_CONTENT_IDENTITY_HASH_NOT_VERIFIED"
"ORP115-V2-0550","ORP115-V1-0550","INFY","","OWNERSHIP_GOVERNANCE","OWNERSHIP_4Q","644f4526-b15c-4ca9-a546-03b9fa58cb3f","","METHODOLOGY_REQUIREMENT_SERIES_SELECTION_AND_BASIS_UNRESOLVED","METHODOLOGY_DECISION_STILL_REQUIRED","METHODOLOGY_REQUIREMENT_SERIES_SELECTION_AND_BASIS_UNRESOLVED","DEFER","false","METHODOLOGY_REQUIREMENT_SERIES_SELECTION_AND_BASIS_UNRESOLVED"
"ORP115-V2-0551","ORP115-V1-0551","INFY","","VALUATION","NUMERIC_SERIES","1c239ee4-99d7-4751-a30a-9edd4e2a9576","","NUMERIC_PERIOD_UNIT_SCOPE_BINDING_INCOMPLETE","SOURCE_METADATA_STILL_INCOMPLETE","NUMERIC_PERIOD_UNIT_SCOPE_BINDING_INCOMPLETE","DEFER","false","NUMERIC_PERIOD_UNIT_SCOPE_BINDING_INCOMPLETE"
"ORP115-V2-0552","ORP115-V1-0552","INOXWIND","","BUSINESS_DURABILITY","TEXT_EVIDENCE_REVIEW","0432a6bc-696b-4aad-89a0-3a6c1d7fc7be","8a058628-d754-44d4-b7b7-bd9a2807f6ca","DOCUMENT_CONTENT_IDENTITY_HASH_NOT_VERIFIED","SOURCE_CONTENT_IDENTITY_STILL_INCOMPLETE","DOCUMENT_CONTENT_IDENTITY_HASH_NOT_VERIFIED","DEFER","false","DOCUMENT_CONTENT_IDENTITY_HASH_NOT_VERIFIED"
"ORP115-V2-0553","ORP115-V1-0553","INOXWIND","","CFO_FCF_AND_WORKING_CAPITAL","NUMERIC_SERIES","f8f75b19-84b3-486d-9047-2f92c6566c71","","NUMERIC_PERIOD_UNIT_SCOPE_BINDING_INCOMPLETE","SOURCE_METADATA_STILL_INCOMPLETE","NUMERIC_PERIOD_UNIT_SCOPE_BINDING_INCOMPLETE","DEFER","false","NUMERIC_PERIOD_UNIT_SCOPE_BINDING_INCOMPLETE"
"ORP115-V2-0554","ORP115-V1-0554","INOXWIND","","NET_DEBT_AND_INTEREST_COVERAGE","NUMERIC_SERIES","f8f75b19-84b3-486d-9047-2f92c6566c71","","NUMERIC_PERIOD_UNIT_SCOPE_BINDING_INCOMPLETE","SOURCE_METADATA_STILL_INCOMPLETE","NUMERIC_PERIOD_UNIT_SCOPE_BINDING_INCOMPLETE","DEFER","false","NUMERIC_PERIOD_UNIT_SCOPE_BINDING_INCOMPLETE"
"ORP115-V2-0555","ORP115-V1-0555","INOXWIND","","OPERATING_MARGIN_HISTORY","NUMERIC_SERIES","f8f75b19-84b3-486d-9047-2f92c6566c71","","NUMERIC_PERIOD_UNIT_SCOPE_BINDING_INCOMPLETE","SOURCE_METADATA_STILL_INCOMPLETE","NUMERIC_PERIOD_UNIT_SCOPE_BINDING_INCOMPLETE","DEFER","false","NUMERIC_PERIOD_UNIT_SCOPE_BINDING_INCOMPLETE"
"ORP115-V2-0556","ORP115-V1-0556","INOXWIND","","OWNERSHIP_GOVERNANCE","OWNERSHIP_4Q","d0608ead-25a2-4a4b-8ff8-744acb207b66","","METHODOLOGY_REQUIREMENT_SERIES_SELECTION_AND_BASIS_UNRESOLVED","METHODOLOGY_DECISION_STILL_REQUIRED","METHODOLOGY_REQUIREMENT_SERIES_SELECTION_AND_BASIS_UNRESOLVED","DEFER","false","METHODOLOGY_REQUIREMENT_SERIES_SELECTION_AND_BASIS_UNRESOLVED"
"ORP115-V2-0557","ORP115-V1-0557","INOXWIND","","ROCE_OR_ROIC","NUMERIC_SERIES","f8f75b19-84b3-486d-9047-2f92c6566c71","","NUMERIC_PERIOD_UNIT_SCOPE_BINDING_INCOMPLETE","SOURCE_METADATA_STILL_INCOMPLETE","NUMERIC_PERIOD_UNIT_SCOPE_BINDING_INCOMPLETE","DEFER","false","NUMERIC_PERIOD_UNIT_SCOPE_BINDING_INCOMPLETE"
"ORP115-V2-0558","ORP115-V1-0558","INOXWIND","","VALUATION","NUMERIC_SERIES","f8f75b19-84b3-486d-9047-2f92c6566c71","","NUMERIC_PERIOD_UNIT_SCOPE_BINDING_INCOMPLETE","SOURCE_METADATA_STILL_INCOMPLETE","NUMERIC_PERIOD_UNIT_SCOPE_BINDING_INCOMPLETE","DEFER","false","NUMERIC_PERIOD_UNIT_SCOPE_BINDING_INCOMPLETE"
"ORP115-V2-0559","ORP115-V1-0559","IONEXCHANG","","COUNTERPARTY_RECEIVABLE_REGULATORY_PROJECT","TEXT_EVIDENCE_REVIEW","b6463d20-c72a-4834-9f52-cd65106c18db","b10a4a8c-54f2-4c83-ab20-54723b85573b","DOCUMENT_CONTENT_IDENTITY_HASH_NOT_VERIFIED","SOURCE_CONTENT_IDENTITY_STILL_INCOMPLETE","DOCUMENT_CONTENT_IDENTITY_HASH_NOT_VERIFIED","DEFER","false","DOCUMENT_CONTENT_IDENTITY_HASH_NOT_VERIFIED"
"ORP115-V2-0560","ORP115-V1-0560","IONEXCHANG","","OWNERSHIP_TREND_4Q","OWNERSHIP_4Q","fa140e7a-119c-4ac5-a580-33286faef501","","METHODOLOGY_REQUIREMENT_SERIES_SELECTION_AND_BASIS_UNRESOLVED","METHODOLOGY_DECISION_STILL_REQUIRED","METHODOLOGY_REQUIREMENT_SERIES_SELECTION_AND_BASIS_UNRESOLVED","DEFER","false","METHODOLOGY_REQUIREMENT_SERIES_SELECTION_AND_BASIS_UNRESOLVED"
"ORP115-V2-0561","ORP115-V1-0561","IONEXCHANG","","REVENUE_ORDER_BOOK_CAPACITY_GROWTH","TEXT_EVIDENCE_REVIEW","b6463d20-c72a-4834-9f52-cd65106c18db","b10a4a8c-54f2-4c83-ab20-54723b85573b","DOCUMENT_CONTENT_IDENTITY_HASH_NOT_VERIFIED","SOURCE_CONTENT_IDENTITY_STILL_INCOMPLETE","DOCUMENT_CONTENT_IDENTITY_HASH_NOT_VERIFIED","DEFER","false","DOCUMENT_CONTENT_IDENTITY_HASH_NOT_VERIFIED"
"ORP115-V2-0562","ORP115-V1-0562","IONEXCHANG","","TECHNOLOGY_PERMITS_MUNICIPAL_INDUSTRIAL_DIVERSIFICATION","TEXT_EVIDENCE_REVIEW","b6463d20-c72a-4834-9f52-cd65106c18db","b10a4a8c-54f2-4c83-ab20-54723b85573b","DOCUMENT_CONTENT_IDENTITY_HASH_NOT_VERIFIED","SOURCE_CONTENT_IDENTITY_STILL_INCOMPLETE","DOCUMENT_CONTENT_IDENTITY_HASH_NOT_VERIFIED","DEFER","false","DOCUMENT_CONTENT_IDENTITY_HASH_NOT_VERIFIED"
"ORP115-V2-0563","ORP115-V1-0563","IPL","","BUSINESS_DURABILITY","TEXT_EVIDENCE_REVIEW","07efd8f2-ae74-4c74-b265-1edde1c7a74c","5b1698bc-9db4-4710-b3c8-d7f74f83b221","DOCUMENT_CONTENT_IDENTITY_HASH_NOT_VERIFIED","SOURCE_CONTENT_IDENTITY_STILL_INCOMPLETE","DOCUMENT_CONTENT_IDENTITY_HASH_NOT_VERIFIED","DEFER","false","DOCUMENT_CONTENT_IDENTITY_HASH_NOT_VERIFIED"
"ORP115-V2-0564","ORP115-V1-0564","IPL","","NET_CASH_OR_LEVERAGE","NUMERIC_SERIES","0c3a97ba-f901-4c8f-8e23-317356f0b1f5","","NUMERIC_PERIOD_UNIT_SCOPE_BINDING_INCOMPLETE","SOURCE_METADATA_STILL_INCOMPLETE","NUMERIC_PERIOD_UNIT_SCOPE_BINDING_INCOMPLETE","DEFER","false","NUMERIC_PERIOD_UNIT_SCOPE_BINDING_INCOMPLETE"
"ORP115-V2-0565","ORP115-V1-0565","IPL","","OWNERSHIP_GOVERNANCE","OWNERSHIP_4Q","bfe3e410-27dd-4079-8d44-df0154867114","","METHODOLOGY_REQUIREMENT_SERIES_SELECTION_AND_BASIS_UNRESOLVED","METHODOLOGY_DECISION_STILL_REQUIRED","METHODOLOGY_REQUIREMENT_SERIES_SELECTION_AND_BASIS_UNRESOLVED","DEFER","false","METHODOLOGY_REQUIREMENT_SERIES_SELECTION_AND_BASIS_UNRESOLVED"
"ORP115-V2-0566","ORP115-V1-0566","IPL","","ROCE_OR_ROIC","NUMERIC_SERIES","0c3a97ba-f901-4c8f-8e23-317356f0b1f5","","NUMERIC_PERIOD_UNIT_SCOPE_BINDING_INCOMPLETE","SOURCE_METADATA_STILL_INCOMPLETE","NUMERIC_PERIOD_UNIT_SCOPE_BINDING_INCOMPLETE","DEFER","false","NUMERIC_PERIOD_UNIT_SCOPE_BINDING_INCOMPLETE"
"ORP115-V2-0567","ORP115-V1-0567","IREDA","","EXTERNAL_RATING","TEXT_EVIDENCE_REVIEW","f622c1a9-39fa-4cf4-93f4-6ec5b26eedd2","b50320a5-ed21-42aa-b0c0-230e1c481f44","DOCUMENT_CONTENT_IDENTITY_HASH_NOT_VERIFIED","SOURCE_CONTENT_IDENTITY_STILL_INCOMPLETE","DOCUMENT_CONTENT_IDENTITY_HASH_NOT_VERIFIED","DEFER","false","DOCUMENT_CONTENT_IDENTITY_HASH_NOT_VERIFIED"
"ORP115-V2-0568","ORP115-V1-0568","IREDA","","FRANCHISE_OR_DISTRIBUTION","TEXT_EVIDENCE_REVIEW","f622c1a9-39fa-4cf4-93f4-6ec5b26eedd2","b50320a5-ed21-42aa-b0c0-230e1c481f44","DOCUMENT_CONTENT_IDENTITY_HASH_NOT_VERIFIED","SOURCE_CONTENT_IDENTITY_STILL_INCOMPLETE","DOCUMENT_CONTENT_IDENTITY_HASH_NOT_VERIFIED","DEFER","false","DOCUMENT_CONTENT_IDENTITY_HASH_NOT_VERIFIED"
"ORP115-V2-0569","ORP115-V1-0569","IREDA","","GOVERNANCE_EVENT_REVIEW","TEXT_EVIDENCE_REVIEW","f622c1a9-39fa-4cf4-93f4-6ec5b26eedd2","b50320a5-ed21-42aa-b0c0-230e1c481f44","DOCUMENT_CONTENT_IDENTITY_HASH_NOT_VERIFIED","SOURCE_CONTENT_IDENTITY_STILL_INCOMPLETE","DOCUMENT_CONTENT_IDENTITY_HASH_NOT_VERIFIED","DEFER","false","DOCUMENT_CONTENT_IDENTITY_HASH_NOT_VERIFIED"
"ORP115-V2-0570","ORP115-V1-0570","IREDA","","OWNERSHIP_TREND_4Q","OWNERSHIP_4Q","09144157-0d7f-4bcb-8932-e1ae377c4124","","METHODOLOGY_REQUIREMENT_SERIES_SELECTION_AND_BASIS_UNRESOLVED","METHODOLOGY_DECISION_STILL_REQUIRED","METHODOLOGY_REQUIREMENT_SERIES_SELECTION_AND_BASIS_UNRESOLVED","DEFER","false","METHODOLOGY_REQUIREMENT_SERIES_SELECTION_AND_BASIS_UNRESOLVED"
"ORP115-V2-0571","ORP115-V1-0571","IREDA","","RATING_TREND","TEXT_EVIDENCE_REVIEW","f622c1a9-39fa-4cf4-93f4-6ec5b26eedd2","b50320a5-ed21-42aa-b0c0-230e1c481f44","DOCUMENT_CONTENT_IDENTITY_HASH_NOT_VERIFIED","SOURCE_CONTENT_IDENTITY_STILL_INCOMPLETE","DOCUMENT_CONTENT_IDENTITY_HASH_NOT_VERIFIED","DEFER","false","DOCUMENT_CONTENT_IDENTITY_HASH_NOT_VERIFIED"
"ORP115-V2-0572","ORP115-V1-0572","IRMENERGY","","CFO_OR_FCF_CONVERSION_THROUGH_CYCLE","NUMERIC_SERIES","39badfa5-dd19-4cfb-8bff-9e25133fc83a","","NUMERIC_PERIOD_UNIT_SCOPE_BINDING_INCOMPLETE","SOURCE_METADATA_STILL_INCOMPLETE","NUMERIC_PERIOD_UNIT_SCOPE_BINDING_INCOMPLETE","DEFER","false","NUMERIC_PERIOD_UNIT_SCOPE_BINDING_INCOMPLETE"
"ORP115-V2-0573","ORP115-V1-0573","IRMENERGY","","COMMODITY_POLICY_TRANSITION_RISK","TEXT_EVIDENCE_REVIEW","1b63bfe3-2469-4a58-987d-0200c23f9090","7d5aec82-a106-4a74-831e-7057d747a571","DOCUMENT_CONTENT_IDENTITY_HASH_NOT_VERIFIED","SOURCE_CONTENT_IDENTITY_STILL_INCOMPLETE","DOCUMENT_CONTENT_IDENTITY_HASH_NOT_VERIFIED","DEFER","false","DOCUMENT_CONTENT_IDENTITY_HASH_NOT_VERIFIED"
"ORP115-V2-0574","ORP115-V1-0574","IRMENERGY","","NET_DEBT_AND_INTEREST_COVERAGE","NUMERIC_SERIES","39badfa5-dd19-4cfb-8bff-9e25133fc83a","","NUMERIC_PERIOD_UNIT_SCOPE_BINDING_INCOMPLETE","SOURCE_METADATA_STILL_INCOMPLETE","NUMERIC_PERIOD_UNIT_SCOPE_BINDING_INCOMPLETE","DEFER","false","NUMERIC_PERIOD_UNIT_SCOPE_BINDING_INCOMPLETE"
"ORP115-V2-0575","ORP115-V1-0575","IRMENERGY","","OIL_GAS_BUSINESS_DURABILITY","TEXT_EVIDENCE_REVIEW","1b63bfe3-2469-4a58-987d-0200c23f9090","7d5aec82-a106-4a74-831e-7057d747a571","DOCUMENT_CONTENT_IDENTITY_HASH_NOT_VERIFIED","SOURCE_CONTENT_IDENTITY_STILL_INCOMPLETE","DOCUMENT_CONTENT_IDENTITY_HASH_NOT_VERIFIED","DEFER","false","DOCUMENT_CONTENT_IDENTITY_HASH_NOT_VERIFIED"
"ORP115-V2-0576","ORP115-V1-0576","IRMENERGY","","OWNERSHIP_GOVERNANCE","OWNERSHIP_4Q","c4a0e6d8-fccd-4e35-8fff-85e64fbde37b","","METHODOLOGY_REQUIREMENT_SERIES_SELECTION_AND_BASIS_UNRESOLVED","METHODOLOGY_DECISION_STILL_REQUIRED","METHODOLOGY_REQUIREMENT_SERIES_SELECTION_AND_BASIS_UNRESOLVED","DEFER","false","METHODOLOGY_REQUIREMENT_SERIES_SELECTION_AND_BASIS_UNRESOLVED"
"ORP115-V2-0577","ORP115-V1-0577","IRMENERGY","","ROCE_OR_ROIC_THROUGH_CYCLE","NUMERIC_SERIES","39badfa5-dd19-4cfb-8bff-9e25133fc83a","","NUMERIC_PERIOD_UNIT_SCOPE_BINDING_INCOMPLETE","SOURCE_METADATA_STILL_INCOMPLETE","NUMERIC_PERIOD_UNIT_SCOPE_BINDING_INCOMPLETE","DEFER","false","NUMERIC_PERIOD_UNIT_SCOPE_BINDING_INCOMPLETE"
"ORP115-V2-0578","ORP115-V1-0578","IRMENERGY","","VALUATION_THROUGH_CYCLE","NUMERIC_SERIES","39badfa5-dd19-4cfb-8bff-9e25133fc83a","","NUMERIC_PERIOD_UNIT_SCOPE_BINDING_INCOMPLETE","SOURCE_METADATA_STILL_INCOMPLETE","NUMERIC_PERIOD_UNIT_SCOPE_BINDING_INCOMPLETE","DEFER","false","NUMERIC_PERIOD_UNIT_SCOPE_BINDING_INCOMPLETE"
"ORP115-V2-0579","ORP115-V1-0579","ITCHOTELS","","ASSET_OR_FRANCHISE_DIVERSIFICATION","TEXT_EVIDENCE_REVIEW","e780c234-ef09-489a-b64e-618ef1a7c740","abf4bed2-6453-451a-8280-c25e3b11a9dc","DOCUMENT_CONTENT_IDENTITY_HASH_NOT_VERIFIED","SOURCE_CONTENT_IDENTITY_STILL_INCOMPLETE","DOCUMENT_CONTENT_IDENTITY_HASH_NOT_VERIFIED","DEFER","false","DOCUMENT_CONTENT_IDENTITY_HASH_NOT_VERIFIED"
"ORP115-V2-0580","ORP115-V1-0580","ITCHOTELS","","BRAND_NETWORK_CUSTOMER_REPEAT","TEXT_EVIDENCE_REVIEW","e780c234-ef09-489a-b64e-618ef1a7c740","abf4bed2-6453-451a-8280-c25e3b11a9dc","DOCUMENT_CONTENT_IDENTITY_HASH_NOT_VERIFIED","SOURCE_CONTENT_IDENTITY_STILL_INCOMPLETE","DOCUMENT_CONTENT_IDENTITY_HASH_NOT_VERIFIED","DEFER","false","DOCUMENT_CONTENT_IDENTITY_HASH_NOT_VERIFIED"
"ORP115-V2-0581","ORP115-V1-0581","ITCHOTELS","","GOVERNANCE_EVENT_REVIEW","TEXT_EVIDENCE_REVIEW","e780c234-ef09-489a-b64e-618ef1a7c740","abf4bed2-6453-451a-8280-c25e3b11a9dc","DOCUMENT_CONTENT_IDENTITY_HASH_NOT_VERIFIED","SOURCE_CONTENT_IDENTITY_STILL_INCOMPLETE","DOCUMENT_CONTENT_IDENTITY_HASH_NOT_VERIFIED","DEFER","false","DOCUMENT_CONTENT_IDENTITY_HASH_NOT_VERIFIED"
"ORP115-V2-0582","ORP115-V1-0582","ITCHOTELS","","OWNERSHIP_TREND_4Q","OWNERSHIP_4Q","70795ce6-9c10-44f0-be15-80d6b8547ce0","","METHODOLOGY_REQUIREMENT_SERIES_SELECTION_AND_BASIS_UNRESOLVED","METHODOLOGY_DECISION_STILL_REQUIRED","METHODOLOGY_REQUIREMENT_SERIES_SELECTION_AND_BASIS_UNRESOLVED","DEFER","false","METHODOLOGY_REQUIREMENT_SERIES_SELECTION_AND_BASIS_UNRESOLVED"
"ORP115-V2-0583","ORP115-V1-0583","ITCHOTELS","","UNIT_ECONOMICS_OR_ASSET_ROCE_CONTEXT","TEXT_EVIDENCE_REVIEW","e780c234-ef09-489a-b64e-618ef1a7c740","abf4bed2-6453-451a-8280-c25e3b11a9dc","DOCUMENT_CONTENT_IDENTITY_HASH_NOT_VERIFIED","SOURCE_CONTENT_IDENTITY_STILL_INCOMPLETE","DOCUMENT_CONTENT_IDENTITY_HASH_NOT_VERIFIED","DEFER","false","DOCUMENT_CONTENT_IDENTITY_HASH_NOT_VERIFIED"
"ORP115-V2-0584","ORP115-V1-0584","JASH","","CAPACITY_DISCIPLINE","TEXT_EVIDENCE_REVIEW","31107a6c-0c74-4648-b930-16dd175092b8","d5f61e1a-98e0-4b85-85d0-3ff88831953b","DOCUMENT_CONTENT_IDENTITY_HASH_NOT_VERIFIED","SOURCE_CONTENT_IDENTITY_STILL_INCOMPLETE","DOCUMENT_CONTENT_IDENTITY_HASH_NOT_VERIFIED","DEFER","false","DOCUMENT_CONTENT_IDENTITY_HASH_NOT_VERIFIED"
"ORP115-V2-0585","ORP115-V1-0585","JASH","","DISTRIBUTION_CUSTOMER_PRODUCT_MOAT","TEXT_EVIDENCE_REVIEW","31107a6c-0c74-4648-b930-16dd175092b8","d5f61e1a-98e0-4b85-85d0-3ff88831953b","DOCUMENT_CONTENT_IDENTITY_HASH_NOT_VERIFIED","SOURCE_CONTENT_IDENTITY_STILL_INCOMPLETE","DOCUMENT_CONTENT_IDENTITY_HASH_NOT_VERIFIED","DEFER","false","DOCUMENT_CONTENT_IDENTITY_HASH_NOT_VERIFIED"
"ORP115-V2-0586","ORP115-V1-0586","JASH","","GOVERNANCE_EVENT_REVIEW","TEXT_EVIDENCE_REVIEW","31107a6c-0c74-4648-b930-16dd175092b8","d5f61e1a-98e0-4b85-85d0-3ff88831953b","DOCUMENT_CONTENT_IDENTITY_HASH_NOT_VERIFIED","SOURCE_CONTENT_IDENTITY_STILL_INCOMPLETE","DOCUMENT_CONTENT_IDENTITY_HASH_NOT_VERIFIED","DEFER","false","DOCUMENT_CONTENT_IDENTITY_HASH_NOT_VERIFIED"
"ORP115-V2-0587","ORP115-V1-0587","JASH","","INPUT_COST_DEMAND_CAPEX","TEXT_EVIDENCE_REVIEW","31107a6c-0c74-4648-b930-16dd175092b8","d5f61e1a-98e0-4b85-85d0-3ff88831953b","DOCUMENT_CONTENT_IDENTITY_HASH_NOT_VERIFIED","SOURCE_CONTENT_IDENTITY_STILL_INCOMPLETE","DOCUMENT_CONTENT_IDENTITY_HASH_NOT_VERIFIED","DEFER","false","DOCUMENT_CONTENT_IDENTITY_HASH_NOT_VERIFIED"
"ORP115-V2-0588","ORP115-V1-0588","JASH","","OWNERSHIP_TREND_4Q","OWNERSHIP_4Q","a644e73a-92a2-4953-8ef9-5b0d7ed02206","","METHODOLOGY_REQUIREMENT_SERIES_SELECTION_AND_BASIS_UNRESOLVED","METHODOLOGY_DECISION_STILL_REQUIRED","METHODOLOGY_REQUIREMENT_SERIES_SELECTION_AND_BASIS_UNRESOLVED","DEFER","false","METHODOLOGY_REQUIREMENT_SERIES_SELECTION_AND_BASIS_UNRESOLVED"
"ORP115-V2-0589","ORP115-V1-0589","JASH","","PRODUCT_MIX_QUALITY","TEXT_EVIDENCE_REVIEW","31107a6c-0c74-4648-b930-16dd175092b8","d5f61e1a-98e0-4b85-85d0-3ff88831953b","DOCUMENT_CONTENT_IDENTITY_HASH_NOT_VERIFIED","SOURCE_CONTENT_IDENTITY_STILL_INCOMPLETE","DOCUMENT_CONTENT_IDENTITY_HASH_NOT_VERIFIED","DEFER","false","DOCUMENT_CONTENT_IDENTITY_HASH_NOT_VERIFIED"
"ORP115-V2-0590","ORP115-V1-0590","JINDALSTEL","","CFO_OR_FCF_CONVERSION_THROUGH_CYCLE","NUMERIC_SERIES","38efbfc8-c97e-43ed-8bf5-e5b8204d10bd","","NUMERIC_PERIOD_UNIT_SCOPE_BINDING_INCOMPLETE","SOURCE_METADATA_STILL_INCOMPLETE","NUMERIC_PERIOD_UNIT_SCOPE_BINDING_INCOMPLETE","DEFER","false","NUMERIC_PERIOD_UNIT_SCOPE_BINDING_INCOMPLETE"
"ORP115-V2-0591","ORP115-V1-0591","JINDALSTEL","","METALS_BUSINESS_DURABILITY","TEXT_EVIDENCE_REVIEW","d7ba04a6-1235-4356-8db1-52e3443c5312","c683e7be-5295-4d57-90e6-a30aa8e25d3e","DOCUMENT_CONTENT_IDENTITY_HASH_NOT_VERIFIED","SOURCE_CONTENT_IDENTITY_STILL_INCOMPLETE","DOCUMENT_CONTENT_IDENTITY_HASH_NOT_VERIFIED","DEFER","false","DOCUMENT_CONTENT_IDENTITY_HASH_NOT_VERIFIED"
"ORP115-V2-0592","ORP115-V1-0592","JINDALSTEL","","NET_DEBT_AND_INTEREST_COVERAGE_MID_CYCLE","NUMERIC_SERIES","6f94d8ad-73c7-4bcf-b52f-30aadf44d791","","NUMERIC_PERIOD_UNIT_SCOPE_BINDING_INCOMPLETE","SOURCE_METADATA_STILL_INCOMPLETE","NUMERIC_PERIOD_UNIT_SCOPE_BINDING_INCOMPLETE","DEFER","false","NUMERIC_PERIOD_UNIT_SCOPE_BINDING_INCOMPLETE"
"ORP115-V2-0593","ORP115-V1-0593","JINDALSTEL","","OWNERSHIP_GOVERNANCE","OWNERSHIP_4Q","c17c37e1-649b-440d-adcb-bb368acd6a98","","METHODOLOGY_REQUIREMENT_SERIES_SELECTION_AND_BASIS_UNRESOLVED","METHODOLOGY_DECISION_STILL_REQUIRED","METHODOLOGY_REQUIREMENT_SERIES_SELECTION_AND_BASIS_UNRESOLVED","DEFER","false","METHODOLOGY_REQUIREMENT_SERIES_SELECTION_AND_BASIS_UNRESOLVED"
"ORP115-V2-0594","ORP115-V1-0594","JINDALSTEL","","ROCE_OR_ROIC_THROUGH_CYCLE","NUMERIC_SERIES","6f94d8ad-73c7-4bcf-b52f-30aadf44d791","","NUMERIC_PERIOD_UNIT_SCOPE_BINDING_INCOMPLETE","SOURCE_METADATA_STILL_INCOMPLETE","NUMERIC_PERIOD_UNIT_SCOPE_BINDING_INCOMPLETE","DEFER","false","NUMERIC_PERIOD_UNIT_SCOPE_BINDING_INCOMPLETE"
"ORP115-V2-0595","ORP115-V1-0595","JINDALSTEL","","THROUGH_CYCLE_MARGIN_QUALITY","NUMERIC_SERIES","38efbfc8-c97e-43ed-8bf5-e5b8204d10bd","","NUMERIC_PERIOD_UNIT_SCOPE_BINDING_INCOMPLETE","SOURCE_METADATA_STILL_INCOMPLETE","NUMERIC_PERIOD_UNIT_SCOPE_BINDING_INCOMPLETE","DEFER","false","NUMERIC_PERIOD_UNIT_SCOPE_BINDING_INCOMPLETE"
"ORP115-V2-0596","ORP115-V1-0596","JINDALSTEL","","VALUATION_THROUGH_CYCLE","NUMERIC_SERIES","6f94d8ad-73c7-4bcf-b52f-30aadf44d791","","NUMERIC_PERIOD_UNIT_SCOPE_BINDING_INCOMPLETE","SOURCE_METADATA_STILL_INCOMPLETE","NUMERIC_PERIOD_UNIT_SCOPE_BINDING_INCOMPLETE","DEFER","false","NUMERIC_PERIOD_UNIT_SCOPE_BINDING_INCOMPLETE"
"ORP115-V2-0597","ORP115-V1-0597","JIOFIN","","CAPITAL_ACCESS","TEXT_EVIDENCE_REVIEW","364f2ceb-4972-480b-9f56-c81ea0e6df4e","cbf9915e-346c-4334-b11a-df1708d2aaf6","DOCUMENT_CONTENT_IDENTITY_HASH_NOT_VERIFIED","SOURCE_CONTENT_IDENTITY_STILL_INCOMPLETE","DOCUMENT_CONTENT_IDENTITY_HASH_NOT_VERIFIED","DEFER","false","DOCUMENT_CONTENT_IDENTITY_HASH_NOT_VERIFIED"
"ORP115-V2-0598","ORP115-V1-0598","JIOFIN","","CAPITAL_ALLOCATION","TEXT_EVIDENCE_REVIEW","364f2ceb-4972-480b-9f56-c81ea0e6df4e","cbf9915e-346c-4334-b11a-df1708d2aaf6","DOCUMENT_CONTENT_IDENTITY_HASH_NOT_VERIFIED","SOURCE_CONTENT_IDENTITY_STILL_INCOMPLETE","DOCUMENT_CONTENT_IDENTITY_HASH_NOT_VERIFIED","DEFER","false","DOCUMENT_CONTENT_IDENTITY_HASH_NOT_VERIFIED"
"ORP115-V2-0599","ORP115-V1-0599","JIOFIN","","FRANCHISE_DIVERSIFICATION","TEXT_EVIDENCE_REVIEW","364f2ceb-4972-480b-9f56-c81ea0e6df4e","cbf9915e-346c-4334-b11a-df1708d2aaf6","DOCUMENT_CONTENT_IDENTITY_HASH_NOT_VERIFIED","SOURCE_CONTENT_IDENTITY_STILL_INCOMPLETE","DOCUMENT_CONTENT_IDENTITY_HASH_NOT_VERIFIED","DEFER","false","DOCUMENT_CONTENT_IDENTITY_HASH_NOT_VERIFIED"
"ORP115-V2-0600","ORP115-V1-0600","JIOFIN","","GOVERNANCE_EVENT_REVIEW","TEXT_EVIDENCE_REVIEW","364f2ceb-4972-480b-9f56-c81ea0e6df4e","cbf9915e-346c-4334-b11a-df1708d2aaf6","DOCUMENT_CONTENT_IDENTITY_HASH_NOT_VERIFIED","SOURCE_CONTENT_IDENTITY_STILL_INCOMPLETE","DOCUMENT_CONTENT_IDENTITY_HASH_NOT_VERIFIED","DEFER","false","DOCUMENT_CONTENT_IDENTITY_HASH_NOT_VERIFIED"
"ORP115-V2-0601","ORP115-V1-0601","JIOFIN","","HOLDCO_CASH_DIVIDEND_COVERAGE","TEXT_EVIDENCE_REVIEW","364f2ceb-4972-480b-9f56-c81ea0e6df4e","cbf9915e-346c-4334-b11a-df1708d2aaf6","DOCUMENT_CONTENT_IDENTITY_HASH_NOT_VERIFIED","SOURCE_CONTENT_IDENTITY_STILL_INCOMPLETE","DOCUMENT_CONTENT_IDENTITY_HASH_NOT_VERIFIED","DEFER","false","DOCUMENT_CONTENT_IDENTITY_HASH_NOT_VERIFIED"
"ORP115-V2-0602","ORP115-V1-0602","JIOFIN","","HOLDCO_DISCOUNT_LEVERAGE_COMPLEXITY","TEXT_EVIDENCE_REVIEW","364f2ceb-4972-480b-9f56-c81ea0e6df4e","cbf9915e-346c-4334-b11a-df1708d2aaf6","DOCUMENT_CONTENT_IDENTITY_HASH_NOT_VERIFIED","SOURCE_CONTENT_IDENTITY_STILL_INCOMPLETE","DOCUMENT_CONTENT_IDENTITY_HASH_NOT_VERIFIED","DEFER","false","DOCUMENT_CONTENT_IDENTITY_HASH_NOT_VERIFIED"
"ORP115-V2-0603","ORP115-V1-0603","JIOFIN","","HOLDCO_NET_DEBT_AND_LIQUIDITY","TEXT_EVIDENCE_REVIEW","364f2ceb-4972-480b-9f56-c81ea0e6df4e","cbf9915e-346c-4334-b11a-df1708d2aaf6","DOCUMENT_CONTENT_IDENTITY_HASH_NOT_VERIFIED","SOURCE_CONTENT_IDENTITY_STILL_INCOMPLETE","DOCUMENT_CONTENT_IDENTITY_HASH_NOT_VERIFIED","DEFER","false","DOCUMENT_CONTENT_IDENTITY_HASH_NOT_VERIFIED"
"ORP115-V2-0604","ORP115-V1-0604","JIOFIN","","OWNERSHIP_TREND_4Q","OWNERSHIP_4Q","7ea01f25-e385-4292-8201-4737e812bcc8","","METHODOLOGY_REQUIREMENT_SERIES_SELECTION_AND_BASIS_UNRESOLVED","METHODOLOGY_DECISION_STILL_REQUIRED","METHODOLOGY_REQUIREMENT_SERIES_SELECTION_AND_BASIS_UNRESOLVED","DEFER","false","METHODOLOGY_REQUIREMENT_SERIES_SELECTION_AND_BASIS_UNRESOLVED"
"ORP115-V2-0605","ORP115-V1-0605","JIOFIN","","SUBSIDIARY_QUALITY","TEXT_EVIDENCE_REVIEW","364f2ceb-4972-480b-9f56-c81ea0e6df4e","cbf9915e-346c-4334-b11a-df1708d2aaf6","DOCUMENT_CONTENT_IDENTITY_HASH_NOT_VERIFIED","SOURCE_CONTENT_IDENTITY_STILL_INCOMPLETE","DOCUMENT_CONTENT_IDENTITY_HASH_NOT_VERIFIED","DEFER","false","DOCUMENT_CONTENT_IDENTITY_HASH_NOT_VERIFIED"
"ORP115-V2-0606","ORP115-V1-0606","JKLAKSHMI","","GOVERNANCE_EVENT_REVIEW","TEXT_EVIDENCE_REVIEW","a52ca9ec-c8d3-453c-8d6d-42a42bdbea04","9e3ddb9f-3dd7-488c-951e-2bbe70a39a55","DOCUMENT_CONTENT_IDENTITY_HASH_NOT_VERIFIED","SOURCE_CONTENT_IDENTITY_STILL_INCOMPLETE","DOCUMENT_CONTENT_IDENTITY_HASH_NOT_VERIFIED","DEFER","false","DOCUMENT_CONTENT_IDENTITY_HASH_NOT_VERIFIED"
"ORP115-V2-0607","ORP115-V1-0607","JKLAKSHMI","","LIMESTONE_RESERVES_COST_POSITION_DISTRIBUTION","TEXT_EVIDENCE_REVIEW","a52ca9ec-c8d3-453c-8d6d-42a42bdbea04","9e3ddb9f-3dd7-488c-951e-2bbe70a39a55","DOCUMENT_CONTENT_IDENTITY_HASH_NOT_VERIFIED","SOURCE_CONTENT_IDENTITY_STILL_INCOMPLETE","DOCUMENT_CONTENT_IDENTITY_HASH_NOT_VERIFIED","DEFER","false","DOCUMENT_CONTENT_IDENTITY_HASH_NOT_VERIFIED"
"ORP115-V2-0608","ORP115-V1-0608","JKLAKSHMI","","OWNERSHIP_TREND_4Q","OWNERSHIP_4Q","437eb523-96ba-45e9-9036-4e121f74fe01","","METHODOLOGY_REQUIREMENT_SERIES_SELECTION_AND_BASIS_UNRESOLVED","METHODOLOGY_DECISION_STILL_REQUIRED","METHODOLOGY_REQUIREMENT_SERIES_SELECTION_AND_BASIS_UNRESOLVED","DEFER","false","METHODOLOGY_REQUIREMENT_SERIES_SELECTION_AND_BASIS_UNRESOLVED"
"ORP115-V2-0609","ORP115-V1-0609","JKLAKSHMI","","REGIONAL_DIVERSIFICATION","TEXT_EVIDENCE_REVIEW","a52ca9ec-c8d3-453c-8d6d-42a42bdbea04","9e3ddb9f-3dd7-488c-951e-2bbe70a39a55","DOCUMENT_CONTENT_IDENTITY_HASH_NOT_VERIFIED","SOURCE_CONTENT_IDENTITY_STILL_INCOMPLETE","DOCUMENT_CONTENT_IDENTITY_HASH_NOT_VERIFIED","DEFER","false","DOCUMENT_CONTENT_IDENTITY_HASH_NOT_VERIFIED"
"ORP115-V2-0610","ORP115-V1-0610","JKLAKSHMI","","VOLUME_CAPACITY_UTILISATION_GROWTH","TEXT_EVIDENCE_REVIEW","a52ca9ec-c8d3-453c-8d6d-42a42bdbea04","9e3ddb9f-3dd7-488c-951e-2bbe70a39a55","DOCUMENT_CONTENT_IDENTITY_HASH_NOT_VERIFIED","SOURCE_CONTENT_IDENTITY_STILL_INCOMPLETE","DOCUMENT_CONTENT_IDENTITY_HASH_NOT_VERIFIED","DEFER","false","DOCUMENT_CONTENT_IDENTITY_HASH_NOT_VERIFIED"
"ORP115-V2-0611","ORP115-V1-0611","JSWENERGY","","CAPACITY_GENERATION_AND_ASSET_MIX_GROWTH","TEXT_EVIDENCE_REVIEW","8fe4cb7e-6e1d-43fa-95c2-5cd7d8ac935e","9d95550d-70a2-45fb-8f61-0c9f74967b6f","DOCUMENT_CONTENT_IDENTITY_HASH_NOT_VERIFIED","SOURCE_CONTENT_IDENTITY_STILL_INCOMPLETE","DOCUMENT_CONTENT_IDENTITY_HASH_NOT_VERIFIED","DEFER","false","DOCUMENT_CONTENT_IDENTITY_HASH_NOT_VERIFIED"
"ORP115-V2-0612","ORP115-V1-0612","JSWENERGY","","CFO_OR_FCF_AND_PROJECT_CASH_CONVERSION","NUMERIC_SERIES","d6627602-352d-462e-9f60-8e6662b509db","","NUMERIC_PERIOD_UNIT_SCOPE_BINDING_INCOMPLETE","SOURCE_METADATA_STILL_INCOMPLETE","NUMERIC_PERIOD_UNIT_SCOPE_BINDING_INCOMPLETE","DEFER","false","NUMERIC_PERIOD_UNIT_SCOPE_BINDING_INCOMPLETE"
"ORP115-V2-0613","ORP115-V1-0613","JSWENERGY","","NET_DEBT_INTEREST_COVERAGE_AND_REFINANCING","NUMERIC_SERIES","d6627602-352d-462e-9f60-8e6662b509db","","NUMERIC_PERIOD_UNIT_SCOPE_BINDING_INCOMPLETE","SOURCE_METADATA_STILL_INCOMPLETE","NUMERIC_PERIOD_UNIT_SCOPE_BINDING_INCOMPLETE","DEFER","false","NUMERIC_PERIOD_UNIT_SCOPE_BINDING_INCOMPLETE"
"ORP115-V2-0614","ORP115-V1-0614","JSWENERGY","","OWNERSHIP_GOVERNANCE","OWNERSHIP_4Q","52dbc73d-5c72-4bb9-a887-60939e5bf204","","METHODOLOGY_REQUIREMENT_SERIES_SELECTION_AND_BASIS_UNRESOLVED","METHODOLOGY_DECISION_STILL_REQUIRED","METHODOLOGY_REQUIREMENT_SERIES_SELECTION_AND_BASIS_UNRESOLVED","DEFER","false","METHODOLOGY_REQUIREMENT_SERIES_SELECTION_AND_BASIS_UNRESOLVED"
"ORP115-V2-0615","ORP115-V1-0615","JSWENERGY","","POWER_ASSET_DURABILITY","TEXT_EVIDENCE_REVIEW","8fe4cb7e-6e1d-43fa-95c2-5cd7d8ac935e","9d95550d-70a2-45fb-8f61-0c9f74967b6f","DOCUMENT_CONTENT_IDENTITY_HASH_NOT_VERIFIED","SOURCE_CONTENT_IDENTITY_STILL_INCOMPLETE","DOCUMENT_CONTENT_IDENTITY_HASH_NOT_VERIFIED","DEFER","false","DOCUMENT_CONTENT_IDENTITY_HASH_NOT_VERIFIED"
"ORP115-V2-0616","ORP115-V1-0616","JSWENERGY","","ROCE_OR_ROIC_WITH_ASSET_CONTEXT","NUMERIC_SERIES","d6627602-352d-462e-9f60-8e6662b509db","","NUMERIC_PERIOD_UNIT_SCOPE_BINDING_INCOMPLETE","SOURCE_METADATA_STILL_INCOMPLETE","NUMERIC_PERIOD_UNIT_SCOPE_BINDING_INCOMPLETE","DEFER","false","NUMERIC_PERIOD_UNIT_SCOPE_BINDING_INCOMPLETE"
"ORP115-V2-0617","ORP115-V1-0617","JSWENERGY","","VALUATION_ASSET_AND_CASH_FLOW_CONTEXT","NUMERIC_SERIES","d6627602-352d-462e-9f60-8e6662b509db","","NUMERIC_PERIOD_UNIT_SCOPE_BINDING_INCOMPLETE","SOURCE_METADATA_STILL_INCOMPLETE","NUMERIC_PERIOD_UNIT_SCOPE_BINDING_INCOMPLETE","DEFER","false","NUMERIC_PERIOD_UNIT_SCOPE_BINDING_INCOMPLETE"
"ORP115-V2-0618","ORP115-V1-0618","JTLIND","","CAPACITY_DISCIPLINE","TEXT_EVIDENCE_REVIEW","4c78810e-b506-4850-afe7-e36032ca500e","65229e18-702d-4345-b28f-374c1739d4b0","DOCUMENT_CONTENT_IDENTITY_HASH_NOT_VERIFIED","SOURCE_CONTENT_IDENTITY_STILL_INCOMPLETE","DOCUMENT_CONTENT_IDENTITY_HASH_NOT_VERIFIED","DEFER","false","DOCUMENT_CONTENT_IDENTITY_HASH_NOT_VERIFIED"
"ORP115-V2-0619","ORP115-V1-0619","JTLIND","","DISTRIBUTION_CUSTOMER_PRODUCT_MOAT","TEXT_EVIDENCE_REVIEW","4c78810e-b506-4850-afe7-e36032ca500e","65229e18-702d-4345-b28f-374c1739d4b0","DOCUMENT_CONTENT_IDENTITY_HASH_NOT_VERIFIED","SOURCE_CONTENT_IDENTITY_STILL_INCOMPLETE","DOCUMENT_CONTENT_IDENTITY_HASH_NOT_VERIFIED","DEFER","false","DOCUMENT_CONTENT_IDENTITY_HASH_NOT_VERIFIED"
"ORP115-V2-0620","ORP115-V1-0620","JTLIND","","GOVERNANCE_EVENT_REVIEW","TEXT_EVIDENCE_REVIEW","4c78810e-b506-4850-afe7-e36032ca500e","65229e18-702d-4345-b28f-374c1739d4b0","DOCUMENT_CONTENT_IDENTITY_HASH_NOT_VERIFIED","SOURCE_CONTENT_IDENTITY_STILL_INCOMPLETE","DOCUMENT_CONTENT_IDENTITY_HASH_NOT_VERIFIED","DEFER","false","DOCUMENT_CONTENT_IDENTITY_HASH_NOT_VERIFIED"
"ORP115-V2-0621","ORP115-V1-0621","JTLIND","","INPUT_COST_DEMAND_CAPEX","TEXT_EVIDENCE_REVIEW","4c78810e-b506-4850-afe7-e36032ca500e","65229e18-702d-4345-b28f-374c1739d4b0","DOCUMENT_CONTENT_IDENTITY_HASH_NOT_VERIFIED","SOURCE_CONTENT_IDENTITY_STILL_INCOMPLETE","DOCUMENT_CONTENT_IDENTITY_HASH_NOT_VERIFIED","DEFER","false","DOCUMENT_CONTENT_IDENTITY_HASH_NOT_VERIFIED"
"ORP115-V2-0622","ORP115-V1-0622","JTLIND","","OWNERSHIP_TREND_4Q","OWNERSHIP_4Q","699c7881-21df-4d11-be00-afc710559a46","","METHODOLOGY_REQUIREMENT_SERIES_SELECTION_AND_BASIS_UNRESOLVED","METHODOLOGY_DECISION_STILL_REQUIRED","METHODOLOGY_REQUIREMENT_SERIES_SELECTION_AND_BASIS_UNRESOLVED","DEFER","false","METHODOLOGY_REQUIREMENT_SERIES_SELECTION_AND_BASIS_UNRESOLVED"
"ORP115-V2-0623","ORP115-V1-0623","JTLIND","","PRODUCT_MIX_QUALITY","TEXT_EVIDENCE_REVIEW","4c78810e-b506-4850-afe7-e36032ca500e","65229e18-702d-4345-b28f-374c1739d4b0","DOCUMENT_CONTENT_IDENTITY_HASH_NOT_VERIFIED","SOURCE_CONTENT_IDENTITY_STILL_INCOMPLETE","DOCUMENT_CONTENT_IDENTITY_HASH_NOT_VERIFIED","DEFER","false","DOCUMENT_CONTENT_IDENTITY_HASH_NOT_VERIFIED"
"ORP115-V2-0624","ORP115-V1-0624","JUBLFOOD","","ASSET_OR_FRANCHISE_DIVERSIFICATION","TEXT_EVIDENCE_REVIEW","d5f6d6ac-a696-42ae-9089-4e58e7d1e921","060c5ff6-088c-480d-a3ee-48f023b03845","DOCUMENT_CONTENT_IDENTITY_HASH_NOT_VERIFIED","SOURCE_CONTENT_IDENTITY_STILL_INCOMPLETE","DOCUMENT_CONTENT_IDENTITY_HASH_NOT_VERIFIED","DEFER","false","DOCUMENT_CONTENT_IDENTITY_HASH_NOT_VERIFIED"
"ORP115-V2-0625","ORP115-V1-0625","JUBLFOOD","","BRAND_NETWORK_CUSTOMER_REPEAT","TEXT_EVIDENCE_REVIEW","d5f6d6ac-a696-42ae-9089-4e58e7d1e921","060c5ff6-088c-480d-a3ee-48f023b03845","DOCUMENT_CONTENT_IDENTITY_HASH_NOT_VERIFIED","SOURCE_CONTENT_IDENTITY_STILL_INCOMPLETE","DOCUMENT_CONTENT_IDENTITY_HASH_NOT_VERIFIED","DEFER","false","DOCUMENT_CONTENT_IDENTITY_HASH_NOT_VERIFIED"
"ORP115-V2-0626","ORP115-V1-0626","JUBLFOOD","","GOVERNANCE_EVENT_REVIEW","TEXT_EVIDENCE_REVIEW","d5f6d6ac-a696-42ae-9089-4e58e7d1e921","060c5ff6-088c-480d-a3ee-48f023b03845","DOCUMENT_CONTENT_IDENTITY_HASH_NOT_VERIFIED","SOURCE_CONTENT_IDENTITY_STILL_INCOMPLETE","DOCUMENT_CONTENT_IDENTITY_HASH_NOT_VERIFIED","DEFER","false","DOCUMENT_CONTENT_IDENTITY_HASH_NOT_VERIFIED"
"ORP115-V2-0627","ORP115-V1-0627","JUBLFOOD","","OWNERSHIP_TREND_4Q","OWNERSHIP_4Q","bd768d0c-dbdb-4b0f-bd47-9e361f042df1","","METHODOLOGY_REQUIREMENT_SERIES_SELECTION_AND_BASIS_UNRESOLVED","METHODOLOGY_DECISION_STILL_REQUIRED","METHODOLOGY_REQUIREMENT_SERIES_SELECTION_AND_BASIS_UNRESOLVED","DEFER","false","METHODOLOGY_REQUIREMENT_SERIES_SELECTION_AND_BASIS_UNRESOLVED"
"ORP115-V2-0628","ORP115-V1-0628","JUBLFOOD","","UNIT_ECONOMICS_OR_ASSET_ROCE_CONTEXT","TEXT_EVIDENCE_REVIEW","d5f6d6ac-a696-42ae-9089-4e58e7d1e921","060c5ff6-088c-480d-a3ee-48f023b03845","DOCUMENT_CONTENT_IDENTITY_HASH_NOT_VERIFIED","SOURCE_CONTENT_IDENTITY_STILL_INCOMPLETE","DOCUMENT_CONTENT_IDENTITY_HASH_NOT_VERIFIED","DEFER","false","DOCUMENT_CONTENT_IDENTITY_HASH_NOT_VERIFIED"
"ORP115-V2-0629","ORP115-V1-0629","JUBLPHARMA","","GOVERNANCE_EVENT_REVIEW","TEXT_EVIDENCE_REVIEW","92e3be97-39ca-43f3-9b33-4299bcffe937","4a377334-a48a-46ae-b1bd-86046168244b","DOCUMENT_CONTENT_IDENTITY_HASH_NOT_VERIFIED","SOURCE_CONTENT_IDENTITY_STILL_INCOMPLETE","DOCUMENT_CONTENT_IDENTITY_HASH_NOT_VERIFIED","DEFER","false","DOCUMENT_CONTENT_IDENTITY_HASH_NOT_VERIFIED"
"ORP115-V2-0630","ORP115-V1-0630","JUBLPHARMA","","OWNERSHIP_TREND_4Q","OWNERSHIP_4Q","45097558-0002-4719-a36a-a993c8cf8bb3","","METHODOLOGY_REQUIREMENT_SERIES_SELECTION_AND_BASIS_UNRESOLVED","METHODOLOGY_DECISION_STILL_REQUIRED","METHODOLOGY_REQUIREMENT_SERIES_SELECTION_AND_BASIS_UNRESOLVED","DEFER","false","METHODOLOGY_REQUIREMENT_SERIES_SELECTION_AND_BASIS_UNRESOLVED"
"ORP115-V2-0631","ORP115-V1-0631","JUBLPHARMA","","REGULATORY_RISK","TEXT_EVIDENCE_REVIEW","f836c334-d485-4a02-9baa-d96966833561","","DOCUMENT_CONTENT_IDENTITY_HASH_NOT_VERIFIED","SOURCE_CONTENT_IDENTITY_STILL_INCOMPLETE","DOCUMENT_CONTENT_IDENTITY_HASH_NOT_VERIFIED","DEFER","false","DOCUMENT_CONTENT_IDENTITY_HASH_NOT_VERIFIED"
"ORP115-V2-0632","ORP115-V1-0632","JYOTHYLAB","","BRAND_DISTRIBUTION_CATEGORY_DURABILITY","TEXT_EVIDENCE_REVIEW","27da7ccc-c112-4e5a-9425-38594744ed08","d94335a8-9ee0-412c-8ae0-23417b1b0581","DOCUMENT_CONTENT_IDENTITY_HASH_NOT_VERIFIED","SOURCE_CONTENT_IDENTITY_STILL_INCOMPLETE","DOCUMENT_CONTENT_IDENTITY_HASH_NOT_VERIFIED","DEFER","false","DOCUMENT_CONTENT_IDENTITY_HASH_NOT_VERIFIED"
"ORP115-V2-0633","ORP115-V1-0633","JYOTHYLAB","","CFO_OR_FCF_CONVERSION_AND_WORKING_CAPITAL","NUMERIC_SERIES","44ab0ebe-4731-454e-9fee-5d05500164bd","","NUMERIC_PERIOD_UNIT_SCOPE_BINDING_INCOMPLETE","SOURCE_METADATA_STILL_INCOMPLETE","NUMERIC_PERIOD_UNIT_SCOPE_BINDING_INCOMPLETE","DEFER","false","NUMERIC_PERIOD_UNIT_SCOPE_BINDING_INCOMPLETE"
"ORP115-V2-0634","ORP115-V1-0634","JYOTHYLAB","","GROSS_AND_OPERATING_MARGIN_HISTORY","NUMERIC_SERIES","ad227962-128d-4c49-9232-70f358e23159","","NUMERIC_PERIOD_UNIT_SCOPE_BINDING_INCOMPLETE","SOURCE_METADATA_STILL_INCOMPLETE","NUMERIC_PERIOD_UNIT_SCOPE_BINDING_INCOMPLETE","DEFER","false","NUMERIC_PERIOD_UNIT_SCOPE_BINDING_INCOMPLETE"
"ORP115-V2-0635","ORP115-V1-0635","JYOTHYLAB","","NET_CASH_OR_LEVERAGE","NUMERIC_SERIES","44ab0ebe-4731-454e-9fee-5d05500164bd","","NUMERIC_PERIOD_UNIT_SCOPE_BINDING_INCOMPLETE","SOURCE_METADATA_STILL_INCOMPLETE","NUMERIC_PERIOD_UNIT_SCOPE_BINDING_INCOMPLETE","DEFER","false","NUMERIC_PERIOD_UNIT_SCOPE_BINDING_INCOMPLETE"
"ORP115-V2-0636","ORP115-V1-0636","JYOTHYLAB","","OWNERSHIP_GOVERNANCE","OWNERSHIP_4Q","ed1d7662-9f2d-4e16-a714-0affce1ff6db","","METHODOLOGY_REQUIREMENT_SERIES_SELECTION_AND_BASIS_UNRESOLVED","METHODOLOGY_DECISION_STILL_REQUIRED","METHODOLOGY_REQUIREMENT_SERIES_SELECTION_AND_BASIS_UNRESOLVED","DEFER","false","METHODOLOGY_REQUIREMENT_SERIES_SELECTION_AND_BASIS_UNRESOLVED"
"ORP115-V2-0637","ORP115-V1-0637","JYOTHYLAB","","ROCE_OR_ROIC","NUMERIC_SERIES","44ab0ebe-4731-454e-9fee-5d05500164bd","","NUMERIC_PERIOD_UNIT_SCOPE_BINDING_INCOMPLETE","SOURCE_METADATA_STILL_INCOMPLETE","NUMERIC_PERIOD_UNIT_SCOPE_BINDING_INCOMPLETE","DEFER","false","NUMERIC_PERIOD_UNIT_SCOPE_BINDING_INCOMPLETE"
"ORP115-V2-0638","ORP115-V1-0638","JYOTHYLAB","","VALUATION","NUMERIC_SERIES","44ab0ebe-4731-454e-9fee-5d05500164bd","","NUMERIC_PERIOD_UNIT_SCOPE_BINDING_INCOMPLETE","SOURCE_METADATA_STILL_INCOMPLETE","NUMERIC_PERIOD_UNIT_SCOPE_BINDING_INCOMPLETE","DEFER","false","NUMERIC_PERIOD_UNIT_SCOPE_BINDING_INCOMPLETE"
