"canonical_member_id","symbol","isin","source_snapshot_id","profile_code","subprofile_code","methodology_authority","requirement_registry_version","original_readiness_state","requirement_code","metric_code","current_blocker","required_fields_periods_history","cached_evidence_available","proposed_remediation_path","acceptance_validator","dependencies","execution_outcome"
"3833b30d-f007-486a-afd4-d44d313f8e99","ABCAPITAL","INE674K01013","220dfcee-71c6-4d76-b67c-8929d43bea09","FINANCIAL_HOLDING_COMPANY","","P7_IC1_FINANCIAL_HOLDING_COMPANY_METHODOLOGY_V1","PORTFOLIOAI_P7_IC1_METHODOLOGY_R7_REGISTRY_V1","REVIEW_REQUIRED","HOLDCO_NET_DEBT_AND_LIQUIDITY","","REQUIRED_EVIDENCE_MISSING","methodology_contract; minimum_history=3; freshness_policy=FUNDAMENTAL_150_DAYS_ANNUAL_550_DAYS; applicability=APPLICABLE","trendlyne_domains=4/4; retained_documents=2","TRENDLYNE_STRUCTURED_PLUS_PERIOD_SCOPE_OR_OFFICIAL_FILING","p7-ic2-materialize-readiness + v14 reviewed/numeric/history validators","contract-valid source metadata","RAW_PROVIDER_CAPTURE_AVAILABLE; NORMALIZATION_OR_REVIEW_PENDING"
"3833b30d-f007-486a-afd4-d44d313f8e99","ABCAPITAL","INE674K01013","220dfcee-71c6-4d76-b67c-8929d43bea09","FINANCIAL_HOLDING_COMPANY","","P7_IC1_FINANCIAL_HOLDING_COMPANY_METHODOLOGY_V1","PORTFOLIOAI_P7_IC1_METHODOLOGY_R7_REGISTRY_V1","REVIEW_REQUIRED","LOOK_THROUGH_EARNINGS_AUM_GROWTH","","REQUIRED_EVIDENCE_MISSING","methodology_contract; minimum_history=8; freshness_policy=FUNDAMENTAL_150_DAYS_ANNUAL_550_DAYS; applicability=APPLICABLE","trendlyne_domains=4/4; retained_documents=2","TRENDLYNE_STRUCTURED_PLUS_PERIOD_SCOPE_OR_OFFICIAL_FILING","p7-ic2-materialize-readiness + v14 reviewed/numeric/history validators","contract-valid source metadata","RAW_PROVIDER_CAPTURE_AVAILABLE; NORMALIZATION_OR_REVIEW_PENDING"
"3833b30d-f007-486a-afd4-d44d313f8e99","ABCAPITAL","INE674K01013","220dfcee-71c6-4d76-b67c-8929d43bea09","FINANCIAL_HOLDING_COMPANY","","P7_IC1_FINANCIAL_HOLDING_COMPANY_METHODOLOGY_V1","PORTFOLIOAI_P7_IC1_METHODOLOGY_R7_REGISTRY_V1","REVIEW_REQUIRED","LOOK_THROUGH_EARNINGS_YIELD","","REQUIRED_EVIDENCE_MISSING","methodology_contract; minimum_history=3; freshness_policy=FUNDAMENTAL_150_DAYS_ANNUAL_550_DAYS; applicability=APPLICABLE","trendlyne_domains=4/4; retained_documents=2","TRENDLYNE_STRUCTURED_PLUS_PERIOD_SCOPE_OR_OFFICIAL_FILING","p7-ic2-materialize-readiness + v14 reviewed/numeric/history validators","contract-valid source metadata","RAW_PROVIDER_CAPTURE_AVAILABLE; NORMALIZATION_OR_REVIEW_PENDING"
"3833b30d-f007-486a-afd4-d44d313f8e99","ABCAPITAL","INE674K01013","220dfcee-71c6-4d76-b67c-8929d43bea09","FINANCIAL_HOLDING_COMPANY","","P7_IC1_FINANCIAL_HOLDING_COMPANY_METHODOLOGY_V1","PORTFOLIOAI_P7_IC1_METHODOLOGY_R7_REGISTRY_V1","REVIEW_REQUIRED","SOTP_NAV_DISCOUNT","","REQUIRED_EVIDENCE_MISSING","methodology_contract; minimum_history=3; freshness_policy=FUNDAMENTAL_150_DAYS_ANNUAL_550_DAYS; applicability=APPLICABLE","trendlyne_domains=4/4; retained_documents=2","PROFILE_CONTRACT_PROVIDER_OR_DOCUMENT_REVIEW","p7-ic2-materialize-readiness + v14 reviewed/numeric/history validators","source metadata and/or factual reviewer decision","RAW_PROVIDER_CAPTURE_AVAILABLE; NORMALIZATION_OR_REVIEW_PENDING"
"3833b30d-f007-486a-afd4-d44d313f8e99","ABCAPITAL","INE674K01013","220dfcee-71c6-4d76-b67c-8929d43bea09","FINANCIAL_HOLDING_COMPANY","","P7_IC1_FINANCIAL_HOLDING_COMPANY_METHODOLOGY_V1","PORTFOLIOAI_P7_IC1_METHODOLOGY_R7_REGISTRY_V1","REVIEW_REQUIRED","SUBSIDIARY_EARNINGS_QUALITY","","REQUIRED_EVIDENCE_MISSING","methodology_contract; minimum_history=8; freshness_policy=FUNDAMENTAL_150_DAYS_ANNUAL_550_DAYS; applicability=APPLICABLE","trendlyne_domains=4/4; retained_documents=2","PROFILE_CONTRACT_PROVIDER_OR_DOCUMENT_REVIEW","p7-ic2-materialize-readiness + v14 reviewed/numeric/history validators","source metadata and/or factual reviewer decision","RAW_PROVIDER_CAPTURE_AVAILABLE; NORMALIZATION_OR_REVIEW_PENDING"
"5b9171f3-d8cb-4b24-8432-1905b214915a","ACMESOLAR","INE622W01025","6facfebc-9332-4ffb-9889-d2fbe2d41669","RENEWABLE_IPP","","POWER_RENEWABLES_V1_K4B_SCORING_V1","PORTFOLIOAI_P7_IC1_METHODOLOGY_R7_REGISTRY_V1","REVIEW_REQUIRED","OPERATING_QUALITY_AND_AVAILABILITY","","REQUIRED_EVIDENCE_MISSING","methodology_contract; minimum_history=1; freshness_policy=UNSPECIFIED; applicability=APPLICABLE","trendlyne_domains=4/4; retained_documents=1","DOCUMENT_DISCOVERY_OFFICIAL_SOURCE_REVIEW","p7-ic2-materialize-readiness + v14 reviewed/numeric/history validators","source metadata and/or factual reviewer decision","RAW_PROVIDER_CAPTURE_AVAILABLE; NORMALIZATION_OR_REVIEW_PENDING"
"5b9171f3-d8cb-4b24-8432-1905b214915a","ACMESOLAR","INE622W01025","6facfebc-9332-4ffb-9889-d2fbe2d41669","RENEWABLE_IPP","","POWER_RENEWABLES_V1_K4B_SCORING_V1","PORTFOLIOAI_P7_IC1_METHODOLOGY_R7_REGISTRY_V1","REVIEW_REQUIRED","TARIFF_OFFTAKER_GRID_AND_RESOURCE_RISK","","REQUIRED_EVIDENCE_MISSING","methodology_contract; minimum_history=1; freshness_policy=UNSPECIFIED; applicability=APPLICABLE","trendlyne_domains=4/4; retained_documents=1","DOCUMENT_DISCOVERY_OFFICIAL_SOURCE_REVIEW","p7-ic2-materialize-readiness + v14 reviewed/numeric/history validators","source metadata and/or factual reviewer decision","RAW_PROVIDER_CAPTURE_AVAILABLE; NORMALIZATION_OR_REVIEW_PENDING"
"89d94355-8c96-4d21-8bb7-1e3bcf096a93","AKUMS","INE09XN01023","1a6a5ace-bab6-4d5d-b4af-00497df89375","PHARMA","CDMO_CRAMS","PHARMA_V1_PLUS_REVIEWED_PRIMARY_SUBPROFILE","PORTFOLIOAI_P7_IC1_METHODOLOGY_R7_REGISTRY_V1","REVIEW_REQUIRED","CAPEX","","REQUIRED_EVIDENCE_MISSING","methodology_contract; minimum_history=3; freshness_policy=UNSPECIFIED; applicability=APPLICABLE","trendlyne_domains=4/4; retained_documents=3","TRENDLYNE_STRUCTURED_PLUS_PERIOD_SCOPE_OR_OFFICIAL_FILING","p7-ic2-materialize-readiness + v14 reviewed/numeric/history validators","contract-valid source metadata","RAW_PROVIDER_CAPTURE_AVAILABLE; NORMALIZATION_OR_REVIEW_PENDING"
"89d94355-8c96-4d21-8bb7-1e3bcf096a93","AKUMS","INE09XN01023","1a6a5ace-bab6-4d5d-b4af-00497df89375","PHARMA","CDMO_CRAMS","PHARMA_V1_PLUS_REVIEWED_PRIMARY_SUBPROFILE","PORTFOLIOAI_P7_IC1_METHODOLOGY_R7_REGISTRY_V1","REVIEW_REQUIRED","EPS_GROWTH_MULTI_PERIOD","","REQUIRED_EVIDENCE_MISSING","methodology_contract; minimum_history=3; freshness_policy=UNSPECIFIED; applicability=APPLICABLE","trendlyne_domains=4/4; retained_documents=3","TRENDLYNE_STRUCTURED_PLUS_PERIOD_SCOPE_OR_OFFICIAL_FILING","p7-ic2-materialize-readiness + v14 reviewed/numeric/history validators","contract-valid source metadata","RAW_PROVIDER_CAPTURE_AVAILABLE; NORMALIZATION_OR_REVIEW_PENDING"
"89d94355-8c96-4d21-8bb7-1e3bcf096a93","AKUMS","INE09XN01023","1a6a5ace-bab6-4d5d-b4af-00497df89375","PHARMA","CDMO_CRAMS","PHARMA_V1_PLUS_REVIEWED_PRIMARY_SUBPROFILE","PORTFOLIOAI_P7_IC1_METHODOLOGY_R7_REGISTRY_V1","REVIEW_REQUIRED","EV_EBITDA","","REQUIRED_EVIDENCE_MISSING","methodology_contract; minimum_history=3; freshness_policy=UNSPECIFIED; applicability=APPLICABLE","trendlyne_domains=4/4; retained_documents=3","TRENDLYNE_STRUCTURED_PLUS_PERIOD_SCOPE_OR_OFFICIAL_FILING","p7-ic2-materialize-readiness + v14 reviewed/numeric/history validators","contract-valid source metadata","RAW_PROVIDER_CAPTURE_AVAILABLE; NORMALIZATION_OR_REVIEW_PENDING"
"89d94355-8c96-4d21-8bb7-1e3bcf096a93","AKUMS","INE09XN01023","1a6a5ace-bab6-4d5d-b4af-00497df89375","PHARMA","CDMO_CRAMS","PHARMA_V1_PLUS_REVIEWED_PRIMARY_SUBPROFILE","PORTFOLIOAI_P7_IC1_METHODOLOGY_R7_REGISTRY_V1","REVIEW_REQUIRED","FCF_YIELD","","REQUIRED_EVIDENCE_MISSING","methodology_contract; minimum_history=3; freshness_policy=UNSPECIFIED; applicability=APPLICABLE","trendlyne_domains=4/4; retained_documents=3","TRENDLYNE_STRUCTURED_PLUS_PERIOD_SCOPE_OR_OFFICIAL_FILING","p7-ic2-materialize-readiness + v14 reviewed/numeric/history validators","contract-valid source metadata","RAW_PROVIDER_CAPTURE_AVAILABLE; NORMALIZATION_OR_REVIEW_PENDING"
"de565d84-02de-4e97-a255-43ee56c8650e","ALIVUS","INE03Q201024","63d13dbf-da0f-459c-915a-e80df68c976a","PHARMA","API_BULK_DRUGS","PHARMA_V1_PLUS_REVIEWED_PRIMARY_SUBPROFILE","PORTFOLIOAI_P7_IC1_METHODOLOGY_R7_REGISTRY_V1","REVIEW_REQUIRED","CAPEX","","REQUIRED_EVIDENCE_MISSING","methodology_contract; minimum_history=3; freshness_policy=UNSPECIFIED; applicability=APPLICABLE","trendlyne_domains=4/4; retained_documents=1","TRENDLYNE_STRUCTURED_PLUS_PERIOD_SCOPE_OR_OFFICIAL_FILING","p7-ic2-materialize-readiness + v14 reviewed/numeric/history validators","contract-valid source metadata","RAW_PROVIDER_CAPTURE_AVAILABLE; NORMALIZATION_OR_REVIEW_PENDING"
"de565d84-02de-4e97-a255-43ee56c8650e","ALIVUS","INE03Q201024","63d13dbf-da0f-459c-915a-e80df68c976a","PHARMA","API_BULK_DRUGS","PHARMA_V1_PLUS_REVIEWED_PRIMARY_SUBPROFILE","PORTFOLIOAI_P7_IC1_METHODOLOGY_R7_REGISTRY_V1","REVIEW_REQUIRED","CFO_OR_FCF_CONVERSION","","REQUIRED_EVIDENCE_MISSING","methodology_contract; minimum_history=3; freshness_policy=UNSPECIFIED; applicability=APPLICABLE","trendlyne_domains=4/4; retained_documents=1","TRENDLYNE_STRUCTURED_PLUS_PERIOD_SCOPE_OR_OFFICIAL_FILING","p7-ic2-materialize-readiness + v14 reviewed/numeric/history validators","contract-valid source metadata","RAW_PROVIDER_CAPTURE_AVAILABLE; NORMALIZATION_OR_REVIEW_PENDING"
"de565d84-02de-4e97-a255-43ee56c8650e","ALIVUS","INE03Q201024","63d13dbf-da0f-459c-915a-e80df68c976a","PHARMA","API_BULK_DRUGS","PHARMA_V1_PLUS_REVIEWED_PRIMARY_SUBPROFILE","PORTFOLIOAI_P7_IC1_METHODOLOGY_R7_REGISTRY_V1","REVIEW_REQUIRED","EPS_GROWTH_MULTI_PERIOD","","REQUIRED_EVIDENCE_MISSING","methodology_contract; minimum_history=3; freshness_policy=UNSPECIFIED; applicability=APPLICABLE","trendlyne_domains=4/4; retained_documents=1","TRENDLYNE_STRUCTURED_PLUS_PERIOD_SCOPE_OR_OFFICIAL_FILING","p7-ic2-materialize-readiness + v14 reviewed/numeric/history validators","contract-valid source metadata","RAW_PROVIDER_CAPTURE_AVAILABLE; NORMALIZATION_OR_REVIEW_PENDING"
"de565d84-02de-4e97-a255-43ee56c8650e","ALIVUS","INE03Q201024","63d13dbf-da0f-459c-915a-e80df68c976a","PHARMA","API_BULK_DRUGS","PHARMA_V1_PLUS_REVIEWED_PRIMARY_SUBPROFILE","PORTFOLIOAI_P7_IC1_METHODOLOGY_R7_REGISTRY_V1","REVIEW_REQUIRED","EV_EBITDA","","REQUIRED_EVIDENCE_MISSING","methodology_contract; minimum_history=3; freshness_policy=UNSPECIFIED; applicability=APPLICABLE","trendlyne_domains=4/4; retained_documents=1","TRENDLYNE_STRUCTURED_PLUS_PERIOD_SCOPE_OR_OFFICIAL_FILING","p7-ic2-materialize-readiness + v14 reviewed/numeric/history validators","contract-valid source metadata","RAW_PROVIDER_CAPTURE_AVAILABLE; NORMALIZATION_OR_REVIEW_PENDING"
"de565d84-02de-4e97-a255-43ee56c8650e","ALIVUS","INE03Q201024","63d13dbf-da0f-459c-915a-e80df68c976a","PHARMA","API_BULK_DRUGS","PHARMA_V1_PLUS_REVIEWED_PRIMARY_SUBPROFILE","PORTFOLIOAI_P7_IC1_METHODOLOGY_R7_REGISTRY_V1","REVIEW_REQUIRED","FCF_YIELD","","REQUIRED_EVIDENCE_MISSING","methodology_contract; minimum_history=3; freshness_policy=UNSPECIFIED; applicability=APPLICABLE","trendlyne_domains=4/4; retained_documents=1","TRENDLYNE_STRUCTURED_PLUS_PERIOD_SCOPE_OR_OFFICIAL_FILING","p7-ic2-materialize-readiness + v14 reviewed/numeric/history validators","contract-valid source metadata","RAW_PROVIDER_CAPTURE_AVAILABLE; NORMALIZATION_OR_REVIEW_PENDING"
"de565d84-02de-4e97-a255-43ee56c8650e","ALIVUS","INE03Q201024","63d13dbf-da0f-459c-915a-e80df68c976a","PHARMA","API_BULK_DRUGS","PHARMA_V1_PLUS_REVIEWED_PRIMARY_SUBPROFILE","PORTFOLIOAI_P7_IC1_METHODOLOGY_R7_REGISTRY_V1","REVIEW_REQUIRED","GOVERNANCE_EVENT_REVIEW","","REQUIRED_EVIDENCE_MISSING","methodology_contract; minimum_history=4; freshness_policy=UNSPECIFIED; applicability=APPLICABLE","trendlyne_domains=4/4; retained_documents=1","DOCUMENT_DISCOVERY_OFFICIAL_SOURCE_REVIEW","p7-ic2-materialize-readiness + v14 reviewed/numeric/history validators","source metadata and/or factual reviewer decision","RAW_PROVIDER_CAPTURE_AVAILABLE; NORMALIZATION_OR_REVIEW_PENDING"
"de565d84-02de-4e97-a255-43ee56c8650e","ALIVUS","INE03Q201024","63d13dbf-da0f-459c-915a-e80df68c976a","PHARMA","API_BULK_DRUGS","PHARMA_V1_PLUS_REVIEWED_PRIMARY_SUBPROFILE","PORTFOLIOAI_P7_IC1_METHODOLOGY_R7_REGISTRY_V1","REVIEW_REQUIRED","NET_CASH_OR_LEVERAGE","","REQUIRED_EVIDENCE_MISSING","methodology_contract; minimum_history=3; freshness_policy=UNSPECIFIED; applicability=APPLICABLE","trendlyne_domains=4/4; retained_documents=1","TRENDLYNE_STRUCTURED_PLUS_PERIOD_SCOPE_OR_OFFICIAL_FILING","p7-ic2-materialize-readiness + v14 reviewed/numeric/history validators","contract-valid source metadata","RAW_PROVIDER_CAPTURE_AVAILABLE; NORMALIZATION_OR_REVIEW_PENDING"
"de565d84-02de-4e97-a255-43ee56c8650e","ALIVUS","INE03Q201024","63d13dbf-da0f-459c-915a-e80df68c976a","PHARMA","API_BULK_DRUGS","PHARMA_V1_PLUS_REVIEWED_PRIMARY_SUBPROFILE","PORTFOLIOAI_P7_IC1_METHODOLOGY_R7_REGISTRY_V1","REVIEW_REQUIRED","NET_PROFIT_GROWTH_MULTI_PERIOD","","REQUIRED_EVIDENCE_MISSING","methodology_contract; minimum_history=3; freshness_policy=UNSPECIFIED; applicability=APPLICABLE","trendlyne_domains=4/4; retained_documents=1","TRENDLYNE_STRUCTURED_PLUS_PERIOD_SCOPE_OR_OFFICIAL_FILING","p7-ic2-materialize-readiness + v14 reviewed/numeric/history validators","contract-valid source metadata","RAW_PROVIDER_CAPTURE_AVAILABLE; NORMALIZATION_OR_REVIEW_PENDING"
"de565d84-02de-4e97-a255-43ee56c8650e","ALIVUS","INE03Q201024","63d13dbf-da0f-459c-915a-e80df68c976a","PHARMA","API_BULK_DRUGS","PHARMA_V1_PLUS_REVIEWED_PRIMARY_SUBPROFILE","PORTFOLIOAI_P7_IC1_METHODOLOGY_R7_REGISTRY_V1","REVIEW_REQUIRED","OPERATING_MARGIN_HISTORY","","REQUIRED_EVIDENCE_MISSING","methodology_contract; minimum_history=8; freshness_policy=UNSPECIFIED; applicability=APPLICABLE","trendlyne_domains=4/4; retained_documents=1","DOCUMENT_DISCOVERY_OFFICIAL_SOURCE_REVIEW","p7-ic2-materialize-readiness + v14 reviewed/numeric/history validators","source metadata and/or factual reviewer decision","RAW_PROVIDER_CAPTURE_AVAILABLE; NORMALIZATION_OR_REVIEW_PENDING"
"de565d84-02de-4e97-a255-43ee56c8650e","ALIVUS","INE03Q201024","63d13dbf-da0f-459c-915a-e80df68c976a","PHARMA","API_BULK_DRUGS","PHARMA_V1_PLUS_REVIEWED_PRIMARY_SUBPROFILE","PORTFOLIOAI_P7_IC1_METHODOLOGY_R7_REGISTRY_V1","REVIEW_REQUIRED","OWNERSHIP_TREND_4Q","","REQUIRED_EVIDENCE_MISSING","methodology_contract; minimum_history=4; freshness_policy=UNSPECIFIED; applicability=APPLICABLE","trendlyne_domains=4/4; retained_documents=1","TRENDLYNE_OWNERSHIP_REVIEW","p7-ic2-materialize-readiness + v14 reviewed/numeric/history validators","source metadata and/or factual reviewer decision","RAW_PROVIDER_CAPTURE_AVAILABLE; NORMALIZATION_OR_REVIEW_PENDING"
"de565d84-02de-4e97-a255-43ee56c8650e","ALIVUS","INE03Q201024","63d13dbf-da0f-459c-915a-e80df68c976a","PHARMA","API_BULK_DRUGS","PHARMA_V1_PLUS_REVIEWED_PRIMARY_SUBPROFILE","PORTFOLIOAI_P7_IC1_METHODOLOGY_R7_REGISTRY_V1","REVIEW_REQUIRED","PE","","REQUIRED_EVIDENCE_MISSING","methodology_contract; minimum_history=3; freshness_policy=UNSPECIFIED; applicability=APPLICABLE","trendlyne_domains=4/4; retained_documents=1","TRENDLYNE_STRUCTURED_PLUS_PERIOD_SCOPE_OR_OFFICIAL_FILING","p7-ic2-materialize-readiness + v14 reviewed/numeric/history validators","contract-valid source metadata","RAW_PROVIDER_CAPTURE_AVAILABLE; NORMALIZATION_OR_REVIEW_PENDING"
"de565d84-02de-4e97-a255-43ee56c8650e","ALIVUS","INE03Q201024","63d13dbf-da0f-459c-915a-e80df68c976a","PHARMA","API_BULK_DRUGS","PHARMA_V1_PLUS_REVIEWED_PRIMARY_SUBPROFILE","PORTFOLIOAI_P7_IC1_METHODOLOGY_R7_REGISTRY_V1","REVIEW_REQUIRED","REGULATORY_RISK","","REQUIRED_EVIDENCE_MISSING","methodology_contract; minimum_history=252; freshness_policy=UNSPECIFIED; applicability=APPLICABLE","trendlyne_domains=4/4; retained_documents=1","DOCUMENT_DISCOVERY_OFFICIAL_SOURCE_REVIEW","p7-ic2-materialize-readiness + v14 reviewed/numeric/history validators","source metadata and/or factual reviewer decision","RAW_PROVIDER_CAPTURE_AVAILABLE; NORMALIZATION_OR_REVIEW_PENDING"
"de565d84-02de-4e97-a255-43ee56c8650e","ALIVUS","INE03Q201024","63d13dbf-da0f-459c-915a-e80df68c976a","PHARMA","API_BULK_DRUGS","PHARMA_V1_PLUS_REVIEWED_PRIMARY_SUBPROFILE","PORTFOLIOAI_P7_IC1_METHODOLOGY_R7_REGISTRY_V1","REVIEW_REQUIRED","REVENUE_GROWTH_MULTI_PERIOD","","REQUIRED_EVIDENCE_MISSING","methodology_contract; minimum_history=3; freshness_policy=UNSPECIFIED; applicability=APPLICABLE","trendlyne_domains=4/4; retained_documents=1","TRENDLYNE_STRUCTURED_PLUS_PERIOD_SCOPE_OR_OFFICIAL_FILING","p7-ic2-materialize-readiness + v14 reviewed/numeric/history validators","contract-valid source metadata","RAW_PROVIDER_CAPTURE_AVAILABLE; NORMALIZATION_OR_REVIEW_PENDING"
"de565d84-02de-4e97-a255-43ee56c8650e","ALIVUS","INE03Q201024","63d13dbf-da0f-459c-915a-e80df68c976a","PHARMA","API_BULK_DRUGS","PHARMA_V1_PLUS_REVIEWED_PRIMARY_SUBPROFILE","PORTFOLIOAI_P7_IC1_METHODOLOGY_R7_REGISTRY_V1","REVIEW_REQUIRED","ROCE_OR_ROIC","","REQUIRED_EVIDENCE_MISSING","methodology_contract; minimum_history=3; freshness_policy=UNSPECIFIED; applicability=APPLICABLE","trendlyne_domains=4/4; retained_documents=1","TRENDLYNE_STRUCTURED_PLUS_PERIOD_SCOPE_OR_OFFICIAL_FILING","p7-ic2-materialize-readiness + v14 reviewed/numeric/history validators","contract-valid source metadata","RAW_PROVIDER_CAPTURE_AVAILABLE; NORMALIZATION_OR_REVIEW_PENDING"
"b2d907e5-f8a1-4755-9fec-0cbbbd0e247f","ANANTRAJ","INE242C01024","3d9ec888-7513-469e-b3af-3c9815c48537","REAL_ESTATE_DEVELOPER","","P7_IC1_REAL_ESTATE_DEVELOPER_METHODOLOGY_V1","PORTFOLIOAI_P7_IC1_METHODOLOGY_R7_REGISTRY_V1","REVIEW_REQUIRED","EV_EBITDA_FOR_RENTAL","","REQUIRED_EVIDENCE_MISSING","methodology_contract; minimum_history=3; freshness_policy=FUNDAMENTAL_150_DAYS_ANNUAL_550_DAYS; applicability=APPLICABLE","trendlyne_domains=4/4; retained_documents=1","TRENDLYNE_STRUCTURED_PLUS_PERIOD_SCOPE_OR_OFFICIAL_FILING","p7-ic2-materialize-readiness + v14 reviewed/numeric/history validators","contract-valid source metadata","RAW_PROVIDER_CAPTURE_AVAILABLE; NORMALIZATION_OR_REVIEW_PENDING"
"b2d907e5-f8a1-4755-9fec-0cbbbd0e247f","ANANTRAJ","INE242C01024","3d9ec888-7513-469e-b3af-3c9815c48537","REAL_ESTATE_DEVELOPER","","P7_IC1_REAL_ESTATE_DEVELOPER_METHODOLOGY_V1","PORTFOLIOAI_P7_IC1_METHODOLOGY_R7_REGISTRY_V1","REVIEW_REQUIRED","FCF_YIELD_NORMALIZED","","REQUIRED_EVIDENCE_MISSING","methodology_contract; minimum_history=3; freshness_policy=FUNDAMENTAL_150_DAYS_ANNUAL_550_DAYS; applicability=APPLICABLE","trendlyne_domains=4/4; retained_documents=1","TRENDLYNE_STRUCTURED_PLUS_PERIOD_SCOPE_OR_OFFICIAL_FILING","p7-ic2-materialize-readiness + v14 reviewed/numeric/history validators","contract-valid source metadata","RAW_PROVIDER_CAPTURE_AVAILABLE; NORMALIZATION_OR_REVIEW_PENDING"
"b2d907e5-f8a1-4755-9fec-0cbbbd0e247f","ANANTRAJ","INE242C01024","3d9ec888-7513-469e-b3af-3c9815c48537","REAL_ESTATE_DEVELOPER","","P7_IC1_REAL_ESTATE_DEVELOPER_METHODOLOGY_V1","PORTFOLIOAI_P7_IC1_METHODOLOGY_R7_REGISTRY_V1","REVIEW_REQUIRED","NAV_DISCOUNT_PREMIUM","","REQUIRED_EVIDENCE_MISSING","methodology_contract; minimum_history=3; freshness_policy=FUNDAMENTAL_150_DAYS_ANNUAL_550_DAYS; applicability=APPLICABLE","trendlyne_domains=4/4; retained_documents=1","PROFILE_CONTRACT_PROVIDER_OR_DOCUMENT_REVIEW","p7-ic2-materialize-readiness + v14 reviewed/numeric/history validators","source metadata and/or factual reviewer decision","RAW_PROVIDER_CAPTURE_AVAILABLE; NORMALIZATION_OR_REVIEW_PENDING"
"b2d907e5-f8a1-4755-9fec-0cbbbd0e247f","ANANTRAJ","INE242C01024","3d9ec888-7513-469e-b3af-3c9815c48537","REAL_ESTATE_DEVELOPER","","P7_IC1_REAL_ESTATE_DEVELOPER_METHODOLOGY_V1","PORTFOLIOAI_P7_IC1_METHODOLOGY_R7_REGISTRY_V1","REVIEW_REQUIRED","OPERATING_CASH_FLOW_COLLECTIONS_LAND_CAPEX","","REQUIRED_EVIDENCE_MISSING","methodology_contract; minimum_history=3; freshness_policy=FUNDAMENTAL_150_DAYS_ANNUAL_550_DAYS; applicability=APPLICABLE","trendlyne_domains=4/4; retained_documents=1","DOCUMENT_DISCOVERY_OFFICIAL_SOURCE_REVIEW","p7-ic2-materialize-readiness + v14 reviewed/numeric/history validators","source metadata and/or factual reviewer decision","RAW_PROVIDER_CAPTURE_AVAILABLE; NORMALIZATION_OR_REVIEW_PENDING"
"b2d907e5-f8a1-4755-9fec-0cbbbd0e247f","ANANTRAJ","INE242C01024","3d9ec888-7513-469e-b3af-3c9815c48537","REAL_ESTATE_DEVELOPER","","P7_IC1_REAL_ESTATE_DEVELOPER_METHODOLOGY_V1","PORTFOLIOAI_P7_IC1_METHODOLOGY_R7_REGISTRY_V1","REVIEW_REQUIRED","RENTAL_ANNUITY_WHEN_APPLICABLE","","REQUIRED_EVIDENCE_MISSING","methodology_contract; minimum_history=3; freshness_policy=FUNDAMENTAL_150_DAYS_ANNUAL_550_DAYS; applicability=APPLICABLE","trendlyne_domains=4/4; retained_documents=1","PROFILE_CONTRACT_PROVIDER_OR_DOCUMENT_REVIEW","p7-ic2-materialize-readiness + v14 reviewed/numeric/history validators","source metadata and/or factual reviewer decision","RAW_PROVIDER_CAPTURE_AVAILABLE; NORMALIZATION_OR_REVIEW_PENDING"
"86bd087c-8fe1-45da-9ff9-04036a500da5","ANGELONE","INE732I01021","96da2eee-4a67-4500-8ead-1e4cdaa3b00d","CAPITAL_MARKETS_AMC","","FIN_SERVICES_NON_LENDER_K4B_SCORING_V1","PORTFOLIOAI_P7_IC1_METHODOLOGY_R7_REGISTRY_V1","REVIEW_REQUIRED","AUM_CLIENT_ASSET_AND_EARNINGS_GROWTH","","REQUIRED_EVIDENCE_MISSING","methodology_contract; minimum_history=1; freshness_policy=UNSPECIFIED; applicability=APPLICABLE","trendlyne_domains=4/4; retained_documents=1","DOCUMENT_DISCOVERY_OFFICIAL_SOURCE_REVIEW","p7-ic2-materialize-readiness + v14 reviewed/numeric/history validators","source metadata and/or factual reviewer decision","RAW_PROVIDER_CAPTURE_AVAILABLE; NORMALIZATION_OR_REVIEW_PENDING"
"86bd087c-8fe1-45da-9ff9-04036a500da5","ANGELONE","INE732I01021","96da2eee-4a67-4500-8ead-1e4cdaa3b00d","CAPITAL_MARKETS_AMC","","FIN_SERVICES_NON_LENDER_K4B_SCORING_V1","PORTFOLIOAI_P7_IC1_METHODOLOGY_R7_REGISTRY_V1","REVIEW_REQUIRED","CAPITAL_MARKETS_DURABILITY","","REQUIRED_EVIDENCE_MISSING","methodology_contract; minimum_history=1; freshness_policy=UNSPECIFIED; applicability=APPLICABLE","trendlyne_domains=4/4; retained_documents=1","DOCUMENT_DISCOVERY_OFFICIAL_SOURCE_REVIEW","p7-ic2-materialize-readiness + v14 reviewed/numeric/history validators","source metadata and/or factual reviewer decision","RAW_PROVIDER_CAPTURE_AVAILABLE; NORMALIZATION_OR_REVIEW_PENDING"
"86bd087c-8fe1-45da-9ff9-04036a500da5","ANGELONE","INE732I01021","96da2eee-4a67-4500-8ead-1e4cdaa3b00d","CAPITAL_MARKETS_AMC","","FIN_SERVICES_NON_LENDER_K4B_SCORING_V1","PORTFOLIOAI_P7_IC1_METHODOLOGY_R7_REGISTRY_V1","REVIEW_REQUIRED","CFO_OR_FCF_CONVERSION","","REQUIRED_EVIDENCE_MISSING","methodology_contract; minimum_history=1; freshness_policy=UNSPECIFIED; applicability=APPLICABLE","trendlyne_domains=4/4; retained_documents=1","TRENDLYNE_STRUCTURED_PLUS_PERIOD_SCOPE_OR_OFFICIAL_FILING","p7-ic2-materialize-readiness + v14 reviewed/numeric/history validators","contract-valid source metadata","RAW_PROVIDER_CAPTURE_AVAILABLE; NORMALIZATION_OR_REVIEW_PENDING"
"86bd087c-8fe1-45da-9ff9-04036a500da5","ANGELONE","INE732I01021","96da2eee-4a67-4500-8ead-1e4cdaa3b00d","CAPITAL_MARKETS_AMC","","FIN_SERVICES_NON_LENDER_K4B_SCORING_V1","PORTFOLIOAI_P7_IC1_METHODOLOGY_R7_REGISTRY_V1","REVIEW_REQUIRED","NET_CASH_OR_LEVERAGE","","REQUIRED_EVIDENCE_MISSING","methodology_contract; minimum_history=1; freshness_policy=UNSPECIFIED; applicability=APPLICABLE","trendlyne_domains=4/4; retained_documents=1","TRENDLYNE_STRUCTURED_PLUS_PERIOD_SCOPE_OR_OFFICIAL_FILING","p7-ic2-materialize-readiness + v14 reviewed/numeric/history validators","contract-valid source metadata","RAW_PROVIDER_CAPTURE_AVAILABLE; NORMALIZATION_OR_REVIEW_PENDING"
"86bd087c-8fe1-45da-9ff9-04036a500da5","ANGELONE","INE732I01021","96da2eee-4a67-4500-8ead-1e4cdaa3b00d","CAPITAL_MARKETS_AMC","","FIN_SERVICES_NON_LENDER_K4B_SCORING_V1","PORTFOLIOAI_P7_IC1_METHODOLOGY_R7_REGISTRY_V1","REVIEW_REQUIRED","OPERATING_MARGIN_HISTORY","","REQUIRED_EVIDENCE_MISSING","methodology_contract; minimum_history=1; freshness_policy=UNSPECIFIED; applicability=APPLICABLE","trendlyne_domains=4/4; retained_documents=1","DOCUMENT_DISCOVERY_OFFICIAL_SOURCE_REVIEW","p7-ic2-materialize-readiness + v14 reviewed/numeric/history validators","source metadata and/or factual reviewer decision","RAW_PROVIDER_CAPTURE_AVAILABLE; NORMALIZATION_OR_REVIEW_PENDING"
"86bd087c-8fe1-45da-9ff9-04036a500da5","ANGELONE","INE732I01021","96da2eee-4a67-4500-8ead-1e4cdaa3b00d","CAPITAL_MARKETS_AMC","","FIN_SERVICES_NON_LENDER_K4B_SCORING_V1","PORTFOLIOAI_P7_IC1_METHODOLOGY_R7_REGISTRY_V1","REVIEW_REQUIRED","OWNERSHIP_GOVERNANCE","","REQUIRED_EVIDENCE_MISSING","methodology_contract; minimum_history=4; freshness_policy=UNSPECIFIED; applicability=APPLICABLE","trendlyne_domains=4/4; retained_documents=1","TRENDLYNE_OWNERSHIP_REVIEW","p7-ic2-materialize-readiness + v14 reviewed/numeric/history validators","source metadata and/or factual reviewer decision","RAW_PROVIDER_CAPTURE_AVAILABLE; NORMALIZATION_OR_REVIEW_PENDING"
"86bd087c-8fe1-45da-9ff9-04036a500da5","ANGELONE","INE732I01021","96da2eee-4a67-4500-8ead-1e4cdaa3b00d","CAPITAL_MARKETS_AMC","","FIN_SERVICES_NON_LENDER_K4B_SCORING_V1","PORTFOLIOAI_P7_IC1_METHODOLOGY_R7_REGISTRY_V1","REVIEW_REQUIRED","ROE_OR_ROIC","","REQUIRED_EVIDENCE_MISSING","methodology_contract; minimum_history=1; freshness_policy=UNSPECIFIED; applicability=APPLICABLE","trendlyne_domains=4/4; retained_documents=1","TRENDLYNE_STRUCTURED_PLUS_PERIOD_SCOPE_OR_OFFICIAL_FILING","p7-ic2-materialize-readiness + v14 reviewed/numeric/history validators","contract-valid source metadata","RAW_PROVIDER_CAPTURE_AVAILABLE; NORMALIZATION_OR_REVIEW_PENDING"
"86bd087c-8fe1-45da-9ff9-04036a500da5","ANGELONE","INE732I01021","96da2eee-4a67-4500-8ead-1e4cdaa3b00d","CAPITAL_MARKETS_AMC","","FIN_SERVICES_NON_LENDER_K4B_SCORING_V1","PORTFOLIOAI_P7_IC1_METHODOLOGY_R7_REGISTRY_V1","REVIEW_REQUIRED","VALUATION","","REQUIRED_EVIDENCE_MISSING","methodology_contract; minimum_history=1; freshness_policy=UNSPECIFIED; applicability=APPLICABLE","trendlyne_domains=4/4; retained_documents=1","TRENDLYNE_STRUCTURED_PLUS_PERIOD_SCOPE_OR_OFFICIAL_FILING","p7-ic2-materialize-readiness + v14 reviewed/numeric/history validators","contract-valid source metadata","RAW_PROVIDER_CAPTURE_AVAILABLE; NORMALIZATION_OR_REVIEW_PENDING"
"9e54e6a0-b1ba-46ca-91d2-8eddcb85a5ec","APLAPOLLO","INE702C01027","476a8d9d-548b-4cee-a8c4-34550add9ca1","CAPITAL_EQUIPMENT_ELECTRICAL","","INDUSTRIALS_CAPITAL_GOODS_K4B_SCORING_V1","PORTFOLIOAI_P7_IC1_METHODOLOGY_R7_REGISTRY_V1","REVIEW_REQUIRED","NET_DEBT_AND_INTEREST_COVERAGE","","REQUIRED_EVIDENCE_MISSING","methodology_contract; minimum_history=1; freshness_policy=UNSPECIFIED; applicability=APPLICABLE","trendlyne_domains=4/4; retained_documents=1","TRENDLYNE_STRUCTURED_PLUS_PERIOD_SCOPE_OR_OFFICIAL_FILING","p7-ic2-materialize-readiness + v14 reviewed/numeric/history validators","contract-valid source metadata","RAW_PROVIDER_CAPTURE_AVAILABLE; NORMALIZATION_OR_REVIEW_PENDING"
"9e54e6a0-b1ba-46ca-91d2-8eddcb85a5ec","APLAPOLLO","INE702C01027","476a8d9d-548b-4cee-a8c4-34550add9ca1","CAPITAL_EQUIPMENT_ELECTRICAL","","INDUSTRIALS_CAPITAL_GOODS_K4B_SCORING_V1","PORTFOLIOAI_P7_IC1_METHODOLOGY_R7_REGISTRY_V1","REVIEW_REQUIRED","REVENUE_AND_ORDER_GROWTH_MULTI_PERIOD","","REQUIRED_EVIDENCE_MISSING","methodology_contract; minimum_history=1; freshness_policy=UNSPECIFIED; applicability=APPLICABLE","trendlyne_domains=4/4; retained_documents=1","TRENDLYNE_STRUCTURED_PLUS_PERIOD_SCOPE_OR_OFFICIAL_FILING","p7-ic2-materialize-readiness + v14 reviewed/numeric/history validators","contract-valid source metadata","RAW_PROVIDER_CAPTURE_AVAILABLE; NORMALIZATION_OR_REVIEW_PENDING"
"b034a0c0-27bc-46fd-a0eb-c038004a31aa","ARVIND","INE034A01011","5072a879-dfe1-49ce-b3d2-d82482c2c598","TEXTILES_APPAREL","","P7_IC1_TEXTILES_APPAREL_METHODOLOGY_V1","PORTFOLIOAI_P7_IC1_METHODOLOGY_R7_REGISTRY_V1","REVIEW_REQUIRED","CAPACITY_UTILISATION","","REQUIRED_EVIDENCE_MISSING","methodology_contract; minimum_history=3; freshness_policy=FUNDAMENTAL_150_DAYS_ANNUAL_550_DAYS; applicability=APPLICABLE","trendlyne_domains=4/4; retained_documents=1","PROFILE_CONTRACT_PROVIDER_OR_DOCUMENT_REVIEW","p7-ic2-materialize-readiness + v14 reviewed/numeric/history validators","source metadata and/or factual reviewer decision","RAW_PROVIDER_CAPTURE_AVAILABLE; NORMALIZATION_OR_REVIEW_PENDING"
"b034a0c0-27bc-46fd-a0eb-c038004a31aa","ARVIND","INE034A01011","5072a879-dfe1-49ce-b3d2-d82482c2c598","TEXTILES_APPAREL","","P7_IC1_TEXTILES_APPAREL_METHODOLOGY_V1","PORTFOLIOAI_P7_IC1_METHODOLOGY_R7_REGISTRY_V1","REVIEW_REQUIRED","CFO_FCF_WORKING_CAPITAL","","REQUIRED_EVIDENCE_MISSING","methodology_contract; minimum_history=3; freshness_policy=FUNDAMENTAL_150_DAYS_ANNUAL_550_DAYS; applicability=APPLICABLE","trendlyne_domains=4/4; retained_documents=1","TRENDLYNE_STRUCTURED_PLUS_PERIOD_SCOPE_OR_OFFICIAL_FILING","p7-ic2-materialize-readiness + v14 reviewed/numeric/history validators","contract-valid source metadata","RAW_PROVIDER_CAPTURE_AVAILABLE; NORMALIZATION_OR_REVIEW_PENDING"
"b034a0c0-27bc-46fd-a0eb-c038004a31aa","ARVIND","INE034A01011","5072a879-dfe1-49ce-b3d2-d82482c2c598","TEXTILES_APPAREL","","P7_IC1_TEXTILES_APPAREL_METHODOLOGY_V1","PORTFOLIOAI_P7_IC1_METHODOLOGY_R7_REGISTRY_V1","REVIEW_REQUIRED","EV_EBITDA_NORMALIZED","","REQUIRED_EVIDENCE_MISSING","methodology_contract; minimum_history=3; freshness_policy=FUNDAMENTAL_150_DAYS_ANNUAL_550_DAYS; applicability=APPLICABLE","trendlyne_domains=4/4; retained_documents=1","TRENDLYNE_STRUCTURED_PLUS_PERIOD_SCOPE_OR_OFFICIAL_FILING","p7-ic2-materialize-readiness + v14 reviewed/numeric/history validators","contract-valid source metadata","RAW_PROVIDER_CAPTURE_AVAILABLE; NORMALIZATION_OR_REVIEW_PENDING"
"b034a0c0-27bc-46fd-a0eb-c038004a31aa","ARVIND","INE034A01011","5072a879-dfe1-49ce-b3d2-d82482c2c598","TEXTILES_APPAREL","","P7_IC1_TEXTILES_APPAREL_METHODOLOGY_V1","PORTFOLIOAI_P7_IC1_METHODOLOGY_R7_REGISTRY_V1","REVIEW_REQUIRED","FCF_YIELD","","REQUIRED_EVIDENCE_MISSING","methodology_contract; minimum_history=3; freshness_policy=FUNDAMENTAL_150_DAYS_ANNUAL_550_DAYS; applicability=APPLICABLE","trendlyne_domains=4/4; retained_documents=1","TRENDLYNE_STRUCTURED_PLUS_PERIOD_SCOPE_OR_OFFICIAL_FILING","p7-ic2-materialize-readiness + v14 reviewed/numeric/history validators","contract-valid source metadata","RAW_PROVIDER_CAPTURE_AVAILABLE; NORMALIZATION_OR_REVIEW_PENDING"
"b034a0c0-27bc-46fd-a0eb-c038004a31aa","ARVIND","INE034A01011","5072a879-dfe1-49ce-b3d2-d82482c2c598","TEXTILES_APPAREL","","P7_IC1_TEXTILES_APPAREL_METHODOLOGY_V1","PORTFOLIOAI_P7_IC1_METHODOLOGY_R7_REGISTRY_V1","REVIEW_REQUIRED","GOVERNANCE_EVENT_REVIEW","","REQUIRED_EVIDENCE_MISSING","methodology_contract; minimum_history=4; freshness_policy=FUNDAMENTAL_150_DAYS_ANNUAL_550_DAYS; applicability=APPLICABLE","trendlyne_domains=4/4; retained_documents=1","DOCUMENT_DISCOVERY_OFFICIAL_SOURCE_REVIEW","p7-ic2-materialize-readiness + v14 reviewed/numeric/history validators","source metadata and/or factual reviewer decision","RAW_PROVIDER_CAPTURE_AVAILABLE; NORMALIZATION_OR_REVIEW_PENDING"
"b034a0c0-27bc-46fd-a0eb-c038004a31aa","ARVIND","INE034A01011","5072a879-dfe1-49ce-b3d2-d82482c2c598","TEXTILES_APPAREL","","P7_IC1_TEXTILES_APPAREL_METHODOLOGY_V1","PORTFOLIOAI_P7_IC1_METHODOLOGY_R7_REGISTRY_V1","REVIEW_REQUIRED","NET_DEBT_INTEREST_COVERAGE","","REQUIRED_EVIDENCE_MISSING","methodology_contract; minimum_history=3; freshness_policy=FUNDAMENTAL_150_DAYS_ANNUAL_550_DAYS; applicability=APPLICABLE","trendlyne_domains=4/4; retained_documents=1","TRENDLYNE_STRUCTURED_PLUS_PERIOD_SCOPE_OR_OFFICIAL_FILING","p7-ic2-materialize-readiness + v14 reviewed/numeric/history validators","contract-valid source metadata","RAW_PROVIDER_CAPTURE_AVAILABLE; NORMALIZATION_OR_REVIEW_PENDING"
"b034a0c0-27bc-46fd-a0eb-c038004a31aa","ARVIND","INE034A01011","5072a879-dfe1-49ce-b3d2-d82482c2c598","TEXTILES_APPAREL","","P7_IC1_TEXTILES_APPAREL_METHODOLOGY_V1","PORTFOLIOAI_P7_IC1_METHODOLOGY_R7_REGISTRY_V1","REVIEW_REQUIRED","PB_ROCE_CONTEXT","","REQUIRED_EVIDENCE_MISSING","methodology_contract; minimum_history=3; freshness_policy=FUNDAMENTAL_150_DAYS_ANNUAL_550_DAYS; applicability=APPLICABLE","trendlyne_domains=4/4; retained_documents=1","TRENDLYNE_STRUCTURED_PLUS_PERIOD_SCOPE_OR_OFFICIAL_FILING","p7-ic2-materialize-readiness + v14 reviewed/numeric/history validators","contract-valid source metadata","RAW_PROVIDER_CAPTURE_AVAILABLE; NORMALIZATION_OR_REVIEW_PENDING"
"b034a0c0-27bc-46fd-a0eb-c038004a31aa","ARVIND","INE034A01011","5072a879-dfe1-49ce-b3d2-d82482c2c598","TEXTILES_APPAREL","","P7_IC1_TEXTILES_APPAREL_METHODOLOGY_V1","PORTFOLIOAI_P7_IC1_METHODOLOGY_R7_REGISTRY_V1","REVIEW_REQUIRED","REVENUE_VOLUME_EXPORT_GROWTH","","REQUIRED_EVIDENCE_MISSING","methodology_contract; minimum_history=8; freshness_policy=FUNDAMENTAL_150_DAYS_ANNUAL_550_DAYS; applicability=APPLICABLE","trendlyne_domains=4/4; retained_documents=1","TRENDLYNE_STRUCTURED_PLUS_PERIOD_SCOPE_OR_OFFICIAL_FILING","p7-ic2-materialize-readiness + v14 reviewed/numeric/history validators","contract-valid source metadata","RAW_PROVIDER_CAPTURE_AVAILABLE; NORMALIZATION_OR_REVIEW_PENDING"
"b034a0c0-27bc-46fd-a0eb-c038004a31aa","ARVIND","INE034A01011","5072a879-dfe1-49ce-b3d2-d82482c2c598","TEXTILES_APPAREL","","P7_IC1_TEXTILES_APPAREL_METHODOLOGY_V1","PORTFOLIOAI_P7_IC1_METHODOLOGY_R7_REGISTRY_V1","REVIEW_REQUIRED","ROCE_OR_ROIC","","REQUIRED_EVIDENCE_MISSING","methodology_contract; minimum_history=3; freshness_policy=FUNDAMENTAL_150_DAYS_ANNUAL_550_DAYS; applicability=APPLICABLE","trendlyne_domains=4/4; retained_documents=1","TRENDLYNE_STRUCTURED_PLUS_PERIOD_SCOPE_OR_OFFICIAL_FILING","p7-ic2-materialize-readiness + v14 reviewed/numeric/history validators","contract-valid source metadata","RAW_PROVIDER_CAPTURE_AVAILABLE; NORMALIZATION_OR_REVIEW_PENDING"
"a9520a7e-e19d-461c-a819-f08e16022c28","ASTRAL","INE006I01046","1b9d82f3-64e0-4fbf-ba25-93846f0bfdc0","CAPITAL_EQUIPMENT_ELECTRICAL","","INDUSTRIALS_CAPITAL_GOODS_K4B_SCORING_V1","PORTFOLIOAI_P7_IC1_METHODOLOGY_R7_REGISTRY_V1","REVIEW_REQUIRED","NET_DEBT_AND_INTEREST_COVERAGE","","REQUIRED_EVIDENCE_MISSING","methodology_contract; minimum_history=1; freshness_policy=UNSPECIFIED; applicability=APPLICABLE","trendlyne_domains=4/4; retained_documents=2","TRENDLYNE_STRUCTURED_PLUS_PERIOD_SCOPE_OR_OFFICIAL_FILING","p7-ic2-materialize-readiness + v14 reviewed/numeric/history validators","contract-valid source metadata","RAW_PROVIDER_CAPTURE_AVAILABLE; NORMALIZATION_OR_REVIEW_PENDING"
"a9520a7e-e19d-461c-a819-f08e16022c28","ASTRAL","INE006I01046","1b9d82f3-64e0-4fbf-ba25-93846f0bfdc0","CAPITAL_EQUIPMENT_ELECTRICAL","","INDUSTRIALS_CAPITAL_GOODS_K4B_SCORING_V1","PORTFOLIOAI_P7_IC1_METHODOLOGY_R7_REGISTRY_V1","REVIEW_REQUIRED","REVENUE_AND_ORDER_GROWTH_MULTI_PERIOD","","REQUIRED_EVIDENCE_MISSING","methodology_contract; minimum_history=1; freshness_policy=UNSPECIFIED; applicability=APPLICABLE","trendlyne_domains=4/4; retained_documents=2","TRENDLYNE_STRUCTURED_PLUS_PERIOD_SCOPE_OR_OFFICIAL_FILING","p7-ic2-materialize-readiness + v14 reviewed/numeric/history validators","contract-valid source metadata","RAW_PROVIDER_CAPTURE_AVAILABLE; NORMALIZATION_OR_REVIEW_PENDING"
"eb3bc12d-6d21-40ec-8bcc-054713ee91b6","ASTRAMICRO","INE386C01029","ccdecbf3-0349-495e-9eea-8b03b010b13b","DEFENCE_AEROSPACE","","INDUSTRIALS_CAPITAL_GOODS_K4B_SCORING_V1","PORTFOLIOAI_P7_IC1_METHODOLOGY_R7_REGISTRY_V1","REVIEW_REQUIRED","NET_DEBT_AND_INTEREST_COVERAGE","","REQUIRED_EVIDENCE_MISSING","methodology_contract; minimum_history=1; freshness_policy=UNSPECIFIED; applicability=APPLICABLE","trendlyne_domains=4/4; retained_documents=1","TRENDLYNE_STRUCTURED_PLUS_PERIOD_SCOPE_OR_OFFICIAL_FILING","p7-ic2-materialize-readiness + v14 reviewed/numeric/history validators","contract-valid source metadata","RAW_PROVIDER_CAPTURE_AVAILABLE; NORMALIZATION_OR_REVIEW_PENDING"
"f5c47463-3c6d-4db0-a815-e4301e990213","AUBANK","INE949L01017","23f0543e-94f2-40e0-b251-c5ae376b6ca3","BANK","","BANK_NBFC_STAGE_8_BANK_V1","PORTFOLIOAI_P7_IC1_METHODOLOGY_R7_REGISTRY_V1","REVIEW_REQUIRED","ADVANCES_GROWTH_YOY","","REQUIRED_EVIDENCE_MISSING","methodology_contract; minimum_history=1; freshness_policy=UNSPECIFIED; applicability=APPLICABLE","trendlyne_domains=4/4; retained_documents=2","TRENDLYNE_STRUCTURED_PLUS_PERIOD_SCOPE_OR_OFFICIAL_FILING","p7-ic2-materialize-readiness + v14 reviewed/numeric/history validators","contract-valid source metadata","RAW_PROVIDER_CAPTURE_AVAILABLE; NORMALIZATION_OR_REVIEW_PENDING"
"f5c47463-3c6d-4db0-a815-e4301e990213","AUBANK","INE949L01017","23f0543e-94f2-40e0-b251-c5ae376b6ca3","BANK","","BANK_NBFC_STAGE_8_BANK_V1","PORTFOLIOAI_P7_IC1_METHODOLOGY_R7_REGISTRY_V1","REVIEW_REQUIRED","DEPOSITS_GROWTH_YOY","","REQUIRED_EVIDENCE_MISSING","methodology_contract; minimum_history=1; freshness_policy=UNSPECIFIED; applicability=APPLICABLE","trendlyne_domains=4/4; retained_documents=2","TRENDLYNE_STRUCTURED_PLUS_PERIOD_SCOPE_OR_OFFICIAL_FILING","p7-ic2-materialize-readiness + v14 reviewed/numeric/history validators","contract-valid source metadata","RAW_PROVIDER_CAPTURE_AVAILABLE; NORMALIZATION_OR_REVIEW_PENDING"
"f5c47463-3c6d-4db0-a815-e4301e990213","AUBANK","INE949L01017","23f0543e-94f2-40e0-b251-c5ae376b6ca3","BANK","","BANK_NBFC_STAGE_8_BANK_V1","PORTFOLIOAI_P7_IC1_METHODOLOGY_R7_REGISTRY_V1","REVIEW_REQUIRED","EPS_GROWTH_YOY","","REQUIRED_EVIDENCE_MISSING","methodology_contract; minimum_history=1; freshness_policy=UNSPECIFIED; applicability=APPLICABLE","trendlyne_domains=4/4; retained_documents=2","TRENDLYNE_STRUCTURED_PLUS_PERIOD_SCOPE_OR_OFFICIAL_FILING","p7-ic2-materialize-readiness + v14 reviewed/numeric/history validators","contract-valid source metadata","RAW_PROVIDER_CAPTURE_AVAILABLE; NORMALIZATION_OR_REVIEW_PENDING"
"f5c47463-3c6d-4db0-a815-e4301e990213","AUBANK","INE949L01017","23f0543e-94f2-40e0-b251-c5ae376b6ca3","BANK","","BANK_NBFC_STAGE_8_BANK_V1","PORTFOLIOAI_P7_IC1_METHODOLOGY_R7_REGISTRY_V1","REVIEW_REQUIRED","NIM_TTM","","REQUIRED_EVIDENCE_MISSING","methodology_contract; minimum_history=1; freshness_policy=UNSPECIFIED; applicability=APPLICABLE","trendlyne_domains=4/4; retained_documents=2","TRENDLYNE_STRUCTURED_PLUS_PERIOD_SCOPE_OR_OFFICIAL_FILING","p7-ic2-materialize-readiness + v14 reviewed/numeric/history validators","contract-valid source metadata","RAW_PROVIDER_CAPTURE_AVAILABLE; NORMALIZATION_OR_REVIEW_PENDING"
"f5c47463-3c6d-4db0-a815-e4301e990213","AUBANK","INE949L01017","23f0543e-94f2-40e0-b251-c5ae376b6ca3","BANK","","BANK_NBFC_STAGE_8_BANK_V1","PORTFOLIOAI_P7_IC1_METHODOLOGY_R7_REGISTRY_V1","REVIEW_REQUIRED","PB_RELATIVE","","REQUIRED_EVIDENCE_MISSING","methodology_contract; minimum_history=1; freshness_policy=UNSPECIFIED; applicability=APPLICABLE","trendlyne_domains=4/4; retained_documents=2","TRENDLYNE_STRUCTURED_PLUS_PERIOD_SCOPE_OR_OFFICIAL_FILING","p7-ic2-materialize-readiness + v14 reviewed/numeric/history validators","contract-valid source metadata","RAW_PROVIDER_CAPTURE_AVAILABLE; NORMALIZATION_OR_REVIEW_PENDING"
"3268daa2-a50a-4333-8f5e-9ce78d3e5270","AUROPHARMA","INE406A01037","57e3f408-8cbc-4e65-a6ae-453f3a7acb64","PHARMA","GLOBAL_GENERICS","PHARMA_V1_PLUS_REVIEWED_PRIMARY_SUBPROFILE","PORTFOLIOAI_P7_IC1_METHODOLOGY_R7_REGISTRY_V1","REVIEW_REQUIRED","CAPEX","","REQUIRED_EVIDENCE_MISSING","methodology_contract; minimum_history=3; freshness_policy=UNSPECIFIED; applicability=APPLICABLE","trendlyne_domains=4/4; retained_documents=2","TRENDLYNE_STRUCTURED_PLUS_PERIOD_SCOPE_OR_OFFICIAL_FILING","p7-ic2-materialize-readiness + v14 reviewed/numeric/history validators","contract-valid source metadata","RAW_PROVIDER_CAPTURE_AVAILABLE; NORMALIZATION_OR_REVIEW_PENDING"
"3268daa2-a50a-4333-8f5e-9ce78d3e5270","AUROPHARMA","INE406A01037","57e3f408-8cbc-4e65-a6ae-453f3a7acb64","PHARMA","GLOBAL_GENERICS","PHARMA_V1_PLUS_REVIEWED_PRIMARY_SUBPROFILE","PORTFOLIOAI_P7_IC1_METHODOLOGY_R7_REGISTRY_V1","REVIEW_REQUIRED","EV_EBITDA","","REQUIRED_EVIDENCE_MISSING","methodology_contract; minimum_history=3; freshness_policy=UNSPECIFIED; applicability=APPLICABLE","trendlyne_domains=4/4; retained_documents=2","TRENDLYNE_STRUCTURED_PLUS_PERIOD_SCOPE_OR_OFFICIAL_FILING","p7-ic2-materialize-readiness + v14 reviewed/numeric/history validators","contract-valid source metadata","RAW_PROVIDER_CAPTURE_AVAILABLE; NORMALIZATION_OR_REVIEW_PENDING"
"3268daa2-a50a-4333-8f5e-9ce78d3e5270","AUROPHARMA","INE406A01037","57e3f408-8cbc-4e65-a6ae-453f3a7acb64","PHARMA","GLOBAL_GENERICS","PHARMA_V1_PLUS_REVIEWED_PRIMARY_SUBPROFILE","PORTFOLIOAI_P7_IC1_METHODOLOGY_R7_REGISTRY_V1","REVIEW_REQUIRED","FCF_YIELD","","REQUIRED_EVIDENCE_MISSING","methodology_contract; minimum_history=3; freshness_policy=UNSPECIFIED; applicability=APPLICABLE","trendlyne_domains=4/4; retained_documents=2","TRENDLYNE_STRUCTURED_PLUS_PERIOD_SCOPE_OR_OFFICIAL_FILING","p7-ic2-materialize-readiness + v14 reviewed/numeric/history validators","contract-valid source metadata","RAW_PROVIDER_CAPTURE_AVAILABLE; NORMALIZATION_OR_REVIEW_PENDING"
"87132afb-e054-4ba2-adae-dc325637c001","AVALON","INE0LCL01028","a953689f-0c41-4e0e-84ec-8a96b49837a6","CAPITAL_EQUIPMENT_ELECTRICAL","","INDUSTRIALS_CAPITAL_GOODS_K4B_SCORING_V1","PORTFOLIOAI_P7_IC1_METHODOLOGY_R7_REGISTRY_V1","REVIEW_REQUIRED","REVENUE_AND_ORDER_GROWTH_MULTI_PERIOD","","REQUIRED_EVIDENCE_MISSING","methodology_contract; minimum_history=1; freshness_policy=UNSPECIFIED; applicability=APPLICABLE","trendlyne_domains=4/4; retained_documents=1","TRENDLYNE_STRUCTURED_PLUS_PERIOD_SCOPE_OR_OFFICIAL_FILING","p7-ic2-materialize-readiness + v14 reviewed/numeric/history validators","contract-valid source metadata","RAW_PROVIDER_CAPTURE_AVAILABLE; NORMALIZATION_OR_REVIEW_PENDING"
"73c3c463-cea3-4d6c-b8e6-c96619fd4bae","AVTNPL","INE488D01021","d2931d74-6ce8-4df1-97b7-bcf0a3163d94","AGRI_PROCESSING","","P7_IC1_AGRI_PROCESSING_METHODOLOGY_V1","PORTFOLIOAI_P7_IC1_METHODOLOGY_R7_REGISTRY_V1","REVIEW_REQUIRED","BRAND_CUSTOMER_SUPPLY_CHAIN","","REQUIRED_EVIDENCE_MISSING","methodology_contract; minimum_history=3; freshness_policy=FUNDAMENTAL_150_DAYS_ANNUAL_550_DAYS; applicability=APPLICABLE","trendlyne_domains=4/4; retained_documents=1","DOCUMENT_DISCOVERY_OFFICIAL_SOURCE_REVIEW","p7-ic2-materialize-readiness + v14 reviewed/numeric/history validators","source metadata and/or factual reviewer decision","RAW_PROVIDER_CAPTURE_AVAILABLE; NORMALIZATION_OR_REVIEW_PENDING"
"73c3c463-cea3-4d6c-b8e6-c96619fd4bae","AVTNPL","INE488D01021","d2931d74-6ce8-4df1-97b7-bcf0a3163d94","AGRI_PROCESSING","","P7_IC1_AGRI_PROCESSING_METHODOLOGY_V1","PORTFOLIOAI_P7_IC1_METHODOLOGY_R7_REGISTRY_V1","REVIEW_REQUIRED","CFO_FCF_INVENTORY_WORKING_CAPITAL","","REQUIRED_EVIDENCE_MISSING","methodology_contract; minimum_history=3; freshness_policy=FUNDAMENTAL_150_DAYS_ANNUAL_550_DAYS; applicability=APPLICABLE","trendlyne_domains=4/4; retained_documents=1","TRENDLYNE_STRUCTURED_PLUS_PERIOD_SCOPE_OR_OFFICIAL_FILING","p7-ic2-materialize-readiness + v14 reviewed/numeric/history validators","contract-valid source metadata","RAW_PROVIDER_CAPTURE_AVAILABLE; NORMALIZATION_OR_REVIEW_PENDING"
"73c3c463-cea3-4d6c-b8e6-c96619fd4bae","AVTNPL","INE488D01021","d2931d74-6ce8-4df1-97b7-bcf0a3163d94","AGRI_PROCESSING","","P7_IC1_AGRI_PROCESSING_METHODOLOGY_V1","PORTFOLIOAI_P7_IC1_METHODOLOGY_R7_REGISTRY_V1","REVIEW_REQUIRED","CROP_INPUT_PRICE_FX_CUSTOMER_CONCENTRATION","","REQUIRED_EVIDENCE_MISSING","methodology_contract; minimum_history=252; freshness_policy=MARKET_5_TRADING_DAYS; applicability=APPLICABLE","trendlyne_domains=4/4; retained_documents=1","DOCUMENT_DISCOVERY_OFFICIAL_SOURCE_REVIEW","p7-ic2-materialize-readiness + v14 reviewed/numeric/history validators","source metadata and/or factual reviewer decision","RAW_PROVIDER_CAPTURE_AVAILABLE; NORMALIZATION_OR_REVIEW_PENDING"
"73c3c463-cea3-4d6c-b8e6-c96619fd4bae","AVTNPL","INE488D01021","d2931d74-6ce8-4df1-97b7-bcf0a3163d94","AGRI_PROCESSING","","P7_IC1_AGRI_PROCESSING_METHODOLOGY_V1","PORTFOLIOAI_P7_IC1_METHODOLOGY_R7_REGISTRY_V1","REVIEW_REQUIRED","EV_EBITDA","","REQUIRED_EVIDENCE_MISSING","methodology_contract; minimum_history=3; freshness_policy=FUNDAMENTAL_150_DAYS_ANNUAL_550_DAYS; applicability=APPLICABLE","trendlyne_domains=4/4; retained_documents=1","TRENDLYNE_STRUCTURED_PLUS_PERIOD_SCOPE_OR_OFFICIAL_FILING","p7-ic2-materialize-readiness + v14 reviewed/numeric/history validators","contract-valid source metadata","RAW_PROVIDER_CAPTURE_AVAILABLE; NORMALIZATION_OR_REVIEW_PENDING"
"73c3c463-cea3-4d6c-b8e6-c96619fd4bae","AVTNPL","INE488D01021","d2931d74-6ce8-4df1-97b7-bcf0a3163d94","AGRI_PROCESSING","","P7_IC1_AGRI_PROCESSING_METHODOLOGY_V1","PORTFOLIOAI_P7_IC1_METHODOLOGY_R7_REGISTRY_V1","REVIEW_REQUIRED","FCF_YIELD","","REQUIRED_EVIDENCE_MISSING","methodology_contract; minimum_history=3; freshness_policy=FUNDAMENTAL_150_DAYS_ANNUAL_550_DAYS; applicability=APPLICABLE","trendlyne_domains=4/4; retained_documents=1","TRENDLYNE_STRUCTURED_PLUS_PERIOD_SCOPE_OR_OFFICIAL_FILING","p7-ic2-materialize-readiness + v14 reviewed/numeric/history validators","contract-valid source metadata","RAW_PROVIDER_CAPTURE_AVAILABLE; NORMALIZATION_OR_REVIEW_PENDING"
"73c3c463-cea3-4d6c-b8e6-c96619fd4bae","AVTNPL","INE488D01021","d2931d74-6ce8-4df1-97b7-bcf0a3163d94","AGRI_PROCESSING","","P7_IC1_AGRI_PROCESSING_METHODOLOGY_V1","PORTFOLIOAI_P7_IC1_METHODOLOGY_R7_REGISTRY_V1","REVIEW_REQUIRED","GOVERNANCE_EVENT_REVIEW","","REQUIRED_EVIDENCE_MISSING","methodology_contract; minimum_history=4; freshness_policy=FUNDAMENTAL_150_DAYS_ANNUAL_550_DAYS; applicability=APPLICABLE","trendlyne_domains=4/4; retained_documents=1","DOCUMENT_DISCOVERY_OFFICIAL_SOURCE_REVIEW","p7-ic2-materialize-readiness + v14 reviewed/numeric/history validators","source metadata and/or factual reviewer decision","RAW_PROVIDER_CAPTURE_AVAILABLE; NORMALIZATION_OR_REVIEW_PENDING"
"73c3c463-cea3-4d6c-b8e6-c96619fd4bae","AVTNPL","INE488D01021","d2931d74-6ce8-4df1-97b7-bcf0a3163d94","AGRI_PROCESSING","","P7_IC1_AGRI_PROCESSING_METHODOLOGY_V1","PORTFOLIOAI_P7_IC1_METHODOLOGY_R7_REGISTRY_V1","REVIEW_REQUIRED","GROSS_OPERATING_MARGIN_HISTORY","","REQUIRED_EVIDENCE_MISSING","methodology_contract; minimum_history=8; freshness_policy=FUNDAMENTAL_150_DAYS_ANNUAL_550_DAYS; applicability=APPLICABLE","trendlyne_domains=4/4; retained_documents=1","DOCUMENT_DISCOVERY_OFFICIAL_SOURCE_REVIEW","p7-ic2-materialize-readiness + v14 reviewed/numeric/history validators","source metadata and/or factual reviewer decision","RAW_PROVIDER_CAPTURE_AVAILABLE; NORMALIZATION_OR_REVIEW_PENDING"
"73c3c463-cea3-4d6c-b8e6-c96619fd4bae","AVTNPL","INE488D01021","d2931d74-6ce8-4df1-97b7-bcf0a3163d94","AGRI_PROCESSING","","P7_IC1_AGRI_PROCESSING_METHODOLOGY_V1","PORTFOLIOAI_P7_IC1_METHODOLOGY_R7_REGISTRY_V1","REVIEW_REQUIRED","NET_CASH_OR_LEVERAGE","","REQUIRED_EVIDENCE_MISSING","methodology_contract; minimum_history=3; freshness_policy=FUNDAMENTAL_150_DAYS_ANNUAL_550_DAYS; applicability=APPLICABLE","trendlyne_domains=4/4; retained_documents=1","TRENDLYNE_STRUCTURED_PLUS_PERIOD_SCOPE_OR_OFFICIAL_FILING","p7-ic2-materialize-readiness + v14 reviewed/numeric/history validators","contract-valid source metadata","RAW_PROVIDER_CAPTURE_AVAILABLE; NORMALIZATION_OR_REVIEW_PENDING"
"73c3c463-cea3-4d6c-b8e6-c96619fd4bae","AVTNPL","INE488D01021","d2931d74-6ce8-4df1-97b7-bcf0a3163d94","AGRI_PROCESSING","","P7_IC1_AGRI_PROCESSING_METHODOLOGY_V1","PORTFOLIOAI_P7_IC1_METHODOLOGY_R7_REGISTRY_V1","REVIEW_REQUIRED","OWNERSHIP_TREND_4Q","","REQUIRED_EVIDENCE_MISSING","methodology_contract; minimum_history=4; freshness_policy=FUNDAMENTAL_150_DAYS_ANNUAL_550_DAYS; applicability=APPLICABLE","trendlyne_domains=4/4; retained_documents=1","TRENDLYNE_OWNERSHIP_REVIEW","p7-ic2-materialize-readiness + v14 reviewed/numeric/history validators","source metadata and/or factual reviewer decision","RAW_PROVIDER_CAPTURE_AVAILABLE; NORMALIZATION_OR_REVIEW_PENDING"
"73c3c463-cea3-4d6c-b8e6-c96619fd4bae","AVTNPL","INE488D01021","d2931d74-6ce8-4df1-97b7-bcf0a3163d94","AGRI_PROCESSING","","P7_IC1_AGRI_PROCESSING_METHODOLOGY_V1","PORTFOLIOAI_P7_IC1_METHODOLOGY_R7_REGISTRY_V1","REVIEW_REQUIRED","PE","","REQUIRED_EVIDENCE_MISSING","methodology_contract; minimum_history=3; freshness_policy=FUNDAMENTAL_150_DAYS_ANNUAL_550_DAYS; applicability=APPLICABLE","trendlyne_domains=4/4; retained_documents=1","TRENDLYNE_STRUCTURED_PLUS_PERIOD_SCOPE_OR_OFFICIAL_FILING","p7-ic2-materialize-readiness + v14 reviewed/numeric/history validators","contract-valid source metadata","RAW_PROVIDER_CAPTURE_AVAILABLE; NORMALIZATION_OR_REVIEW_PENDING"
"73c3c463-cea3-4d6c-b8e6-c96619fd4bae","AVTNPL","INE488D01021","d2931d74-6ce8-4df1-97b7-bcf0a3163d94","AGRI_PROCESSING","","P7_IC1_AGRI_PROCESSING_METHODOLOGY_V1","PORTFOLIOAI_P7_IC1_METHODOLOGY_R7_REGISTRY_V1","REVIEW_REQUIRED","PROCUREMENT_AND_PROCESSING_MOAT","","REQUIRED_EVIDENCE_MISSING","methodology_contract; minimum_history=3; freshness_policy=FUNDAMENTAL_150_DAYS_ANNUAL_550_DAYS; applicability=APPLICABLE","trendlyne_domains=4/4; retained_documents=1","DOCUMENT_DISCOVERY_OFFICIAL_SOURCE_REVIEW","p7-ic2-materialize-readiness + v14 reviewed/numeric/history validators","source metadata and/or factual reviewer decision","RAW_PROVIDER_CAPTURE_AVAILABLE; NORMALIZATION_OR_REVIEW_PENDING"
"73c3c463-cea3-4d6c-b8e6-c96619fd4bae","AVTNPL","INE488D01021","d2931d74-6ce8-4df1-97b7-bcf0a3163d94","AGRI_PROCESSING","","P7_IC1_AGRI_PROCESSING_METHODOLOGY_V1","PORTFOLIOAI_P7_IC1_METHODOLOGY_R7_REGISTRY_V1","REVIEW_REQUIRED","PRODUCT_MIX","","REQUIRED_EVIDENCE_MISSING","methodology_contract; minimum_history=8; freshness_policy=FUNDAMENTAL_150_DAYS_ANNUAL_550_DAYS; applicability=APPLICABLE","trendlyne_domains=4/4; retained_documents=1","PROFILE_CONTRACT_PROVIDER_OR_DOCUMENT_REVIEW","p7-ic2-materialize-readiness + v14 reviewed/numeric/history validators","source metadata and/or factual reviewer decision","RAW_PROVIDER_CAPTURE_AVAILABLE; NORMALIZATION_OR_REVIEW_PENDING"
"73c3c463-cea3-4d6c-b8e6-c96619fd4bae","AVTNPL","INE488D01021","d2931d74-6ce8-4df1-97b7-bcf0a3163d94","AGRI_PROCESSING","","P7_IC1_AGRI_PROCESSING_METHODOLOGY_V1","PORTFOLIOAI_P7_IC1_METHODOLOGY_R7_REGISTRY_V1","REVIEW_REQUIRED","REVENUE_VOLUME_EXPORT_GROWTH","","REQUIRED_EVIDENCE_MISSING","methodology_contract; minimum_history=8; freshness_policy=FUNDAMENTAL_150_DAYS_ANNUAL_550_DAYS; applicability=APPLICABLE","trendlyne_domains=4/4; retained_documents=1","TRENDLYNE_STRUCTURED_PLUS_PERIOD_SCOPE_OR_OFFICIAL_FILING","p7-ic2-materialize-readiness + v14 reviewed/numeric/history validators","contract-valid source metadata","RAW_PROVIDER_CAPTURE_AVAILABLE; NORMALIZATION_OR_REVIEW_PENDING"
"73c3c463-cea3-4d6c-b8e6-c96619fd4bae","AVTNPL","INE488D01021","d2931d74-6ce8-4df1-97b7-bcf0a3163d94","AGRI_PROCESSING","","P7_IC1_AGRI_PROCESSING_METHODOLOGY_V1","PORTFOLIOAI_P7_IC1_METHODOLOGY_R7_REGISTRY_V1","REVIEW_REQUIRED","ROCE_OR_ROIC","","REQUIRED_EVIDENCE_MISSING","methodology_contract; minimum_history=3; freshness_policy=FUNDAMENTAL_150_DAYS_ANNUAL_550_DAYS; applicability=APPLICABLE","trendlyne_domains=4/4; retained_documents=1","TRENDLYNE_STRUCTURED_PLUS_PERIOD_SCOPE_OR_OFFICIAL_FILING","p7-ic2-materialize-readiness + v14 reviewed/numeric/history validators","contract-valid source metadata","RAW_PROVIDER_CAPTURE_AVAILABLE; NORMALIZATION_OR_REVIEW_PENDING"
"73c3c463-cea3-4d6c-b8e6-c96619fd4bae","AVTNPL","INE488D01021","d2931d74-6ce8-4df1-97b7-bcf0a3163d94","AGRI_PROCESSING","","P7_IC1_AGRI_PROCESSING_METHODOLOGY_V1","PORTFOLIOAI_P7_IC1_METHODOLOGY_R7_REGISTRY_V1","REVIEW_REQUIRED","ROCE_WORKING_CAPITAL_CONTEXT","","REQUIRED_EVIDENCE_MISSING","methodology_contract; minimum_history=3; freshness_policy=FUNDAMENTAL_150_DAYS_ANNUAL_550_DAYS; applicability=APPLICABLE","trendlyne_domains=4/4; retained_documents=1","TRENDLYNE_STRUCTURED_PLUS_PERIOD_SCOPE_OR_OFFICIAL_FILING","p7-ic2-materialize-readiness + v14 reviewed/numeric/history validators","contract-valid source metadata","RAW_PROVIDER_CAPTURE_AVAILABLE; NORMALIZATION_OR_REVIEW_PENDING"
"bff07007-d776-4803-8513-aa61e59a74fd","AWHCL","INE01BK01022","3d93cdfd-15dc-4d6d-8973-be7638a8b1fa","ENVIRONMENTAL_SERVICES","","P7_IC1_ENVIRONMENTAL_SERVICES_METHODOLOGY_V1","PORTFOLIOAI_P7_IC1_METHODOLOGY_R7_REGISTRY_V1","REVIEW_REQUIRED","CFO_FCF_RECEIVABLES","","REQUIRED_EVIDENCE_MISSING","methodology_contract; minimum_history=3; freshness_policy=FUNDAMENTAL_150_DAYS_ANNUAL_550_DAYS; applicability=APPLICABLE","trendlyne_domains=4/4; retained_documents=1","TRENDLYNE_STRUCTURED_PLUS_PERIOD_SCOPE_OR_OFFICIAL_FILING","p7-ic2-materialize-readiness + v14 reviewed/numeric/history validators","contract-valid source metadata","RAW_PROVIDER_CAPTURE_AVAILABLE; NORMALIZATION_OR_REVIEW_PENDING"
"bff07007-d776-4803-8513-aa61e59a74fd","AWHCL","INE01BK01022","3d93cdfd-15dc-4d6d-8973-be7638a8b1fa","ENVIRONMENTAL_SERVICES","","P7_IC1_ENVIRONMENTAL_SERVICES_METHODOLOGY_V1","PORTFOLIOAI_P7_IC1_METHODOLOGY_R7_REGISTRY_V1","REVIEW_REQUIRED","COLLECTION_OR_TREATMENT_EFFICIENCY","","REQUIRED_EVIDENCE_MISSING","methodology_contract; minimum_history=8; freshness_policy=FUNDAMENTAL_150_DAYS_ANNUAL_550_DAYS; applicability=APPLICABLE","trendlyne_domains=4/4; retained_documents=1","PROFILE_CONTRACT_PROVIDER_OR_DOCUMENT_REVIEW","p7-ic2-materialize-readiness + v14 reviewed/numeric/history validators","source metadata and/or factual reviewer decision","RAW_PROVIDER_CAPTURE_AVAILABLE; NORMALIZATION_OR_REVIEW_PENDING"
"bff07007-d776-4803-8513-aa61e59a74fd","AWHCL","INE01BK01022","3d93cdfd-15dc-4d6d-8973-be7638a8b1fa","ENVIRONMENTAL_SERVICES","","P7_IC1_ENVIRONMENTAL_SERVICES_METHODOLOGY_V1","PORTFOLIOAI_P7_IC1_METHODOLOGY_R7_REGISTRY_V1","REVIEW_REQUIRED","CONCESSION_CONTRACT_DURATION","","REQUIRED_EVIDENCE_MISSING","methodology_contract; minimum_history=3; freshness_policy=FUNDAMENTAL_150_DAYS_ANNUAL_550_DAYS; applicability=APPLICABLE","trendlyne_domains=4/4; retained_documents=1","PROFILE_CONTRACT_PROVIDER_OR_DOCUMENT_REVIEW","p7-ic2-materialize-readiness + v14 reviewed/numeric/history validators","source metadata and/or factual reviewer decision","RAW_PROVIDER_CAPTURE_AVAILABLE; NORMALIZATION_OR_REVIEW_PENDING"
"bff07007-d776-4803-8513-aa61e59a74fd","AWHCL","INE01BK01022","3d93cdfd-15dc-4d6d-8973-be7638a8b1fa","ENVIRONMENTAL_SERVICES","","P7_IC1_ENVIRONMENTAL_SERVICES_METHODOLOGY_V1","PORTFOLIOAI_P7_IC1_METHODOLOGY_R7_REGISTRY_V1","REVIEW_REQUIRED","COUNTERPARTY_RECEIVABLE_REGULATORY_PROJECT","","REQUIRED_EVIDENCE_MISSING","methodology_contract; minimum_history=252; freshness_policy=MARKET_5_TRADING_DAYS; applicability=APPLICABLE","trendlyne_domains=4/4; retained_documents=1","DOCUMENT_DISCOVERY_OFFICIAL_SOURCE_REVIEW","p7-ic2-materialize-readiness + v14 reviewed/numeric/history validators","source metadata and/or factual reviewer decision","RAW_PROVIDER_CAPTURE_AVAILABLE; NORMALIZATION_OR_REVIEW_PENDING"
"bff07007-d776-4803-8513-aa61e59a74fd","AWHCL","INE01BK01022","3d93cdfd-15dc-4d6d-8973-be7638a8b1fa","ENVIRONMENTAL_SERVICES","","P7_IC1_ENVIRONMENTAL_SERVICES_METHODOLOGY_V1","PORTFOLIOAI_P7_IC1_METHODOLOGY_R7_REGISTRY_V1","REVIEW_REQUIRED","EV_EBITDA","","REQUIRED_EVIDENCE_MISSING","methodology_contract; minimum_history=3; freshness_policy=FUNDAMENTAL_150_DAYS_ANNUAL_550_DAYS; applicability=APPLICABLE","trendlyne_domains=4/4; retained_documents=1","TRENDLYNE_STRUCTURED_PLUS_PERIOD_SCOPE_OR_OFFICIAL_FILING","p7-ic2-materialize-readiness + v14 reviewed/numeric/history validators","contract-valid source metadata","RAW_PROVIDER_CAPTURE_AVAILABLE; NORMALIZATION_OR_REVIEW_PENDING"
"bff07007-d776-4803-8513-aa61e59a74fd","AWHCL","INE01BK01022","3d93cdfd-15dc-4d6d-8973-be7638a8b1fa","ENVIRONMENTAL_SERVICES","","P7_IC1_ENVIRONMENTAL_SERVICES_METHODOLOGY_V1","PORTFOLIOAI_P7_IC1_METHODOLOGY_R7_REGISTRY_V1","REVIEW_REQUIRED","FCF_YIELD","","REQUIRED_EVIDENCE_MISSING","methodology_contract; minimum_history=3; freshness_policy=FUNDAMENTAL_150_DAYS_ANNUAL_550_DAYS; applicability=APPLICABLE","trendlyne_domains=4/4; retained_documents=1","TRENDLYNE_STRUCTURED_PLUS_PERIOD_SCOPE_OR_OFFICIAL_FILING","p7-ic2-materialize-readiness + v14 reviewed/numeric/history validators","contract-valid source metadata","RAW_PROVIDER_CAPTURE_AVAILABLE; NORMALIZATION_OR_REVIEW_PENDING"
"bff07007-d776-4803-8513-aa61e59a74fd","AWHCL","INE01BK01022","3d93cdfd-15dc-4d6d-8973-be7638a8b1fa","ENVIRONMENTAL_SERVICES","","P7_IC1_ENVIRONMENTAL_SERVICES_METHODOLOGY_V1","PORTFOLIOAI_P7_IC1_METHODOLOGY_R7_REGISTRY_V1","REVIEW_REQUIRED","GOVERNANCE_EVENT_REVIEW","","REQUIRED_EVIDENCE_MISSING","methodology_contract; minimum_history=4; freshness_policy=FUNDAMENTAL_150_DAYS_ANNUAL_550_DAYS; applicability=APPLICABLE","trendlyne_domains=4/4; retained_documents=1","DOCUMENT_DISCOVERY_OFFICIAL_SOURCE_REVIEW","p7-ic2-materialize-readiness + v14 reviewed/numeric/history validators","source metadata and/or factual reviewer decision","RAW_PROVIDER_CAPTURE_AVAILABLE; NORMALIZATION_OR_REVIEW_PENDING"
"bff07007-d776-4803-8513-aa61e59a74fd","AWHCL","INE01BK01022","3d93cdfd-15dc-4d6d-8973-be7638a8b1fa","ENVIRONMENTAL_SERVICES","","P7_IC1_ENVIRONMENTAL_SERVICES_METHODOLOGY_V1","PORTFOLIOAI_P7_IC1_METHODOLOGY_R7_REGISTRY_V1","REVIEW_REQUIRED","NET_DEBT_INTEREST_COVERAGE","","REQUIRED_EVIDENCE_MISSING","methodology_contract; minimum_history=3; freshness_policy=FUNDAMENTAL_150_DAYS_ANNUAL_550_DAYS; applicability=APPLICABLE","trendlyne_domains=4/4; retained_documents=1","TRENDLYNE_STRUCTURED_PLUS_PERIOD_SCOPE_OR_OFFICIAL_FILING","p7-ic2-materialize-readiness + v14 reviewed/numeric/history validators","contract-valid source metadata","RAW_PROVIDER_CAPTURE_AVAILABLE; NORMALIZATION_OR_REVIEW_PENDING"
"bff07007-d776-4803-8513-aa61e59a74fd","AWHCL","INE01BK01022","3d93cdfd-15dc-4d6d-8973-be7638a8b1fa","ENVIRONMENTAL_SERVICES","","P7_IC1_ENVIRONMENTAL_SERVICES_METHODOLOGY_V1","PORTFOLIOAI_P7_IC1_METHODOLOGY_R7_REGISTRY_V1","REVIEW_REQUIRED","OPERATING_MARGIN_CONTRACT_QUALITY","","REQUIRED_EVIDENCE_MISSING","methodology_contract; minimum_history=8; freshness_policy=FUNDAMENTAL_150_DAYS_ANNUAL_550_DAYS; applicability=APPLICABLE","trendlyne_domains=4/4; retained_documents=1","DOCUMENT_DISCOVERY_OFFICIAL_SOURCE_REVIEW","p7-ic2-materialize-readiness + v14 reviewed/numeric/history validators","source metadata and/or factual reviewer decision","RAW_PROVIDER_CAPTURE_AVAILABLE; NORMALIZATION_OR_REVIEW_PENDING"
"bff07007-d776-4803-8513-aa61e59a74fd","AWHCL","INE01BK01022","3d93cdfd-15dc-4d6d-8973-be7638a8b1fa","ENVIRONMENTAL_SERVICES","","P7_IC1_ENVIRONMENTAL_SERVICES_METHODOLOGY_V1","PORTFOLIOAI_P7_IC1_METHODOLOGY_R7_REGISTRY_V1","REVIEW_REQUIRED","OWNERSHIP_TREND_4Q","","REQUIRED_EVIDENCE_MISSING","methodology_contract; minimum_history=4; freshness_policy=FUNDAMENTAL_150_DAYS_ANNUAL_550_DAYS; applicability=APPLICABLE","trendlyne_domains=4/4; retained_documents=1","TRENDLYNE_OWNERSHIP_REVIEW","p7-ic2-materialize-readiness + v14 reviewed/numeric/history validators","source metadata and/or factual reviewer decision","RAW_PROVIDER_CAPTURE_AVAILABLE; NORMALIZATION_OR_REVIEW_PENDING"
"bff07007-d776-4803-8513-aa61e59a74fd","AWHCL","INE01BK01022","3d93cdfd-15dc-4d6d-8973-be7638a8b1fa","ENVIRONMENTAL_SERVICES","","P7_IC1_ENVIRONMENTAL_SERVICES_METHODOLOGY_V1","PORTFOLIOAI_P7_IC1_METHODOLOGY_R7_REGISTRY_V1","REVIEW_REQUIRED","PE","","REQUIRED_EVIDENCE_MISSING","methodology_contract; minimum_history=3; freshness_policy=FUNDAMENTAL_150_DAYS_ANNUAL_550_DAYS; applicability=APPLICABLE","trendlyne_domains=4/4; retained_documents=1","TRENDLYNE_STRUCTURED_PLUS_PERIOD_SCOPE_OR_OFFICIAL_FILING","p7-ic2-materialize-readiness + v14 reviewed/numeric/history validators","contract-valid source metadata","RAW_PROVIDER_CAPTURE_AVAILABLE; NORMALIZATION_OR_REVIEW_PENDING"
"bff07007-d776-4803-8513-aa61e59a74fd","AWHCL","INE01BK01022","3d93cdfd-15dc-4d6d-8973-be7638a8b1fa","ENVIRONMENTAL_SERVICES","","P7_IC1_ENVIRONMENTAL_SERVICES_METHODOLOGY_V1","PORTFOLIOAI_P7_IC1_METHODOLOGY_R7_REGISTRY_V1","REVIEW_REQUIRED","REVENUE_ORDER_BOOK_CAPACITY_GROWTH","","REQUIRED_EVIDENCE_MISSING","methodology_contract; minimum_history=8; freshness_policy=FUNDAMENTAL_150_DAYS_ANNUAL_550_DAYS; applicability=APPLICABLE","trendlyne_domains=4/4; retained_documents=1","TRENDLYNE_STRUCTURED_PLUS_PERIOD_SCOPE_OR_OFFICIAL_FILING","p7-ic2-materialize-readiness + v14 reviewed/numeric/history validators","contract-valid source metadata","RAW_PROVIDER_CAPTURE_AVAILABLE; NORMALIZATION_OR_REVIEW_PENDING"
"bff07007-d776-4803-8513-aa61e59a74fd","AWHCL","INE01BK01022","3d93cdfd-15dc-4d6d-8973-be7638a8b1fa","ENVIRONMENTAL_SERVICES","","P7_IC1_ENVIRONMENTAL_SERVICES_METHODOLOGY_V1","PORTFOLIOAI_P7_IC1_METHODOLOGY_R7_REGISTRY_V1","REVIEW_REQUIRED","ROCE_OR_ROIC_PROJECT_CONTEXT","","REQUIRED_EVIDENCE_MISSING","methodology_contract; minimum_history=3; freshness_policy=FUNDAMENTAL_150_DAYS_ANNUAL_550_DAYS; applicability=APPLICABLE","trendlyne_domains=4/4; retained_documents=1","TRENDLYNE_STRUCTURED_PLUS_PERIOD_SCOPE_OR_OFFICIAL_FILING","p7-ic2-materialize-readiness + v14 reviewed/numeric/history validators","contract-valid source metadata","RAW_PROVIDER_CAPTURE_AVAILABLE; NORMALIZATION_OR_REVIEW_PENDING"
"bff07007-d776-4803-8513-aa61e59a74fd","AWHCL","INE01BK01022","3d93cdfd-15dc-4d6d-8973-be7638a8b1fa","ENVIRONMENTAL_SERVICES","","P7_IC1_ENVIRONMENTAL_SERVICES_METHODOLOGY_V1","PORTFOLIOAI_P7_IC1_METHODOLOGY_R7_REGISTRY_V1","REVIEW_REQUIRED","ROCE_PROJECT_CONTEXT","","REQUIRED_EVIDENCE_MISSING","methodology_contract; minimum_history=3; freshness_policy=FUNDAMENTAL_150_DAYS_ANNUAL_550_DAYS; applicability=APPLICABLE","trendlyne_domains=4/4; retained_documents=1","TRENDLYNE_STRUCTURED_PLUS_PERIOD_SCOPE_OR_OFFICIAL_FILING","p7-ic2-materialize-readiness + v14 reviewed/numeric/history validators","contract-valid source metadata","RAW_PROVIDER_CAPTURE_AVAILABLE; NORMALIZATION_OR_REVIEW_PENDING"
"bff07007-d776-4803-8513-aa61e59a74fd","AWHCL","INE01BK01022","3d93cdfd-15dc-4d6d-8973-be7638a8b1fa","ENVIRONMENTAL_SERVICES","","P7_IC1_ENVIRONMENTAL_SERVICES_METHODOLOGY_V1","PORTFOLIOAI_P7_IC1_METHODOLOGY_R7_REGISTRY_V1","REVIEW_REQUIRED","TECHNOLOGY_PERMITS_MUNICIPAL_INDUSTRIAL_DIVERSIFICATION","","REQUIRED_EVIDENCE_MISSING","methodology_contract; minimum_history=3; freshness_policy=FUNDAMENTAL_150_DAYS_ANNUAL_550_DAYS; applicability=APPLICABLE","trendlyne_domains=4/4; retained_documents=1","TRENDLYNE_STRUCTURED_PLUS_PERIOD_SCOPE_OR_OFFICIAL_FILING","p7-ic2-materialize-readiness + v14 reviewed/numeric/history validators","contract-valid source metadata","RAW_PROVIDER_CAPTURE_AVAILABLE; NORMALIZATION_OR_REVIEW_PENDING"
"b330c9fe-ae35-469a-9975-d5af26843b1c","AXISBANK","INE238A01034","258f6539-7e50-4a12-86d0-58663c6ce85f","BANK","","BANK_NBFC_STAGE_8_BANK_V1","PORTFOLIOAI_P7_IC1_METHODOLOGY_R7_REGISTRY_V1","REVIEW_REQUIRED","ADVANCES_GROWTH_YOY","","REQUIRED_EVIDENCE_MISSING","methodology_contract; minimum_history=1; freshness_policy=UNSPECIFIED; applicability=APPLICABLE","trendlyne_domains=4/4; retained_documents=2","TRENDLYNE_STRUCTURED_PLUS_PERIOD_SCOPE_OR_OFFICIAL_FILING","p7-ic2-materialize-readiness + v14 reviewed/numeric/history validators","contract-valid source metadata","RAW_PROVIDER_CAPTURE_AVAILABLE; NORMALIZATION_OR_REVIEW_PENDING"
"b330c9fe-ae35-469a-9975-d5af26843b1c","AXISBANK","INE238A01034","258f6539-7e50-4a12-86d0-58663c6ce85f","BANK","","BANK_NBFC_STAGE_8_BANK_V1","PORTFOLIOAI_P7_IC1_METHODOLOGY_R7_REGISTRY_V1","REVIEW_REQUIRED","DEPOSITS_GROWTH_YOY","","REQUIRED_EVIDENCE_MISSING","methodology_contract; minimum_history=1; freshness_policy=UNSPECIFIED; applicability=APPLICABLE","trendlyne_domains=4/4; retained_documents=2","TRENDLYNE_STRUCTURED_PLUS_PERIOD_SCOPE_OR_OFFICIAL_FILING","p7-ic2-materialize-readiness + v14 reviewed/numeric/history validators","contract-valid source metadata","RAW_PROVIDER_CAPTURE_AVAILABLE; NORMALIZATION_OR_REVIEW_PENDING"
"b330c9fe-ae35-469a-9975-d5af26843b1c","AXISBANK","INE238A01034","258f6539-7e50-4a12-86d0-58663c6ce85f","BANK","","BANK_NBFC_STAGE_8_BANK_V1","PORTFOLIOAI_P7_IC1_METHODOLOGY_R7_REGISTRY_V1","REVIEW_REQUIRED","EPS_GROWTH_YOY","","REQUIRED_EVIDENCE_MISSING","methodology_contract; minimum_history=1; freshness_policy=UNSPECIFIED; applicability=APPLICABLE","trendlyne_domains=4/4; retained_documents=2","TRENDLYNE_STRUCTURED_PLUS_PERIOD_SCOPE_OR_OFFICIAL_FILING","p7-ic2-materialize-readiness + v14 reviewed/numeric/history validators","contract-valid source metadata","RAW_PROVIDER_CAPTURE_AVAILABLE; NORMALIZATION_OR_REVIEW_PENDING"
"b330c9fe-ae35-469a-9975-d5af26843b1c","AXISBANK","INE238A01034","258f6539-7e50-4a12-86d0-58663c6ce85f","BANK","","BANK_NBFC_STAGE_8_BANK_V1","PORTFOLIOAI_P7_IC1_METHODOLOGY_R7_REGISTRY_V1","REVIEW_REQUIRED","GOVERNANCE_EVENT_SIGNAL","","REQUIRED_EVIDENCE_MISSING","methodology_contract; minimum_history=1; freshness_policy=UNSPECIFIED; applicability=APPLICABLE","trendlyne_domains=4/4; retained_documents=2","DOCUMENT_DISCOVERY_OFFICIAL_SOURCE_REVIEW","p7-ic2-materialize-readiness + v14 reviewed/numeric/history validators","source metadata and/or factual reviewer decision","RAW_PROVIDER_CAPTURE_AVAILABLE; NORMALIZATION_OR_REVIEW_PENDING"
"b330c9fe-ae35-469a-9975-d5af26843b1c","AXISBANK","INE238A01034","258f6539-7e50-4a12-86d0-58663c6ce85f","BANK","","BANK_NBFC_STAGE_8_BANK_V1","PORTFOLIOAI_P7_IC1_METHODOLOGY_R7_REGISTRY_V1","REVIEW_REQUIRED","NIM_TTM","","REQUIRED_EVIDENCE_MISSING","methodology_contract; minimum_history=1; freshness_policy=UNSPECIFIED; applicability=APPLICABLE","trendlyne_domains=4/4; retained_documents=2","TRENDLYNE_STRUCTURED_PLUS_PERIOD_SCOPE_OR_OFFICIAL_FILING","p7-ic2-materialize-readiness + v14 reviewed/numeric/history validators","contract-valid source metadata","RAW_PROVIDER_CAPTURE_AVAILABLE; NORMALIZATION_OR_REVIEW_PENDING"
"b330c9fe-ae35-469a-9975-d5af26843b1c","AXISBANK","INE238A01034","258f6539-7e50-4a12-86d0-58663c6ce85f","BANK","","BANK_NBFC_STAGE_8_BANK_V1","PORTFOLIOAI_P7_IC1_METHODOLOGY_R7_REGISTRY_V1","REVIEW_REQUIRED","PB_RELATIVE","","REQUIRED_EVIDENCE_MISSING","methodology_contract; minimum_history=1; freshness_policy=UNSPECIFIED; applicability=APPLICABLE","trendlyne_domains=4/4; retained_documents=2","TRENDLYNE_STRUCTURED_PLUS_PERIOD_SCOPE_OR_OFFICIAL_FILING","p7-ic2-materialize-readiness + v14 reviewed/numeric/history validators","contract-valid source metadata","RAW_PROVIDER_CAPTURE_AVAILABLE; NORMALIZATION_OR_REVIEW_PENDING"
"30ce066a-6410-4b11-9b85-e41324971261","BANDHANBNK","INE545U01014","75b046d9-72c4-4b77-b4ad-1f4435364a10","BANK","","BANK_NBFC_STAGE_8_BANK_V1","PORTFOLIOAI_P7_IC1_METHODOLOGY_R7_REGISTRY_V1","REVIEW_REQUIRED","ADVANCES_GROWTH_YOY","","REQUIRED_EVIDENCE_MISSING","methodology_contract; minimum_history=1; freshness_policy=UNSPECIFIED; applicability=APPLICABLE","trendlyne_domains=4/4; retained_documents=1","TRENDLYNE_STRUCTURED_PLUS_PERIOD_SCOPE_OR_OFFICIAL_FILING","p7-ic2-materialize-readiness + v14 reviewed/numeric/history validators","contract-valid source metadata","RAW_PROVIDER_CAPTURE_AVAILABLE; NORMALIZATION_OR_REVIEW_PENDING"
"30ce066a-6410-4b11-9b85-e41324971261","BANDHANBNK","INE545U01014","75b046d9-72c4-4b77-b4ad-1f4435364a10","BANK","","BANK_NBFC_STAGE_8_BANK_V1","PORTFOLIOAI_P7_IC1_METHODOLOGY_R7_REGISTRY_V1","REVIEW_REQUIRED","DEPOSITS_GROWTH_YOY","","REQUIRED_EVIDENCE_MISSING","methodology_contract; minimum_history=1; freshness_policy=UNSPECIFIED; applicability=APPLICABLE","trendlyne_domains=4/4; retained_documents=1","TRENDLYNE_STRUCTURED_PLUS_PERIOD_SCOPE_OR_OFFICIAL_FILING","p7-ic2-materialize-readiness + v14 reviewed/numeric/history validators","contract-valid source metadata","RAW_PROVIDER_CAPTURE_AVAILABLE; NORMALIZATION_OR_REVIEW_PENDING"
"30ce066a-6410-4b11-9b85-e41324971261","BANDHANBNK","INE545U01014","75b046d9-72c4-4b77-b4ad-1f4435364a10","BANK","","BANK_NBFC_STAGE_8_BANK_V1","PORTFOLIOAI_P7_IC1_METHODOLOGY_R7_REGISTRY_V1","REVIEW_REQUIRED","NIM_TTM","","REQUIRED_EVIDENCE_MISSING","methodology_contract; minimum_history=1; freshness_policy=UNSPECIFIED; applicability=APPLICABLE","trendlyne_domains=4/4; retained_documents=1","TRENDLYNE_STRUCTURED_PLUS_PERIOD_SCOPE_OR_OFFICIAL_FILING","p7-ic2-materialize-readiness + v14 reviewed/numeric/history validators","contract-valid source metadata","RAW_PROVIDER_CAPTURE_AVAILABLE; NORMALIZATION_OR_REVIEW_PENDING"
"30ce066a-6410-4b11-9b85-e41324971261","BANDHANBNK","INE545U01014","75b046d9-72c4-4b77-b4ad-1f4435364a10","BANK","","BANK_NBFC_STAGE_8_BANK_V1","PORTFOLIOAI_P7_IC1_METHODOLOGY_R7_REGISTRY_V1","REVIEW_REQUIRED","PB_RELATIVE","","REQUIRED_EVIDENCE_MISSING","methodology_contract; minimum_history=1; freshness_policy=UNSPECIFIED; applicability=APPLICABLE","trendlyne_domains=4/4; retained_documents=1","TRENDLYNE_STRUCTURED_PLUS_PERIOD_SCOPE_OR_OFFICIAL_FILING","p7-ic2-materialize-readiness + v14 reviewed/numeric/history validators","contract-valid source metadata","RAW_PROVIDER_CAPTURE_AVAILABLE; NORMALIZATION_OR_REVIEW_PENDING"
"6771f493-c29a-477e-8cc8-2bede0941e44","BANKBARODA","INE028A01039","70813c67-f9a1-435d-b63b-a5557aa993e6","BANK","","BANK_NBFC_STAGE_8_BANK_V1","PORTFOLIOAI_P7_IC1_METHODOLOGY_R7_REGISTRY_V1","REVIEW_REQUIRED","ADVANCES_GROWTH_YOY","","REQUIRED_EVIDENCE_MISSING","methodology_contract; minimum_history=1; freshness_policy=UNSPECIFIED; applicability=APPLICABLE","trendlyne_domains=4/4; retained_documents=2","TRENDLYNE_STRUCTURED_PLUS_PERIOD_SCOPE_OR_OFFICIAL_FILING","p7-ic2-materialize-readiness + v14 reviewed/numeric/history validators","contract-valid source metadata","RAW_PROVIDER_CAPTURE_AVAILABLE; NORMALIZATION_OR_REVIEW_PENDING"
"6771f493-c29a-477e-8cc8-2bede0941e44","BANKBARODA","INE028A01039","70813c67-f9a1-435d-b63b-a5557aa993e6","BANK","","BANK_NBFC_STAGE_8_BANK_V1","PORTFOLIOAI_P7_IC1_METHODOLOGY_R7_REGISTRY_V1","REVIEW_REQUIRED","DEPOSITS_GROWTH_YOY","","REQUIRED_EVIDENCE_MISSING","methodology_contract; minimum_history=1; freshness_policy=UNSPECIFIED; applicability=APPLICABLE","trendlyne_domains=4/4; retained_documents=2","TRENDLYNE_STRUCTURED_PLUS_PERIOD_SCOPE_OR_OFFICIAL_FILING","p7-ic2-materialize-readiness + v14 reviewed/numeric/history validators","contract-valid source metadata","RAW_PROVIDER_CAPTURE_AVAILABLE; NORMALIZATION_OR_REVIEW_PENDING"
"6771f493-c29a-477e-8cc8-2bede0941e44","BANKBARODA","INE028A01039","70813c67-f9a1-435d-b63b-a5557aa993e6","BANK","","BANK_NBFC_STAGE_8_BANK_V1","PORTFOLIOAI_P7_IC1_METHODOLOGY_R7_REGISTRY_V1","REVIEW_REQUIRED","EPS_GROWTH_YOY","","REQUIRED_EVIDENCE_MISSING","methodology_contract; minimum_history=1; freshness_policy=UNSPECIFIED; applicability=APPLICABLE","trendlyne_domains=4/4; retained_documents=2","TRENDLYNE_STRUCTURED_PLUS_PERIOD_SCOPE_OR_OFFICIAL_FILING","p7-ic2-materialize-readiness + v14 reviewed/numeric/history validators","contract-valid source metadata","RAW_PROVIDER_CAPTURE_AVAILABLE; NORMALIZATION_OR_REVIEW_PENDING"
"6771f493-c29a-477e-8cc8-2bede0941e44","BANKBARODA","INE028A01039","70813c67-f9a1-435d-b63b-a5557aa993e6","BANK","","BANK_NBFC_STAGE_8_BANK_V1","PORTFOLIOAI_P7_IC1_METHODOLOGY_R7_REGISTRY_V1","REVIEW_REQUIRED","GOVERNANCE_EVENT_SIGNAL","","REQUIRED_EVIDENCE_MISSING","methodology_contract; minimum_history=1; freshness_policy=UNSPECIFIED; applicability=APPLICABLE","trendlyne_domains=4/4; retained_documents=2","DOCUMENT_DISCOVERY_OFFICIAL_SOURCE_REVIEW","p7-ic2-materialize-readiness + v14 reviewed/numeric/history validators","source metadata and/or factual reviewer decision","RAW_PROVIDER_CAPTURE_AVAILABLE; NORMALIZATION_OR_REVIEW_PENDING"
"6771f493-c29a-477e-8cc8-2bede0941e44","BANKBARODA","INE028A01039","70813c67-f9a1-435d-b63b-a5557aa993e6","BANK","","BANK_NBFC_STAGE_8_BANK_V1","PORTFOLIOAI_P7_IC1_METHODOLOGY_R7_REGISTRY_V1","REVIEW_REQUIRED","NIM_TTM","","REQUIRED_EVIDENCE_MISSING","methodology_contract; minimum_history=1; freshness_policy=UNSPECIFIED; applicability=APPLICABLE","trendlyne_domains=4/4; retained_documents=2","TRENDLYNE_STRUCTURED_PLUS_PERIOD_SCOPE_OR_OFFICIAL_FILING","p7-ic2-materialize-readiness + v14 reviewed/numeric/history validators","contract-valid source metadata","RAW_PROVIDER_CAPTURE_AVAILABLE; NORMALIZATION_OR_REVIEW_PENDING"
"6771f493-c29a-477e-8cc8-2bede0941e44","BANKBARODA","INE028A01039","70813c67-f9a1-435d-b63b-a5557aa993e6","BANK","","BANK_NBFC_STAGE_8_BANK_V1","PORTFOLIOAI_P7_IC1_METHODOLOGY_R7_REGISTRY_V1","REVIEW_REQUIRED","PB_RELATIVE","","REQUIRED_EVIDENCE_MISSING","methodology_contract; minimum_history=1; freshness_policy=UNSPECIFIED; applicability=APPLICABLE","trendlyne_domains=4/4; retained_documents=2","TRENDLYNE_STRUCTURED_PLUS_PERIOD_SCOPE_OR_OFFICIAL_FILING","p7-ic2-materialize-readiness + v14 reviewed/numeric/history validators","contract-valid source metadata","RAW_PROVIDER_CAPTURE_AVAILABLE; NORMALIZATION_OR_REVIEW_PENDING"
"5aa0fc8f-da21-4468-aac8-c0b5bec17669","BBOX","INE676A01027","58e53333-2865-4bd5-90aa-0b806f2265fd","IT_SERVICES","","IT_TECH_K4B_SCORING_V1","PORTFOLIOAI_P7_IC1_METHODOLOGY_R7_REGISTRY_V1","REVIEW_REQUIRED","NET_CASH_OR_LEVERAGE","","REQUIRED_EVIDENCE_MISSING","methodology_contract; minimum_history=1; freshness_policy=UNSPECIFIED; applicability=APPLICABLE","trendlyne_domains=4/4; retained_documents=2","TRENDLYNE_STRUCTURED_PLUS_PERIOD_SCOPE_OR_OFFICIAL_FILING","p7-ic2-materialize-readiness + v14 reviewed/numeric/history validators","contract-valid source metadata","RAW_PROVIDER_CAPTURE_AVAILABLE; NORMALIZATION_OR_REVIEW_PENDING"
"abc4a0b2-9063-4a8c-8bf9-5f1ea69ea87f","BECTORFOOD","INE495P01020","f1b84301-0819-4c17-b8eb-c45d24cbfc56","BRANDED_CONSUMER_FMCG","","CONSUMER_FMCG_K4B_SCORING_V1","PORTFOLIOAI_P7_IC1_METHODOLOGY_R7_REGISTRY_V1","REVIEW_REQUIRED","BRAND_DISTRIBUTION_CATEGORY_DURABILITY","","REQUIRED_EVIDENCE_MISSING","methodology_contract; minimum_history=1; freshness_policy=UNSPECIFIED; applicability=APPLICABLE","trendlyne_domains=4/4; retained_documents=1","DOCUMENT_DISCOVERY_OFFICIAL_SOURCE_REVIEW","p7-ic2-materialize-readiness + v14 reviewed/numeric/history validators","source metadata and/or factual reviewer decision","RAW_PROVIDER_CAPTURE_AVAILABLE; NORMALIZATION_OR_REVIEW_PENDING"
"abc4a0b2-9063-4a8c-8bf9-5f1ea69ea87f","BECTORFOOD","INE495P01020","f1b84301-0819-4c17-b8eb-c45d24cbfc56","BRANDED_CONSUMER_FMCG","","CONSUMER_FMCG_K4B_SCORING_V1","PORTFOLIOAI_P7_IC1_METHODOLOGY_R7_REGISTRY_V1","REVIEW_REQUIRED","CATEGORY_AND_MARKET_RISK","","REQUIRED_EVIDENCE_MISSING","methodology_contract; minimum_history=1; freshness_policy=UNSPECIFIED; applicability=APPLICABLE","trendlyne_domains=4/4; retained_documents=1","DOCUMENT_DISCOVERY_OFFICIAL_SOURCE_REVIEW","p7-ic2-materialize-readiness + v14 reviewed/numeric/history validators","source metadata and/or factual reviewer decision","RAW_PROVIDER_CAPTURE_AVAILABLE; NORMALIZATION_OR_REVIEW_PENDING"
"abc4a0b2-9063-4a8c-8bf9-5f1ea69ea87f","BECTORFOOD","INE495P01020","f1b84301-0819-4c17-b8eb-c45d24cbfc56","BRANDED_CONSUMER_FMCG","","CONSUMER_FMCG_K4B_SCORING_V1","PORTFOLIOAI_P7_IC1_METHODOLOGY_R7_REGISTRY_V1","REVIEW_REQUIRED","CFO_OR_FCF_CONVERSION_AND_WORKING_CAPITAL","","REQUIRED_EVIDENCE_MISSING","methodology_contract; minimum_history=1; freshness_policy=UNSPECIFIED; applicability=APPLICABLE","trendlyne_domains=4/4; retained_documents=1","TRENDLYNE_STRUCTURED_PLUS_PERIOD_SCOPE_OR_OFFICIAL_FILING","p7-ic2-materialize-readiness + v14 reviewed/numeric/history validators","contract-valid source metadata","RAW_PROVIDER_CAPTURE_AVAILABLE; NORMALIZATION_OR_REVIEW_PENDING"
"abc4a0b2-9063-4a8c-8bf9-5f1ea69ea87f","BECTORFOOD","INE495P01020","f1b84301-0819-4c17-b8eb-c45d24cbfc56","BRANDED_CONSUMER_FMCG","","CONSUMER_FMCG_K4B_SCORING_V1","PORTFOLIOAI_P7_IC1_METHODOLOGY_R7_REGISTRY_V1","REVIEW_REQUIRED","GROSS_AND_OPERATING_MARGIN_HISTORY","","REQUIRED_EVIDENCE_MISSING","methodology_contract; minimum_history=1; freshness_policy=UNSPECIFIED; applicability=APPLICABLE","trendlyne_domains=4/4; retained_documents=1","DOCUMENT_DISCOVERY_OFFICIAL_SOURCE_REVIEW","p7-ic2-materialize-readiness + v14 reviewed/numeric/history validators","source metadata and/or factual reviewer decision","RAW_PROVIDER_CAPTURE_AVAILABLE; NORMALIZATION_OR_REVIEW_PENDING"
"abc4a0b2-9063-4a8c-8bf9-5f1ea69ea87f","BECTORFOOD","INE495P01020","f1b84301-0819-4c17-b8eb-c45d24cbfc56","BRANDED_CONSUMER_FMCG","","CONSUMER_FMCG_K4B_SCORING_V1","PORTFOLIOAI_P7_IC1_METHODOLOGY_R7_REGISTRY_V1","REVIEW_REQUIRED","NET_CASH_OR_LEVERAGE","","REQUIRED_EVIDENCE_MISSING","methodology_contract; minimum_history=1; freshness_policy=UNSPECIFIED; applicability=APPLICABLE","trendlyne_domains=4/4; retained_documents=1","TRENDLYNE_STRUCTURED_PLUS_PERIOD_SCOPE_OR_OFFICIAL_FILING","p7-ic2-materialize-readiness + v14 reviewed/numeric/history validators","contract-valid source metadata","RAW_PROVIDER_CAPTURE_AVAILABLE; NORMALIZATION_OR_REVIEW_PENDING"
"abc4a0b2-9063-4a8c-8bf9-5f1ea69ea87f","BECTORFOOD","INE495P01020","f1b84301-0819-4c17-b8eb-c45d24cbfc56","BRANDED_CONSUMER_FMCG","","CONSUMER_FMCG_K4B_SCORING_V1","PORTFOLIOAI_P7_IC1_METHODOLOGY_R7_REGISTRY_V1","REVIEW_REQUIRED","OWNERSHIP_GOVERNANCE","","REQUIRED_EVIDENCE_MISSING","methodology_contract; minimum_history=4; freshness_policy=UNSPECIFIED; applicability=APPLICABLE","trendlyne_domains=4/4; retained_documents=1","TRENDLYNE_OWNERSHIP_REVIEW","p7-ic2-materialize-readiness + v14 reviewed/numeric/history validators","source metadata and/or factual reviewer decision","RAW_PROVIDER_CAPTURE_AVAILABLE; NORMALIZATION_OR_REVIEW_PENDING"
"abc4a0b2-9063-4a8c-8bf9-5f1ea69ea87f","BECTORFOOD","INE495P01020","f1b84301-0819-4c17-b8eb-c45d24cbfc56","BRANDED_CONSUMER_FMCG","","CONSUMER_FMCG_K4B_SCORING_V1","PORTFOLIOAI_P7_IC1_METHODOLOGY_R7_REGISTRY_V1","REVIEW_REQUIRED","REVENUE_AND_VOLUME_PRICE_MIX_GROWTH","","REQUIRED_EVIDENCE_MISSING","methodology_contract; minimum_history=1; freshness_policy=UNSPECIFIED; applicability=APPLICABLE","trendlyne_domains=4/4; retained_documents=1","VALIDATED_HISTORY_BENCHMARK_PATH","p7-ic2-materialize-readiness + v14 reviewed/numeric/history validators","contract-valid source metadata","RAW_PROVIDER_CAPTURE_AVAILABLE; NORMALIZATION_OR_REVIEW_PENDING"
"abc4a0b2-9063-4a8c-8bf9-5f1ea69ea87f","BECTORFOOD","INE495P01020","f1b84301-0819-4c17-b8eb-c45d24cbfc56","BRANDED_CONSUMER_FMCG","","CONSUMER_FMCG_K4B_SCORING_V1","PORTFOLIOAI_P7_IC1_METHODOLOGY_R7_REGISTRY_V1","REVIEW_REQUIRED","ROCE_OR_ROIC","","REQUIRED_EVIDENCE_MISSING","methodology_contract; minimum_history=1; freshness_policy=UNSPECIFIED; applicability=APPLICABLE","trendlyne_domains=4/4; retained_documents=1","TRENDLYNE_STRUCTURED_PLUS_PERIOD_SCOPE_OR_OFFICIAL_FILING","p7-ic2-materialize-readiness + v14 reviewed/numeric/history validators","contract-valid source metadata","RAW_PROVIDER_CAPTURE_AVAILABLE; NORMALIZATION_OR_REVIEW_PENDING"
"abc4a0b2-9063-4a8c-8bf9-5f1ea69ea87f","BECTORFOOD","INE495P01020","f1b84301-0819-4c17-b8eb-c45d24cbfc56","BRANDED_CONSUMER_FMCG","","CONSUMER_FMCG_K4B_SCORING_V1","PORTFOLIOAI_P7_IC1_METHODOLOGY_R7_REGISTRY_V1","REVIEW_REQUIRED","VALUATION","","REQUIRED_EVIDENCE_MISSING","methodology_contract; minimum_history=1; freshness_policy=UNSPECIFIED; applicability=APPLICABLE","trendlyne_domains=4/4; retained_documents=1","TRENDLYNE_STRUCTURED_PLUS_PERIOD_SCOPE_OR_OFFICIAL_FILING","p7-ic2-materialize-readiness + v14 reviewed/numeric/history validators","contract-valid source metadata","RAW_PROVIDER_CAPTURE_AVAILABLE; NORMALIZATION_OR_REVIEW_PENDING"
"b5aefac8-52bb-45b0-b9d0-87c9aad7c3a0","BHARTIARTL","INE397D01024","7ffd6c0e-aed7-4805-b1d4-ea9f500c4d79","TELECOM_OPERATOR","","P7_IC1_TELECOM_OPERATOR_METHODOLOGY_V1","PORTFOLIOAI_P7_IC1_METHODOLOGY_R7_REGISTRY_V1","REVIEW_REQUIRED","ARPU_MARGIN_NETWORK_QUALITY","","REQUIRED_EVIDENCE_MISSING","methodology_contract; minimum_history=8; freshness_policy=FUNDAMENTAL_150_DAYS_ANNUAL_550_DAYS; applicability=APPLICABLE","trendlyne_domains=4/4; retained_documents=1","TRENDLYNE_STRUCTURED_PLUS_PERIOD_SCOPE_OR_OFFICIAL_FILING","p7-ic2-materialize-readiness + v14 reviewed/numeric/history validators","contract-valid source metadata","RAW_PROVIDER_CAPTURE_AVAILABLE; NORMALIZATION_OR_REVIEW_PENDING"
"b5aefac8-52bb-45b0-b9d0-87c9aad7c3a0","BHARTIARTL","INE397D01024","7ffd6c0e-aed7-4805-b1d4-ea9f500c4d79","TELECOM_OPERATOR","","P7_IC1_TELECOM_OPERATOR_METHODOLOGY_V1","PORTFOLIOAI_P7_IC1_METHODOLOGY_R7_REGISTRY_V1","REVIEW_REQUIRED","CFO_FCF_CAPEX_CONVERSION","","REQUIRED_EVIDENCE_MISSING","methodology_contract; minimum_history=3; freshness_policy=FUNDAMENTAL_150_DAYS_ANNUAL_550_DAYS; applicability=APPLICABLE","trendlyne_domains=4/4; retained_documents=1","TRENDLYNE_STRUCTURED_PLUS_PERIOD_SCOPE_OR_OFFICIAL_FILING","p7-ic2-materialize-readiness + v14 reviewed/numeric/history validators","contract-valid source metadata","RAW_PROVIDER_CAPTURE_AVAILABLE; NORMALIZATION_OR_REVIEW_PENDING"
"b5aefac8-52bb-45b0-b9d0-87c9aad7c3a0","BHARTIARTL","INE397D01024","7ffd6c0e-aed7-4805-b1d4-ea9f500c4d79","TELECOM_OPERATOR","","P7_IC1_TELECOM_OPERATOR_METHODOLOGY_V1","PORTFOLIOAI_P7_IC1_METHODOLOGY_R7_REGISTRY_V1","REVIEW_REQUIRED","CHURN_OR_CUSTOMER_QUALITY","","REQUIRED_EVIDENCE_MISSING","methodology_contract; minimum_history=8; freshness_policy=FUNDAMENTAL_150_DAYS_ANNUAL_550_DAYS; applicability=APPLICABLE","trendlyne_domains=4/4; retained_documents=1","DOCUMENT_DISCOVERY_OFFICIAL_SOURCE_REVIEW","p7-ic2-materialize-readiness + v14 reviewed/numeric/history validators","source metadata and/or factual reviewer decision","RAW_PROVIDER_CAPTURE_AVAILABLE; NORMALIZATION_OR_REVIEW_PENDING"
"b5aefac8-52bb-45b0-b9d0-87c9aad7c3a0","BHARTIARTL","INE397D01024","7ffd6c0e-aed7-4805-b1d4-ea9f500c4d79","TELECOM_OPERATOR","","P7_IC1_TELECOM_OPERATOR_METHODOLOGY_V1","PORTFOLIOAI_P7_IC1_METHODOLOGY_R7_REGISTRY_V1","REVIEW_REQUIRED","EV_EBITDA","","REQUIRED_EVIDENCE_MISSING","methodology_contract; minimum_history=3; freshness_policy=FUNDAMENTAL_150_DAYS_ANNUAL_550_DAYS; applicability=APPLICABLE","trendlyne_domains=4/4; retained_documents=1","TRENDLYNE_STRUCTURED_PLUS_PERIOD_SCOPE_OR_OFFICIAL_FILING","p7-ic2-materialize-readiness + v14 reviewed/numeric/history validators","contract-valid source metadata","RAW_PROVIDER_CAPTURE_AVAILABLE; NORMALIZATION_OR_REVIEW_PENDING"
"b5aefac8-52bb-45b0-b9d0-87c9aad7c3a0","BHARTIARTL","INE397D01024","7ffd6c0e-aed7-4805-b1d4-ea9f500c4d79","TELECOM_OPERATOR","","P7_IC1_TELECOM_OPERATOR_METHODOLOGY_V1","PORTFOLIOAI_P7_IC1_METHODOLOGY_R7_REGISTRY_V1","REVIEW_REQUIRED","EV_SUBSCRIBER_OR_ARPU_CONTEXT","","REQUIRED_EVIDENCE_MISSING","methodology_contract; minimum_history=3; freshness_policy=FUNDAMENTAL_150_DAYS_ANNUAL_550_DAYS; applicability=APPLICABLE","trendlyne_domains=4/4; retained_documents=1","TRENDLYNE_STRUCTURED_PLUS_PERIOD_SCOPE_OR_OFFICIAL_FILING","p7-ic2-materialize-readiness + v14 reviewed/numeric/history validators","contract-valid source metadata","RAW_PROVIDER_CAPTURE_AVAILABLE; NORMALIZATION_OR_REVIEW_PENDING"
"b5aefac8-52bb-45b0-b9d0-87c9aad7c3a0","BHARTIARTL","INE397D01024","7ffd6c0e-aed7-4805-b1d4-ea9f500c4d79","TELECOM_OPERATOR","","P7_IC1_TELECOM_OPERATOR_METHODOLOGY_V1","PORTFOLIOAI_P7_IC1_METHODOLOGY_R7_REGISTRY_V1","REVIEW_REQUIRED","FCF_YIELD","","REQUIRED_EVIDENCE_MISSING","methodology_contract; minimum_history=3; freshness_policy=FUNDAMENTAL_150_DAYS_ANNUAL_550_DAYS; applicability=APPLICABLE","trendlyne_domains=4/4; retained_documents=1","TRENDLYNE_STRUCTURED_PLUS_PERIOD_SCOPE_OR_OFFICIAL_FILING","p7-ic2-materialize-readiness + v14 reviewed/numeric/history validators","contract-valid source metadata","RAW_PROVIDER_CAPTURE_AVAILABLE; NORMALIZATION_OR_REVIEW_PENDING"
"b5aefac8-52bb-45b0-b9d0-87c9aad7c3a0","BHARTIARTL","INE397D01024","7ffd6c0e-aed7-4805-b1d4-ea9f500c4d79","TELECOM_OPERATOR","","P7_IC1_TELECOM_OPERATOR_METHODOLOGY_V1","PORTFOLIOAI_P7_IC1_METHODOLOGY_R7_REGISTRY_V1","REVIEW_REQUIRED","GOVERNANCE_EVENT_REVIEW","","REQUIRED_EVIDENCE_MISSING","methodology_contract; minimum_history=4; freshness_policy=FUNDAMENTAL_150_DAYS_ANNUAL_550_DAYS; applicability=APPLICABLE","trendlyne_domains=4/4; retained_documents=1","DOCUMENT_DISCOVERY_OFFICIAL_SOURCE_REVIEW","p7-ic2-materialize-readiness + v14 reviewed/numeric/history validators","source metadata and/or factual reviewer decision","RAW_PROVIDER_CAPTURE_AVAILABLE; NORMALIZATION_OR_REVIEW_PENDING"
"b5aefac8-52bb-45b0-b9d0-87c9aad7c3a0","BHARTIARTL","INE397D01024","7ffd6c0e-aed7-4805-b1d4-ea9f500c4d79","TELECOM_OPERATOR","","P7_IC1_TELECOM_OPERATOR_METHODOLOGY_V1","PORTFOLIOAI_P7_IC1_METHODOLOGY_R7_REGISTRY_V1","REVIEW_REQUIRED","NET_DEBT_SPECTRUM_LIABILITY_INTEREST_COVERAGE","","REQUIRED_EVIDENCE_MISSING","methodology_contract; minimum_history=3; freshness_policy=FUNDAMENTAL_150_DAYS_ANNUAL_550_DAYS; applicability=APPLICABLE","trendlyne_domains=4/4; retained_documents=1","TRENDLYNE_STRUCTURED_PLUS_PERIOD_SCOPE_OR_OFFICIAL_FILING","p7-ic2-materialize-readiness + v14 reviewed/numeric/history validators","contract-valid source metadata","RAW_PROVIDER_CAPTURE_AVAILABLE; NORMALIZATION_OR_REVIEW_PENDING"
"b5aefac8-52bb-45b0-b9d0-87c9aad7c3a0","BHARTIARTL","INE397D01024","7ffd6c0e-aed7-4805-b1d4-ea9f500c4d79","TELECOM_OPERATOR","","P7_IC1_TELECOM_OPERATOR_METHODOLOGY_V1","PORTFOLIOAI_P7_IC1_METHODOLOGY_R7_REGISTRY_V1","REVIEW_REQUIRED","OWNERSHIP_TREND_4Q","","REQUIRED_EVIDENCE_MISSING","methodology_contract; minimum_history=4; freshness_policy=FUNDAMENTAL_150_DAYS_ANNUAL_550_DAYS; applicability=APPLICABLE","trendlyne_domains=4/4; retained_documents=1","TRENDLYNE_OWNERSHIP_REVIEW","p7-ic2-materialize-readiness + v14 reviewed/numeric/history validators","source metadata and/or factual reviewer decision","RAW_PROVIDER_CAPTURE_AVAILABLE; NORMALIZATION_OR_REVIEW_PENDING"
"b5aefac8-52bb-45b0-b9d0-87c9aad7c3a0","BHARTIARTL","INE397D01024","7ffd6c0e-aed7-4805-b1d4-ea9f500c4d79","TELECOM_OPERATOR","","P7_IC1_TELECOM_OPERATOR_METHODOLOGY_V1","PORTFOLIOAI_P7_IC1_METHODOLOGY_R7_REGISTRY_V1","REVIEW_REQUIRED","REGULATION_COMPETITION_CAPEX_TECH_TRANSITION","","REQUIRED_EVIDENCE_MISSING","methodology_contract; minimum_history=252; freshness_policy=MARKET_5_TRADING_DAYS; applicability=APPLICABLE","trendlyne_domains=4/4; retained_documents=1","TRENDLYNE_STRUCTURED_PLUS_PERIOD_SCOPE_OR_OFFICIAL_FILING","p7-ic2-materialize-readiness + v14 reviewed/numeric/history validators","contract-valid source metadata","RAW_PROVIDER_CAPTURE_AVAILABLE; NORMALIZATION_OR_REVIEW_PENDING"
"b5aefac8-52bb-45b0-b9d0-87c9aad7c3a0","BHARTIARTL","INE397D01024","7ffd6c0e-aed7-4805-b1d4-ea9f500c4d79","TELECOM_OPERATOR","","P7_IC1_TELECOM_OPERATOR_METHODOLOGY_V1","PORTFOLIOAI_P7_IC1_METHODOLOGY_R7_REGISTRY_V1","REVIEW_REQUIRED","ROCE_OR_ROIC_SPECTRUM_NETWORK","","REQUIRED_EVIDENCE_MISSING","methodology_contract; minimum_history=3; freshness_policy=FUNDAMENTAL_150_DAYS_ANNUAL_550_DAYS; applicability=APPLICABLE","trendlyne_domains=4/4; retained_documents=1","TRENDLYNE_STRUCTURED_PLUS_PERIOD_SCOPE_OR_OFFICIAL_FILING","p7-ic2-materialize-readiness + v14 reviewed/numeric/history validators","contract-valid source metadata","RAW_PROVIDER_CAPTURE_AVAILABLE; NORMALIZATION_OR_REVIEW_PENDING"
"b5aefac8-52bb-45b0-b9d0-87c9aad7c3a0","BHARTIARTL","INE397D01024","7ffd6c0e-aed7-4805-b1d4-ea9f500c4d79","TELECOM_OPERATOR","","P7_IC1_TELECOM_OPERATOR_METHODOLOGY_V1","PORTFOLIOAI_P7_IC1_METHODOLOGY_R7_REGISTRY_V1","REVIEW_REQUIRED","ROCE_SPECTRUM_CONTEXT","","REQUIRED_EVIDENCE_MISSING","methodology_contract; minimum_history=3; freshness_policy=FUNDAMENTAL_150_DAYS_ANNUAL_550_DAYS; applicability=APPLICABLE","trendlyne_domains=4/4; retained_documents=1","TRENDLYNE_STRUCTURED_PLUS_PERIOD_SCOPE_OR_OFFICIAL_FILING","p7-ic2-materialize-readiness + v14 reviewed/numeric/history validators","contract-valid source metadata","RAW_PROVIDER_CAPTURE_AVAILABLE; NORMALIZATION_OR_REVIEW_PENDING"
"b5aefac8-52bb-45b0-b9d0-87c9aad7c3a0","BHARTIARTL","INE397D01024","7ffd6c0e-aed7-4805-b1d4-ea9f500c4d79","TELECOM_OPERATOR","","P7_IC1_TELECOM_OPERATOR_METHODOLOGY_V1","PORTFOLIOAI_P7_IC1_METHODOLOGY_R7_REGISTRY_V1","REVIEW_REQUIRED","SPECTRUM_NETWORK_SCALE_BRAND_DISTRIBUTION","","REQUIRED_EVIDENCE_MISSING","methodology_contract; minimum_history=3; freshness_policy=FUNDAMENTAL_150_DAYS_ANNUAL_550_DAYS; applicability=APPLICABLE","trendlyne_domains=4/4; retained_documents=1","DOCUMENT_DISCOVERY_OFFICIAL_SOURCE_REVIEW","p7-ic2-materialize-readiness + v14 reviewed/numeric/history validators","source metadata and/or factual reviewer decision","RAW_PROVIDER_CAPTURE_AVAILABLE; NORMALIZATION_OR_REVIEW_PENDING"
"b5aefac8-52bb-45b0-b9d0-87c9aad7c3a0","BHARTIARTL","INE397D01024","7ffd6c0e-aed7-4805-b1d4-ea9f500c4d79","TELECOM_OPERATOR","","P7_IC1_TELECOM_OPERATOR_METHODOLOGY_V1","PORTFOLIOAI_P7_IC1_METHODOLOGY_R7_REGISTRY_V1","REVIEW_REQUIRED","SUBSCRIBER_DATA_ARPU_REVENUE_GROWTH","","REQUIRED_EVIDENCE_MISSING","methodology_contract; minimum_history=8; freshness_policy=FUNDAMENTAL_150_DAYS_ANNUAL_550_DAYS; applicability=APPLICABLE","trendlyne_domains=4/4; retained_documents=1","TRENDLYNE_STRUCTURED_PLUS_PERIOD_SCOPE_OR_OFFICIAL_FILING","p7-ic2-materialize-readiness + v14 reviewed/numeric/history validators","contract-valid source metadata","RAW_PROVIDER_CAPTURE_AVAILABLE; NORMALIZATION_OR_REVIEW_PENDING"
"25ae050e-8ce0-4c17-9dfc-56fb8202e7b0","BIKAJI","INE00E101023","ae94d2db-b040-46b9-9c5a-04d49f7062ab","BRANDED_CONSUMER_FMCG","","CONSUMER_FMCG_K4B_SCORING_V1","PORTFOLIOAI_P7_IC1_METHODOLOGY_R7_REGISTRY_V1","REVIEW_REQUIRED","CATEGORY_AND_MARKET_RISK","","REQUIRED_EVIDENCE_MISSING","methodology_contract; minimum_history=1; freshness_policy=UNSPECIFIED; applicability=APPLICABLE","trendlyne_domains=4/4; retained_documents=1","DOCUMENT_DISCOVERY_OFFICIAL_SOURCE_REVIEW","p7-ic2-materialize-readiness + v14 reviewed/numeric/history validators","source metadata and/or factual reviewer decision","RAW_PROVIDER_CAPTURE_AVAILABLE; NORMALIZATION_OR_REVIEW_PENDING"
"25ae050e-8ce0-4c17-9dfc-56fb8202e7b0","BIKAJI","INE00E101023","ae94d2db-b040-46b9-9c5a-04d49f7062ab","BRANDED_CONSUMER_FMCG","","CONSUMER_FMCG_K4B_SCORING_V1","PORTFOLIOAI_P7_IC1_METHODOLOGY_R7_REGISTRY_V1","REVIEW_REQUIRED","REVENUE_AND_VOLUME_PRICE_MIX_GROWTH","","REQUIRED_EVIDENCE_MISSING","methodology_contract; minimum_history=1; freshness_policy=UNSPECIFIED; applicability=APPLICABLE","trendlyne_domains=4/4; retained_documents=1","VALIDATED_HISTORY_BENCHMARK_PATH","p7-ic2-materialize-readiness + v14 reviewed/numeric/history validators","contract-valid source metadata","RAW_PROVIDER_CAPTURE_AVAILABLE; NORMALIZATION_OR_REVIEW_PENDING"
"bfc9de73-b3a2-42d9-9d25-a7f871890ccd","BIOCON","INE376G01013","48586e7f-235b-41b6-8617-2ad578c7fc6e","PHARMA","BIOPHARMA_BIOSIMILARS","PHARMA_V1_PLUS_REVIEWED_PRIMARY_SUBPROFILE","PORTFOLIOAI_P7_IC1_METHODOLOGY_R7_REGISTRY_V1","REVIEW_REQUIRED","CAPEX","","REQUIRED_EVIDENCE_MISSING","methodology_contract; minimum_history=3; freshness_policy=UNSPECIFIED; applicability=APPLICABLE","trendlyne_domains=4/4; retained_documents=2","TRENDLYNE_STRUCTURED_PLUS_PERIOD_SCOPE_OR_OFFICIAL_FILING","p7-ic2-materialize-readiness + v14 reviewed/numeric/history validators","contract-valid source metadata","RAW_PROVIDER_CAPTURE_AVAILABLE; NORMALIZATION_OR_REVIEW_PENDING"
"bfc9de73-b3a2-42d9-9d25-a7f871890ccd","BIOCON","INE376G01013","48586e7f-235b-41b6-8617-2ad578c7fc6e","PHARMA","BIOPHARMA_BIOSIMILARS","PHARMA_V1_PLUS_REVIEWED_PRIMARY_SUBPROFILE","PORTFOLIOAI_P7_IC1_METHODOLOGY_R7_REGISTRY_V1","REVIEW_REQUIRED","EV_EBITDA","","REQUIRED_EVIDENCE_MISSING","methodology_contract; minimum_history=3; freshness_policy=UNSPECIFIED; applicability=APPLICABLE","trendlyne_domains=4/4; retained_documents=2","TRENDLYNE_STRUCTURED_PLUS_PERIOD_SCOPE_OR_OFFICIAL_FILING","p7-ic2-materialize-readiness + v14 reviewed/numeric/history validators","contract-valid source metadata","RAW_PROVIDER_CAPTURE_AVAILABLE; NORMALIZATION_OR_REVIEW_PENDING"
"bfc9de73-b3a2-42d9-9d25-a7f871890ccd","BIOCON","INE376G01013","48586e7f-235b-41b6-8617-2ad578c7fc6e","PHARMA","BIOPHARMA_BIOSIMILARS","PHARMA_V1_PLUS_REVIEWED_PRIMARY_SUBPROFILE","PORTFOLIOAI_P7_IC1_METHODOLOGY_R7_REGISTRY_V1","REVIEW_REQUIRED","FCF_YIELD","","REQUIRED_EVIDENCE_MISSING","methodology_contract; minimum_history=3; freshness_policy=UNSPECIFIED; applicability=APPLICABLE","trendlyne_domains=4/4; retained_documents=2","TRENDLYNE_STRUCTURED_PLUS_PERIOD_SCOPE_OR_OFFICIAL_FILING","p7-ic2-materialize-readiness + v14 reviewed/numeric/history validators","contract-valid source metadata","RAW_PROVIDER_CAPTURE_AVAILABLE; NORMALIZATION_OR_REVIEW_PENDING"
"062e06db-2e81-4698-86f0-aa6b90f83853","BLUESTARCO","INE472A01039","5a175c31-a907-4e4f-a77e-93876d78d476","CONSUMER_DURABLES","","P7_IC1_CONSUMER_DURABLES_METHODOLOGY_V1","PORTFOLIOAI_P7_IC1_METHODOLOGY_R7_REGISTRY_V1","REVIEW_REQUIRED","CATEGORY_POSITION","","REQUIRED_EVIDENCE_MISSING","methodology_contract; minimum_history=3; freshness_policy=FUNDAMENTAL_150_DAYS_ANNUAL_550_DAYS; applicability=APPLICABLE","trendlyne_domains=4/4; retained_documents=2","DOCUMENT_DISCOVERY_OFFICIAL_SOURCE_REVIEW","p7-ic2-materialize-readiness + v14 reviewed/numeric/history validators","source metadata and/or factual reviewer decision","RAW_PROVIDER_CAPTURE_AVAILABLE; NORMALIZATION_OR_REVIEW_PENDING"
"062e06db-2e81-4698-86f0-aa6b90f83853","BLUESTARCO","INE472A01039","5a175c31-a907-4e4f-a77e-93876d78d476","CONSUMER_DURABLES","","P7_IC1_CONSUMER_DURABLES_METHODOLOGY_V1","PORTFOLIOAI_P7_IC1_METHODOLOGY_R7_REGISTRY_V1","REVIEW_REQUIRED","CFO_FCF_WORKING_CAPITAL","","REQUIRED_EVIDENCE_MISSING","methodology_contract; minimum_history=3; freshness_policy=FUNDAMENTAL_150_DAYS_ANNUAL_550_DAYS; applicability=APPLICABLE","trendlyne_domains=4/4; retained_documents=2","TRENDLYNE_STRUCTURED_PLUS_PERIOD_SCOPE_OR_OFFICIAL_FILING","p7-ic2-materialize-readiness + v14 reviewed/numeric/history validators","contract-valid source metadata","RAW_PROVIDER_CAPTURE_AVAILABLE; NORMALIZATION_OR_REVIEW_PENDING"
"062e06db-2e81-4698-86f0-aa6b90f83853","BLUESTARCO","INE472A01039","5a175c31-a907-4e4f-a77e-93876d78d476","CONSUMER_DURABLES","","P7_IC1_CONSUMER_DURABLES_METHODOLOGY_V1","PORTFOLIOAI_P7_IC1_METHODOLOGY_R7_REGISTRY_V1","REVIEW_REQUIRED","EV_EBITDA","","REQUIRED_EVIDENCE_MISSING","methodology_contract; minimum_history=3; freshness_policy=FUNDAMENTAL_150_DAYS_ANNUAL_550_DAYS; applicability=APPLICABLE","trendlyne_domains=4/4; retained_documents=2","TRENDLYNE_STRUCTURED_PLUS_PERIOD_SCOPE_OR_OFFICIAL_FILING","p7-ic2-materialize-readiness + v14 reviewed/numeric/history validators","contract-valid source metadata","RAW_PROVIDER_CAPTURE_AVAILABLE; NORMALIZATION_OR_REVIEW_PENDING"
"062e06db-2e81-4698-86f0-aa6b90f83853","BLUESTARCO","INE472A01039","5a175c31-a907-4e4f-a77e-93876d78d476","CONSUMER_DURABLES","","P7_IC1_CONSUMER_DURABLES_METHODOLOGY_V1","PORTFOLIOAI_P7_IC1_METHODOLOGY_R7_REGISTRY_V1","REVIEW_REQUIRED","FCF_YIELD","","REQUIRED_EVIDENCE_MISSING","methodology_contract; minimum_history=3; freshness_policy=FUNDAMENTAL_150_DAYS_ANNUAL_550_DAYS; applicability=APPLICABLE","trendlyne_domains=4/4; retained_documents=2","TRENDLYNE_STRUCTURED_PLUS_PERIOD_SCOPE_OR_OFFICIAL_FILING","p7-ic2-materialize-readiness + v14 reviewed/numeric/history validators","contract-valid source metadata","RAW_PROVIDER_CAPTURE_AVAILABLE; NORMALIZATION_OR_REVIEW_PENDING"
"062e06db-2e81-4698-86f0-aa6b90f83853","BLUESTARCO","INE472A01039","5a175c31-a907-4e4f-a77e-93876d78d476","CONSUMER_DURABLES","","P7_IC1_CONSUMER_DURABLES_METHODOLOGY_V1","PORTFOLIOAI_P7_IC1_METHODOLOGY_R7_REGISTRY_V1","REVIEW_REQUIRED","REVENUE_VOLUME_CATEGORY_GROWTH","","REQUIRED_EVIDENCE_MISSING","methodology_contract; minimum_history=8; freshness_policy=FUNDAMENTAL_150_DAYS_ANNUAL_550_DAYS; applicability=APPLICABLE","trendlyne_domains=4/4; retained_documents=2","DOCUMENT_DISCOVERY_OFFICIAL_SOURCE_REVIEW","p7-ic2-materialize-readiness + v14 reviewed/numeric/history validators","source metadata and/or factual reviewer decision","RAW_PROVIDER_CAPTURE_AVAILABLE; NORMALIZATION_OR_REVIEW_PENDING"
"e08c0b9e-a2d9-45b4-97b1-49e078869d3b","BLUSPRING","INE0U4101014","928cf230-b834-4865-9433-47134dfd7d4a","BUSINESS_SERVICES","","P7_IC1_BUSINESS_SERVICES_METHODOLOGY_V1","PORTFOLIOAI_P7_IC1_METHODOLOGY_R7_REGISTRY_V1","REVIEW_REQUIRED","CFO_FCF_CONVERSION","","REQUIRED_EVIDENCE_MISSING","methodology_contract; minimum_history=3; freshness_policy=FUNDAMENTAL_150_DAYS_ANNUAL_550_DAYS; applicability=APPLICABLE","trendlyne_domains=4/4; retained_documents=2","TRENDLYNE_STRUCTURED_PLUS_PERIOD_SCOPE_OR_OFFICIAL_FILING","p7-ic2-materialize-readiness + v14 reviewed/numeric/history validators","contract-valid source metadata","RAW_PROVIDER_CAPTURE_AVAILABLE; NORMALIZATION_OR_REVIEW_PENDING"
"e08c0b9e-a2d9-45b4-97b1-49e078869d3b","BLUSPRING","INE0U4101014","928cf230-b834-4865-9433-47134dfd7d4a","BUSINESS_SERVICES","","P7_IC1_BUSINESS_SERVICES_METHODOLOGY_V1","PORTFOLIOAI_P7_IC1_METHODOLOGY_R7_REGISTRY_V1","REVIEW_REQUIRED","CLIENT_DIVERSIFICATION","","REQUIRED_EVIDENCE_MISSING","methodology_contract; minimum_history=3; freshness_policy=FUNDAMENTAL_150_DAYS_ANNUAL_550_DAYS; applicability=APPLICABLE","trendlyne_domains=4/4; retained_documents=2","DOCUMENT_DISCOVERY_OFFICIAL_SOURCE_REVIEW","p7-ic2-materialize-readiness + v14 reviewed/numeric/history validators","source metadata and/or factual reviewer decision","RAW_PROVIDER_CAPTURE_AVAILABLE; NORMALIZATION_OR_REVIEW_PENDING"
"e08c0b9e-a2d9-45b4-97b1-49e078869d3b","BLUSPRING","INE0U4101014","928cf230-b834-4865-9433-47134dfd7d4a","BUSINESS_SERVICES","","P7_IC1_BUSINESS_SERVICES_METHODOLOGY_V1","PORTFOLIOAI_P7_IC1_METHODOLOGY_R7_REGISTRY_V1","REVIEW_REQUIRED","EV_EBITDA","","REQUIRED_EVIDENCE_MISSING","methodology_contract; minimum_history=3; freshness_policy=FUNDAMENTAL_150_DAYS_ANNUAL_550_DAYS; applicability=APPLICABLE","trendlyne_domains=4/4; retained_documents=2","TRENDLYNE_STRUCTURED_PLUS_PERIOD_SCOPE_OR_OFFICIAL_FILING","p7-ic2-materialize-readiness + v14 reviewed/numeric/history validators","contract-valid source metadata","RAW_PROVIDER_CAPTURE_AVAILABLE; NORMALIZATION_OR_REVIEW_PENDING"
"e08c0b9e-a2d9-45b4-97b1-49e078869d3b","BLUSPRING","INE0U4101014","928cf230-b834-4865-9433-47134dfd7d4a","BUSINESS_SERVICES","","P7_IC1_BUSINESS_SERVICES_METHODOLOGY_V1","PORTFOLIOAI_P7_IC1_METHODOLOGY_R7_REGISTRY_V1","REVIEW_REQUIRED","FCF_YIELD","","REQUIRED_EVIDENCE_MISSING","methodology_contract; minimum_history=3; freshness_policy=FUNDAMENTAL_150_DAYS_ANNUAL_550_DAYS; applicability=APPLICABLE","trendlyne_domains=4/4; retained_documents=2","TRENDLYNE_STRUCTURED_PLUS_PERIOD_SCOPE_OR_OFFICIAL_FILING","p7-ic2-materialize-readiness + v14 reviewed/numeric/history validators","contract-valid source metadata","RAW_PROVIDER_CAPTURE_AVAILABLE; NORMALIZATION_OR_REVIEW_PENDING"
"e08c0b9e-a2d9-45b4-97b1-49e078869d3b","BLUSPRING","INE0U4101014","928cf230-b834-4865-9433-47134dfd7d4a","BUSINESS_SERVICES","","P7_IC1_BUSINESS_SERVICES_METHODOLOGY_V1","PORTFOLIOAI_P7_IC1_METHODOLOGY_R7_REGISTRY_V1","REVIEW_REQUIRED","NET_CASH_OR_LEVERAGE","","REQUIRED_EVIDENCE_MISSING","methodology_contract; minimum_history=3; freshness_policy=FUNDAMENTAL_150_DAYS_ANNUAL_550_DAYS; applicability=APPLICABLE","trendlyne_domains=4/4; retained_documents=2","TRENDLYNE_STRUCTURED_PLUS_PERIOD_SCOPE_OR_OFFICIAL_FILING","p7-ic2-materialize-readiness + v14 reviewed/numeric/history validators","contract-valid source metadata","RAW_PROVIDER_CAPTURE_AVAILABLE; NORMALIZATION_OR_REVIEW_PENDING"
"e08c0b9e-a2d9-45b4-97b1-49e078869d3b","BLUSPRING","INE0U4101014","928cf230-b834-4865-9433-47134dfd7d4a","BUSINESS_SERVICES","","P7_IC1_BUSINESS_SERVICES_METHODOLOGY_V1","PORTFOLIOAI_P7_IC1_METHODOLOGY_R7_REGISTRY_V1","REVIEW_REQUIRED","OPERATING_MARGIN_REVENUE_QUALITY","","REQUIRED_EVIDENCE_MISSING","methodology_contract; minimum_history=8; freshness_policy=FUNDAMENTAL_150_DAYS_ANNUAL_550_DAYS; applicability=APPLICABLE","trendlyne_domains=4/4; retained_documents=2","DOCUMENT_DISCOVERY_OFFICIAL_SOURCE_REVIEW","p7-ic2-materialize-readiness + v14 reviewed/numeric/history validators","source metadata and/or factual reviewer decision","RAW_PROVIDER_CAPTURE_AVAILABLE; NORMALIZATION_OR_REVIEW_PENDING"
"e08c0b9e-a2d9-45b4-97b1-49e078869d3b","BLUSPRING","INE0U4101014","928cf230-b834-4865-9433-47134dfd7d4a","BUSINESS_SERVICES","","P7_IC1_BUSINESS_SERVICES_METHODOLOGY_V1","PORTFOLIOAI_P7_IC1_METHODOLOGY_R7_REGISTRY_V1","REVIEW_REQUIRED","REVENUE_CLIENT_HEADCOUNT_OR_VOLUME_GROWTH","","REQUIRED_EVIDENCE_MISSING","methodology_contract; minimum_history=8; freshness_policy=FUNDAMENTAL_150_DAYS_ANNUAL_550_DAYS; applicability=APPLICABLE","trendlyne_domains=4/4; retained_documents=2","DOCUMENT_DISCOVERY_OFFICIAL_SOURCE_REVIEW","p7-ic2-materialize-readiness + v14 reviewed/numeric/history validators","source metadata and/or factual reviewer decision","RAW_PROVIDER_CAPTURE_AVAILABLE; NORMALIZATION_OR_REVIEW_PENDING"
"dd22c8e2-bb46-4176-a308-fab7afccf3e3","CAMS","INE596I01020","0905ceac-1db3-4a35-8f8b-f6c6fe8b982b","CAPITAL_MARKETS_AMC","","FIN_SERVICES_NON_LENDER_K4B_SCORING_V1","PORTFOLIOAI_P7_IC1_METHODOLOGY_R7_REGISTRY_V1","REVIEW_REQUIRED","NET_CASH_OR_LEVERAGE","","REQUIRED_EVIDENCE_MISSING","methodology_contract; minimum_history=1; freshness_policy=UNSPECIFIED; applicability=APPLICABLE","trendlyne_domains=4/4; retained_documents=1","TRENDLYNE_STRUCTURED_PLUS_PERIOD_SCOPE_OR_OFFICIAL_FILING","p7-ic2-materialize-readiness + v14 reviewed/numeric/history validators","contract-valid source metadata","RAW_PROVIDER_CAPTURE_AVAILABLE; NORMALIZATION_OR_REVIEW_PENDING"
"dd22c8e2-bb46-4176-a308-fab7afccf3e3","CAMS","INE596I01020","0905ceac-1db3-4a35-8f8b-f6c6fe8b982b","CAPITAL_MARKETS_AMC","","FIN_SERVICES_NON_LENDER_K4B_SCORING_V1","PORTFOLIOAI_P7_IC1_METHODOLOGY_R7_REGISTRY_V1","REVIEW_REQUIRED","ROE_OR_ROIC","","REQUIRED_EVIDENCE_MISSING","methodology_contract; minimum_history=1; freshness_policy=UNSPECIFIED; applicability=APPLICABLE","trendlyne_domains=4/4; retained_documents=1","TRENDLYNE_STRUCTURED_PLUS_PERIOD_SCOPE_OR_OFFICIAL_FILING","p7-ic2-materialize-readiness + v14 reviewed/numeric/history validators","contract-valid source metadata","RAW_PROVIDER_CAPTURE_AVAILABLE; NORMALIZATION_OR_REVIEW_PENDING"
"af35913f-9aa6-44b0-b50f-1f35902ffac2","CAPLIPOINT","INE475E01026","f725d199-a773-40b8-bb92-f98891bd3b32","PHARMA","GLOBAL_GENERICS","PHARMA_V1_PLUS_REVIEWED_PRIMARY_SUBPROFILE","PORTFOLIOAI_P7_IC1_METHODOLOGY_R7_REGISTRY_V1","REVIEW_REQUIRED","CAPEX","","REQUIRED_EVIDENCE_MISSING","methodology_contract; minimum_history=3; freshness_policy=UNSPECIFIED; applicability=APPLICABLE","trendlyne_domains=4/4; retained_documents=1","TRENDLYNE_STRUCTURED_PLUS_PERIOD_SCOPE_OR_OFFICIAL_FILING","p7-ic2-materialize-readiness + v14 reviewed/numeric/history validators","contract-valid source metadata","RAW_PROVIDER_CAPTURE_AVAILABLE; NORMALIZATION_OR_REVIEW_PENDING"
"af35913f-9aa6-44b0-b50f-1f35902ffac2","CAPLIPOINT","INE475E01026","f725d199-a773-40b8-bb92-f98891bd3b32","PHARMA","GLOBAL_GENERICS","PHARMA_V1_PLUS_REVIEWED_PRIMARY_SUBPROFILE","PORTFOLIOAI_P7_IC1_METHODOLOGY_R7_REGISTRY_V1","REVIEW_REQUIRED","EV_EBITDA","","REQUIRED_EVIDENCE_MISSING","methodology_contract; minimum_history=3; freshness_policy=UNSPECIFIED; applicability=APPLICABLE","trendlyne_domains=4/4; retained_documents=1","TRENDLYNE_STRUCTURED_PLUS_PERIOD_SCOPE_OR_OFFICIAL_FILING","p7-ic2-materialize-readiness + v14 reviewed/numeric/history validators","contract-valid source metadata","RAW_PROVIDER_CAPTURE_AVAILABLE; NORMALIZATION_OR_REVIEW_PENDING"
"af35913f-9aa6-44b0-b50f-1f35902ffac2","CAPLIPOINT","INE475E01026","f725d199-a773-40b8-bb92-f98891bd3b32","PHARMA","GLOBAL_GENERICS","PHARMA_V1_PLUS_REVIEWED_PRIMARY_SUBPROFILE","PORTFOLIOAI_P7_IC1_METHODOLOGY_R7_REGISTRY_V1","REVIEW_REQUIRED","FCF_YIELD","","REQUIRED_EVIDENCE_MISSING","methodology_contract; minimum_history=3; freshness_policy=UNSPECIFIED; applicability=APPLICABLE","trendlyne_domains=4/4; retained_documents=1","TRENDLYNE_STRUCTURED_PLUS_PERIOD_SCOPE_OR_OFFICIAL_FILING","p7-ic2-materialize-readiness + v14 reviewed/numeric/history validators","contract-valid source metadata","RAW_PROVIDER_CAPTURE_AVAILABLE; NORMALIZATION_OR_REVIEW_PENDING"
"af35913f-9aa6-44b0-b50f-1f35902ffac2","CAPLIPOINT","INE475E01026","f725d199-a773-40b8-bb92-f98891bd3b32","PHARMA","GLOBAL_GENERICS","PHARMA_V1_PLUS_REVIEWED_PRIMARY_SUBPROFILE","PORTFOLIOAI_P7_IC1_METHODOLOGY_R7_REGISTRY_V1","REVIEW_REQUIRED","NET_CASH_OR_LEVERAGE","","REQUIRED_EVIDENCE_MISSING","methodology_contract; minimum_history=3; freshness_policy=UNSPECIFIED; applicability=APPLICABLE","trendlyne_domains=4/4; retained_documents=1","TRENDLYNE_STRUCTURED_PLUS_PERIOD_SCOPE_OR_OFFICIAL_FILING","p7-ic2-materialize-readiness + v14 reviewed/numeric/history validators","contract-valid source metadata","RAW_PROVIDER_CAPTURE_AVAILABLE; NORMALIZATION_OR_REVIEW_PENDING"
"6ba09398-e18c-41d5-af2f-db6fe3d9e591","CCL","INE421D01022","0b1b0d54-ced8-41a9-b32c-c1a6542e00df","BRANDED_CONSUMER_FMCG","","CONSUMER_FMCG_K4B_SCORING_V1","PORTFOLIOAI_P7_IC1_METHODOLOGY_R7_REGISTRY_V1","REVIEW_REQUIRED","CATEGORY_AND_MARKET_RISK","","REQUIRED_EVIDENCE_MISSING","methodology_contract; minimum_history=1; freshness_policy=UNSPECIFIED; applicability=APPLICABLE","trendlyne_domains=4/4; retained_documents=2","DOCUMENT_DISCOVERY_OFFICIAL_SOURCE_REVIEW","p7-ic2-materialize-readiness + v14 reviewed/numeric/history validators","source metadata and/or factual reviewer decision","RAW_PROVIDER_CAPTURE_AVAILABLE; NORMALIZATION_OR_REVIEW_PENDING"
"6ba09398-e18c-41d5-af2f-db6fe3d9e591","CCL","INE421D01022","0b1b0d54-ced8-41a9-b32c-c1a6542e00df","BRANDED_CONSUMER_FMCG","","CONSUMER_FMCG_K4B_SCORING_V1","PORTFOLIOAI_P7_IC1_METHODOLOGY_R7_REGISTRY_V1","REVIEW_REQUIRED","NET_CASH_OR_LEVERAGE","","REQUIRED_EVIDENCE_MISSING","methodology_contract; minimum_history=1; freshness_policy=UNSPECIFIED; applicability=APPLICABLE","trendlyne_domains=4/4; retained_documents=2","TRENDLYNE_STRUCTURED_PLUS_PERIOD_SCOPE_OR_OFFICIAL_FILING","p7-ic2-materialize-readiness + v14 reviewed/numeric/history validators","contract-valid source metadata","RAW_PROVIDER_CAPTURE_AVAILABLE; NORMALIZATION_OR_REVIEW_PENDING"
"6ba09398-e18c-41d5-af2f-db6fe3d9e591","CCL","INE421D01022","0b1b0d54-ced8-41a9-b32c-c1a6542e00df","BRANDED_CONSUMER_FMCG","","CONSUMER_FMCG_K4B_SCORING_V1","PORTFOLIOAI_P7_IC1_METHODOLOGY_R7_REGISTRY_V1","REVIEW_REQUIRED","REVENUE_AND_VOLUME_PRICE_MIX_GROWTH","","REQUIRED_EVIDENCE_MISSING","methodology_contract; minimum_history=1; freshness_policy=UNSPECIFIED; applicability=APPLICABLE","trendlyne_domains=4/4; retained_documents=2","VALIDATED_HISTORY_BENCHMARK_PATH","p7-ic2-materialize-readiness + v14 reviewed/numeric/history validators","contract-valid source metadata","RAW_PROVIDER_CAPTURE_AVAILABLE; NORMALIZATION_OR_REVIEW_PENDING"
"06ca3419-841d-454d-ac8b-8d898e21a81e","CEMPRO","INE686A01026","ffbb3e04-f5e2-4127-bf64-52b3455a23a3","PROJECT_EPC","","INDUSTRIALS_CAPITAL_GOODS_K4B_SCORING_V1","PORTFOLIOAI_P7_IC1_METHODOLOGY_R7_REGISTRY_V1","REVIEW_REQUIRED","BUSINESS_DURABILITY","","REQUIRED_EVIDENCE_MISSING","methodology_contract; minimum_history=1; freshness_policy=UNSPECIFIED; applicability=APPLICABLE","trendlyne_domains=4/4; retained_documents=1","DOCUMENT_DISCOVERY_OFFICIAL_SOURCE_REVIEW","p7-ic2-materialize-readiness + v14 reviewed/numeric/history validators","source metadata and/or factual reviewer decision","RAW_PROVIDER_CAPTURE_AVAILABLE; NORMALIZATION_OR_REVIEW_PENDING"
"06ca3419-841d-454d-ac8b-8d898e21a81e","CEMPRO","INE686A01026","ffbb3e04-f5e2-4127-bf64-52b3455a23a3","PROJECT_EPC","","INDUSTRIALS_CAPITAL_GOODS_K4B_SCORING_V1","PORTFOLIOAI_P7_IC1_METHODOLOGY_R7_REGISTRY_V1","REVIEW_REQUIRED","NET_DEBT_AND_INTEREST_COVERAGE","","REQUIRED_EVIDENCE_MISSING","methodology_contract; minimum_history=1; freshness_policy=UNSPECIFIED; applicability=APPLICABLE","trendlyne_domains=4/4; retained_documents=1","TRENDLYNE_STRUCTURED_PLUS_PERIOD_SCOPE_OR_OFFICIAL_FILING","p7-ic2-materialize-readiness + v14 reviewed/numeric/history validators","contract-valid source metadata","RAW_PROVIDER_CAPTURE_AVAILABLE; NORMALIZATION_OR_REVIEW_PENDING"
"06ca3419-841d-454d-ac8b-8d898e21a81e","CEMPRO","INE686A01026","ffbb3e04-f5e2-4127-bf64-52b3455a23a3","PROJECT_EPC","","INDUSTRIALS_CAPITAL_GOODS_K4B_SCORING_V1","PORTFOLIOAI_P7_IC1_METHODOLOGY_R7_REGISTRY_V1","REVIEW_REQUIRED","OPERATING_MARGIN_HISTORY","","REQUIRED_EVIDENCE_MISSING","methodology_contract; minimum_history=1; freshness_policy=UNSPECIFIED; applicability=APPLICABLE","trendlyne_domains=4/4; retained_documents=1","DOCUMENT_DISCOVERY_OFFICIAL_SOURCE_REVIEW","p7-ic2-materialize-readiness + v14 reviewed/numeric/history validators","source metadata and/or factual reviewer decision","RAW_PROVIDER_CAPTURE_AVAILABLE; NORMALIZATION_OR_REVIEW_PENDING"
"06ca3419-841d-454d-ac8b-8d898e21a81e","CEMPRO","INE686A01026","ffbb3e04-f5e2-4127-bf64-52b3455a23a3","PROJECT_EPC","","INDUSTRIALS_CAPITAL_GOODS_K4B_SCORING_V1","PORTFOLIOAI_P7_IC1_METHODOLOGY_R7_REGISTRY_V1","REVIEW_REQUIRED","ORDER_BOOK_AND_REVENUE_GROWTH","","REQUIRED_EVIDENCE_MISSING","methodology_contract; minimum_history=1; freshness_policy=UNSPECIFIED; applicability=APPLICABLE","trendlyne_domains=4/4; retained_documents=1","TRENDLYNE_STRUCTURED_PLUS_PERIOD_SCOPE_OR_OFFICIAL_FILING","p7-ic2-materialize-readiness + v14 reviewed/numeric/history validators","contract-valid source metadata","RAW_PROVIDER_CAPTURE_AVAILABLE; NORMALIZATION_OR_REVIEW_PENDING"
"06ca3419-841d-454d-ac8b-8d898e21a81e","CEMPRO","INE686A01026","ffbb3e04-f5e2-4127-bf64-52b3455a23a3","PROJECT_EPC","","INDUSTRIALS_CAPITAL_GOODS_K4B_SCORING_V1","PORTFOLIOAI_P7_IC1_METHODOLOGY_R7_REGISTRY_V1","REVIEW_REQUIRED","OWNERSHIP_GOVERNANCE","","REQUIRED_EVIDENCE_MISSING","methodology_contract; minimum_history=4; freshness_policy=UNSPECIFIED; applicability=APPLICABLE","trendlyne_domains=4/4; retained_documents=1","TRENDLYNE_OWNERSHIP_REVIEW","p7-ic2-materialize-readiness + v14 reviewed/numeric/history validators","source metadata and/or factual reviewer decision","RAW_PROVIDER_CAPTURE_AVAILABLE; NORMALIZATION_OR_REVIEW_PENDING"
"06ca3419-841d-454d-ac8b-8d898e21a81e","CEMPRO","INE686A01026","ffbb3e04-f5e2-4127-bf64-52b3455a23a3","PROJECT_EPC","","INDUSTRIALS_CAPITAL_GOODS_K4B_SCORING_V1","PORTFOLIOAI_P7_IC1_METHODOLOGY_R7_REGISTRY_V1","REVIEW_REQUIRED","ROCE_OR_ROIC","","REQUIRED_EVIDENCE_MISSING","methodology_contract; minimum_history=1; freshness_policy=UNSPECIFIED; applicability=APPLICABLE","trendlyne_domains=4/4; retained_documents=1","TRENDLYNE_STRUCTURED_PLUS_PERIOD_SCOPE_OR_OFFICIAL_FILING","p7-ic2-materialize-readiness + v14 reviewed/numeric/history validators","contract-valid source metadata","RAW_PROVIDER_CAPTURE_AVAILABLE; NORMALIZATION_OR_REVIEW_PENDING"
"06ca3419-841d-454d-ac8b-8d898e21a81e","CEMPRO","INE686A01026","ffbb3e04-f5e2-4127-bf64-52b3455a23a3","PROJECT_EPC","","INDUSTRIALS_CAPITAL_GOODS_K4B_SCORING_V1","PORTFOLIOAI_P7_IC1_METHODOLOGY_R7_REGISTRY_V1","REVIEW_REQUIRED","VALUATION","","REQUIRED_EVIDENCE_MISSING","methodology_contract; minimum_history=1; freshness_policy=UNSPECIFIED; applicability=APPLICABLE","trendlyne_domains=4/4; retained_documents=1","TRENDLYNE_STRUCTURED_PLUS_PERIOD_SCOPE_OR_OFFICIAL_FILING","p7-ic2-materialize-readiness + v14 reviewed/numeric/history validators","contract-valid source metadata","RAW_PROVIDER_CAPTURE_AVAILABLE; NORMALIZATION_OR_REVIEW_PENDING"
"06ca3419-841d-454d-ac8b-8d898e21a81e","CEMPRO","INE686A01026","ffbb3e04-f5e2-4127-bf64-52b3455a23a3","PROJECT_EPC","","INDUSTRIALS_CAPITAL_GOODS_K4B_SCORING_V1","PORTFOLIOAI_P7_IC1_METHODOLOGY_R7_REGISTRY_V1","REVIEW_REQUIRED","WORKING_CAPITAL_AND_CASH_CONVERSION","","REQUIRED_EVIDENCE_MISSING","methodology_contract; minimum_history=1; freshness_policy=UNSPECIFIED; applicability=APPLICABLE","trendlyne_domains=4/4; retained_documents=1","TRENDLYNE_STRUCTURED_PLUS_PERIOD_SCOPE_OR_OFFICIAL_FILING","p7-ic2-materialize-readiness + v14 reviewed/numeric/history validators","contract-valid source metadata","RAW_PROVIDER_CAPTURE_AVAILABLE; NORMALIZATION_OR_REVIEW_PENDING"
"80a64fe7-8dcd-4c6c-8093-fd6b6ee1606a","CGCL","INE180C01042","be1f1491-b632-4758-ad7a-9682ceae8192","NBFC_LENDING","","P7_IC1_NBFC_LENDING_METHODOLOGY_V1","PORTFOLIOAI_P7_IC1_METHODOLOGY_R7_REGISTRY_V1","REVIEW_REQUIRED","ALM_MISMATCH","","REQUIRED_EVIDENCE_MISSING","methodology_contract; minimum_history=252; freshness_policy=MARKET_5_TRADING_DAYS; applicability=APPLICABLE","trendlyne_domains=4/4; retained_documents=1","PROFILE_CONTRACT_PROVIDER_OR_DOCUMENT_REVIEW","p7-ic2-materialize-readiness + v14 reviewed/numeric/history validators","source metadata and/or factual reviewer decision","RAW_PROVIDER_CAPTURE_AVAILABLE; NORMALIZATION_OR_REVIEW_PENDING"
"80a64fe7-8dcd-4c6c-8093-fd6b6ee1606a","CGCL","INE180C01042","be1f1491-b632-4758-ad7a-9682ceae8192","NBFC_LENDING","","P7_IC1_NBFC_LENDING_METHODOLOGY_V1","PORTFOLIOAI_P7_IC1_METHODOLOGY_R7_REGISTRY_V1","REVIEW_REQUIRED","AUM_ADVANCES_DISBURSEMENT_GROWTH","","REQUIRED_EVIDENCE_MISSING","methodology_contract; minimum_history=8; freshness_policy=FUNDAMENTAL_150_DAYS_ANNUAL_550_DAYS; applicability=APPLICABLE","trendlyne_domains=4/4; retained_documents=1","TRENDLYNE_STRUCTURED_PLUS_PERIOD_SCOPE_OR_OFFICIAL_FILING","p7-ic2-materialize-readiness + v14 reviewed/numeric/history validators","contract-valid source metadata","RAW_PROVIDER_CAPTURE_AVAILABLE; NORMALIZATION_OR_REVIEW_PENDING"
"80a64fe7-8dcd-4c6c-8093-fd6b6ee1606a","CGCL","INE180C01042","be1f1491-b632-4758-ad7a-9682ceae8192","NBFC_LENDING","","P7_IC1_NBFC_LENDING_METHODOLOGY_V1","PORTFOLIOAI_P7_IC1_METHODOLOGY_R7_REGISTRY_V1","REVIEW_REQUIRED","BORROWER_OR_SEGMENT_GROWTH","","REQUIRED_EVIDENCE_MISSING","methodology_contract; minimum_history=8; freshness_policy=FUNDAMENTAL_150_DAYS_ANNUAL_550_DAYS; applicability=APPLICABLE","trendlyne_domains=4/4; retained_documents=1","PROFILE_CONTRACT_PROVIDER_OR_DOCUMENT_REVIEW","p7-ic2-materialize-readiness + v14 reviewed/numeric/history validators","source metadata and/or factual reviewer decision","RAW_PROVIDER_CAPTURE_AVAILABLE; NORMALIZATION_OR_REVIEW_PENDING"
"80a64fe7-8dcd-4c6c-8093-fd6b6ee1606a","CGCL","INE180C01042","be1f1491-b632-4758-ad7a-9682ceae8192","NBFC_LENDING","","P7_IC1_NBFC_LENDING_METHODOLOGY_V1","PORTFOLIOAI_P7_IC1_METHODOLOGY_R7_REGISTRY_V1","REVIEW_REQUIRED","EV_AUM_OR_PRICE_AUM_WHEN_APPLICABLE","","REQUIRED_EVIDENCE_MISSING","methodology_contract; minimum_history=3; freshness_policy=FUNDAMENTAL_150_DAYS_ANNUAL_550_DAYS; applicability=APPLICABLE","trendlyne_domains=4/4; retained_documents=1","VALIDATED_HISTORY_BENCHMARK_PATH","p7-ic2-materialize-readiness + v14 reviewed/numeric/history validators","contract-valid source metadata","RAW_PROVIDER_CAPTURE_AVAILABLE; NORMALIZATION_OR_REVIEW_PENDING"
"80a64fe7-8dcd-4c6c-8093-fd6b6ee1606a","CGCL","INE180C01042","be1f1491-b632-4758-ad7a-9682ceae8192","NBFC_LENDING","","P7_IC1_NBFC_LENDING_METHODOLOGY_V1","PORTFOLIOAI_P7_IC1_METHODOLOGY_R7_REGISTRY_V1","REVIEW_REQUIRED","FUNDING_DIVERSIFICATION","","REQUIRED_EVIDENCE_MISSING","methodology_contract; minimum_history=3; freshness_policy=FUNDAMENTAL_150_DAYS_ANNUAL_550_DAYS; applicability=APPLICABLE","trendlyne_domains=4/4; retained_documents=1","PROFILE_CONTRACT_PROVIDER_OR_DOCUMENT_REVIEW","p7-ic2-materialize-readiness + v14 reviewed/numeric/history validators","source metadata and/or factual reviewer decision","RAW_PROVIDER_CAPTURE_AVAILABLE; NORMALIZATION_OR_REVIEW_PENDING"
"80a64fe7-8dcd-4c6c-8093-fd6b6ee1606a","CGCL","INE180C01042","be1f1491-b632-4758-ad7a-9682ceae8192","NBFC_LENDING","","P7_IC1_NBFC_LENDING_METHODOLOGY_V1","PORTFOLIOAI_P7_IC1_METHODOLOGY_R7_REGISTRY_V1","REVIEW_REQUIRED","LIQUIDITY_ALM","","REQUIRED_EVIDENCE_MISSING","methodology_contract; minimum_history=3; freshness_policy=FUNDAMENTAL_150_DAYS_ANNUAL_550_DAYS; applicability=APPLICABLE","trendlyne_domains=4/4; retained_documents=1","PROFILE_CONTRACT_PROVIDER_OR_DOCUMENT_REVIEW","p7-ic2-materialize-readiness + v14 reviewed/numeric/history validators","source metadata and/or factual reviewer decision","RAW_PROVIDER_CAPTURE_AVAILABLE; NORMALIZATION_OR_REVIEW_PENDING"
"80a64fe7-8dcd-4c6c-8093-fd6b6ee1606a","CGCL","INE180C01042","be1f1491-b632-4758-ad7a-9682ceae8192","NBFC_LENDING","","P7_IC1_NBFC_LENDING_METHODOLOGY_V1","PORTFOLIOAI_P7_IC1_METHODOLOGY_R7_REGISTRY_V1","REVIEW_REQUIRED","NIM_OR_SPREAD_HISTORY","","REQUIRED_EVIDENCE_MISSING","methodology_contract; minimum_history=8; freshness_policy=FUNDAMENTAL_150_DAYS_ANNUAL_550_DAYS; applicability=APPLICABLE","trendlyne_domains=4/4; retained_documents=1","VALIDATED_HISTORY_BENCHMARK_PATH","p7-ic2-materialize-readiness + v14 reviewed/numeric/history validators","contract-valid source metadata","RAW_PROVIDER_CAPTURE_AVAILABLE; NORMALIZATION_OR_REVIEW_PENDING"
"80a64fe7-8dcd-4c6c-8093-fd6b6ee1606a","CGCL","INE180C01042","be1f1491-b632-4758-ad7a-9682ceae8192","NBFC_LENDING","","P7_IC1_NBFC_LENDING_METHODOLOGY_V1","PORTFOLIOAI_P7_IC1_METHODOLOGY_R7_REGISTRY_V1","REVIEW_REQUIRED","PB_RELATIVE_TO_ROE","","REQUIRED_EVIDENCE_MISSING","methodology_contract; minimum_history=3; freshness_policy=FUNDAMENTAL_150_DAYS_ANNUAL_550_DAYS; applicability=APPLICABLE","trendlyne_domains=4/4; retained_documents=1","TRENDLYNE_STRUCTURED_PLUS_PERIOD_SCOPE_OR_OFFICIAL_FILING","p7-ic2-materialize-readiness + v14 reviewed/numeric/history validators","contract-valid source metadata","RAW_PROVIDER_CAPTURE_AVAILABLE; NORMALIZATION_OR_REVIEW_PENDING"
"5643737c-3c55-472d-af20-59d3121d6b9c","CGPOWER","INE067A01029","02752eba-d056-4320-8bd5-8cc898d0bf6e","CAPITAL_EQUIPMENT_ELECTRICAL","","INDUSTRIALS_CAPITAL_GOODS_K4B_SCORING_V1","PORTFOLIOAI_P7_IC1_METHODOLOGY_R7_REGISTRY_V1","REVIEW_REQUIRED","OPERATING_MARGIN_HISTORY","","REQUIRED_EVIDENCE_MISSING","methodology_contract; minimum_history=1; freshness_policy=UNSPECIFIED; applicability=APPLICABLE","trendlyne_domains=4/4; retained_documents=1","DOCUMENT_DISCOVERY_OFFICIAL_SOURCE_REVIEW","p7-ic2-materialize-readiness + v14 reviewed/numeric/history validators","source metadata and/or factual reviewer decision","RAW_PROVIDER_CAPTURE_AVAILABLE; NORMALIZATION_OR_REVIEW_PENDING"
"5643737c-3c55-472d-af20-59d3121d6b9c","CGPOWER","INE067A01029","02752eba-d056-4320-8bd5-8cc898d0bf6e","CAPITAL_EQUIPMENT_ELECTRICAL","","INDUSTRIALS_CAPITAL_GOODS_K4B_SCORING_V1","PORTFOLIOAI_P7_IC1_METHODOLOGY_R7_REGISTRY_V1","REVIEW_REQUIRED","REVENUE_AND_ORDER_GROWTH_MULTI_PERIOD","","REQUIRED_EVIDENCE_MISSING","methodology_contract; minimum_history=1; freshness_policy=UNSPECIFIED; applicability=APPLICABLE","trendlyne_domains=4/4; retained_documents=1","TRENDLYNE_STRUCTURED_PLUS_PERIOD_SCOPE_OR_OFFICIAL_FILING","p7-ic2-materialize-readiness + v14 reviewed/numeric/history validators","contract-valid source metadata","RAW_PROVIDER_CAPTURE_AVAILABLE; NORMALIZATION_OR_REVIEW_PENDING"
"cbdbea24-eb1d-489f-ab6f-7800f04f28ca","CHOLAFIN","INE121A01024","eab4a576-bfa9-4054-b6db-ce1c499c25e8","NBFC_LENDING","","P7_IC1_NBFC_LENDING_METHODOLOGY_V1","PORTFOLIOAI_P7_IC1_METHODOLOGY_R7_REGISTRY_V1","REVIEW_REQUIRED","ALM_MISMATCH","","REQUIRED_EVIDENCE_MISSING","methodology_contract; minimum_history=252; freshness_policy=MARKET_5_TRADING_DAYS; applicability=APPLICABLE","trendlyne_domains=4/4; retained_documents=1","PROFILE_CONTRACT_PROVIDER_OR_DOCUMENT_REVIEW","p7-ic2-materialize-readiness + v14 reviewed/numeric/history validators","source metadata and/or factual reviewer decision","RAW_PROVIDER_CAPTURE_AVAILABLE; NORMALIZATION_OR_REVIEW_PENDING"
"cbdbea24-eb1d-489f-ab6f-7800f04f28ca","CHOLAFIN","INE121A01024","eab4a576-bfa9-4054-b6db-ce1c499c25e8","NBFC_LENDING","","P7_IC1_NBFC_LENDING_METHODOLOGY_V1","PORTFOLIOAI_P7_IC1_METHODOLOGY_R7_REGISTRY_V1","REVIEW_REQUIRED","ASSET_QUALITY","","REQUIRED_EVIDENCE_MISSING","methodology_contract; minimum_history=252; freshness_policy=MARKET_5_TRADING_DAYS; applicability=APPLICABLE","trendlyne_domains=4/4; retained_documents=1","PROFILE_CONTRACT_PROVIDER_OR_DOCUMENT_REVIEW","p7-ic2-materialize-readiness + v14 reviewed/numeric/history validators","source metadata and/or factual reviewer decision","RAW_PROVIDER_CAPTURE_AVAILABLE; NORMALIZATION_OR_REVIEW_PENDING"
"cbdbea24-eb1d-489f-ab6f-7800f04f28ca","CHOLAFIN","INE121A01024","eab4a576-bfa9-4054-b6db-ce1c499c25e8","NBFC_LENDING","","P7_IC1_NBFC_LENDING_METHODOLOGY_V1","PORTFOLIOAI_P7_IC1_METHODOLOGY_R7_REGISTRY_V1","REVIEW_REQUIRED","AUM_ADVANCES_DISBURSEMENT_GROWTH","","REQUIRED_EVIDENCE_MISSING","methodology_contract; minimum_history=8; freshness_policy=FUNDAMENTAL_150_DAYS_ANNUAL_550_DAYS; applicability=APPLICABLE","trendlyne_domains=4/4; retained_documents=1","TRENDLYNE_STRUCTURED_PLUS_PERIOD_SCOPE_OR_OFFICIAL_FILING","p7-ic2-materialize-readiness + v14 reviewed/numeric/history validators","contract-valid source metadata","RAW_PROVIDER_CAPTURE_AVAILABLE; NORMALIZATION_OR_REVIEW_PENDING"
"cbdbea24-eb1d-489f-ab6f-7800f04f28ca","CHOLAFIN","INE121A01024","eab4a576-bfa9-4054-b6db-ce1c499c25e8","NBFC_LENDING","","P7_IC1_NBFC_LENDING_METHODOLOGY_V1","PORTFOLIOAI_P7_IC1_METHODOLOGY_R7_REGISTRY_V1","REVIEW_REQUIRED","BORROWER_OR_SEGMENT_GROWTH","","REQUIRED_EVIDENCE_MISSING","methodology_contract; minimum_history=8; freshness_policy=FUNDAMENTAL_150_DAYS_ANNUAL_550_DAYS; applicability=APPLICABLE","trendlyne_domains=4/4; retained_documents=1","PROFILE_CONTRACT_PROVIDER_OR_DOCUMENT_REVIEW","p7-ic2-materialize-readiness + v14 reviewed/numeric/history validators","source metadata and/or factual reviewer decision","RAW_PROVIDER_CAPTURE_AVAILABLE; NORMALIZATION_OR_REVIEW_PENDING"
"cbdbea24-eb1d-489f-ab6f-7800f04f28ca","CHOLAFIN","INE121A01024","eab4a576-bfa9-4054-b6db-ce1c499c25e8","NBFC_LENDING","","P7_IC1_NBFC_LENDING_METHODOLOGY_V1","PORTFOLIOAI_P7_IC1_METHODOLOGY_R7_REGISTRY_V1","REVIEW_REQUIRED","CAPITAL_ADEQUACY","","REQUIRED_EVIDENCE_MISSING","methodology_contract; minimum_history=3; freshness_policy=FUNDAMENTAL_150_DAYS_ANNUAL_550_DAYS; applicability=APPLICABLE","trendlyne_domains=4/4; retained_documents=1","PROFILE_CONTRACT_PROVIDER_OR_DOCUMENT_REVIEW","p7-ic2-materialize-readiness + v14 reviewed/numeric/history validators","source metadata and/or factual reviewer decision","RAW_PROVIDER_CAPTURE_AVAILABLE; NORMALIZATION_OR_REVIEW_PENDING"
"cbdbea24-eb1d-489f-ab6f-7800f04f28ca","CHOLAFIN","INE121A01024","eab4a576-bfa9-4054-b6db-ce1c499c25e8","NBFC_LENDING","","P7_IC1_NBFC_LENDING_METHODOLOGY_V1","PORTFOLIOAI_P7_IC1_METHODOLOGY_R7_REGISTRY_V1","REVIEW_REQUIRED","EV_AUM_OR_PRICE_AUM_WHEN_APPLICABLE","","REQUIRED_EVIDENCE_MISSING","methodology_contract; minimum_history=3; freshness_policy=FUNDAMENTAL_150_DAYS_ANNUAL_550_DAYS; applicability=APPLICABLE","trendlyne_domains=4/4; retained_documents=1","VALIDATED_HISTORY_BENCHMARK_PATH","p7-ic2-materialize-readiness + v14 reviewed/numeric/history validators","contract-valid source metadata","RAW_PROVIDER_CAPTURE_AVAILABLE; NORMALIZATION_OR_REVIEW_PENDING"
"cbdbea24-eb1d-489f-ab6f-7800f04f28ca","CHOLAFIN","INE121A01024","eab4a576-bfa9-4054-b6db-ce1c499c25e8","NBFC_LENDING","","P7_IC1_NBFC_LENDING_METHODOLOGY_V1","PORTFOLIOAI_P7_IC1_METHODOLOGY_R7_REGISTRY_V1","REVIEW_REQUIRED","EXTERNAL_RATING","","REQUIRED_EVIDENCE_MISSING","methodology_contract; minimum_history=3; freshness_policy=FUNDAMENTAL_150_DAYS_ANNUAL_550_DAYS; applicability=APPLICABLE","trendlyne_domains=4/4; retained_documents=1","DOCUMENT_DISCOVERY_OFFICIAL_SOURCE_REVIEW","p7-ic2-materialize-readiness + v14 reviewed/numeric/history validators","source metadata and/or factual reviewer decision","RAW_PROVIDER_CAPTURE_AVAILABLE; NORMALIZATION_OR_REVIEW_PENDING"
"cbdbea24-eb1d-489f-ab6f-7800f04f28ca","CHOLAFIN","INE121A01024","eab4a576-bfa9-4054-b6db-ce1c499c25e8","NBFC_LENDING","","P7_IC1_NBFC_LENDING_METHODOLOGY_V1","PORTFOLIOAI_P7_IC1_METHODOLOGY_R7_REGISTRY_V1","REVIEW_REQUIRED","FRANCHISE_OR_DISTRIBUTION","","REQUIRED_EVIDENCE_MISSING","methodology_contract; minimum_history=3; freshness_policy=FUNDAMENTAL_150_DAYS_ANNUAL_550_DAYS; applicability=APPLICABLE","trendlyne_domains=4/4; retained_documents=1","DOCUMENT_DISCOVERY_OFFICIAL_SOURCE_REVIEW","p7-ic2-materialize-readiness + v14 reviewed/numeric/history validators","source metadata and/or factual reviewer decision","RAW_PROVIDER_CAPTURE_AVAILABLE; NORMALIZATION_OR_REVIEW_PENDING"
"cbdbea24-eb1d-489f-ab6f-7800f04f28ca","CHOLAFIN","INE121A01024","eab4a576-bfa9-4054-b6db-ce1c499c25e8","NBFC_LENDING","","P7_IC1_NBFC_LENDING_METHODOLOGY_V1","PORTFOLIOAI_P7_IC1_METHODOLOGY_R7_REGISTRY_V1","REVIEW_REQUIRED","FUNDING_DIVERSIFICATION","","REQUIRED_EVIDENCE_MISSING","methodology_contract; minimum_history=3; freshness_policy=FUNDAMENTAL_150_DAYS_ANNUAL_550_DAYS; applicability=APPLICABLE","trendlyne_domains=4/4; retained_documents=1","PROFILE_CONTRACT_PROVIDER_OR_DOCUMENT_REVIEW","p7-ic2-materialize-readiness + v14 reviewed/numeric/history validators","source metadata and/or factual reviewer decision","RAW_PROVIDER_CAPTURE_AVAILABLE; NORMALIZATION_OR_REVIEW_PENDING"
"cbdbea24-eb1d-489f-ab6f-7800f04f28ca","CHOLAFIN","INE121A01024","eab4a576-bfa9-4054-b6db-ce1c499c25e8","NBFC_LENDING","","P7_IC1_NBFC_LENDING_METHODOLOGY_V1","PORTFOLIOAI_P7_IC1_METHODOLOGY_R7_REGISTRY_V1","REVIEW_REQUIRED","GNPA_NNPA_CREDIT_COST","","REQUIRED_EVIDENCE_MISSING","methodology_contract; minimum_history=8; freshness_policy=FUNDAMENTAL_150_DAYS_ANNUAL_550_DAYS; applicability=APPLICABLE","trendlyne_domains=4/4; retained_documents=1","PROFILE_CONTRACT_PROVIDER_OR_DOCUMENT_REVIEW","p7-ic2-materialize-readiness + v14 reviewed/numeric/history validators","source metadata and/or factual reviewer decision","RAW_PROVIDER_CAPTURE_AVAILABLE; NORMALIZATION_OR_REVIEW_PENDING"
"cbdbea24-eb1d-489f-ab6f-7800f04f28ca","CHOLAFIN","INE121A01024","eab4a576-bfa9-4054-b6db-ce1c499c25e8","NBFC_LENDING","","P7_IC1_NBFC_LENDING_METHODOLOGY_V1","PORTFOLIOAI_P7_IC1_METHODOLOGY_R7_REGISTRY_V1","REVIEW_REQUIRED","GOVERNANCE_EVENT_REVIEW","","REQUIRED_EVIDENCE_MISSING","methodology_contract; minimum_history=4; freshness_policy=FUNDAMENTAL_150_DAYS_ANNUAL_550_DAYS; applicability=APPLICABLE","trendlyne_domains=4/4; retained_documents=1","DOCUMENT_DISCOVERY_OFFICIAL_SOURCE_REVIEW","p7-ic2-materialize-readiness + v14 reviewed/numeric/history validators","source metadata and/or factual reviewer decision","RAW_PROVIDER_CAPTURE_AVAILABLE; NORMALIZATION_OR_REVIEW_PENDING"
"cbdbea24-eb1d-489f-ab6f-7800f04f28ca","CHOLAFIN","INE121A01024","eab4a576-bfa9-4054-b6db-ce1c499c25e8","NBFC_LENDING","","P7_IC1_NBFC_LENDING_METHODOLOGY_V1","PORTFOLIOAI_P7_IC1_METHODOLOGY_R7_REGISTRY_V1","REVIEW_REQUIRED","LEVERAGE","","REQUIRED_EVIDENCE_MISSING","methodology_contract; minimum_history=3; freshness_policy=FUNDAMENTAL_150_DAYS_ANNUAL_550_DAYS; applicability=APPLICABLE","trendlyne_domains=4/4; retained_documents=1","TRENDLYNE_STRUCTURED_PLUS_PERIOD_SCOPE_OR_OFFICIAL_FILING","p7-ic2-materialize-readiness + v14 reviewed/numeric/history validators","contract-valid source metadata","RAW_PROVIDER_CAPTURE_AVAILABLE; NORMALIZATION_OR_REVIEW_PENDING"
"cbdbea24-eb1d-489f-ab6f-7800f04f28ca","CHOLAFIN","INE121A01024","eab4a576-bfa9-4054-b6db-ce1c499c25e8","NBFC_LENDING","","P7_IC1_NBFC_LENDING_METHODOLOGY_V1","PORTFOLIOAI_P7_IC1_METHODOLOGY_R7_REGISTRY_V1","REVIEW_REQUIRED","LIQUIDITY_ALM","","REQUIRED_EVIDENCE_MISSING","methodology_contract; minimum_history=3; freshness_policy=FUNDAMENTAL_150_DAYS_ANNUAL_550_DAYS; applicability=APPLICABLE","trendlyne_domains=4/4; retained_documents=1","PROFILE_CONTRACT_PROVIDER_OR_DOCUMENT_REVIEW","p7-ic2-materialize-readiness + v14 reviewed/numeric/history validators","source metadata and/or factual reviewer decision","RAW_PROVIDER_CAPTURE_AVAILABLE; NORMALIZATION_OR_REVIEW_PENDING"
"cbdbea24-eb1d-489f-ab6f-7800f04f28ca","CHOLAFIN","INE121A01024","eab4a576-bfa9-4054-b6db-ce1c499c25e8","NBFC_LENDING","","P7_IC1_NBFC_LENDING_METHODOLOGY_V1","PORTFOLIOAI_P7_IC1_METHODOLOGY_R7_REGISTRY_V1","REVIEW_REQUIRED","NIM_OR_SPREAD_HISTORY","","REQUIRED_EVIDENCE_MISSING","methodology_contract; minimum_history=8; freshness_policy=FUNDAMENTAL_150_DAYS_ANNUAL_550_DAYS; applicability=APPLICABLE","trendlyne_domains=4/4; retained_documents=1","VALIDATED_HISTORY_BENCHMARK_PATH","p7-ic2-materialize-readiness + v14 reviewed/numeric/history validators","contract-valid source metadata","RAW_PROVIDER_CAPTURE_AVAILABLE; NORMALIZATION_OR_REVIEW_PENDING"
"cbdbea24-eb1d-489f-ab6f-7800f04f28ca","CHOLAFIN","INE121A01024","eab4a576-bfa9-4054-b6db-ce1c499c25e8","NBFC_LENDING","","P7_IC1_NBFC_LENDING_METHODOLOGY_V1","PORTFOLIOAI_P7_IC1_METHODOLOGY_R7_REGISTRY_V1","REVIEW_REQUIRED","OWNERSHIP_TREND_4Q","","REQUIRED_EVIDENCE_MISSING","methodology_contract; minimum_history=4; freshness_policy=FUNDAMENTAL_150_DAYS_ANNUAL_550_DAYS; applicability=APPLICABLE","trendlyne_domains=4/4; retained_documents=1","TRENDLYNE_OWNERSHIP_REVIEW","p7-ic2-materialize-readiness + v14 reviewed/numeric/history validators","source metadata and/or factual reviewer decision","RAW_PROVIDER_CAPTURE_AVAILABLE; NORMALIZATION_OR_REVIEW_PENDING"
"cbdbea24-eb1d-489f-ab6f-7800f04f28ca","CHOLAFIN","INE121A01024","eab4a576-bfa9-4054-b6db-ce1c499c25e8","NBFC_LENDING","","P7_IC1_NBFC_LENDING_METHODOLOGY_V1","PORTFOLIOAI_P7_IC1_METHODOLOGY_R7_REGISTRY_V1","REVIEW_REQUIRED","PB_RELATIVE_TO_ROE","","REQUIRED_EVIDENCE_MISSING","methodology_contract; minimum_history=3; freshness_policy=FUNDAMENTAL_150_DAYS_ANNUAL_550_DAYS; applicability=APPLICABLE","trendlyne_domains=4/4; retained_documents=1","TRENDLYNE_STRUCTURED_PLUS_PERIOD_SCOPE_OR_OFFICIAL_FILING","p7-ic2-materialize-readiness + v14 reviewed/numeric/history validators","contract-valid source metadata","RAW_PROVIDER_CAPTURE_AVAILABLE; NORMALIZATION_OR_REVIEW_PENDING"
"cbdbea24-eb1d-489f-ab6f-7800f04f28ca","CHOLAFIN","INE121A01024","eab4a576-bfa9-4054-b6db-ce1c499c25e8","NBFC_LENDING","","P7_IC1_NBFC_LENDING_METHODOLOGY_V1","PORTFOLIOAI_P7_IC1_METHODOLOGY_R7_REGISTRY_V1","REVIEW_REQUIRED","PE_RELATIVE_TO_PEERS_AND_SELF_HISTORY","","REQUIRED_EVIDENCE_MISSING","methodology_contract; minimum_history=3; freshness_policy=FUNDAMENTAL_150_DAYS_ANNUAL_550_DAYS; applicability=APPLICABLE","trendlyne_domains=4/4; retained_documents=1","VALIDATED_HISTORY_BENCHMARK_PATH","p7-ic2-materialize-readiness + v14 reviewed/numeric/history validators","contract-valid source metadata","RAW_PROVIDER_CAPTURE_AVAILABLE; NORMALIZATION_OR_REVIEW_PENDING"
"cbdbea24-eb1d-489f-ab6f-7800f04f28ca","CHOLAFIN","INE121A01024","eab4a576-bfa9-4054-b6db-ce1c499c25e8","NBFC_LENDING","","P7_IC1_NBFC_LENDING_METHODOLOGY_V1","PORTFOLIOAI_P7_IC1_METHODOLOGY_R7_REGISTRY_V1","REVIEW_REQUIRED","RATING_TREND","","REQUIRED_EVIDENCE_MISSING","methodology_contract; minimum_history=252; freshness_policy=MARKET_5_TRADING_DAYS; applicability=APPLICABLE","trendlyne_domains=4/4; retained_documents=1","DOCUMENT_DISCOVERY_OFFICIAL_SOURCE_REVIEW","p7-ic2-materialize-readiness + v14 reviewed/numeric/history validators","source metadata and/or factual reviewer decision","RAW_PROVIDER_CAPTURE_AVAILABLE; NORMALIZATION_OR_REVIEW_PENDING"
"cbdbea24-eb1d-489f-ab6f-7800f04f28ca","CHOLAFIN","INE121A01024","eab4a576-bfa9-4054-b6db-ce1c499c25e8","NBFC_LENDING","","P7_IC1_NBFC_LENDING_METHODOLOGY_V1","PORTFOLIOAI_P7_IC1_METHODOLOGY_R7_REGISTRY_V1","REVIEW_REQUIRED","ROA_ROE_CAPITAL_ADEQUACY","","REQUIRED_EVIDENCE_MISSING","methodology_contract; minimum_history=3; freshness_policy=FUNDAMENTAL_150_DAYS_ANNUAL_550_DAYS; applicability=APPLICABLE","trendlyne_domains=4/4; retained_documents=1","TRENDLYNE_STRUCTURED_PLUS_PERIOD_SCOPE_OR_OFFICIAL_FILING","p7-ic2-materialize-readiness + v14 reviewed/numeric/history validators","contract-valid source metadata","RAW_PROVIDER_CAPTURE_AVAILABLE; NORMALIZATION_OR_REVIEW_PENDING"
"cbdbea24-eb1d-489f-ab6f-7800f04f28ca","CHOLAFIN","INE121A01024","eab4a576-bfa9-4054-b6db-ce1c499c25e8","NBFC_LENDING","","P7_IC1_NBFC_LENDING_METHODOLOGY_V1","PORTFOLIOAI_P7_IC1_METHODOLOGY_R7_REGISTRY_V1","REVIEW_REQUIRED","UNDERWRITING_CYCLE_HISTORY","","REQUIRED_EVIDENCE_MISSING","methodology_contract; minimum_history=3; freshness_policy=FUNDAMENTAL_150_DAYS_ANNUAL_550_DAYS; applicability=APPLICABLE","trendlyne_domains=4/4; retained_documents=1","VALIDATED_HISTORY_BENCHMARK_PATH","p7-ic2-materialize-readiness + v14 reviewed/numeric/history validators","contract-valid source metadata","RAW_PROVIDER_CAPTURE_AVAILABLE; NORMALIZATION_OR_REVIEW_PENDING"
"f77ecec3-0e2b-4628-b923-1c99b640b363","CIEINDIA","INE536H01010","05488341-55e0-490a-9eff-1758e744c8a5","AUTO_COMPONENTS","","AUTO_COMPONENTS_K4B_SCORING_V1","PORTFOLIOAI_P7_IC1_METHODOLOGY_R7_REGISTRY_V1","REVIEW_REQUIRED","BUSINESS_DURABILITY","","REQUIRED_EVIDENCE_MISSING","methodology_contract; minimum_history=1; freshness_policy=UNSPECIFIED; applicability=APPLICABLE","trendlyne_domains=4/4; retained_documents=1","DOCUMENT_DISCOVERY_OFFICIAL_SOURCE_REVIEW","p7-ic2-materialize-readiness + v14 reviewed/numeric/history validators","source metadata and/or factual reviewer decision","RAW_PROVIDER_CAPTURE_AVAILABLE; NORMALIZATION_OR_REVIEW_PENDING"
"f77ecec3-0e2b-4628-b923-1c99b640b363","CIEINDIA","INE536H01010","05488341-55e0-490a-9eff-1758e744c8a5","AUTO_COMPONENTS","","AUTO_COMPONENTS_K4B_SCORING_V1","PORTFOLIOAI_P7_IC1_METHODOLOGY_R7_REGISTRY_V1","REVIEW_REQUIRED","OPERATING_MARGIN_HISTORY","","REQUIRED_EVIDENCE_MISSING","methodology_contract; minimum_history=1; freshness_policy=UNSPECIFIED; applicability=APPLICABLE","trendlyne_domains=4/4; retained_documents=1","DOCUMENT_DISCOVERY_OFFICIAL_SOURCE_REVIEW","p7-ic2-materialize-readiness + v14 reviewed/numeric/history validators","source metadata and/or factual reviewer decision","RAW_PROVIDER_CAPTURE_AVAILABLE; NORMALIZATION_OR_REVIEW_PENDING"
"8a9e5286-a857-4cd9-8eda-e82378482ff6","CIPLA","INE059A01026","924dd59e-15a3-47d9-92de-320be1641664","PHARMA","GLOBAL_GENERICS","PHARMA_V1_PLUS_REVIEWED_PRIMARY_SUBPROFILE","PORTFOLIOAI_P7_IC1_METHODOLOGY_R7_REGISTRY_V1","REVIEW_REQUIRED","CAPEX","","REQUIRED_EVIDENCE_MISSING","methodology_contract; minimum_history=3; freshness_policy=UNSPECIFIED; applicability=APPLICABLE","trendlyne_domains=4/4; retained_documents=2","TRENDLYNE_STRUCTURED_PLUS_PERIOD_SCOPE_OR_OFFICIAL_FILING","p7-ic2-materialize-readiness + v14 reviewed/numeric/history validators","contract-valid source metadata","RAW_PROVIDER_CAPTURE_AVAILABLE; NORMALIZATION_OR_REVIEW_PENDING"
"8a9e5286-a857-4cd9-8eda-e82378482ff6","CIPLA","INE059A01026","924dd59e-15a3-47d9-92de-320be1641664","PHARMA","GLOBAL_GENERICS","PHARMA_V1_PLUS_REVIEWED_PRIMARY_SUBPROFILE","PORTFOLIOAI_P7_IC1_METHODOLOGY_R7_REGISTRY_V1","REVIEW_REQUIRED","EV_EBITDA","","REQUIRED_EVIDENCE_MISSING","methodology_contract; minimum_history=3; freshness_policy=UNSPECIFIED; applicability=APPLICABLE","trendlyne_domains=4/4; retained_documents=2","TRENDLYNE_STRUCTURED_PLUS_PERIOD_SCOPE_OR_OFFICIAL_FILING","p7-ic2-materialize-readiness + v14 reviewed/numeric/history validators","contract-valid source metadata","RAW_PROVIDER_CAPTURE_AVAILABLE; NORMALIZATION_OR_REVIEW_PENDING"
"8a9e5286-a857-4cd9-8eda-e82378482ff6","CIPLA","INE059A01026","924dd59e-15a3-47d9-92de-320be1641664","PHARMA","GLOBAL_GENERICS","PHARMA_V1_PLUS_REVIEWED_PRIMARY_SUBPROFILE","PORTFOLIOAI_P7_IC1_METHODOLOGY_R7_REGISTRY_V1","REVIEW_REQUIRED","FCF_YIELD","","REQUIRED_EVIDENCE_MISSING","methodology_contract; minimum_history=3; freshness_policy=UNSPECIFIED; applicability=APPLICABLE","trendlyne_domains=4/4; retained_documents=2","TRENDLYNE_STRUCTURED_PLUS_PERIOD_SCOPE_OR_OFFICIAL_FILING","p7-ic2-materialize-readiness + v14 reviewed/numeric/history validators","contract-valid source metadata","RAW_PROVIDER_CAPTURE_AVAILABLE; NORMALIZATION_OR_REVIEW_PENDING"
"b9ec22c1-bb74-4206-8d14-45b1f4b10293","COALINDIA","INE522F01014","d8c76058-d3e5-4913-aa53-efbd620d0bba","SOLID_FUELS_MINING","","P7_IC1_SOLID_FUELS_MINING_METHODOLOGY_V1","PORTFOLIOAI_P7_IC1_METHODOLOGY_R7_REGISTRY_V1","REVIEW_REQUIRED","DIVIDEND_YIELD_CONTEXT","","REQUIRED_EVIDENCE_MISSING","methodology_contract; minimum_history=3; freshness_policy=FUNDAMENTAL_150_DAYS_ANNUAL_550_DAYS; applicability=APPLICABLE","trendlyne_domains=4/4; retained_documents=2","TRENDLYNE_STRUCTURED_PLUS_PERIOD_SCOPE_OR_OFFICIAL_FILING","p7-ic2-materialize-readiness + v14 reviewed/numeric/history validators","contract-valid source metadata","RAW_PROVIDER_CAPTURE_AVAILABLE; NORMALIZATION_OR_REVIEW_PENDING"
"b9ec22c1-bb74-4206-8d14-45b1f4b10293","COALINDIA","INE522F01014","d8c76058-d3e5-4913-aa53-efbd620d0bba","SOLID_FUELS_MINING","","P7_IC1_SOLID_FUELS_MINING_METHODOLOGY_V1","PORTFOLIOAI_P7_IC1_METHODOLOGY_R7_REGISTRY_V1","REVIEW_REQUIRED","EV_EBITDA_NORMALIZED","","REQUIRED_EVIDENCE_MISSING","methodology_contract; minimum_history=3; freshness_policy=FUNDAMENTAL_150_DAYS_ANNUAL_550_DAYS; applicability=APPLICABLE","trendlyne_domains=4/4; retained_documents=2","TRENDLYNE_STRUCTURED_PLUS_PERIOD_SCOPE_OR_OFFICIAL_FILING","p7-ic2-materialize-readiness + v14 reviewed/numeric/history validators","contract-valid source metadata","RAW_PROVIDER_CAPTURE_AVAILABLE; NORMALIZATION_OR_REVIEW_PENDING"
"b9ec22c1-bb74-4206-8d14-45b1f4b10293","COALINDIA","INE522F01014","d8c76058-d3e5-4913-aa53-efbd620d0bba","SOLID_FUELS_MINING","","P7_IC1_SOLID_FUELS_MINING_METHODOLOGY_V1","PORTFOLIOAI_P7_IC1_METHODOLOGY_R7_REGISTRY_V1","REVIEW_REQUIRED","PRODUCTION_OFFTAKE_REALIZATION_GROWTH","","REQUIRED_EVIDENCE_MISSING","methodology_contract; minimum_history=8; freshness_policy=FUNDAMENTAL_150_DAYS_ANNUAL_550_DAYS; applicability=APPLICABLE","trendlyne_domains=4/4; retained_documents=2","TRENDLYNE_STRUCTURED_PLUS_PERIOD_SCOPE_OR_OFFICIAL_FILING","p7-ic2-materialize-readiness + v14 reviewed/numeric/history validators","contract-valid source metadata","RAW_PROVIDER_CAPTURE_AVAILABLE; NORMALIZATION_OR_REVIEW_PENDING"
"b9ec22c1-bb74-4206-8d14-45b1f4b10293","COALINDIA","INE522F01014","d8c76058-d3e5-4913-aa53-efbd620d0bba","SOLID_FUELS_MINING","","P7_IC1_SOLID_FUELS_MINING_METHODOLOGY_V1","PORTFOLIOAI_P7_IC1_METHODOLOGY_R7_REGISTRY_V1","REVIEW_REQUIRED","REALIZATION_COST_POSITION","","REQUIRED_EVIDENCE_MISSING","methodology_contract; minimum_history=8; freshness_policy=FUNDAMENTAL_150_DAYS_ANNUAL_550_DAYS; applicability=APPLICABLE","trendlyne_domains=4/4; retained_documents=2","PROFILE_CONTRACT_PROVIDER_OR_DOCUMENT_REVIEW","p7-ic2-materialize-readiness + v14 reviewed/numeric/history validators","source metadata and/or factual reviewer decision","RAW_PROVIDER_CAPTURE_AVAILABLE; NORMALIZATION_OR_REVIEW_PENDING"
"b9ec22c1-bb74-4206-8d14-45b1f4b10293","COALINDIA","INE522F01014","d8c76058-d3e5-4913-aa53-efbd620d0bba","SOLID_FUELS_MINING","","P7_IC1_SOLID_FUELS_MINING_METHODOLOGY_V1","PORTFOLIOAI_P7_IC1_METHODOLOGY_R7_REGISTRY_V1","REVIEW_REQUIRED","SCALE","","REQUIRED_EVIDENCE_MISSING","methodology_contract; minimum_history=3; freshness_policy=FUNDAMENTAL_150_DAYS_ANNUAL_550_DAYS; applicability=APPLICABLE","trendlyne_domains=4/4; retained_documents=2","PROFILE_CONTRACT_PROVIDER_OR_DOCUMENT_REVIEW","p7-ic2-materialize-readiness + v14 reviewed/numeric/history validators","source metadata and/or factual reviewer decision","RAW_PROVIDER_CAPTURE_AVAILABLE; NORMALIZATION_OR_REVIEW_PENDING"
"b9ec22c1-bb74-4206-8d14-45b1f4b10293","COALINDIA","INE522F01014","d8c76058-d3e5-4913-aa53-efbd620d0bba","SOLID_FUELS_MINING","","P7_IC1_SOLID_FUELS_MINING_METHODOLOGY_V1","PORTFOLIOAI_P7_IC1_METHODOLOGY_R7_REGISTRY_V1","REVIEW_REQUIRED","THROUGH_CYCLE_MARGIN_COST_QUALITY","","REQUIRED_EVIDENCE_MISSING","methodology_contract; minimum_history=8; freshness_policy=FUNDAMENTAL_150_DAYS_ANNUAL_550_DAYS; applicability=APPLICABLE","trendlyne_domains=4/4; retained_documents=2","TRENDLYNE_STRUCTURED_PLUS_PERIOD_SCOPE_OR_OFFICIAL_FILING","p7-ic2-materialize-readiness + v14 reviewed/numeric/history validators","contract-valid source metadata","RAW_PROVIDER_CAPTURE_AVAILABLE; NORMALIZATION_OR_REVIEW_PENDING"
"1c205f01-6864-4628-8613-8580e5211fb9","COROMANDEL","INE169A01031","5b50f110-4421-4f26-8f27-d204bcc50cd3","AGRO_FERTILISER","","CHEMICALS_V1_K4B_SCORING_V1","PORTFOLIOAI_P7_IC1_METHODOLOGY_R7_REGISTRY_V1","REVIEW_REQUIRED","REVENUE_AND_VOLUME_GROWTH_MULTI_PERIOD","","REQUIRED_EVIDENCE_MISSING","methodology_contract; minimum_history=1; freshness_policy=UNSPECIFIED; applicability=APPLICABLE","trendlyne_domains=4/4; retained_documents=2","TRENDLYNE_STRUCTURED_PLUS_PERIOD_SCOPE_OR_OFFICIAL_FILING","p7-ic2-materialize-readiness + v14 reviewed/numeric/history validators","contract-valid source metadata","RAW_PROVIDER_CAPTURE_AVAILABLE; NORMALIZATION_OR_REVIEW_PENDING"
"39eeaf90-d688-45c5-a6af-41651226afa4","CPPLUS","INE819V01029","d85e9dc5-4cde-4803-af3b-ece622f1175f","INDUSTRIAL_PRODUCTS","","P7_IC1_INDUSTRIAL_PRODUCTS_METHODOLOGY_V1","PORTFOLIOAI_P7_IC1_METHODOLOGY_R7_REGISTRY_V1","REVIEW_REQUIRED","CAPACITY_DISCIPLINE","","REQUIRED_EVIDENCE_MISSING","methodology_contract; minimum_history=3; freshness_policy=FUNDAMENTAL_150_DAYS_ANNUAL_550_DAYS; applicability=APPLICABLE","trendlyne_domains=4/4; retained_documents=1","PROFILE_CONTRACT_PROVIDER_OR_DOCUMENT_REVIEW","p7-ic2-materialize-readiness + v14 reviewed/numeric/history validators","source metadata and/or factual reviewer decision","RAW_PROVIDER_CAPTURE_AVAILABLE; NORMALIZATION_OR_REVIEW_PENDING"
"39eeaf90-d688-45c5-a6af-41651226afa4","CPPLUS","INE819V01029","d85e9dc5-4cde-4803-af3b-ece622f1175f","INDUSTRIAL_PRODUCTS","","P7_IC1_INDUSTRIAL_PRODUCTS_METHODOLOGY_V1","PORTFOLIOAI_P7_IC1_METHODOLOGY_R7_REGISTRY_V1","REVIEW_REQUIRED","CFO_FCF_WORKING_CAPITAL","","REQUIRED_EVIDENCE_MISSING","methodology_contract; minimum_history=3; freshness_policy=FUNDAMENTAL_150_DAYS_ANNUAL_550_DAYS; applicability=APPLICABLE","trendlyne_domains=4/4; retained_documents=1","TRENDLYNE_STRUCTURED_PLUS_PERIOD_SCOPE_OR_OFFICIAL_FILING","p7-ic2-materialize-readiness + v14 reviewed/numeric/history validators","contract-valid source metadata","RAW_PROVIDER_CAPTURE_AVAILABLE; NORMALIZATION_OR_REVIEW_PENDING"
"39eeaf90-d688-45c5-a6af-41651226afa4","CPPLUS","INE819V01029","d85e9dc5-4cde-4803-af3b-ece622f1175f","INDUSTRIAL_PRODUCTS","","P7_IC1_INDUSTRIAL_PRODUCTS_METHODOLOGY_V1","PORTFOLIOAI_P7_IC1_METHODOLOGY_R7_REGISTRY_V1","REVIEW_REQUIRED","DISTRIBUTION_CUSTOMER_PRODUCT_MOAT","","REQUIRED_EVIDENCE_MISSING","methodology_contract; minimum_history=3; freshness_policy=FUNDAMENTAL_150_DAYS_ANNUAL_550_DAYS; applicability=APPLICABLE","trendlyne_domains=4/4; retained_documents=1","DOCUMENT_DISCOVERY_OFFICIAL_SOURCE_REVIEW","p7-ic2-materialize-readiness + v14 reviewed/numeric/history validators","source metadata and/or factual reviewer decision","RAW_PROVIDER_CAPTURE_AVAILABLE; NORMALIZATION_OR_REVIEW_PENDING"
"39eeaf90-d688-45c5-a6af-41651226afa4","CPPLUS","INE819V01029","d85e9dc5-4cde-4803-af3b-ece622f1175f","INDUSTRIAL_PRODUCTS","","P7_IC1_INDUSTRIAL_PRODUCTS_METHODOLOGY_V1","PORTFOLIOAI_P7_IC1_METHODOLOGY_R7_REGISTRY_V1","REVIEW_REQUIRED","EV_EBITDA","","REQUIRED_EVIDENCE_MISSING","methodology_contract; minimum_history=3; freshness_policy=FUNDAMENTAL_150_DAYS_ANNUAL_550_DAYS; applicability=APPLICABLE","trendlyne_domains=4/4; retained_documents=1","TRENDLYNE_STRUCTURED_PLUS_PERIOD_SCOPE_OR_OFFICIAL_FILING","p7-ic2-materialize-readiness + v14 reviewed/numeric/history validators","contract-valid source metadata","RAW_PROVIDER_CAPTURE_AVAILABLE; NORMALIZATION_OR_REVIEW_PENDING"
"39eeaf90-d688-45c5-a6af-41651226afa4","CPPLUS","INE819V01029","d85e9dc5-4cde-4803-af3b-ece622f1175f","INDUSTRIAL_PRODUCTS","","P7_IC1_INDUSTRIAL_PRODUCTS_METHODOLOGY_V1","PORTFOLIOAI_P7_IC1_METHODOLOGY_R7_REGISTRY_V1","REVIEW_REQUIRED","FCF_YIELD","","REQUIRED_EVIDENCE_MISSING","methodology_contract; minimum_history=3; freshness_policy=FUNDAMENTAL_150_DAYS_ANNUAL_550_DAYS; applicability=APPLICABLE","trendlyne_domains=4/4; retained_documents=1","TRENDLYNE_STRUCTURED_PLUS_PERIOD_SCOPE_OR_OFFICIAL_FILING","p7-ic2-materialize-readiness + v14 reviewed/numeric/history validators","contract-valid source metadata","RAW_PROVIDER_CAPTURE_AVAILABLE; NORMALIZATION_OR_REVIEW_PENDING"
"39eeaf90-d688-45c5-a6af-41651226afa4","CPPLUS","INE819V01029","d85e9dc5-4cde-4803-af3b-ece622f1175f","INDUSTRIAL_PRODUCTS","","P7_IC1_INDUSTRIAL_PRODUCTS_METHODOLOGY_V1","PORTFOLIOAI_P7_IC1_METHODOLOGY_R7_REGISTRY_V1","REVIEW_REQUIRED","GOVERNANCE_EVENT_REVIEW","","REQUIRED_EVIDENCE_MISSING","methodology_contract; minimum_history=4; freshness_policy=FUNDAMENTAL_150_DAYS_ANNUAL_550_DAYS; applicability=APPLICABLE","trendlyne_domains=4/4; retained_documents=1","DOCUMENT_DISCOVERY_OFFICIAL_SOURCE_REVIEW","p7-ic2-materialize-readiness + v14 reviewed/numeric/history validators","source metadata and/or factual reviewer decision","RAW_PROVIDER_CAPTURE_AVAILABLE; NORMALIZATION_OR_REVIEW_PENDING"
"39eeaf90-d688-45c5-a6af-41651226afa4","CPPLUS","INE819V01029","d85e9dc5-4cde-4803-af3b-ece622f1175f","INDUSTRIAL_PRODUCTS","","P7_IC1_INDUSTRIAL_PRODUCTS_METHODOLOGY_V1","PORTFOLIOAI_P7_IC1_METHODOLOGY_R7_REGISTRY_V1","REVIEW_REQUIRED","INPUT_COST_DEMAND_CAPEX","","REQUIRED_EVIDENCE_MISSING","methodology_contract; minimum_history=252; freshness_policy=MARKET_5_TRADING_DAYS; applicability=APPLICABLE","trendlyne_domains=4/4; retained_documents=1","TRENDLYNE_STRUCTURED_PLUS_PERIOD_SCOPE_OR_OFFICIAL_FILING","p7-ic2-materialize-readiness + v14 reviewed/numeric/history validators","contract-valid source metadata","RAW_PROVIDER_CAPTURE_AVAILABLE; NORMALIZATION_OR_REVIEW_PENDING"
"39eeaf90-d688-45c5-a6af-41651226afa4","CPPLUS","INE819V01029","d85e9dc5-4cde-4803-af3b-ece622f1175f","INDUSTRIAL_PRODUCTS","","P7_IC1_INDUSTRIAL_PRODUCTS_METHODOLOGY_V1","PORTFOLIOAI_P7_IC1_METHODOLOGY_R7_REGISTRY_V1","REVIEW_REQUIRED","NET_DEBT_INTEREST_COVERAGE","","REQUIRED_EVIDENCE_MISSING","methodology_contract; minimum_history=3; freshness_policy=FUNDAMENTAL_150_DAYS_ANNUAL_550_DAYS; applicability=APPLICABLE","trendlyne_domains=4/4; retained_documents=1","TRENDLYNE_STRUCTURED_PLUS_PERIOD_SCOPE_OR_OFFICIAL_FILING","p7-ic2-materialize-readiness + v14 reviewed/numeric/history validators","contract-valid source metadata","RAW_PROVIDER_CAPTURE_AVAILABLE; NORMALIZATION_OR_REVIEW_PENDING"
"39eeaf90-d688-45c5-a6af-41651226afa4","CPPLUS","INE819V01029","d85e9dc5-4cde-4803-af3b-ece622f1175f","INDUSTRIAL_PRODUCTS","","P7_IC1_INDUSTRIAL_PRODUCTS_METHODOLOGY_V1","PORTFOLIOAI_P7_IC1_METHODOLOGY_R7_REGISTRY_V1","REVIEW_REQUIRED","OPERATING_MARGIN_HISTORY","","REQUIRED_EVIDENCE_MISSING","methodology_contract; minimum_history=8; freshness_policy=FUNDAMENTAL_150_DAYS_ANNUAL_550_DAYS; applicability=APPLICABLE","trendlyne_domains=4/4; retained_documents=1","DOCUMENT_DISCOVERY_OFFICIAL_SOURCE_REVIEW","p7-ic2-materialize-readiness + v14 reviewed/numeric/history validators","source metadata and/or factual reviewer decision","RAW_PROVIDER_CAPTURE_AVAILABLE; NORMALIZATION_OR_REVIEW_PENDING"
"39eeaf90-d688-45c5-a6af-41651226afa4","CPPLUS","INE819V01029","d85e9dc5-4cde-4803-af3b-ece622f1175f","INDUSTRIAL_PRODUCTS","","P7_IC1_INDUSTRIAL_PRODUCTS_METHODOLOGY_V1","PORTFOLIOAI_P7_IC1_METHODOLOGY_R7_REGISTRY_V1","REVIEW_REQUIRED","OWNERSHIP_TREND_4Q","","REQUIRED_EVIDENCE_MISSING","methodology_contract; minimum_history=4; freshness_policy=FUNDAMENTAL_150_DAYS_ANNUAL_550_DAYS; applicability=APPLICABLE","trendlyne_domains=4/4; retained_documents=1","TRENDLYNE_OWNERSHIP_REVIEW","p7-ic2-materialize-readiness + v14 reviewed/numeric/history validators","source metadata and/or factual reviewer decision","RAW_PROVIDER_CAPTURE_AVAILABLE; NORMALIZATION_OR_REVIEW_PENDING"
"39eeaf90-d688-45c5-a6af-41651226afa4","CPPLUS","INE819V01029","d85e9dc5-4cde-4803-af3b-ece622f1175f","INDUSTRIAL_PRODUCTS","","P7_IC1_INDUSTRIAL_PRODUCTS_METHODOLOGY_V1","PORTFOLIOAI_P7_IC1_METHODOLOGY_R7_REGISTRY_V1","REVIEW_REQUIRED","PE","","REQUIRED_EVIDENCE_MISSING","methodology_contract; minimum_history=3; freshness_policy=FUNDAMENTAL_150_DAYS_ANNUAL_550_DAYS; applicability=APPLICABLE","trendlyne_domains=4/4; retained_documents=1","TRENDLYNE_STRUCTURED_PLUS_PERIOD_SCOPE_OR_OFFICIAL_FILING","p7-ic2-materialize-readiness + v14 reviewed/numeric/history validators","contract-valid source metadata","RAW_PROVIDER_CAPTURE_AVAILABLE; NORMALIZATION_OR_REVIEW_PENDING"
"39eeaf90-d688-45c5-a6af-41651226afa4","CPPLUS","INE819V01029","d85e9dc5-4cde-4803-af3b-ece622f1175f","INDUSTRIAL_PRODUCTS","","P7_IC1_INDUSTRIAL_PRODUCTS_METHODOLOGY_V1","PORTFOLIOAI_P7_IC1_METHODOLOGY_R7_REGISTRY_V1","REVIEW_REQUIRED","PRODUCT_MIX_QUALITY","","REQUIRED_EVIDENCE_MISSING","methodology_contract; minimum_history=8; freshness_policy=FUNDAMENTAL_150_DAYS_ANNUAL_550_DAYS; applicability=APPLICABLE","trendlyne_domains=4/4; retained_documents=1","PROFILE_CONTRACT_PROVIDER_OR_DOCUMENT_REVIEW","p7-ic2-materialize-readiness + v14 reviewed/numeric/history validators","source metadata and/or factual reviewer decision","RAW_PROVIDER_CAPTURE_AVAILABLE; NORMALIZATION_OR_REVIEW_PENDING"
"39eeaf90-d688-45c5-a6af-41651226afa4","CPPLUS","INE819V01029","d85e9dc5-4cde-4803-af3b-ece622f1175f","INDUSTRIAL_PRODUCTS","","P7_IC1_INDUSTRIAL_PRODUCTS_METHODOLOGY_V1","PORTFOLIOAI_P7_IC1_METHODOLOGY_R7_REGISTRY_V1","REVIEW_REQUIRED","REVENUE_VOLUME_ORDER_GROWTH","","REQUIRED_EVIDENCE_MISSING","methodology_contract; minimum_history=8; freshness_policy=FUNDAMENTAL_150_DAYS_ANNUAL_550_DAYS; applicability=APPLICABLE","trendlyne_domains=4/4; retained_documents=1","TRENDLYNE_STRUCTURED_PLUS_PERIOD_SCOPE_OR_OFFICIAL_FILING","p7-ic2-materialize-readiness + v14 reviewed/numeric/history validators","contract-valid source metadata","RAW_PROVIDER_CAPTURE_AVAILABLE; NORMALIZATION_OR_REVIEW_PENDING"
"39eeaf90-d688-45c5-a6af-41651226afa4","CPPLUS","INE819V01029","d85e9dc5-4cde-4803-af3b-ece622f1175f","INDUSTRIAL_PRODUCTS","","P7_IC1_INDUSTRIAL_PRODUCTS_METHODOLOGY_V1","PORTFOLIOAI_P7_IC1_METHODOLOGY_R7_REGISTRY_V1","REVIEW_REQUIRED","ROCE_CONTEXT","","REQUIRED_EVIDENCE_MISSING","methodology_contract; minimum_history=3; freshness_policy=FUNDAMENTAL_150_DAYS_ANNUAL_550_DAYS; applicability=APPLICABLE","trendlyne_domains=4/4; retained_documents=1","TRENDLYNE_STRUCTURED_PLUS_PERIOD_SCOPE_OR_OFFICIAL_FILING","p7-ic2-materialize-readiness + v14 reviewed/numeric/history validators","contract-valid source metadata","RAW_PROVIDER_CAPTURE_AVAILABLE; NORMALIZATION_OR_REVIEW_PENDING"
"39eeaf90-d688-45c5-a6af-41651226afa4","CPPLUS","INE819V01029","d85e9dc5-4cde-4803-af3b-ece622f1175f","INDUSTRIAL_PRODUCTS","","P7_IC1_INDUSTRIAL_PRODUCTS_METHODOLOGY_V1","PORTFOLIOAI_P7_IC1_METHODOLOGY_R7_REGISTRY_V1","REVIEW_REQUIRED","ROCE_OR_ROIC","","REQUIRED_EVIDENCE_MISSING","methodology_contract; minimum_history=3; freshness_policy=FUNDAMENTAL_150_DAYS_ANNUAL_550_DAYS; applicability=APPLICABLE","trendlyne_domains=4/4; retained_documents=1","TRENDLYNE_STRUCTURED_PLUS_PERIOD_SCOPE_OR_OFFICIAL_FILING","p7-ic2-materialize-readiness + v14 reviewed/numeric/history validators","contract-valid source metadata","RAW_PROVIDER_CAPTURE_AVAILABLE; NORMALIZATION_OR_REVIEW_PENDING"
"4b5237ea-28d4-4320-be0e-3ea0cc5da04a","CROMPTON","INE299U01018","f00c355d-1f08-4ab6-a2f2-19f16dc830af","CONSUMER_DURABLES","","P7_IC1_CONSUMER_DURABLES_METHODOLOGY_V1","PORTFOLIOAI_P7_IC1_METHODOLOGY_R7_REGISTRY_V1","REVIEW_REQUIRED","CATEGORY_POSITION","","REQUIRED_EVIDENCE_MISSING","methodology_contract; minimum_history=3; freshness_policy=FUNDAMENTAL_150_DAYS_ANNUAL_550_DAYS; applicability=APPLICABLE","trendlyne_domains=4/4; retained_documents=1","DOCUMENT_DISCOVERY_OFFICIAL_SOURCE_REVIEW","p7-ic2-materialize-readiness + v14 reviewed/numeric/history validators","source metadata and/or factual reviewer decision","RAW_PROVIDER_CAPTURE_AVAILABLE; NORMALIZATION_OR_REVIEW_PENDING"
"4b5237ea-28d4-4320-be0e-3ea0cc5da04a","CROMPTON","INE299U01018","f00c355d-1f08-4ab6-a2f2-19f16dc830af","CONSUMER_DURABLES","","P7_IC1_CONSUMER_DURABLES_METHODOLOGY_V1","PORTFOLIOAI_P7_IC1_METHODOLOGY_R7_REGISTRY_V1","REVIEW_REQUIRED","CFO_FCF_WORKING_CAPITAL","","REQUIRED_EVIDENCE_MISSING","methodology_contract; minimum_history=3; freshness_policy=FUNDAMENTAL_150_DAYS_ANNUAL_550_DAYS; applicability=APPLICABLE","trendlyne_domains=4/4; retained_documents=1","TRENDLYNE_STRUCTURED_PLUS_PERIOD_SCOPE_OR_OFFICIAL_FILING","p7-ic2-materialize-readiness + v14 reviewed/numeric/history validators","contract-valid source metadata","RAW_PROVIDER_CAPTURE_AVAILABLE; NORMALIZATION_OR_REVIEW_PENDING"
"4b5237ea-28d4-4320-be0e-3ea0cc5da04a","CROMPTON","INE299U01018","f00c355d-1f08-4ab6-a2f2-19f16dc830af","CONSUMER_DURABLES","","P7_IC1_CONSUMER_DURABLES_METHODOLOGY_V1","PORTFOLIOAI_P7_IC1_METHODOLOGY_R7_REGISTRY_V1","REVIEW_REQUIRED","EV_EBITDA","","REQUIRED_EVIDENCE_MISSING","methodology_contract; minimum_history=3; freshness_policy=FUNDAMENTAL_150_DAYS_ANNUAL_550_DAYS; applicability=APPLICABLE","trendlyne_domains=4/4; retained_documents=1","TRENDLYNE_STRUCTURED_PLUS_PERIOD_SCOPE_OR_OFFICIAL_FILING","p7-ic2-materialize-readiness + v14 reviewed/numeric/history validators","contract-valid source metadata","RAW_PROVIDER_CAPTURE_AVAILABLE; NORMALIZATION_OR_REVIEW_PENDING"
"4b5237ea-28d4-4320-be0e-3ea0cc5da04a","CROMPTON","INE299U01018","f00c355d-1f08-4ab6-a2f2-19f16dc830af","CONSUMER_DURABLES","","P7_IC1_CONSUMER_DURABLES_METHODOLOGY_V1","PORTFOLIOAI_P7_IC1_METHODOLOGY_R7_REGISTRY_V1","REVIEW_REQUIRED","FCF_YIELD","","REQUIRED_EVIDENCE_MISSING","methodology_contract; minimum_history=3; freshness_policy=FUNDAMENTAL_150_DAYS_ANNUAL_550_DAYS; applicability=APPLICABLE","trendlyne_domains=4/4; retained_documents=1","TRENDLYNE_STRUCTURED_PLUS_PERIOD_SCOPE_OR_OFFICIAL_FILING","p7-ic2-materialize-readiness + v14 reviewed/numeric/history validators","contract-valid source metadata","RAW_PROVIDER_CAPTURE_AVAILABLE; NORMALIZATION_OR_REVIEW_PENDING"
"4b5237ea-28d4-4320-be0e-3ea0cc5da04a","CROMPTON","INE299U01018","f00c355d-1f08-4ab6-a2f2-19f16dc830af","CONSUMER_DURABLES","","P7_IC1_CONSUMER_DURABLES_METHODOLOGY_V1","PORTFOLIOAI_P7_IC1_METHODOLOGY_R7_REGISTRY_V1","REVIEW_REQUIRED","GOVERNANCE_EVENT_REVIEW","","REQUIRED_EVIDENCE_MISSING","methodology_contract; minimum_history=4; freshness_policy=FUNDAMENTAL_150_DAYS_ANNUAL_550_DAYS; applicability=APPLICABLE","trendlyne_domains=4/4; retained_documents=1","DOCUMENT_DISCOVERY_OFFICIAL_SOURCE_REVIEW","p7-ic2-materialize-readiness + v14 reviewed/numeric/history validators","source metadata and/or factual reviewer decision","RAW_PROVIDER_CAPTURE_AVAILABLE; NORMALIZATION_OR_REVIEW_PENDING"
"4b5237ea-28d4-4320-be0e-3ea0cc5da04a","CROMPTON","INE299U01018","f00c355d-1f08-4ab6-a2f2-19f16dc830af","CONSUMER_DURABLES","","P7_IC1_CONSUMER_DURABLES_METHODOLOGY_V1","PORTFOLIOAI_P7_IC1_METHODOLOGY_R7_REGISTRY_V1","REVIEW_REQUIRED","NET_CASH_OR_LEVERAGE","","REQUIRED_EVIDENCE_MISSING","methodology_contract; minimum_history=3; freshness_policy=FUNDAMENTAL_150_DAYS_ANNUAL_550_DAYS; applicability=APPLICABLE","trendlyne_domains=4/4; retained_documents=1","TRENDLYNE_STRUCTURED_PLUS_PERIOD_SCOPE_OR_OFFICIAL_FILING","p7-ic2-materialize-readiness + v14 reviewed/numeric/history validators","contract-valid source metadata","RAW_PROVIDER_CAPTURE_AVAILABLE; NORMALIZATION_OR_REVIEW_PENDING"
"4b5237ea-28d4-4320-be0e-3ea0cc5da04a","CROMPTON","INE299U01018","f00c355d-1f08-4ab6-a2f2-19f16dc830af","CONSUMER_DURABLES","","P7_IC1_CONSUMER_DURABLES_METHODOLOGY_V1","PORTFOLIOAI_P7_IC1_METHODOLOGY_R7_REGISTRY_V1","REVIEW_REQUIRED","REVENUE_VOLUME_CATEGORY_GROWTH","","REQUIRED_EVIDENCE_MISSING","methodology_contract; minimum_history=8; freshness_policy=FUNDAMENTAL_150_DAYS_ANNUAL_550_DAYS; applicability=APPLICABLE","trendlyne_domains=4/4; retained_documents=1","DOCUMENT_DISCOVERY_OFFICIAL_SOURCE_REVIEW","p7-ic2-materialize-readiness + v14 reviewed/numeric/history validators","source metadata and/or factual reviewer decision","RAW_PROVIDER_CAPTURE_AVAILABLE; NORMALIZATION_OR_REVIEW_PENDING"
"4cd44d45-e5c6-4696-9744-25c19f44ac8e","DATAPATTNS","INE0IX101010","d6d4803d-11d8-45b5-a5ae-3c9d9612c22e","DEFENCE_AEROSPACE","","INDUSTRIALS_CAPITAL_GOODS_K4B_SCORING_V1","PORTFOLIOAI_P7_IC1_METHODOLOGY_R7_REGISTRY_V1","REVIEW_REQUIRED","NET_DEBT_AND_INTEREST_COVERAGE","","REQUIRED_EVIDENCE_MISSING","methodology_contract; minimum_history=1; freshness_policy=UNSPECIFIED; applicability=APPLICABLE","trendlyne_domains=4/4; retained_documents=2","TRENDLYNE_STRUCTURED_PLUS_PERIOD_SCOPE_OR_OFFICIAL_FILING","p7-ic2-materialize-readiness + v14 reviewed/numeric/history validators","contract-valid source metadata","RAW_PROVIDER_CAPTURE_AVAILABLE; NORMALIZATION_OR_REVIEW_PENDING"
"4cd44d45-e5c6-4696-9744-25c19f44ac8e","DATAPATTNS","INE0IX101010","d6d4803d-11d8-45b5-a5ae-3c9d9612c22e","DEFENCE_AEROSPACE","","INDUSTRIALS_CAPITAL_GOODS_K4B_SCORING_V1","PORTFOLIOAI_P7_IC1_METHODOLOGY_R7_REGISTRY_V1","REVIEW_REQUIRED","VALUATION","","REQUIRED_EVIDENCE_MISSING","methodology_contract; minimum_history=1; freshness_policy=UNSPECIFIED; applicability=APPLICABLE","trendlyne_domains=4/4; retained_documents=2","TRENDLYNE_STRUCTURED_PLUS_PERIOD_SCOPE_OR_OFFICIAL_FILING","p7-ic2-materialize-readiness + v14 reviewed/numeric/history validators","contract-valid source metadata","RAW_PROVIDER_CAPTURE_AVAILABLE; NORMALIZATION_OR_REVIEW_PENDING"
"142f3023-ca8d-4f46-a42d-ba0d06c7a4c7","DEEPAKFERT","INE501A01019","119683bd-c98e-43c0-b155-a04e35727ba1","COMMODITY_PROCESS_CHEMICALS","","CHEMICALS_V1_K4B_SCORING_V1","PORTFOLIOAI_P7_IC1_METHODOLOGY_R7_REGISTRY_V1","REVIEW_REQUIRED","OPERATING_MARGIN_HISTORY","","REQUIRED_EVIDENCE_MISSING","methodology_contract; minimum_history=1; freshness_policy=UNSPECIFIED; applicability=APPLICABLE","trendlyne_domains=4/4; retained_documents=1","DOCUMENT_DISCOVERY_OFFICIAL_SOURCE_REVIEW","p7-ic2-materialize-readiness + v14 reviewed/numeric/history validators","source metadata and/or factual reviewer decision","RAW_PROVIDER_CAPTURE_AVAILABLE; NORMALIZATION_OR_REVIEW_PENDING"
"142f3023-ca8d-4f46-a42d-ba0d06c7a4c7","DEEPAKFERT","INE501A01019","119683bd-c98e-43c0-b155-a04e35727ba1","COMMODITY_PROCESS_CHEMICALS","","CHEMICALS_V1_K4B_SCORING_V1","PORTFOLIOAI_P7_IC1_METHODOLOGY_R7_REGISTRY_V1","REVIEW_REQUIRED","VOLUME_PRICE_MIX_GROWTH","","REQUIRED_EVIDENCE_MISSING","methodology_contract; minimum_history=1; freshness_policy=UNSPECIFIED; applicability=APPLICABLE","trendlyne_domains=4/4; retained_documents=1","VALIDATED_HISTORY_BENCHMARK_PATH","p7-ic2-materialize-readiness + v14 reviewed/numeric/history validators","contract-valid source metadata","RAW_PROVIDER_CAPTURE_AVAILABLE; NORMALIZATION_OR_REVIEW_PENDING"
"01922190-3635-4057-b6b6-36bab37637cb","DEEPINDS","INE0FHS01024","ba2c99f8-870c-47f3-8653-8669ebab7d72","OIL_OPERATIONS","","P7_IC1_OIL_OPERATIONS_METHODOLOGY_V1","PORTFOLIOAI_P7_IC1_METHODOLOGY_R7_REGISTRY_V1","REVIEW_REQUIRED","ASSET_SERVICE_MARGIN_QUALITY","","REQUIRED_EVIDENCE_MISSING","methodology_contract; minimum_history=8; freshness_policy=FUNDAMENTAL_150_DAYS_ANNUAL_550_DAYS; applicability=APPLICABLE","trendlyne_domains=4/4; retained_documents=1","TRENDLYNE_STRUCTURED_PLUS_PERIOD_SCOPE_OR_OFFICIAL_FILING","p7-ic2-materialize-readiness + v14 reviewed/numeric/history validators","contract-valid source metadata","RAW_PROVIDER_CAPTURE_AVAILABLE; NORMALIZATION_OR_REVIEW_PENDING"
"01922190-3635-4057-b6b6-36bab37637cb","DEEPINDS","INE0FHS01024","ba2c99f8-870c-47f3-8653-8669ebab7d72","OIL_OPERATIONS","","P7_IC1_OIL_OPERATIONS_METHODOLOGY_V1","PORTFOLIOAI_P7_IC1_METHODOLOGY_R7_REGISTRY_V1","REVIEW_REQUIRED","CFO_OR_FCF_CONVERSION_THROUGH_CYCLE","","REQUIRED_EVIDENCE_MISSING","methodology_contract; minimum_history=3; freshness_policy=FUNDAMENTAL_150_DAYS_ANNUAL_550_DAYS; applicability=APPLICABLE","trendlyne_domains=4/4; retained_documents=1","TRENDLYNE_STRUCTURED_PLUS_PERIOD_SCOPE_OR_OFFICIAL_FILING","p7-ic2-materialize-readiness + v14 reviewed/numeric/history validators","contract-valid source metadata","RAW_PROVIDER_CAPTURE_AVAILABLE; NORMALIZATION_OR_REVIEW_PENDING"
"01922190-3635-4057-b6b6-36bab37637cb","DEEPINDS","INE0FHS01024","ba2c99f8-870c-47f3-8653-8669ebab7d72","OIL_OPERATIONS","","P7_IC1_OIL_OPERATIONS_METHODOLOGY_V1","PORTFOLIOAI_P7_IC1_METHODOLOGY_R7_REGISTRY_V1","REVIEW_REQUIRED","CYCLE_NORMALIZED_EARNINGS_QUALITY","","REQUIRED_EVIDENCE_MISSING","methodology_contract; minimum_history=8; freshness_policy=FUNDAMENTAL_150_DAYS_ANNUAL_550_DAYS; applicability=APPLICABLE","trendlyne_domains=4/4; retained_documents=1","PROFILE_CONTRACT_PROVIDER_OR_DOCUMENT_REVIEW","p7-ic2-materialize-readiness + v14 reviewed/numeric/history validators","source metadata and/or factual reviewer decision","RAW_PROVIDER_CAPTURE_AVAILABLE; NORMALIZATION_OR_REVIEW_PENDING"
"01922190-3635-4057-b6b6-36bab37637cb","DEEPINDS","INE0FHS01024","ba2c99f8-870c-47f3-8653-8669ebab7d72","OIL_OPERATIONS","","P7_IC1_OIL_OPERATIONS_METHODOLOGY_V1","PORTFOLIOAI_P7_IC1_METHODOLOGY_R7_REGISTRY_V1","REVIEW_REQUIRED","EV_EBITDA_NORMALIZED","","REQUIRED_EVIDENCE_MISSING","methodology_contract; minimum_history=3; freshness_policy=FUNDAMENTAL_150_DAYS_ANNUAL_550_DAYS; applicability=APPLICABLE","trendlyne_domains=4/4; retained_documents=1","TRENDLYNE_STRUCTURED_PLUS_PERIOD_SCOPE_OR_OFFICIAL_FILING","p7-ic2-materialize-readiness + v14 reviewed/numeric/history validators","contract-valid source metadata","RAW_PROVIDER_CAPTURE_AVAILABLE; NORMALIZATION_OR_REVIEW_PENDING"
"01922190-3635-4057-b6b6-36bab37637cb","DEEPINDS","INE0FHS01024","ba2c99f8-870c-47f3-8653-8669ebab7d72","OIL_OPERATIONS","","P7_IC1_OIL_OPERATIONS_METHODOLOGY_V1","PORTFOLIOAI_P7_IC1_METHODOLOGY_R7_REGISTRY_V1","REVIEW_REQUIRED","FCF_YIELD_NORMALIZED","","REQUIRED_EVIDENCE_MISSING","methodology_contract; minimum_history=3; freshness_policy=FUNDAMENTAL_150_DAYS_ANNUAL_550_DAYS; applicability=APPLICABLE","trendlyne_domains=4/4; retained_documents=1","TRENDLYNE_STRUCTURED_PLUS_PERIOD_SCOPE_OR_OFFICIAL_FILING","p7-ic2-materialize-readiness + v14 reviewed/numeric/history validators","contract-valid source metadata","RAW_PROVIDER_CAPTURE_AVAILABLE; NORMALIZATION_OR_REVIEW_PENDING"
"01922190-3635-4057-b6b6-36bab37637cb","DEEPINDS","INE0FHS01024","ba2c99f8-870c-47f3-8653-8669ebab7d72","OIL_OPERATIONS","","P7_IC1_OIL_OPERATIONS_METHODOLOGY_V1","PORTFOLIOAI_P7_IC1_METHODOLOGY_R7_REGISTRY_V1","REVIEW_REQUIRED","NET_DEBT_AND_INTEREST_COVERAGE","","REQUIRED_EVIDENCE_MISSING","methodology_contract; minimum_history=3; freshness_policy=FUNDAMENTAL_150_DAYS_ANNUAL_550_DAYS; applicability=APPLICABLE","trendlyne_domains=4/4; retained_documents=1","TRENDLYNE_STRUCTURED_PLUS_PERIOD_SCOPE_OR_OFFICIAL_FILING","p7-ic2-materialize-readiness + v14 reviewed/numeric/history validators","contract-valid source metadata","RAW_PROVIDER_CAPTURE_AVAILABLE; NORMALIZATION_OR_REVIEW_PENDING"
"01922190-3635-4057-b6b6-36bab37637cb","DEEPINDS","INE0FHS01024","ba2c99f8-870c-47f3-8653-8669ebab7d72","OIL_OPERATIONS","","P7_IC1_OIL_OPERATIONS_METHODOLOGY_V1","PORTFOLIOAI_P7_IC1_METHODOLOGY_R7_REGISTRY_V1","REVIEW_REQUIRED","SOTP_WHEN_DIVERSIFIED","","REQUIRED_EVIDENCE_MISSING","methodology_contract; minimum_history=3; freshness_policy=FUNDAMENTAL_150_DAYS_ANNUAL_550_DAYS; applicability=APPLICABLE","trendlyne_domains=4/4; retained_documents=1","PROFILE_CONTRACT_PROVIDER_OR_DOCUMENT_REVIEW","p7-ic2-materialize-readiness + v14 reviewed/numeric/history validators","source metadata and/or factual reviewer decision","RAW_PROVIDER_CAPTURE_AVAILABLE; NORMALIZATION_OR_REVIEW_PENDING"
"eaa32fc2-c081-4565-8836-26017cbaf1bd","DELHIVERY","INE148O01028","0fa790ff-dde6-4417-aa28-de2374377c94","LOGISTICS","","P7_IC1_LOGISTICS_METHODOLOGY_V1","PORTFOLIOAI_P7_IC1_METHODOLOGY_R7_REGISTRY_V1","REVIEW_REQUIRED","CONTRIBUTION_OPERATING_MARGIN_NETWORK_EFFICIENCY","","REQUIRED_EVIDENCE_MISSING","methodology_contract; minimum_history=8; freshness_policy=FUNDAMENTAL_150_DAYS_ANNUAL_550_DAYS; applicability=APPLICABLE","trendlyne_domains=4/4; retained_documents=1","DOCUMENT_DISCOVERY_OFFICIAL_SOURCE_REVIEW","p7-ic2-materialize-readiness + v14 reviewed/numeric/history validators","source metadata and/or factual reviewer decision","RAW_PROVIDER_CAPTURE_AVAILABLE; NORMALIZATION_OR_REVIEW_PENDING"
"eaa32fc2-c081-4565-8836-26017cbaf1bd","DELHIVERY","INE148O01028","0fa790ff-dde6-4417-aa28-de2374377c94","LOGISTICS","","P7_IC1_LOGISTICS_METHODOLOGY_V1","PORTFOLIOAI_P7_IC1_METHODOLOGY_R7_REGISTRY_V1","REVIEW_REQUIRED","EV_EBITDA","","REQUIRED_EVIDENCE_MISSING","methodology_contract; minimum_history=3; freshness_policy=FUNDAMENTAL_150_DAYS_ANNUAL_550_DAYS; applicability=APPLICABLE","trendlyne_domains=4/4; retained_documents=1","TRENDLYNE_STRUCTURED_PLUS_PERIOD_SCOPE_OR_OFFICIAL_FILING","p7-ic2-materialize-readiness + v14 reviewed/numeric/history validators","contract-valid source metadata","RAW_PROVIDER_CAPTURE_AVAILABLE; NORMALIZATION_OR_REVIEW_PENDING"
"eaa32fc2-c081-4565-8836-26017cbaf1bd","DELHIVERY","INE148O01028","0fa790ff-dde6-4417-aa28-de2374377c94","LOGISTICS","","P7_IC1_LOGISTICS_METHODOLOGY_V1","PORTFOLIOAI_P7_IC1_METHODOLOGY_R7_REGISTRY_V1","REVIEW_REQUIRED","FCF_YIELD","","REQUIRED_EVIDENCE_MISSING","methodology_contract; minimum_history=3; freshness_policy=FUNDAMENTAL_150_DAYS_ANNUAL_550_DAYS; applicability=APPLICABLE","trendlyne_domains=4/4; retained_documents=1","TRENDLYNE_STRUCTURED_PLUS_PERIOD_SCOPE_OR_OFFICIAL_FILING","p7-ic2-materialize-readiness + v14 reviewed/numeric/history validators","contract-valid source metadata","RAW_PROVIDER_CAPTURE_AVAILABLE; NORMALIZATION_OR_REVIEW_PENDING"
"eaa32fc2-c081-4565-8836-26017cbaf1bd","DELHIVERY","INE148O01028","0fa790ff-dde6-4417-aa28-de2374377c94","LOGISTICS","","P7_IC1_LOGISTICS_METHODOLOGY_V1","PORTFOLIOAI_P7_IC1_METHODOLOGY_R7_REGISTRY_V1","REVIEW_REQUIRED","GOVERNANCE_EVENT_REVIEW","","REQUIRED_EVIDENCE_MISSING","methodology_contract; minimum_history=4; freshness_policy=FUNDAMENTAL_150_DAYS_ANNUAL_550_DAYS; applicability=APPLICABLE","trendlyne_domains=4/4; retained_documents=1","DOCUMENT_DISCOVERY_OFFICIAL_SOURCE_REVIEW","p7-ic2-materialize-readiness + v14 reviewed/numeric/history validators","source metadata and/or factual reviewer decision","RAW_PROVIDER_CAPTURE_AVAILABLE; NORMALIZATION_OR_REVIEW_PENDING"
"eaa32fc2-c081-4565-8836-26017cbaf1bd","DELHIVERY","INE148O01028","0fa790ff-dde6-4417-aa28-de2374377c94","LOGISTICS","","P7_IC1_LOGISTICS_METHODOLOGY_V1","PORTFOLIOAI_P7_IC1_METHODOLOGY_R7_REGISTRY_V1","REVIEW_REQUIRED","NET_CASH_OR_LEVERAGE","","REQUIRED_EVIDENCE_MISSING","methodology_contract; minimum_history=3; freshness_policy=FUNDAMENTAL_150_DAYS_ANNUAL_550_DAYS; applicability=APPLICABLE","trendlyne_domains=4/4; retained_documents=1","TRENDLYNE_STRUCTURED_PLUS_PERIOD_SCOPE_OR_OFFICIAL_FILING","p7-ic2-materialize-readiness + v14 reviewed/numeric/history validators","contract-valid source metadata","RAW_PROVIDER_CAPTURE_AVAILABLE; NORMALIZATION_OR_REVIEW_PENDING"
"eaa32fc2-c081-4565-8836-26017cbaf1bd","DELHIVERY","INE148O01028","0fa790ff-dde6-4417-aa28-de2374377c94","LOGISTICS","","P7_IC1_LOGISTICS_METHODOLOGY_V1","PORTFOLIOAI_P7_IC1_METHODOLOGY_R7_REGISTRY_V1","REVIEW_REQUIRED","PE_WHEN_POSITIVE","","REQUIRED_EVIDENCE_MISSING","methodology_contract; minimum_history=3; freshness_policy=FUNDAMENTAL_150_DAYS_ANNUAL_550_DAYS; applicability=APPLICABLE","trendlyne_domains=4/4; retained_documents=1","TRENDLYNE_STRUCTURED_PLUS_PERIOD_SCOPE_OR_OFFICIAL_FILING","p7-ic2-materialize-readiness + v14 reviewed/numeric/history validators","contract-valid source metadata","RAW_PROVIDER_CAPTURE_AVAILABLE; NORMALIZATION_OR_REVIEW_PENDING"
"eaa32fc2-c081-4565-8836-26017cbaf1bd","DELHIVERY","INE148O01028","0fa790ff-dde6-4417-aa28-de2374377c94","LOGISTICS","","P7_IC1_LOGISTICS_METHODOLOGY_V1","PORTFOLIOAI_P7_IC1_METHODOLOGY_R7_REGISTRY_V1","REVIEW_REQUIRED","SCALE","","REQUIRED_EVIDENCE_MISSING","methodology_contract; minimum_history=3; freshness_policy=FUNDAMENTAL_150_DAYS_ANNUAL_550_DAYS; applicability=APPLICABLE","trendlyne_domains=4/4; retained_documents=1","PROFILE_CONTRACT_PROVIDER_OR_DOCUMENT_REVIEW","p7-ic2-materialize-readiness + v14 reviewed/numeric/history validators","source metadata and/or factual reviewer decision","RAW_PROVIDER_CAPTURE_AVAILABLE; NORMALIZATION_OR_REVIEW_PENDING"
"eaa32fc2-c081-4565-8836-26017cbaf1bd","DELHIVERY","INE148O01028","0fa790ff-dde6-4417-aa28-de2374377c94","LOGISTICS","","P7_IC1_LOGISTICS_METHODOLOGY_V1","PORTFOLIOAI_P7_IC1_METHODOLOGY_R7_REGISTRY_V1","REVIEW_REQUIRED","SERVICE_QUALITY","","REQUIRED_EVIDENCE_MISSING","methodology_contract; minimum_history=8; freshness_policy=FUNDAMENTAL_150_DAYS_ANNUAL_550_DAYS; applicability=APPLICABLE","trendlyne_domains=4/4; retained_documents=1","DOCUMENT_DISCOVERY_OFFICIAL_SOURCE_REVIEW","p7-ic2-materialize-readiness + v14 reviewed/numeric/history validators","source metadata and/or factual reviewer decision","RAW_PROVIDER_CAPTURE_AVAILABLE; NORMALIZATION_OR_REVIEW_PENDING"
"eaa32fc2-c081-4565-8836-26017cbaf1bd","DELHIVERY","INE148O01028","0fa790ff-dde6-4417-aa28-de2374377c94","LOGISTICS","","P7_IC1_LOGISTICS_METHODOLOGY_V1","PORTFOLIOAI_P7_IC1_METHODOLOGY_R7_REGISTRY_V1","REVIEW_REQUIRED","SHIPMENT_REVENUE_CLIENT_NETWORK_GROWTH","","REQUIRED_EVIDENCE_MISSING","methodology_contract; minimum_history=8; freshness_policy=FUNDAMENTAL_150_DAYS_ANNUAL_550_DAYS; applicability=APPLICABLE","trendlyne_domains=4/4; retained_documents=1","DOCUMENT_DISCOVERY_OFFICIAL_SOURCE_REVIEW","p7-ic2-materialize-readiness + v14 reviewed/numeric/history validators","source metadata and/or factual reviewer decision","RAW_PROVIDER_CAPTURE_AVAILABLE; NORMALIZATION_OR_REVIEW_PENDING"
"a683fb9b-5bb0-4347-8fe4-57e282b6bc77","DHARMAJ","INE00OQ01016","02d69963-431c-458b-af9f-bac8f6995373","AGRO_FERTILISER","","CHEMICALS_V1_K4B_SCORING_V1","PORTFOLIOAI_P7_IC1_METHODOLOGY_R7_REGISTRY_V1","REVIEW_REQUIRED","BUSINESS_DURABILITY","","REQUIRED_EVIDENCE_MISSING","methodology_contract; minimum_history=1; freshness_policy=UNSPECIFIED; applicability=APPLICABLE","trendlyne_domains=4/4; retained_documents=1","DOCUMENT_DISCOVERY_OFFICIAL_SOURCE_REVIEW","p7-ic2-materialize-readiness + v14 reviewed/numeric/history validators","source metadata and/or factual reviewer decision","RAW_PROVIDER_CAPTURE_AVAILABLE; NORMALIZATION_OR_REVIEW_PENDING"
"a683fb9b-5bb0-4347-8fe4-57e282b6bc77","DHARMAJ","INE00OQ01016","02d69963-431c-458b-af9f-bac8f6995373","AGRO_FERTILISER","","CHEMICALS_V1_K4B_SCORING_V1","PORTFOLIOAI_P7_IC1_METHODOLOGY_R7_REGISTRY_V1","REVIEW_REQUIRED","CFO_OR_FCF_CONVERSION","","REQUIRED_EVIDENCE_MISSING","methodology_contract; minimum_history=1; freshness_policy=UNSPECIFIED; applicability=APPLICABLE","trendlyne_domains=4/4; retained_documents=1","TRENDLYNE_STRUCTURED_PLUS_PERIOD_SCOPE_OR_OFFICIAL_FILING","p7-ic2-materialize-readiness + v14 reviewed/numeric/history validators","contract-valid source metadata","RAW_PROVIDER_CAPTURE_AVAILABLE; NORMALIZATION_OR_REVIEW_PENDING"
"a683fb9b-5bb0-4347-8fe4-57e282b6bc77","DHARMAJ","INE00OQ01016","02d69963-431c-458b-af9f-bac8f6995373","AGRO_FERTILISER","","CHEMICALS_V1_K4B_SCORING_V1","PORTFOLIOAI_P7_IC1_METHODOLOGY_R7_REGISTRY_V1","REVIEW_REQUIRED","NET_CASH_OR_LEVERAGE","","REQUIRED_EVIDENCE_MISSING","methodology_contract; minimum_history=1; freshness_policy=UNSPECIFIED; applicability=APPLICABLE","trendlyne_domains=4/4; retained_documents=1","TRENDLYNE_STRUCTURED_PLUS_PERIOD_SCOPE_OR_OFFICIAL_FILING","p7-ic2-materialize-readiness + v14 reviewed/numeric/history validators","contract-valid source metadata","RAW_PROVIDER_CAPTURE_AVAILABLE; NORMALIZATION_OR_REVIEW_PENDING"
"a683fb9b-5bb0-4347-8fe4-57e282b6bc77","DHARMAJ","INE00OQ01016","02d69963-431c-458b-af9f-bac8f6995373","AGRO_FERTILISER","","CHEMICALS_V1_K4B_SCORING_V1","PORTFOLIOAI_P7_IC1_METHODOLOGY_R7_REGISTRY_V1","REVIEW_REQUIRED","OPERATING_MARGIN_HISTORY","","REQUIRED_EVIDENCE_MISSING","methodology_contract; minimum_history=1; freshness_policy=UNSPECIFIED; applicability=APPLICABLE","trendlyne_domains=4/4; retained_documents=1","DOCUMENT_DISCOVERY_OFFICIAL_SOURCE_REVIEW","p7-ic2-materialize-readiness + v14 reviewed/numeric/history validators","source metadata and/or factual reviewer decision","RAW_PROVIDER_CAPTURE_AVAILABLE; NORMALIZATION_OR_REVIEW_PENDING"
"a683fb9b-5bb0-4347-8fe4-57e282b6bc77","DHARMAJ","INE00OQ01016","02d69963-431c-458b-af9f-bac8f6995373","AGRO_FERTILISER","","CHEMICALS_V1_K4B_SCORING_V1","PORTFOLIOAI_P7_IC1_METHODOLOGY_R7_REGISTRY_V1","REVIEW_REQUIRED","OWNERSHIP_GOVERNANCE","","REQUIRED_EVIDENCE_MISSING","methodology_contract; minimum_history=4; freshness_policy=UNSPECIFIED; applicability=APPLICABLE","trendlyne_domains=4/4; retained_documents=1","TRENDLYNE_OWNERSHIP_REVIEW","p7-ic2-materialize-readiness + v14 reviewed/numeric/history validators","source metadata and/or factual reviewer decision","RAW_PROVIDER_CAPTURE_AVAILABLE; NORMALIZATION_OR_REVIEW_PENDING"
"a683fb9b-5bb0-4347-8fe4-57e282b6bc77","DHARMAJ","INE00OQ01016","02d69963-431c-458b-af9f-bac8f6995373","AGRO_FERTILISER","","CHEMICALS_V1_K4B_SCORING_V1","PORTFOLIOAI_P7_IC1_METHODOLOGY_R7_REGISTRY_V1","REVIEW_REQUIRED","REVENUE_AND_VOLUME_GROWTH_MULTI_PERIOD","","REQUIRED_EVIDENCE_MISSING","methodology_contract; minimum_history=1; freshness_policy=UNSPECIFIED; applicability=APPLICABLE","trendlyne_domains=4/4; retained_documents=1","TRENDLYNE_STRUCTURED_PLUS_PERIOD_SCOPE_OR_OFFICIAL_FILING","p7-ic2-materialize-readiness + v14 reviewed/numeric/history validators","contract-valid source metadata","RAW_PROVIDER_CAPTURE_AVAILABLE; NORMALIZATION_OR_REVIEW_PENDING"
"a683fb9b-5bb0-4347-8fe4-57e282b6bc77","DHARMAJ","INE00OQ01016","02d69963-431c-458b-af9f-bac8f6995373","AGRO_FERTILISER","","CHEMICALS_V1_K4B_SCORING_V1","PORTFOLIOAI_P7_IC1_METHODOLOGY_R7_REGISTRY_V1","REVIEW_REQUIRED","ROCE_OR_ROIC","","REQUIRED_EVIDENCE_MISSING","methodology_contract; minimum_history=1; freshness_policy=UNSPECIFIED; applicability=APPLICABLE","trendlyne_domains=4/4; retained_documents=1","TRENDLYNE_STRUCTURED_PLUS_PERIOD_SCOPE_OR_OFFICIAL_FILING","p7-ic2-materialize-readiness + v14 reviewed/numeric/history validators","contract-valid source metadata","RAW_PROVIDER_CAPTURE_AVAILABLE; NORMALIZATION_OR_REVIEW_PENDING"
"a683fb9b-5bb0-4347-8fe4-57e282b6bc77","DHARMAJ","INE00OQ01016","02d69963-431c-458b-af9f-bac8f6995373","AGRO_FERTILISER","","CHEMICALS_V1_K4B_SCORING_V1","PORTFOLIOAI_P7_IC1_METHODOLOGY_R7_REGISTRY_V1","REVIEW_REQUIRED","VALUATION","","REQUIRED_EVIDENCE_MISSING","methodology_contract; minimum_history=1; freshness_policy=UNSPECIFIED; applicability=APPLICABLE","trendlyne_domains=4/4; retained_documents=1","TRENDLYNE_STRUCTURED_PLUS_PERIOD_SCOPE_OR_OFFICIAL_FILING","p7-ic2-materialize-readiness + v14 reviewed/numeric/history validators","contract-valid source metadata","RAW_PROVIDER_CAPTURE_AVAILABLE; NORMALIZATION_OR_REVIEW_PENDING"
"f374e641-2d87-43b0-b886-7a8728bf4d8d","DLINKINDIA","INE250K01012","c92f6717-6bb6-4739-9df0-3de32029f6fa","IT_DIGITAL_INFRA_HARDWARE","","IT_TECH_K4B_SCORING_V1","PORTFOLIOAI_P7_IC1_METHODOLOGY_R7_REGISTRY_V1","REVIEW_REQUIRED","BUSINESS_DURABILITY","","REQUIRED_EVIDENCE_MISSING","methodology_contract; minimum_history=1; freshness_policy=UNSPECIFIED; applicability=APPLICABLE","trendlyne_domains=4/4; retained_documents=1","DOCUMENT_DISCOVERY_OFFICIAL_SOURCE_REVIEW","p7-ic2-materialize-readiness + v14 reviewed/numeric/history validators","source metadata and/or factual reviewer decision","RAW_PROVIDER_CAPTURE_AVAILABLE; NORMALIZATION_OR_REVIEW_PENDING"
"f374e641-2d87-43b0-b886-7a8728bf4d8d","DLINKINDIA","INE250K01012","c92f6717-6bb6-4739-9df0-3de32029f6fa","IT_DIGITAL_INFRA_HARDWARE","","IT_TECH_K4B_SCORING_V1","PORTFOLIOAI_P7_IC1_METHODOLOGY_R7_REGISTRY_V1","REVIEW_REQUIRED","NET_CASH_OR_LEVERAGE","","REQUIRED_EVIDENCE_MISSING","methodology_contract; minimum_history=1; freshness_policy=UNSPECIFIED; applicability=APPLICABLE","trendlyne_domains=4/4; retained_documents=1","TRENDLYNE_STRUCTURED_PLUS_PERIOD_SCOPE_OR_OFFICIAL_FILING","p7-ic2-materialize-readiness + v14 reviewed/numeric/history validators","contract-valid source metadata","RAW_PROVIDER_CAPTURE_AVAILABLE; NORMALIZATION_OR_REVIEW_PENDING"
"f374e641-2d87-43b0-b886-7a8728bf4d8d","DLINKINDIA","INE250K01012","c92f6717-6bb6-4739-9df0-3de32029f6fa","IT_DIGITAL_INFRA_HARDWARE","","IT_TECH_K4B_SCORING_V1","PORTFOLIOAI_P7_IC1_METHODOLOGY_R7_REGISTRY_V1","REVIEW_REQUIRED","OPERATING_MARGIN_HISTORY","","REQUIRED_EVIDENCE_MISSING","methodology_contract; minimum_history=1; freshness_policy=UNSPECIFIED; applicability=APPLICABLE","trendlyne_domains=4/4; retained_documents=1","DOCUMENT_DISCOVERY_OFFICIAL_SOURCE_REVIEW","p7-ic2-materialize-readiness + v14 reviewed/numeric/history validators","source metadata and/or factual reviewer decision","RAW_PROVIDER_CAPTURE_AVAILABLE; NORMALIZATION_OR_REVIEW_PENDING"
"f374e641-2d87-43b0-b886-7a8728bf4d8d","DLINKINDIA","INE250K01012","c92f6717-6bb6-4739-9df0-3de32029f6fa","IT_DIGITAL_INFRA_HARDWARE","","IT_TECH_K4B_SCORING_V1","PORTFOLIOAI_P7_IC1_METHODOLOGY_R7_REGISTRY_V1","REVIEW_REQUIRED","OWNERSHIP_GOVERNANCE","","REQUIRED_EVIDENCE_MISSING","methodology_contract; minimum_history=4; freshness_policy=UNSPECIFIED; applicability=APPLICABLE","trendlyne_domains=4/4; retained_documents=1","TRENDLYNE_OWNERSHIP_REVIEW","p7-ic2-materialize-readiness + v14 reviewed/numeric/history validators","source metadata and/or factual reviewer decision","RAW_PROVIDER_CAPTURE_AVAILABLE; NORMALIZATION_OR_REVIEW_PENDING"
"f374e641-2d87-43b0-b886-7a8728bf4d8d","DLINKINDIA","INE250K01012","c92f6717-6bb6-4739-9df0-3de32029f6fa","IT_DIGITAL_INFRA_HARDWARE","","IT_TECH_K4B_SCORING_V1","PORTFOLIOAI_P7_IC1_METHODOLOGY_R7_REGISTRY_V1","REVIEW_REQUIRED","REVENUE_GROWTH_MULTI_PERIOD","","REQUIRED_EVIDENCE_MISSING","methodology_contract; minimum_history=1; freshness_policy=UNSPECIFIED; applicability=APPLICABLE","trendlyne_domains=4/4; retained_documents=1","TRENDLYNE_STRUCTURED_PLUS_PERIOD_SCOPE_OR_OFFICIAL_FILING","p7-ic2-materialize-readiness + v14 reviewed/numeric/history validators","contract-valid source metadata","RAW_PROVIDER_CAPTURE_AVAILABLE; NORMALIZATION_OR_REVIEW_PENDING"
"f374e641-2d87-43b0-b886-7a8728bf4d8d","DLINKINDIA","INE250K01012","c92f6717-6bb6-4739-9df0-3de32029f6fa","IT_DIGITAL_INFRA_HARDWARE","","IT_TECH_K4B_SCORING_V1","PORTFOLIOAI_P7_IC1_METHODOLOGY_R7_REGISTRY_V1","REVIEW_REQUIRED","ROCE_OR_ROIC","","REQUIRED_EVIDENCE_MISSING","methodology_contract; minimum_history=1; freshness_policy=UNSPECIFIED; applicability=APPLICABLE","trendlyne_domains=4/4; retained_documents=1","TRENDLYNE_STRUCTURED_PLUS_PERIOD_SCOPE_OR_OFFICIAL_FILING","p7-ic2-materialize-readiness + v14 reviewed/numeric/history validators","contract-valid source metadata","RAW_PROVIDER_CAPTURE_AVAILABLE; NORMALIZATION_OR_REVIEW_PENDING"
"f374e641-2d87-43b0-b886-7a8728bf4d8d","DLINKINDIA","INE250K01012","c92f6717-6bb6-4739-9df0-3de32029f6fa","IT_DIGITAL_INFRA_HARDWARE","","IT_TECH_K4B_SCORING_V1","PORTFOLIOAI_P7_IC1_METHODOLOGY_R7_REGISTRY_V1","REVIEW_REQUIRED","VALUATION","","REQUIRED_EVIDENCE_MISSING","methodology_contract; minimum_history=1; freshness_policy=UNSPECIFIED; applicability=APPLICABLE","trendlyne_domains=4/4; retained_documents=1","TRENDLYNE_STRUCTURED_PLUS_PERIOD_SCOPE_OR_OFFICIAL_FILING","p7-ic2-materialize-readiness + v14 reviewed/numeric/history validators","contract-valid source metadata","RAW_PROVIDER_CAPTURE_AVAILABLE; NORMALIZATION_OR_REVIEW_PENDING"
"f374e641-2d87-43b0-b886-7a8728bf4d8d","DLINKINDIA","INE250K01012","c92f6717-6bb6-4739-9df0-3de32029f6fa","IT_DIGITAL_INFRA_HARDWARE","","IT_TECH_K4B_SCORING_V1","PORTFOLIOAI_P7_IC1_METHODOLOGY_R7_REGISTRY_V1","REVIEW_REQUIRED","WORKING_CAPITAL_AND_CASH_CONVERSION","","REQUIRED_EVIDENCE_MISSING","methodology_contract; minimum_history=1; freshness_policy=UNSPECIFIED; applicability=APPLICABLE","trendlyne_domains=4/4; retained_documents=1","TRENDLYNE_STRUCTURED_PLUS_PERIOD_SCOPE_OR_OFFICIAL_FILING","p7-ic2-materialize-readiness + v14 reviewed/numeric/history validators","contract-valid source metadata","RAW_PROVIDER_CAPTURE_AVAILABLE; NORMALIZATION_OR_REVIEW_PENDING"
"00e60a7c-0bb1-4c04-8eea-e5e0fc039bdb","DMART","INE192R01011","b4437fda-c1ca-46e4-b12a-41510de9f9c6","RETAIL_COMMERCE","","P7_IC1_RETAIL_COMMERCE_METHODOLOGY_V1","PORTFOLIOAI_P7_IC1_METHODOLOGY_R7_REGISTRY_V1","REVIEW_REQUIRED","CFO_FCF_WORKING_CAPITAL_OR_BURN","","REQUIRED_EVIDENCE_MISSING","methodology_contract; minimum_history=3; freshness_policy=FUNDAMENTAL_150_DAYS_ANNUAL_550_DAYS; applicability=APPLICABLE","trendlyne_domains=4/4; retained_documents=2","TRENDLYNE_STRUCTURED_PLUS_PERIOD_SCOPE_OR_OFFICIAL_FILING","p7-ic2-materialize-readiness + v14 reviewed/numeric/history validators","contract-valid source metadata","RAW_PROVIDER_CAPTURE_AVAILABLE; NORMALIZATION_OR_REVIEW_PENDING"
"00e60a7c-0bb1-4c04-8eea-e5e0fc039bdb","DMART","INE192R01011","b4437fda-c1ca-46e4-b12a-41510de9f9c6","RETAIL_COMMERCE","","P7_IC1_RETAIL_COMMERCE_METHODOLOGY_V1","PORTFOLIOAI_P7_IC1_METHODOLOGY_R7_REGISTRY_V1","REVIEW_REQUIRED","EV_EBITDA_OR_EV_SALES_BY_MATURITY","","REQUIRED_EVIDENCE_MISSING","methodology_contract; minimum_history=3; freshness_policy=FUNDAMENTAL_150_DAYS_ANNUAL_550_DAYS; applicability=APPLICABLE","trendlyne_domains=4/4; retained_documents=2","TRENDLYNE_STRUCTURED_PLUS_PERIOD_SCOPE_OR_OFFICIAL_FILING","p7-ic2-materialize-readiness + v14 reviewed/numeric/history validators","contract-valid source metadata","RAW_PROVIDER_CAPTURE_AVAILABLE; NORMALIZATION_OR_REVIEW_PENDING"
"00e60a7c-0bb1-4c04-8eea-e5e0fc039bdb","DMART","INE192R01011","b4437fda-c1ca-46e4-b12a-41510de9f9c6","RETAIL_COMMERCE","","P7_IC1_RETAIL_COMMERCE_METHODOLOGY_V1","PORTFOLIOAI_P7_IC1_METHODOLOGY_R7_REGISTRY_V1","REVIEW_REQUIRED","FCF_YIELD","","REQUIRED_EVIDENCE_MISSING","methodology_contract; minimum_history=3; freshness_policy=FUNDAMENTAL_150_DAYS_ANNUAL_550_DAYS; applicability=APPLICABLE","trendlyne_domains=4/4; retained_documents=2","TRENDLYNE_STRUCTURED_PLUS_PERIOD_SCOPE_OR_OFFICIAL_FILING","p7-ic2-materialize-readiness + v14 reviewed/numeric/history validators","contract-valid source metadata","RAW_PROVIDER_CAPTURE_AVAILABLE; NORMALIZATION_OR_REVIEW_PENDING"
"00e60a7c-0bb1-4c04-8eea-e5e0fc039bdb","DMART","INE192R01011","b4437fda-c1ca-46e4-b12a-41510de9f9c6","RETAIL_COMMERCE","","P7_IC1_RETAIL_COMMERCE_METHODOLOGY_V1","PORTFOLIOAI_P7_IC1_METHODOLOGY_R7_REGISTRY_V1","REVIEW_REQUIRED","GROSS_CONTRIBUTION_OPERATING_MARGIN_HISTORY","","REQUIRED_EVIDENCE_MISSING","methodology_contract; minimum_history=8; freshness_policy=FUNDAMENTAL_150_DAYS_ANNUAL_550_DAYS; applicability=APPLICABLE","trendlyne_domains=4/4; retained_documents=2","DOCUMENT_DISCOVERY_OFFICIAL_SOURCE_REVIEW","p7-ic2-materialize-readiness + v14 reviewed/numeric/history validators","source metadata and/or factual reviewer decision","RAW_PROVIDER_CAPTURE_AVAILABLE; NORMALIZATION_OR_REVIEW_PENDING"
"00e60a7c-0bb1-4c04-8eea-e5e0fc039bdb","DMART","INE192R01011","b4437fda-c1ca-46e4-b12a-41510de9f9c6","RETAIL_COMMERCE","","P7_IC1_RETAIL_COMMERCE_METHODOLOGY_V1","PORTFOLIOAI_P7_IC1_METHODOLOGY_R7_REGISTRY_V1","REVIEW_REQUIRED","NET_CASH_LEVERAGE_FUNDING_RUNWAY","","REQUIRED_EVIDENCE_MISSING","methodology_contract; minimum_history=3; freshness_policy=FUNDAMENTAL_150_DAYS_ANNUAL_550_DAYS; applicability=APPLICABLE","trendlyne_domains=4/4; retained_documents=2","TRENDLYNE_STRUCTURED_PLUS_PERIOD_SCOPE_OR_OFFICIAL_FILING","p7-ic2-materialize-readiness + v14 reviewed/numeric/history validators","contract-valid source metadata","RAW_PROVIDER_CAPTURE_AVAILABLE; NORMALIZATION_OR_REVIEW_PENDING"
"00e60a7c-0bb1-4c04-8eea-e5e0fc039bdb","DMART","INE192R01011","b4437fda-c1ca-46e4-b12a-41510de9f9c6","RETAIL_COMMERCE","","P7_IC1_RETAIL_COMMERCE_METHODOLOGY_V1","PORTFOLIOAI_P7_IC1_METHODOLOGY_R7_REGISTRY_V1","REVIEW_REQUIRED","OMNICHANNEL_OR_PLATFORM_MOAT","","REQUIRED_EVIDENCE_MISSING","methodology_contract; minimum_history=3; freshness_policy=FUNDAMENTAL_150_DAYS_ANNUAL_550_DAYS; applicability=APPLICABLE","trendlyne_domains=4/4; retained_documents=2","DOCUMENT_DISCOVERY_OFFICIAL_SOURCE_REVIEW","p7-ic2-materialize-readiness + v14 reviewed/numeric/history validators","source metadata and/or factual reviewer decision","RAW_PROVIDER_CAPTURE_AVAILABLE; NORMALIZATION_OR_REVIEW_PENDING"
"00e60a7c-0bb1-4c04-8eea-e5e0fc039bdb","DMART","INE192R01011","b4437fda-c1ca-46e4-b12a-41510de9f9c6","RETAIL_COMMERCE","","P7_IC1_RETAIL_COMMERCE_METHODOLOGY_V1","PORTFOLIOAI_P7_IC1_METHODOLOGY_R7_REGISTRY_V1","REVIEW_REQUIRED","REVENUE_GMV_SSSG_NETWORK_GROWTH","","REQUIRED_EVIDENCE_MISSING","methodology_contract; minimum_history=8; freshness_policy=FUNDAMENTAL_150_DAYS_ANNUAL_550_DAYS; applicability=APPLICABLE","trendlyne_domains=4/4; retained_documents=2","TRENDLYNE_STRUCTURED_PLUS_PERIOD_SCOPE_OR_OFFICIAL_FILING","p7-ic2-materialize-readiness + v14 reviewed/numeric/history validators","contract-valid source metadata","RAW_PROVIDER_CAPTURE_AVAILABLE; NORMALIZATION_OR_REVIEW_PENDING"
"00e60a7c-0bb1-4c04-8eea-e5e0fc039bdb","DMART","INE192R01011","b4437fda-c1ca-46e4-b12a-41510de9f9c6","RETAIL_COMMERCE","","P7_IC1_RETAIL_COMMERCE_METHODOLOGY_V1","PORTFOLIOAI_P7_IC1_METHODOLOGY_R7_REGISTRY_V1","REVIEW_REQUIRED","UNIT_ECONOMICS","","REQUIRED_EVIDENCE_MISSING","methodology_contract; minimum_history=8; freshness_policy=FUNDAMENTAL_150_DAYS_ANNUAL_550_DAYS; applicability=APPLICABLE","trendlyne_domains=4/4; retained_documents=2","PROFILE_CONTRACT_PROVIDER_OR_DOCUMENT_REVIEW","p7-ic2-materialize-readiness + v14 reviewed/numeric/history validators","source metadata and/or factual reviewer decision","RAW_PROVIDER_CAPTURE_AVAILABLE; NORMALIZATION_OR_REVIEW_PENDING"
"950b0778-a1fa-4ad2-bbdc-27158e6fce03","E2E","INE255Z01027","740b4512-2fb8-4fed-b27e-0582c140f1fc","IT_BPM_SERVICES","","P7_IC1_IT_BPM_SERVICES_METHODOLOGY_V1","PORTFOLIOAI_P7_IC1_METHODOLOGY_R7_REGISTRY_V1","REVIEW_REQUIRED","CLIENT_CONCENTRATION_WAGE_FX_AUTOMATION","","REQUIRED_EVIDENCE_MISSING","methodology_contract; minimum_history=252; freshness_policy=MARKET_5_TRADING_DAYS; applicability=APPLICABLE","trendlyne_domains=3/4; retained_documents=0","DOCUMENT_DISCOVERY_OFFICIAL_SOURCE_REVIEW","p7-ic2-materialize-readiness + v14 reviewed/numeric/history validators","source metadata and/or factual reviewer decision","PARTIAL_PROVIDER_CAPTURE; DOCUMENT_DISCOVERY_IDENTITY_MISMATCH; REVIEW_PENDING"
"950b0778-a1fa-4ad2-bbdc-27158e6fce03","E2E","INE255Z01027","740b4512-2fb8-4fed-b27e-0582c140f1fc","IT_BPM_SERVICES","","P7_IC1_IT_BPM_SERVICES_METHODOLOGY_V1","PORTFOLIOAI_P7_IC1_METHODOLOGY_R7_REGISTRY_V1","REVIEW_REQUIRED","CLIENT_RETENTION","","REQUIRED_EVIDENCE_MISSING","methodology_contract; minimum_history=3; freshness_policy=FUNDAMENTAL_150_DAYS_ANNUAL_550_DAYS; applicability=APPLICABLE","trendlyne_domains=3/4; retained_documents=0","DOCUMENT_DISCOVERY_OFFICIAL_SOURCE_REVIEW","p7-ic2-materialize-readiness + v14 reviewed/numeric/history validators","source metadata and/or factual reviewer decision","PARTIAL_PROVIDER_CAPTURE; DOCUMENT_DISCOVERY_IDENTITY_MISMATCH; REVIEW_PENDING"
"950b0778-a1fa-4ad2-bbdc-27158e6fce03","E2E","INE255Z01027","740b4512-2fb8-4fed-b27e-0582c140f1fc","IT_BPM_SERVICES","","P7_IC1_IT_BPM_SERVICES_METHODOLOGY_V1","PORTFOLIOAI_P7_IC1_METHODOLOGY_R7_REGISTRY_V1","REVIEW_REQUIRED","DELIVERY_SCALE","","REQUIRED_EVIDENCE_MISSING","methodology_contract; minimum_history=3; freshness_policy=FUNDAMENTAL_150_DAYS_ANNUAL_550_DAYS; applicability=APPLICABLE","trendlyne_domains=3/4; retained_documents=0","PROFILE_CONTRACT_PROVIDER_OR_DOCUMENT_REVIEW","p7-ic2-materialize-readiness + v14 reviewed/numeric/history validators","source metadata and/or factual reviewer decision","PARTIAL_PROVIDER_CAPTURE; DOCUMENT_DISCOVERY_IDENTITY_MISMATCH; REVIEW_PENDING"
"950b0778-a1fa-4ad2-bbdc-27158e6fce03","E2E","INE255Z01027","740b4512-2fb8-4fed-b27e-0582c140f1fc","IT_BPM_SERVICES","","P7_IC1_IT_BPM_SERVICES_METHODOLOGY_V1","PORTFOLIOAI_P7_IC1_METHODOLOGY_R7_REGISTRY_V1","REVIEW_REQUIRED","DOMAIN_DEPTH","","REQUIRED_EVIDENCE_MISSING","methodology_contract; minimum_history=3; freshness_policy=FUNDAMENTAL_150_DAYS_ANNUAL_550_DAYS; applicability=APPLICABLE","trendlyne_domains=3/4; retained_documents=0","DOCUMENT_DISCOVERY_OFFICIAL_SOURCE_REVIEW","p7-ic2-materialize-readiness + v14 reviewed/numeric/history validators","source metadata and/or factual reviewer decision","PARTIAL_PROVIDER_CAPTURE; DOCUMENT_DISCOVERY_IDENTITY_MISMATCH; REVIEW_PENDING"
"950b0778-a1fa-4ad2-bbdc-27158e6fce03","E2E","INE255Z01027","740b4512-2fb8-4fed-b27e-0582c140f1fc","IT_BPM_SERVICES","","P7_IC1_IT_BPM_SERVICES_METHODOLOGY_V1","PORTFOLIOAI_P7_IC1_METHODOLOGY_R7_REGISTRY_V1","REVIEW_REQUIRED","EV_EBITDA","","REQUIRED_EVIDENCE_MISSING","methodology_contract; minimum_history=3; freshness_policy=FUNDAMENTAL_150_DAYS_ANNUAL_550_DAYS; applicability=APPLICABLE","trendlyne_domains=3/4; retained_documents=0","TRENDLYNE_STRUCTURED_PLUS_PERIOD_SCOPE_OR_OFFICIAL_FILING","p7-ic2-materialize-readiness + v14 reviewed/numeric/history validators","contract-valid source metadata","PARTIAL_PROVIDER_CAPTURE; DOCUMENT_DISCOVERY_IDENTITY_MISMATCH; REVIEW_PENDING"
"950b0778-a1fa-4ad2-bbdc-27158e6fce03","E2E","INE255Z01027","740b4512-2fb8-4fed-b27e-0582c140f1fc","IT_BPM_SERVICES","","P7_IC1_IT_BPM_SERVICES_METHODOLOGY_V1","PORTFOLIOAI_P7_IC1_METHODOLOGY_R7_REGISTRY_V1","REVIEW_REQUIRED","FCF_CONVERSION","","REQUIRED_EVIDENCE_MISSING","methodology_contract; minimum_history=3; freshness_policy=FUNDAMENTAL_150_DAYS_ANNUAL_550_DAYS; applicability=APPLICABLE","trendlyne_domains=3/4; retained_documents=0","TRENDLYNE_STRUCTURED_PLUS_PERIOD_SCOPE_OR_OFFICIAL_FILING","p7-ic2-materialize-readiness + v14 reviewed/numeric/history validators","contract-valid source metadata","PARTIAL_PROVIDER_CAPTURE; DOCUMENT_DISCOVERY_IDENTITY_MISMATCH; REVIEW_PENDING"
"950b0778-a1fa-4ad2-bbdc-27158e6fce03","E2E","INE255Z01027","740b4512-2fb8-4fed-b27e-0582c140f1fc","IT_BPM_SERVICES","","P7_IC1_IT_BPM_SERVICES_METHODOLOGY_V1","PORTFOLIOAI_P7_IC1_METHODOLOGY_R7_REGISTRY_V1","REVIEW_REQUIRED","FCF_YIELD","","REQUIRED_EVIDENCE_MISSING","methodology_contract; minimum_history=3; freshness_policy=FUNDAMENTAL_150_DAYS_ANNUAL_550_DAYS; applicability=APPLICABLE","trendlyne_domains=3/4; retained_documents=0","TRENDLYNE_STRUCTURED_PLUS_PERIOD_SCOPE_OR_OFFICIAL_FILING","p7-ic2-materialize-readiness + v14 reviewed/numeric/history validators","contract-valid source metadata","PARTIAL_PROVIDER_CAPTURE; DOCUMENT_DISCOVERY_IDENTITY_MISMATCH; REVIEW_PENDING"
"950b0778-a1fa-4ad2-bbdc-27158e6fce03","E2E","INE255Z01027","740b4512-2fb8-4fed-b27e-0582c140f1fc","IT_BPM_SERVICES","","P7_IC1_IT_BPM_SERVICES_METHODOLOGY_V1","PORTFOLIOAI_P7_IC1_METHODOLOGY_R7_REGISTRY_V1","REVIEW_REQUIRED","GOVERNANCE_EVENT_REVIEW","","REQUIRED_EVIDENCE_MISSING","methodology_contract; minimum_history=4; freshness_policy=FUNDAMENTAL_150_DAYS_ANNUAL_550_DAYS; applicability=APPLICABLE","trendlyne_domains=3/4; retained_documents=0","DOCUMENT_DISCOVERY_OFFICIAL_SOURCE_REVIEW","p7-ic2-materialize-readiness + v14 reviewed/numeric/history validators","source metadata and/or factual reviewer decision","PARTIAL_PROVIDER_CAPTURE; DOCUMENT_DISCOVERY_IDENTITY_MISMATCH; REVIEW_PENDING"
"950b0778-a1fa-4ad2-bbdc-27158e6fce03","E2E","INE255Z01027","740b4512-2fb8-4fed-b27e-0582c140f1fc","IT_BPM_SERVICES","","P7_IC1_IT_BPM_SERVICES_METHODOLOGY_V1","PORTFOLIOAI_P7_IC1_METHODOLOGY_R7_REGISTRY_V1","REVIEW_REQUIRED","NET_CASH_OR_LEVERAGE","","REQUIRED_EVIDENCE_MISSING","methodology_contract; minimum_history=3; freshness_policy=FUNDAMENTAL_150_DAYS_ANNUAL_550_DAYS; applicability=APPLICABLE","trendlyne_domains=3/4; retained_documents=0","TRENDLYNE_STRUCTURED_PLUS_PERIOD_SCOPE_OR_OFFICIAL_FILING","p7-ic2-materialize-readiness + v14 reviewed/numeric/history validators","contract-valid source metadata","PARTIAL_PROVIDER_CAPTURE; DOCUMENT_DISCOVERY_IDENTITY_MISMATCH; REVIEW_PENDING"
"950b0778-a1fa-4ad2-bbdc-27158e6fce03","E2E","INE255Z01027","740b4512-2fb8-4fed-b27e-0582c140f1fc","IT_BPM_SERVICES","","P7_IC1_IT_BPM_SERVICES_METHODOLOGY_V1","PORTFOLIOAI_P7_IC1_METHODOLOGY_R7_REGISTRY_V1","REVIEW_REQUIRED","OPERATING_MARGIN_HISTORY","","REQUIRED_EVIDENCE_MISSING","methodology_contract; minimum_history=8; freshness_policy=FUNDAMENTAL_150_DAYS_ANNUAL_550_DAYS; applicability=APPLICABLE","trendlyne_domains=3/4; retained_documents=0","DOCUMENT_DISCOVERY_OFFICIAL_SOURCE_REVIEW","p7-ic2-materialize-readiness + v14 reviewed/numeric/history validators","source metadata and/or factual reviewer decision","PARTIAL_PROVIDER_CAPTURE; DOCUMENT_DISCOVERY_IDENTITY_MISMATCH; REVIEW_PENDING"
"950b0778-a1fa-4ad2-bbdc-27158e6fce03","E2E","INE255Z01027","740b4512-2fb8-4fed-b27e-0582c140f1fc","IT_BPM_SERVICES","","P7_IC1_IT_BPM_SERVICES_METHODOLOGY_V1","PORTFOLIOAI_P7_IC1_METHODOLOGY_R7_REGISTRY_V1","REVIEW_REQUIRED","OWNERSHIP_TREND_4Q","","REQUIRED_EVIDENCE_MISSING","methodology_contract; minimum_history=4; freshness_policy=FUNDAMENTAL_150_DAYS_ANNUAL_550_DAYS; applicability=APPLICABLE","trendlyne_domains=3/4; retained_documents=0","TRENDLYNE_OWNERSHIP_REVIEW","p7-ic2-materialize-readiness + v14 reviewed/numeric/history validators","source metadata and/or factual reviewer decision","PARTIAL_PROVIDER_CAPTURE; DOCUMENT_DISCOVERY_IDENTITY_MISMATCH; REVIEW_PENDING"
"950b0778-a1fa-4ad2-bbdc-27158e6fce03","E2E","INE255Z01027","740b4512-2fb8-4fed-b27e-0582c140f1fc","IT_BPM_SERVICES","","P7_IC1_IT_BPM_SERVICES_METHODOLOGY_V1","PORTFOLIOAI_P7_IC1_METHODOLOGY_R7_REGISTRY_V1","REVIEW_REQUIRED","PE","","REQUIRED_EVIDENCE_MISSING","methodology_contract; minimum_history=3; freshness_policy=FUNDAMENTAL_150_DAYS_ANNUAL_550_DAYS; applicability=APPLICABLE","trendlyne_domains=3/4; retained_documents=0","TRENDLYNE_STRUCTURED_PLUS_PERIOD_SCOPE_OR_OFFICIAL_FILING","p7-ic2-materialize-readiness + v14 reviewed/numeric/history validators","contract-valid source metadata","PARTIAL_PROVIDER_CAPTURE; DOCUMENT_DISCOVERY_IDENTITY_MISMATCH; REVIEW_PENDING"
"950b0778-a1fa-4ad2-bbdc-27158e6fce03","E2E","INE255Z01027","740b4512-2fb8-4fed-b27e-0582c140f1fc","IT_BPM_SERVICES","","P7_IC1_IT_BPM_SERVICES_METHODOLOGY_V1","PORTFOLIOAI_P7_IC1_METHODOLOGY_R7_REGISTRY_V1","REVIEW_REQUIRED","REVENUE_CLIENT_GROWTH_MULTI_PERIOD","","REQUIRED_EVIDENCE_MISSING","methodology_contract; minimum_history=8; freshness_policy=FUNDAMENTAL_150_DAYS_ANNUAL_550_DAYS; applicability=APPLICABLE","trendlyne_domains=3/4; retained_documents=0","DOCUMENT_DISCOVERY_OFFICIAL_SOURCE_REVIEW","p7-ic2-materialize-readiness + v14 reviewed/numeric/history validators","source metadata and/or factual reviewer decision","PARTIAL_PROVIDER_CAPTURE; DOCUMENT_DISCOVERY_IDENTITY_MISMATCH; REVIEW_PENDING"
"950b0778-a1fa-4ad2-bbdc-27158e6fce03","E2E","INE255Z01027","740b4512-2fb8-4fed-b27e-0582c140f1fc","IT_BPM_SERVICES","","P7_IC1_IT_BPM_SERVICES_METHODOLOGY_V1","PORTFOLIOAI_P7_IC1_METHODOLOGY_R7_REGISTRY_V1","REVIEW_REQUIRED","REVENUE_PER_EMPLOYEE_OR_DELIVERY_EFFICIENCY","","REQUIRED_EVIDENCE_MISSING","methodology_contract; minimum_history=8; freshness_policy=FUNDAMENTAL_150_DAYS_ANNUAL_550_DAYS; applicability=APPLICABLE","trendlyne_domains=3/4; retained_documents=0","TRENDLYNE_STRUCTURED_PLUS_PERIOD_SCOPE_OR_OFFICIAL_FILING","p7-ic2-materialize-readiness + v14 reviewed/numeric/history validators","contract-valid source metadata","PARTIAL_PROVIDER_CAPTURE; DOCUMENT_DISCOVERY_IDENTITY_MISMATCH; REVIEW_PENDING"
"950b0778-a1fa-4ad2-bbdc-27158e6fce03","E2E","INE255Z01027","740b4512-2fb8-4fed-b27e-0582c140f1fc","IT_BPM_SERVICES","","P7_IC1_IT_BPM_SERVICES_METHODOLOGY_V1","PORTFOLIOAI_P7_IC1_METHODOLOGY_R7_REGISTRY_V1","REVIEW_REQUIRED","ROCE_CONTEXT","","REQUIRED_EVIDENCE_MISSING","methodology_contract; minimum_history=3; freshness_policy=FUNDAMENTAL_150_DAYS_ANNUAL_550_DAYS; applicability=APPLICABLE","trendlyne_domains=3/4; retained_documents=0","TRENDLYNE_STRUCTURED_PLUS_PERIOD_SCOPE_OR_OFFICIAL_FILING","p7-ic2-materialize-readiness + v14 reviewed/numeric/history validators","contract-valid source metadata","PARTIAL_PROVIDER_CAPTURE; DOCUMENT_DISCOVERY_IDENTITY_MISMATCH; REVIEW_PENDING"
"950b0778-a1fa-4ad2-bbdc-27158e6fce03","E2E","INE255Z01027","740b4512-2fb8-4fed-b27e-0582c140f1fc","IT_BPM_SERVICES","","P7_IC1_IT_BPM_SERVICES_METHODOLOGY_V1","PORTFOLIOAI_P7_IC1_METHODOLOGY_R7_REGISTRY_V1","REVIEW_REQUIRED","ROCE_OR_ROIC","","REQUIRED_EVIDENCE_MISSING","methodology_contract; minimum_history=3; freshness_policy=FUNDAMENTAL_150_DAYS_ANNUAL_550_DAYS; applicability=APPLICABLE","trendlyne_domains=3/4; retained_documents=0","TRENDLYNE_STRUCTURED_PLUS_PERIOD_SCOPE_OR_OFFICIAL_FILING","p7-ic2-materialize-readiness + v14 reviewed/numeric/history validators","contract-valid source metadata","PARTIAL_PROVIDER_CAPTURE; DOCUMENT_DISCOVERY_IDENTITY_MISMATCH; REVIEW_PENDING"
"9503c7f0-33f1-42aa-a804-134c848c18fb","EBGNG","INE18JU01028","8006731d-d017-4c1b-ac39-aa3207cc661b","IT_DIGITAL_INFRA_HARDWARE","","IT_TECH_K4B_SCORING_V1","PORTFOLIOAI_P7_IC1_METHODOLOGY_R7_REGISTRY_V1","REVIEW_REQUIRED","OPERATING_MARGIN_HISTORY","","REQUIRED_EVIDENCE_MISSING","methodology_contract; minimum_history=1; freshness_policy=UNSPECIFIED; applicability=APPLICABLE","trendlyne_domains=4/4; retained_documents=1","DOCUMENT_DISCOVERY_OFFICIAL_SOURCE_REVIEW","p7-ic2-materialize-readiness + v14 reviewed/numeric/history validators","source metadata and/or factual reviewer decision","RAW_PROVIDER_CAPTURE_AVAILABLE; NORMALIZATION_OR_REVIEW_PENDING"
"9503c7f0-33f1-42aa-a804-134c848c18fb","EBGNG","INE18JU01028","8006731d-d017-4c1b-ac39-aa3207cc661b","IT_DIGITAL_INFRA_HARDWARE","","IT_TECH_K4B_SCORING_V1","PORTFOLIOAI_P7_IC1_METHODOLOGY_R7_REGISTRY_V1","REVIEW_REQUIRED","VALUATION","","REQUIRED_EVIDENCE_MISSING","methodology_contract; minimum_history=1; freshness_policy=UNSPECIFIED; applicability=APPLICABLE","trendlyne_domains=4/4; retained_documents=1","TRENDLYNE_STRUCTURED_PLUS_PERIOD_SCOPE_OR_OFFICIAL_FILING","p7-ic2-materialize-readiness + v14 reviewed/numeric/history validators","contract-valid source metadata","RAW_PROVIDER_CAPTURE_AVAILABLE; NORMALIZATION_OR_REVIEW_PENDING"
"9503c7f0-33f1-42aa-a804-134c848c18fb","EBGNG","INE18JU01028","8006731d-d017-4c1b-ac39-aa3207cc661b","IT_DIGITAL_INFRA_HARDWARE","","IT_TECH_K4B_SCORING_V1","PORTFOLIOAI_P7_IC1_METHODOLOGY_R7_REGISTRY_V1","REVIEW_REQUIRED","WORKING_CAPITAL_AND_CASH_CONVERSION","","REQUIRED_EVIDENCE_MISSING","methodology_contract; minimum_history=1; freshness_policy=UNSPECIFIED; applicability=APPLICABLE","trendlyne_domains=4/4; retained_documents=1","TRENDLYNE_STRUCTURED_PLUS_PERIOD_SCOPE_OR_OFFICIAL_FILING","p7-ic2-materialize-readiness + v14 reviewed/numeric/history validators","contract-valid source metadata","RAW_PROVIDER_CAPTURE_AVAILABLE; NORMALIZATION_OR_REVIEW_PENDING"
"39844b75-4a2e-4aca-a8c9-9f9ce078734a","ECLERX","INE738I01010","fc4cb5ab-fe2e-47eb-9cf8-e55ca22051ef","IT_BPM_SERVICES","","P7_IC1_IT_BPM_SERVICES_METHODOLOGY_V1","PORTFOLIOAI_P7_IC1_METHODOLOGY_R7_REGISTRY_V1","REVIEW_REQUIRED","EV_EBITDA","","REQUIRED_EVIDENCE_MISSING","methodology_contract; minimum_history=3; freshness_policy=FUNDAMENTAL_150_DAYS_ANNUAL_550_DAYS; applicability=APPLICABLE","trendlyne_domains=4/4; retained_documents=1","TRENDLYNE_STRUCTURED_PLUS_PERIOD_SCOPE_OR_OFFICIAL_FILING","p7-ic2-materialize-readiness + v14 reviewed/numeric/history validators","contract-valid source metadata","RAW_PROVIDER_CAPTURE_AVAILABLE; NORMALIZATION_OR_REVIEW_PENDING"
"39844b75-4a2e-4aca-a8c9-9f9ce078734a","ECLERX","INE738I01010","fc4cb5ab-fe2e-47eb-9cf8-e55ca22051ef","IT_BPM_SERVICES","","P7_IC1_IT_BPM_SERVICES_METHODOLOGY_V1","PORTFOLIOAI_P7_IC1_METHODOLOGY_R7_REGISTRY_V1","REVIEW_REQUIRED","FCF_CONVERSION","","REQUIRED_EVIDENCE_MISSING","methodology_contract; minimum_history=3; freshness_policy=FUNDAMENTAL_150_DAYS_ANNUAL_550_DAYS; applicability=APPLICABLE","trendlyne_domains=4/4; retained_documents=1","TRENDLYNE_STRUCTURED_PLUS_PERIOD_SCOPE_OR_OFFICIAL_FILING","p7-ic2-materialize-readiness + v14 reviewed/numeric/history validators","contract-valid source metadata","RAW_PROVIDER_CAPTURE_AVAILABLE; NORMALIZATION_OR_REVIEW_PENDING"
"39844b75-4a2e-4aca-a8c9-9f9ce078734a","ECLERX","INE738I01010","fc4cb5ab-fe2e-47eb-9cf8-e55ca22051ef","IT_BPM_SERVICES","","P7_IC1_IT_BPM_SERVICES_METHODOLOGY_V1","PORTFOLIOAI_P7_IC1_METHODOLOGY_R7_REGISTRY_V1","REVIEW_REQUIRED","FCF_YIELD","","REQUIRED_EVIDENCE_MISSING","methodology_contract; minimum_history=3; freshness_policy=FUNDAMENTAL_150_DAYS_ANNUAL_550_DAYS; applicability=APPLICABLE","trendlyne_domains=4/4; retained_documents=1","TRENDLYNE_STRUCTURED_PLUS_PERIOD_SCOPE_OR_OFFICIAL_FILING","p7-ic2-materialize-readiness + v14 reviewed/numeric/history validators","contract-valid source metadata","RAW_PROVIDER_CAPTURE_AVAILABLE; NORMALIZATION_OR_REVIEW_PENDING"
"39844b75-4a2e-4aca-a8c9-9f9ce078734a","ECLERX","INE738I01010","fc4cb5ab-fe2e-47eb-9cf8-e55ca22051ef","IT_BPM_SERVICES","","P7_IC1_IT_BPM_SERVICES_METHODOLOGY_V1","PORTFOLIOAI_P7_IC1_METHODOLOGY_R7_REGISTRY_V1","REVIEW_REQUIRED","NET_CASH_OR_LEVERAGE","","REQUIRED_EVIDENCE_MISSING","methodology_contract; minimum_history=3; freshness_policy=FUNDAMENTAL_150_DAYS_ANNUAL_550_DAYS; applicability=APPLICABLE","trendlyne_domains=4/4; retained_documents=1","TRENDLYNE_STRUCTURED_PLUS_PERIOD_SCOPE_OR_OFFICIAL_FILING","p7-ic2-materialize-readiness + v14 reviewed/numeric/history validators","contract-valid source metadata","RAW_PROVIDER_CAPTURE_AVAILABLE; NORMALIZATION_OR_REVIEW_PENDING"
"39844b75-4a2e-4aca-a8c9-9f9ce078734a","ECLERX","INE738I01010","fc4cb5ab-fe2e-47eb-9cf8-e55ca22051ef","IT_BPM_SERVICES","","P7_IC1_IT_BPM_SERVICES_METHODOLOGY_V1","PORTFOLIOAI_P7_IC1_METHODOLOGY_R7_REGISTRY_V1","REVIEW_REQUIRED","REVENUE_CLIENT_GROWTH_MULTI_PERIOD","","REQUIRED_EVIDENCE_MISSING","methodology_contract; minimum_history=8; freshness_policy=FUNDAMENTAL_150_DAYS_ANNUAL_550_DAYS; applicability=APPLICABLE","trendlyne_domains=4/4; retained_documents=1","DOCUMENT_DISCOVERY_OFFICIAL_SOURCE_REVIEW","p7-ic2-materialize-readiness + v14 reviewed/numeric/history validators","source metadata and/or factual reviewer decision","RAW_PROVIDER_CAPTURE_AVAILABLE; NORMALIZATION_OR_REVIEW_PENDING"
"39844b75-4a2e-4aca-a8c9-9f9ce078734a","ECLERX","INE738I01010","fc4cb5ab-fe2e-47eb-9cf8-e55ca22051ef","IT_BPM_SERVICES","","P7_IC1_IT_BPM_SERVICES_METHODOLOGY_V1","PORTFOLIOAI_P7_IC1_METHODOLOGY_R7_REGISTRY_V1","REVIEW_REQUIRED","REVENUE_PER_EMPLOYEE_OR_DELIVERY_EFFICIENCY","","REQUIRED_EVIDENCE_MISSING","methodology_contract; minimum_history=8; freshness_policy=FUNDAMENTAL_150_DAYS_ANNUAL_550_DAYS; applicability=APPLICABLE","trendlyne_domains=4/4; retained_documents=1","TRENDLYNE_STRUCTURED_PLUS_PERIOD_SCOPE_OR_OFFICIAL_FILING","p7-ic2-materialize-readiness + v14 reviewed/numeric/history validators","contract-valid source metadata","RAW_PROVIDER_CAPTURE_AVAILABLE; NORMALIZATION_OR_REVIEW_PENDING"
"4e30d7b2-e298-44a7-a8de-bbfc00402cf2","EIEL","INE0LLY01014","9d2d1067-3d14-4d57-9097-dc322e0a5886","ENVIRONMENTAL_SERVICES","","P7_IC1_ENVIRONMENTAL_SERVICES_METHODOLOGY_V1","PORTFOLIOAI_P7_IC1_METHODOLOGY_R7_REGISTRY_V1","REVIEW_REQUIRED","CFO_FCF_RECEIVABLES","","REQUIRED_EVIDENCE_MISSING","methodology_contract; minimum_history=3; freshness_policy=FUNDAMENTAL_150_DAYS_ANNUAL_550_DAYS; applicability=APPLICABLE","trendlyne_domains=4/4; retained_documents=1","TRENDLYNE_STRUCTURED_PLUS_PERIOD_SCOPE_OR_OFFICIAL_FILING","p7-ic2-materialize-readiness + v14 reviewed/numeric/history validators","contract-valid source metadata","RAW_PROVIDER_CAPTURE_AVAILABLE; NORMALIZATION_OR_REVIEW_PENDING"
"4e30d7b2-e298-44a7-a8de-bbfc00402cf2","EIEL","INE0LLY01014","9d2d1067-3d14-4d57-9097-dc322e0a5886","ENVIRONMENTAL_SERVICES","","P7_IC1_ENVIRONMENTAL_SERVICES_METHODOLOGY_V1","PORTFOLIOAI_P7_IC1_METHODOLOGY_R7_REGISTRY_V1","REVIEW_REQUIRED","COLLECTION_OR_TREATMENT_EFFICIENCY","","REQUIRED_EVIDENCE_MISSING","methodology_contract; minimum_history=8; freshness_policy=FUNDAMENTAL_150_DAYS_ANNUAL_550_DAYS; applicability=APPLICABLE","trendlyne_domains=4/4; retained_documents=1","PROFILE_CONTRACT_PROVIDER_OR_DOCUMENT_REVIEW","p7-ic2-materialize-readiness + v14 reviewed/numeric/history validators","source metadata and/or factual reviewer decision","RAW_PROVIDER_CAPTURE_AVAILABLE; NORMALIZATION_OR_REVIEW_PENDING"
"4e30d7b2-e298-44a7-a8de-bbfc00402cf2","EIEL","INE0LLY01014","9d2d1067-3d14-4d57-9097-dc322e0a5886","ENVIRONMENTAL_SERVICES","","P7_IC1_ENVIRONMENTAL_SERVICES_METHODOLOGY_V1","PORTFOLIOAI_P7_IC1_METHODOLOGY_R7_REGISTRY_V1","REVIEW_REQUIRED","CONCESSION_CONTRACT_DURATION","","REQUIRED_EVIDENCE_MISSING","methodology_contract; minimum_history=3; freshness_policy=FUNDAMENTAL_150_DAYS_ANNUAL_550_DAYS; applicability=APPLICABLE","trendlyne_domains=4/4; retained_documents=1","PROFILE_CONTRACT_PROVIDER_OR_DOCUMENT_REVIEW","p7-ic2-materialize-readiness + v14 reviewed/numeric/history validators","source metadata and/or factual reviewer decision","RAW_PROVIDER_CAPTURE_AVAILABLE; NORMALIZATION_OR_REVIEW_PENDING"
"4e30d7b2-e298-44a7-a8de-bbfc00402cf2","EIEL","INE0LLY01014","9d2d1067-3d14-4d57-9097-dc322e0a5886","ENVIRONMENTAL_SERVICES","","P7_IC1_ENVIRONMENTAL_SERVICES_METHODOLOGY_V1","PORTFOLIOAI_P7_IC1_METHODOLOGY_R7_REGISTRY_V1","REVIEW_REQUIRED","COUNTERPARTY_RECEIVABLE_REGULATORY_PROJECT","","REQUIRED_EVIDENCE_MISSING","methodology_contract; minimum_history=252; freshness_policy=MARKET_5_TRADING_DAYS; applicability=APPLICABLE","trendlyne_domains=4/4; retained_documents=1","DOCUMENT_DISCOVERY_OFFICIAL_SOURCE_REVIEW","p7-ic2-materialize-readiness + v14 reviewed/numeric/history validators","source metadata and/or factual reviewer decision","RAW_PROVIDER_CAPTURE_AVAILABLE; NORMALIZATION_OR_REVIEW_PENDING"
"4e30d7b2-e298-44a7-a8de-bbfc00402cf2","EIEL","INE0LLY01014","9d2d1067-3d14-4d57-9097-dc322e0a5886","ENVIRONMENTAL_SERVICES","","P7_IC1_ENVIRONMENTAL_SERVICES_METHODOLOGY_V1","PORTFOLIOAI_P7_IC1_METHODOLOGY_R7_REGISTRY_V1","REVIEW_REQUIRED","EV_EBITDA","","REQUIRED_EVIDENCE_MISSING","methodology_contract; minimum_history=3; freshness_policy=FUNDAMENTAL_150_DAYS_ANNUAL_550_DAYS; applicability=APPLICABLE","trendlyne_domains=4/4; retained_documents=1","TRENDLYNE_STRUCTURED_PLUS_PERIOD_SCOPE_OR_OFFICIAL_FILING","p7-ic2-materialize-readiness + v14 reviewed/numeric/history validators","contract-valid source metadata","RAW_PROVIDER_CAPTURE_AVAILABLE; NORMALIZATION_OR_REVIEW_PENDING"
"4e30d7b2-e298-44a7-a8de-bbfc00402cf2","EIEL","INE0LLY01014","9d2d1067-3d14-4d57-9097-dc322e0a5886","ENVIRONMENTAL_SERVICES","","P7_IC1_ENVIRONMENTAL_SERVICES_METHODOLOGY_V1","PORTFOLIOAI_P7_IC1_METHODOLOGY_R7_REGISTRY_V1","REVIEW_REQUIRED","FCF_YIELD","","REQUIRED_EVIDENCE_MISSING","methodology_contract; minimum_history=3; freshness_policy=FUNDAMENTAL_150_DAYS_ANNUAL_550_DAYS; applicability=APPLICABLE","trendlyne_domains=4/4; retained_documents=1","TRENDLYNE_STRUCTURED_PLUS_PERIOD_SCOPE_OR_OFFICIAL_FILING","p7-ic2-materialize-readiness + v14 reviewed/numeric/history validators","contract-valid source metadata","RAW_PROVIDER_CAPTURE_AVAILABLE; NORMALIZATION_OR_REVIEW_PENDING"
"4e30d7b2-e298-44a7-a8de-bbfc00402cf2","EIEL","INE0LLY01014","9d2d1067-3d14-4d57-9097-dc322e0a5886","ENVIRONMENTAL_SERVICES","","P7_IC1_ENVIRONMENTAL_SERVICES_METHODOLOGY_V1","PORTFOLIOAI_P7_IC1_METHODOLOGY_R7_REGISTRY_V1","REVIEW_REQUIRED","GOVERNANCE_EVENT_REVIEW","","REQUIRED_EVIDENCE_MISSING","methodology_contract; minimum_history=4; freshness_policy=FUNDAMENTAL_150_DAYS_ANNUAL_550_DAYS; applicability=APPLICABLE","trendlyne_domains=4/4; retained_documents=1","DOCUMENT_DISCOVERY_OFFICIAL_SOURCE_REVIEW","p7-ic2-materialize-readiness + v14 reviewed/numeric/history validators","source metadata and/or factual reviewer decision","RAW_PROVIDER_CAPTURE_AVAILABLE; NORMALIZATION_OR_REVIEW_PENDING"
"4e30d7b2-e298-44a7-a8de-bbfc00402cf2","EIEL","INE0LLY01014","9d2d1067-3d14-4d57-9097-dc322e0a5886","ENVIRONMENTAL_SERVICES","","P7_IC1_ENVIRONMENTAL_SERVICES_METHODOLOGY_V1","PORTFOLIOAI_P7_IC1_METHODOLOGY_R7_REGISTRY_V1","REVIEW_REQUIRED","NET_DEBT_INTEREST_COVERAGE","","REQUIRED_EVIDENCE_MISSING","methodology_contract; minimum_history=3; freshness_policy=FUNDAMENTAL_150_DAYS_ANNUAL_550_DAYS; applicability=APPLICABLE","trendlyne_domains=4/4; retained_documents=1","TRENDLYNE_STRUCTURED_PLUS_PERIOD_SCOPE_OR_OFFICIAL_FILING","p7-ic2-materialize-readiness + v14 reviewed/numeric/history validators","contract-valid source metadata","RAW_PROVIDER_CAPTURE_AVAILABLE; NORMALIZATION_OR_REVIEW_PENDING"
"4e30d7b2-e298-44a7-a8de-bbfc00402cf2","EIEL","INE0LLY01014","9d2d1067-3d14-4d57-9097-dc322e0a5886","ENVIRONMENTAL_SERVICES","","P7_IC1_ENVIRONMENTAL_SERVICES_METHODOLOGY_V1","PORTFOLIOAI_P7_IC1_METHODOLOGY_R7_REGISTRY_V1","REVIEW_REQUIRED","OPERATING_MARGIN_CONTRACT_QUALITY","","REQUIRED_EVIDENCE_MISSING","methodology_contract; minimum_history=8; freshness_policy=FUNDAMENTAL_150_DAYS_ANNUAL_550_DAYS; applicability=APPLICABLE","trendlyne_domains=4/4; retained_documents=1","DOCUMENT_DISCOVERY_OFFICIAL_SOURCE_REVIEW","p7-ic2-materialize-readiness + v14 reviewed/numeric/history validators","source metadata and/or factual reviewer decision","RAW_PROVIDER_CAPTURE_AVAILABLE; NORMALIZATION_OR_REVIEW_PENDING"
"4e30d7b2-e298-44a7-a8de-bbfc00402cf2","EIEL","INE0LLY01014","9d2d1067-3d14-4d57-9097-dc322e0a5886","ENVIRONMENTAL_SERVICES","","P7_IC1_ENVIRONMENTAL_SERVICES_METHODOLOGY_V1","PORTFOLIOAI_P7_IC1_METHODOLOGY_R7_REGISTRY_V1","REVIEW_REQUIRED","OWNERSHIP_TREND_4Q","","REQUIRED_EVIDENCE_MISSING","methodology_contract; minimum_history=4; freshness_policy=FUNDAMENTAL_150_DAYS_ANNUAL_550_DAYS; applicability=APPLICABLE","trendlyne_domains=4/4; retained_documents=1","TRENDLYNE_OWNERSHIP_REVIEW","p7-ic2-materialize-readiness + v14 reviewed/numeric/history validators","source metadata and/or factual reviewer decision","RAW_PROVIDER_CAPTURE_AVAILABLE; NORMALIZATION_OR_REVIEW_PENDING"
"4e30d7b2-e298-44a7-a8de-bbfc00402cf2","EIEL","INE0LLY01014","9d2d1067-3d14-4d57-9097-dc322e0a5886","ENVIRONMENTAL_SERVICES","","P7_IC1_ENVIRONMENTAL_SERVICES_METHODOLOGY_V1","PORTFOLIOAI_P7_IC1_METHODOLOGY_R7_REGISTRY_V1","REVIEW_REQUIRED","PE","","REQUIRED_EVIDENCE_MISSING","methodology_contract; minimum_history=3; freshness_policy=FUNDAMENTAL_150_DAYS_ANNUAL_550_DAYS; applicability=APPLICABLE","trendlyne_domains=4/4; retained_documents=1","TRENDLYNE_STRUCTURED_PLUS_PERIOD_SCOPE_OR_OFFICIAL_FILING","p7-ic2-materialize-readiness + v14 reviewed/numeric/history validators","contract-valid source metadata","RAW_PROVIDER_CAPTURE_AVAILABLE; NORMALIZATION_OR_REVIEW_PENDING"
"4e30d7b2-e298-44a7-a8de-bbfc00402cf2","EIEL","INE0LLY01014","9d2d1067-3d14-4d57-9097-dc322e0a5886","ENVIRONMENTAL_SERVICES","","P7_IC1_ENVIRONMENTAL_SERVICES_METHODOLOGY_V1","PORTFOLIOAI_P7_IC1_METHODOLOGY_R7_REGISTRY_V1","REVIEW_REQUIRED","REVENUE_ORDER_BOOK_CAPACITY_GROWTH","","REQUIRED_EVIDENCE_MISSING","methodology_contract; minimum_history=8; freshness_policy=FUNDAMENTAL_150_DAYS_ANNUAL_550_DAYS; applicability=APPLICABLE","trendlyne_domains=4/4; retained_documents=1","TRENDLYNE_STRUCTURED_PLUS_PERIOD_SCOPE_OR_OFFICIAL_FILING","p7-ic2-materialize-readiness + v14 reviewed/numeric/history validators","contract-valid source metadata","RAW_PROVIDER_CAPTURE_AVAILABLE; NORMALIZATION_OR_REVIEW_PENDING"
"4e30d7b2-e298-44a7-a8de-bbfc00402cf2","EIEL","INE0LLY01014","9d2d1067-3d14-4d57-9097-dc322e0a5886","ENVIRONMENTAL_SERVICES","","P7_IC1_ENVIRONMENTAL_SERVICES_METHODOLOGY_V1","PORTFOLIOAI_P7_IC1_METHODOLOGY_R7_REGISTRY_V1","REVIEW_REQUIRED","ROCE_OR_ROIC_PROJECT_CONTEXT","","REQUIRED_EVIDENCE_MISSING","methodology_contract; minimum_history=3; freshness_policy=FUNDAMENTAL_150_DAYS_ANNUAL_550_DAYS; applicability=APPLICABLE","trendlyne_domains=4/4; retained_documents=1","TRENDLYNE_STRUCTURED_PLUS_PERIOD_SCOPE_OR_OFFICIAL_FILING","p7-ic2-materialize-readiness + v14 reviewed/numeric/history validators","contract-valid source metadata","RAW_PROVIDER_CAPTURE_AVAILABLE; NORMALIZATION_OR_REVIEW_PENDING"
"4e30d7b2-e298-44a7-a8de-bbfc00402cf2","EIEL","INE0LLY01014","9d2d1067-3d14-4d57-9097-dc322e0a5886","ENVIRONMENTAL_SERVICES","","P7_IC1_ENVIRONMENTAL_SERVICES_METHODOLOGY_V1","PORTFOLIOAI_P7_IC1_METHODOLOGY_R7_REGISTRY_V1","REVIEW_REQUIRED","ROCE_PROJECT_CONTEXT","","REQUIRED_EVIDENCE_MISSING","methodology_contract; minimum_history=3; freshness_policy=FUNDAMENTAL_150_DAYS_ANNUAL_550_DAYS; applicability=APPLICABLE","trendlyne_domains=4/4; retained_documents=1","TRENDLYNE_STRUCTURED_PLUS_PERIOD_SCOPE_OR_OFFICIAL_FILING","p7-ic2-materialize-readiness + v14 reviewed/numeric/history validators","contract-valid source metadata","RAW_PROVIDER_CAPTURE_AVAILABLE; NORMALIZATION_OR_REVIEW_PENDING"
"4e30d7b2-e298-44a7-a8de-bbfc00402cf2","EIEL","INE0LLY01014","9d2d1067-3d14-4d57-9097-dc322e0a5886","ENVIRONMENTAL_SERVICES","","P7_IC1_ENVIRONMENTAL_SERVICES_METHODOLOGY_V1","PORTFOLIOAI_P7_IC1_METHODOLOGY_R7_REGISTRY_V1","REVIEW_REQUIRED","TECHNOLOGY_PERMITS_MUNICIPAL_INDUSTRIAL_DIVERSIFICATION","","REQUIRED_EVIDENCE_MISSING","methodology_contract; minimum_history=3; freshness_policy=FUNDAMENTAL_150_DAYS_ANNUAL_550_DAYS; applicability=APPLICABLE","trendlyne_domains=4/4; retained_documents=1","TRENDLYNE_STRUCTURED_PLUS_PERIOD_SCOPE_OR_OFFICIAL_FILING","p7-ic2-materialize-readiness + v14 reviewed/numeric/history validators","contract-valid source metadata","RAW_PROVIDER_CAPTURE_AVAILABLE; NORMALIZATION_OR_REVIEW_PENDING"
"61d141a2-b37b-473f-b912-bf2ba373e5c7","EMCURE","INE168P01015","197adc55-2be6-4d62-b470-0eaba456a633","PHARMA","GLOBAL_GENERICS","PHARMA_V1_PLUS_REVIEWED_PRIMARY_SUBPROFILE","PORTFOLIOAI_P7_IC1_METHODOLOGY_R7_REGISTRY_V1","REVIEW_REQUIRED","CAPEX","","REQUIRED_EVIDENCE_MISSING","methodology_contract; minimum_history=3; freshness_policy=UNSPECIFIED; applicability=APPLICABLE","trendlyne_domains=4/4; retained_documents=2","TRENDLYNE_STRUCTURED_PLUS_PERIOD_SCOPE_OR_OFFICIAL_FILING","p7-ic2-materialize-readiness + v14 reviewed/numeric/history validators","contract-valid source metadata","RAW_PROVIDER_CAPTURE_AVAILABLE; NORMALIZATION_OR_REVIEW_PENDING"
"61d141a2-b37b-473f-b912-bf2ba373e5c7","EMCURE","INE168P01015","197adc55-2be6-4d62-b470-0eaba456a633","PHARMA","GLOBAL_GENERICS","PHARMA_V1_PLUS_REVIEWED_PRIMARY_SUBPROFILE","PORTFOLIOAI_P7_IC1_METHODOLOGY_R7_REGISTRY_V1","REVIEW_REQUIRED","EV_EBITDA","","REQUIRED_EVIDENCE_MISSING","methodology_contract; minimum_history=3; freshness_policy=UNSPECIFIED; applicability=APPLICABLE","trendlyne_domains=4/4; retained_documents=2","TRENDLYNE_STRUCTURED_PLUS_PERIOD_SCOPE_OR_OFFICIAL_FILING","p7-ic2-materialize-readiness + v14 reviewed/numeric/history validators","contract-valid source metadata","RAW_PROVIDER_CAPTURE_AVAILABLE; NORMALIZATION_OR_REVIEW_PENDING"
"61d141a2-b37b-473f-b912-bf2ba373e5c7","EMCURE","INE168P01015","197adc55-2be6-4d62-b470-0eaba456a633","PHARMA","GLOBAL_GENERICS","PHARMA_V1_PLUS_REVIEWED_PRIMARY_SUBPROFILE","PORTFOLIOAI_P7_IC1_METHODOLOGY_R7_REGISTRY_V1","REVIEW_REQUIRED","FCF_YIELD","","REQUIRED_EVIDENCE_MISSING","methodology_contract; minimum_history=3; freshness_policy=UNSPECIFIED; applicability=APPLICABLE","trendlyne_domains=4/4; retained_documents=2","TRENDLYNE_STRUCTURED_PLUS_PERIOD_SCOPE_OR_OFFICIAL_FILING","p7-ic2-materialize-readiness + v14 reviewed/numeric/history validators","contract-valid source metadata","RAW_PROVIDER_CAPTURE_AVAILABLE; NORMALIZATION_OR_REVIEW_PENDING"
"04e452f8-8461-4655-a4e3-5c9c13a07694","EMSLIMITED","INE0OV601013","d23c6c06-b689-411e-aded-717c4935efdf","ENVIRONMENTAL_SERVICES","","P7_IC1_ENVIRONMENTAL_SERVICES_METHODOLOGY_V1","PORTFOLIOAI_P7_IC1_METHODOLOGY_R7_REGISTRY_V1","REVIEW_REQUIRED","CFO_FCF_RECEIVABLES","","REQUIRED_EVIDENCE_MISSING","methodology_contract; minimum_history=3; freshness_policy=FUNDAMENTAL_150_DAYS_ANNUAL_550_DAYS; applicability=APPLICABLE","trendlyne_domains=4/4; retained_documents=1","TRENDLYNE_STRUCTURED_PLUS_PERIOD_SCOPE_OR_OFFICIAL_FILING","p7-ic2-materialize-readiness + v14 reviewed/numeric/history validators","contract-valid source metadata","RAW_PROVIDER_CAPTURE_AVAILABLE; NORMALIZATION_OR_REVIEW_PENDING"
"04e452f8-8461-4655-a4e3-5c9c13a07694","EMSLIMITED","INE0OV601013","d23c6c06-b689-411e-aded-717c4935efdf","ENVIRONMENTAL_SERVICES","","P7_IC1_ENVIRONMENTAL_SERVICES_METHODOLOGY_V1","PORTFOLIOAI_P7_IC1_METHODOLOGY_R7_REGISTRY_V1","REVIEW_REQUIRED","COLLECTION_OR_TREATMENT_EFFICIENCY","","REQUIRED_EVIDENCE_MISSING","methodology_contract; minimum_history=8; freshness_policy=FUNDAMENTAL_150_DAYS_ANNUAL_550_DAYS; applicability=APPLICABLE","trendlyne_domains=4/4; retained_documents=1","PROFILE_CONTRACT_PROVIDER_OR_DOCUMENT_REVIEW","p7-ic2-materialize-readiness + v14 reviewed/numeric/history validators","source metadata and/or factual reviewer decision","RAW_PROVIDER_CAPTURE_AVAILABLE; NORMALIZATION_OR_REVIEW_PENDING"
"04e452f8-8461-4655-a4e3-5c9c13a07694","EMSLIMITED","INE0OV601013","d23c6c06-b689-411e-aded-717c4935efdf","ENVIRONMENTAL_SERVICES","","P7_IC1_ENVIRONMENTAL_SERVICES_METHODOLOGY_V1","PORTFOLIOAI_P7_IC1_METHODOLOGY_R7_REGISTRY_V1","REVIEW_REQUIRED","CONCESSION_CONTRACT_DURATION","","REQUIRED_EVIDENCE_MISSING","methodology_contract; minimum_history=3; freshness_policy=FUNDAMENTAL_150_DAYS_ANNUAL_550_DAYS; applicability=APPLICABLE","trendlyne_domains=4/4; retained_documents=1","PROFILE_CONTRACT_PROVIDER_OR_DOCUMENT_REVIEW","p7-ic2-materialize-readiness + v14 reviewed/numeric/history validators","source metadata and/or factual reviewer decision","RAW_PROVIDER_CAPTURE_AVAILABLE; NORMALIZATION_OR_REVIEW_PENDING"
"04e452f8-8461-4655-a4e3-5c9c13a07694","EMSLIMITED","INE0OV601013","d23c6c06-b689-411e-aded-717c4935efdf","ENVIRONMENTAL_SERVICES","","P7_IC1_ENVIRONMENTAL_SERVICES_METHODOLOGY_V1","PORTFOLIOAI_P7_IC1_METHODOLOGY_R7_REGISTRY_V1","REVIEW_REQUIRED","COUNTERPARTY_RECEIVABLE_REGULATORY_PROJECT","","REQUIRED_EVIDENCE_MISSING","methodology_contract; minimum_history=252; freshness_policy=MARKET_5_TRADING_DAYS; applicability=APPLICABLE","trendlyne_domains=4/4; retained_documents=1","DOCUMENT_DISCOVERY_OFFICIAL_SOURCE_REVIEW","p7-ic2-materialize-readiness + v14 reviewed/numeric/history validators","source metadata and/or factual reviewer decision","RAW_PROVIDER_CAPTURE_AVAILABLE; NORMALIZATION_OR_REVIEW_PENDING"
"04e452f8-8461-4655-a4e3-5c9c13a07694","EMSLIMITED","INE0OV601013","d23c6c06-b689-411e-aded-717c4935efdf","ENVIRONMENTAL_SERVICES","","P7_IC1_ENVIRONMENTAL_SERVICES_METHODOLOGY_V1","PORTFOLIOAI_P7_IC1_METHODOLOGY_R7_REGISTRY_V1","REVIEW_REQUIRED","EV_EBITDA","","REQUIRED_EVIDENCE_MISSING","methodology_contract; minimum_history=3; freshness_policy=FUNDAMENTAL_150_DAYS_ANNUAL_550_DAYS; applicability=APPLICABLE","trendlyne_domains=4/4; retained_documents=1","TRENDLYNE_STRUCTURED_PLUS_PERIOD_SCOPE_OR_OFFICIAL_FILING","p7-ic2-materialize-readiness + v14 reviewed/numeric/history validators","contract-valid source metadata","RAW_PROVIDER_CAPTURE_AVAILABLE; NORMALIZATION_OR_REVIEW_PENDING"
"04e452f8-8461-4655-a4e3-5c9c13a07694","EMSLIMITED","INE0OV601013","d23c6c06-b689-411e-aded-717c4935efdf","ENVIRONMENTAL_SERVICES","","P7_IC1_ENVIRONMENTAL_SERVICES_METHODOLOGY_V1","PORTFOLIOAI_P7_IC1_METHODOLOGY_R7_REGISTRY_V1","REVIEW_REQUIRED","FCF_YIELD","","REQUIRED_EVIDENCE_MISSING","methodology_contract; minimum_history=3; freshness_policy=FUNDAMENTAL_150_DAYS_ANNUAL_550_DAYS; applicability=APPLICABLE","trendlyne_domains=4/4; retained_documents=1","TRENDLYNE_STRUCTURED_PLUS_PERIOD_SCOPE_OR_OFFICIAL_FILING","p7-ic2-materialize-readiness + v14 reviewed/numeric/history validators","contract-valid source metadata","RAW_PROVIDER_CAPTURE_AVAILABLE; NORMALIZATION_OR_REVIEW_PENDING"
"04e452f8-8461-4655-a4e3-5c9c13a07694","EMSLIMITED","INE0OV601013","d23c6c06-b689-411e-aded-717c4935efdf","ENVIRONMENTAL_SERVICES","","P7_IC1_ENVIRONMENTAL_SERVICES_METHODOLOGY_V1","PORTFOLIOAI_P7_IC1_METHODOLOGY_R7_REGISTRY_V1","REVIEW_REQUIRED","GOVERNANCE_EVENT_REVIEW","","REQUIRED_EVIDENCE_MISSING","methodology_contract; minimum_history=4; freshness_policy=FUNDAMENTAL_150_DAYS_ANNUAL_550_DAYS; applicability=APPLICABLE","trendlyne_domains=4/4; retained_documents=1","DOCUMENT_DISCOVERY_OFFICIAL_SOURCE_REVIEW","p7-ic2-materialize-readiness + v14 reviewed/numeric/history validators","source metadata and/or factual reviewer decision","RAW_PROVIDER_CAPTURE_AVAILABLE; NORMALIZATION_OR_REVIEW_PENDING"
"04e452f8-8461-4655-a4e3-5c9c13a07694","EMSLIMITED","INE0OV601013","d23c6c06-b689-411e-aded-717c4935efdf","ENVIRONMENTAL_SERVICES","","P7_IC1_ENVIRONMENTAL_SERVICES_METHODOLOGY_V1","PORTFOLIOAI_P7_IC1_METHODOLOGY_R7_REGISTRY_V1","REVIEW_REQUIRED","NET_DEBT_INTEREST_COVERAGE","","REQUIRED_EVIDENCE_MISSING","methodology_contract; minimum_history=3; freshness_policy=FUNDAMENTAL_150_DAYS_ANNUAL_550_DAYS; applicability=APPLICABLE","trendlyne_domains=4/4; retained_documents=1","TRENDLYNE_STRUCTURED_PLUS_PERIOD_SCOPE_OR_OFFICIAL_FILING","p7-ic2-materialize-readiness + v14 reviewed/numeric/history validators","contract-valid source metadata","RAW_PROVIDER_CAPTURE_AVAILABLE; NORMALIZATION_OR_REVIEW_PENDING"
"04e452f8-8461-4655-a4e3-5c9c13a07694","EMSLIMITED","INE0OV601013","d23c6c06-b689-411e-aded-717c4935efdf","ENVIRONMENTAL_SERVICES","","P7_IC1_ENVIRONMENTAL_SERVICES_METHODOLOGY_V1","PORTFOLIOAI_P7_IC1_METHODOLOGY_R7_REGISTRY_V1","REVIEW_REQUIRED","OPERATING_MARGIN_CONTRACT_QUALITY","","REQUIRED_EVIDENCE_MISSING","methodology_contract; minimum_history=8; freshness_policy=FUNDAMENTAL_150_DAYS_ANNUAL_550_DAYS; applicability=APPLICABLE","trendlyne_domains=4/4; retained_documents=1","DOCUMENT_DISCOVERY_OFFICIAL_SOURCE_REVIEW","p7-ic2-materialize-readiness + v14 reviewed/numeric/history validators","source metadata and/or factual reviewer decision","RAW_PROVIDER_CAPTURE_AVAILABLE; NORMALIZATION_OR_REVIEW_PENDING"
"04e452f8-8461-4655-a4e3-5c9c13a07694","EMSLIMITED","INE0OV601013","d23c6c06-b689-411e-aded-717c4935efdf","ENVIRONMENTAL_SERVICES","","P7_IC1_ENVIRONMENTAL_SERVICES_METHODOLOGY_V1","PORTFOLIOAI_P7_IC1_METHODOLOGY_R7_REGISTRY_V1","REVIEW_REQUIRED","OWNERSHIP_TREND_4Q","","REQUIRED_EVIDENCE_MISSING","methodology_contract; minimum_history=4; freshness_policy=FUNDAMENTAL_150_DAYS_ANNUAL_550_DAYS; applicability=APPLICABLE","trendlyne_domains=4/4; retained_documents=1","TRENDLYNE_OWNERSHIP_REVIEW","p7-ic2-materialize-readiness + v14 reviewed/numeric/history validators","source metadata and/or factual reviewer decision","RAW_PROVIDER_CAPTURE_AVAILABLE; NORMALIZATION_OR_REVIEW_PENDING"
"04e452f8-8461-4655-a4e3-5c9c13a07694","EMSLIMITED","INE0OV601013","d23c6c06-b689-411e-aded-717c4935efdf","ENVIRONMENTAL_SERVICES","","P7_IC1_ENVIRONMENTAL_SERVICES_METHODOLOGY_V1","PORTFOLIOAI_P7_IC1_METHODOLOGY_R7_REGISTRY_V1","REVIEW_REQUIRED","PE","","REQUIRED_EVIDENCE_MISSING","methodology_contract; minimum_history=3; freshness_policy=FUNDAMENTAL_150_DAYS_ANNUAL_550_DAYS; applicability=APPLICABLE","trendlyne_domains=4/4; retained_documents=1","TRENDLYNE_STRUCTURED_PLUS_PERIOD_SCOPE_OR_OFFICIAL_FILING","p7-ic2-materialize-readiness + v14 reviewed/numeric/history validators","contract-valid source metadata","RAW_PROVIDER_CAPTURE_AVAILABLE; NORMALIZATION_OR_REVIEW_PENDING"
"04e452f8-8461-4655-a4e3-5c9c13a07694","EMSLIMITED","INE0OV601013","d23c6c06-b689-411e-aded-717c4935efdf","ENVIRONMENTAL_SERVICES","","P7_IC1_ENVIRONMENTAL_SERVICES_METHODOLOGY_V1","PORTFOLIOAI_P7_IC1_METHODOLOGY_R7_REGISTRY_V1","REVIEW_REQUIRED","REVENUE_ORDER_BOOK_CAPACITY_GROWTH","","REQUIRED_EVIDENCE_MISSING","methodology_contract; minimum_history=8; freshness_policy=FUNDAMENTAL_150_DAYS_ANNUAL_550_DAYS; applicability=APPLICABLE","trendlyne_domains=4/4; retained_documents=1","TRENDLYNE_STRUCTURED_PLUS_PERIOD_SCOPE_OR_OFFICIAL_FILING","p7-ic2-materialize-readiness + v14 reviewed/numeric/history validators","contract-valid source metadata","RAW_PROVIDER_CAPTURE_AVAILABLE; NORMALIZATION_OR_REVIEW_PENDING"
"04e452f8-8461-4655-a4e3-5c9c13a07694","EMSLIMITED","INE0OV601013","d23c6c06-b689-411e-aded-717c4935efdf","ENVIRONMENTAL_SERVICES","","P7_IC1_ENVIRONMENTAL_SERVICES_METHODOLOGY_V1","PORTFOLIOAI_P7_IC1_METHODOLOGY_R7_REGISTRY_V1","REVIEW_REQUIRED","ROCE_OR_ROIC_PROJECT_CONTEXT","","REQUIRED_EVIDENCE_MISSING","methodology_contract; minimum_history=3; freshness_policy=FUNDAMENTAL_150_DAYS_ANNUAL_550_DAYS; applicability=APPLICABLE","trendlyne_domains=4/4; retained_documents=1","TRENDLYNE_STRUCTURED_PLUS_PERIOD_SCOPE_OR_OFFICIAL_FILING","p7-ic2-materialize-readiness + v14 reviewed/numeric/history validators","contract-valid source metadata","RAW_PROVIDER_CAPTURE_AVAILABLE; NORMALIZATION_OR_REVIEW_PENDING"
"04e452f8-8461-4655-a4e3-5c9c13a07694","EMSLIMITED","INE0OV601013","d23c6c06-b689-411e-aded-717c4935efdf","ENVIRONMENTAL_SERVICES","","P7_IC1_ENVIRONMENTAL_SERVICES_METHODOLOGY_V1","PORTFOLIOAI_P7_IC1_METHODOLOGY_R7_REGISTRY_V1","REVIEW_REQUIRED","ROCE_PROJECT_CONTEXT","","REQUIRED_EVIDENCE_MISSING","methodology_contract; minimum_history=3; freshness_policy=FUNDAMENTAL_150_DAYS_ANNUAL_550_DAYS; applicability=APPLICABLE","trendlyne_domains=4/4; retained_documents=1","TRENDLYNE_STRUCTURED_PLUS_PERIOD_SCOPE_OR_OFFICIAL_FILING","p7-ic2-materialize-readiness + v14 reviewed/numeric/history validators","contract-valid source metadata","RAW_PROVIDER_CAPTURE_AVAILABLE; NORMALIZATION_OR_REVIEW_PENDING"
"04e452f8-8461-4655-a4e3-5c9c13a07694","EMSLIMITED","INE0OV601013","d23c6c06-b689-411e-aded-717c4935efdf","ENVIRONMENTAL_SERVICES","","P7_IC1_ENVIRONMENTAL_SERVICES_METHODOLOGY_V1","PORTFOLIOAI_P7_IC1_METHODOLOGY_R7_REGISTRY_V1","REVIEW_REQUIRED","TECHNOLOGY_PERMITS_MUNICIPAL_INDUSTRIAL_DIVERSIFICATION","","REQUIRED_EVIDENCE_MISSING","methodology_contract; minimum_history=3; freshness_policy=FUNDAMENTAL_150_DAYS_ANNUAL_550_DAYS; applicability=APPLICABLE","trendlyne_domains=4/4; retained_documents=1","TRENDLYNE_STRUCTURED_PLUS_PERIOD_SCOPE_OR_OFFICIAL_FILING","p7-ic2-materialize-readiness + v14 reviewed/numeric/history validators","contract-valid source metadata","RAW_PROVIDER_CAPTURE_AVAILABLE; NORMALIZATION_OR_REVIEW_PENDING"
"348077cc-8eaa-4bdd-9251-e168d7e9c5ed","ENDURANCE","INE913H01037","ec0be52c-d7bf-4820-8054-cf69a16cd3ad","AUTO_COMPONENTS","","AUTO_COMPONENTS_K4B_SCORING_V1","PORTFOLIOAI_P7_IC1_METHODOLOGY_R7_REGISTRY_V1","REVIEW_REQUIRED","OPERATING_MARGIN_HISTORY","","REQUIRED_EVIDENCE_MISSING","methodology_contract; minimum_history=1; freshness_policy=UNSPECIFIED; applicability=APPLICABLE","trendlyne_domains=4/4; retained_documents=1","DOCUMENT_DISCOVERY_OFFICIAL_SOURCE_REVIEW","p7-ic2-materialize-readiness + v14 reviewed/numeric/history validators","source metadata and/or factual reviewer decision","RAW_PROVIDER_CAPTURE_AVAILABLE; NORMALIZATION_OR_REVIEW_PENDING"
"536a43df-2b25-420c-b307-0cad6d62c7d0","EPL","INE255A01020","b0aab1cd-ebcd-4fe7-9822-0c3b06740e6d","CAPITAL_EQUIPMENT_ELECTRICAL","","INDUSTRIALS_CAPITAL_GOODS_K4B_SCORING_V1","PORTFOLIOAI_P7_IC1_METHODOLOGY_R7_REGISTRY_V1","REVIEW_REQUIRED","CFO_FCF_AND_WORKING_CAPITAL","","REQUIRED_EVIDENCE_MISSING","methodology_contract; minimum_history=1; freshness_policy=UNSPECIFIED; applicability=APPLICABLE","trendlyne_domains=4/4; retained_documents=1","TRENDLYNE_STRUCTURED_PLUS_PERIOD_SCOPE_OR_OFFICIAL_FILING","p7-ic2-materialize-readiness + v14 reviewed/numeric/history validators","contract-valid source metadata","RAW_PROVIDER_CAPTURE_AVAILABLE; NORMALIZATION_OR_REVIEW_PENDING"
"536a43df-2b25-420c-b307-0cad6d62c7d0","EPL","INE255A01020","b0aab1cd-ebcd-4fe7-9822-0c3b06740e6d","CAPITAL_EQUIPMENT_ELECTRICAL","","INDUSTRIALS_CAPITAL_GOODS_K4B_SCORING_V1","PORTFOLIOAI_P7_IC1_METHODOLOGY_R7_REGISTRY_V1","REVIEW_REQUIRED","REVENUE_AND_ORDER_GROWTH_MULTI_PERIOD","","REQUIRED_EVIDENCE_MISSING","methodology_contract; minimum_history=1; freshness_policy=UNSPECIFIED; applicability=APPLICABLE","trendlyne_domains=4/4; retained_documents=1","TRENDLYNE_STRUCTURED_PLUS_PERIOD_SCOPE_OR_OFFICIAL_FILING","p7-ic2-materialize-readiness + v14 reviewed/numeric/history validators","contract-valid source metadata","RAW_PROVIDER_CAPTURE_AVAILABLE; NORMALIZATION_OR_REVIEW_PENDING"
"5c4f255d-6421-4ed3-82c5-bff6437e10e9","ERIS","INE406M01024","865e6a3b-3de7-432f-9b7d-9da191c3b13c","PHARMA","DOMESTIC_FORMULATIONS","PHARMA_V1_PLUS_REVIEWED_PRIMARY_SUBPROFILE","PORTFOLIOAI_P7_IC1_METHODOLOGY_R7_REGISTRY_V1","REVIEW_REQUIRED","CAPEX","","REQUIRED_EVIDENCE_MISSING","methodology_contract; minimum_history=3; freshness_policy=UNSPECIFIED; applicability=APPLICABLE","trendlyne_domains=4/4; retained_documents=1","TRENDLYNE_STRUCTURED_PLUS_PERIOD_SCOPE_OR_OFFICIAL_FILING","p7-ic2-materialize-readiness + v14 reviewed/numeric/history validators","contract-valid source metadata","RAW_PROVIDER_CAPTURE_AVAILABLE; NORMALIZATION_OR_REVIEW_PENDING"
"5c4f255d-6421-4ed3-82c5-bff6437e10e9","ERIS","INE406M01024","865e6a3b-3de7-432f-9b7d-9da191c3b13c","PHARMA","DOMESTIC_FORMULATIONS","PHARMA_V1_PLUS_REVIEWED_PRIMARY_SUBPROFILE","PORTFOLIOAI_P7_IC1_METHODOLOGY_R7_REGISTRY_V1","REVIEW_REQUIRED","CFO_OR_FCF_CONVERSION","","REQUIRED_EVIDENCE_MISSING","methodology_contract; minimum_history=3; freshness_policy=UNSPECIFIED; applicability=APPLICABLE","trendlyne_domains=4/4; retained_documents=1","TRENDLYNE_STRUCTURED_PLUS_PERIOD_SCOPE_OR_OFFICIAL_FILING","p7-ic2-materialize-readiness + v14 reviewed/numeric/history validators","contract-valid source metadata","RAW_PROVIDER_CAPTURE_AVAILABLE; NORMALIZATION_OR_REVIEW_PENDING"
"5c4f255d-6421-4ed3-82c5-bff6437e10e9","ERIS","INE406M01024","865e6a3b-3de7-432f-9b7d-9da191c3b13c","PHARMA","DOMESTIC_FORMULATIONS","PHARMA_V1_PLUS_REVIEWED_PRIMARY_SUBPROFILE","PORTFOLIOAI_P7_IC1_METHODOLOGY_R7_REGISTRY_V1","REVIEW_REQUIRED","EPS_GROWTH_MULTI_PERIOD","","REQUIRED_EVIDENCE_MISSING","methodology_contract; minimum_history=3; freshness_policy=UNSPECIFIED; applicability=APPLICABLE","trendlyne_domains=4/4; retained_documents=1","TRENDLYNE_STRUCTURED_PLUS_PERIOD_SCOPE_OR_OFFICIAL_FILING","p7-ic2-materialize-readiness + v14 reviewed/numeric/history validators","contract-valid source metadata","RAW_PROVIDER_CAPTURE_AVAILABLE; NORMALIZATION_OR_REVIEW_PENDING"
"5c4f255d-6421-4ed3-82c5-bff6437e10e9","ERIS","INE406M01024","865e6a3b-3de7-432f-9b7d-9da191c3b13c","PHARMA","DOMESTIC_FORMULATIONS","PHARMA_V1_PLUS_REVIEWED_PRIMARY_SUBPROFILE","PORTFOLIOAI_P7_IC1_METHODOLOGY_R7_REGISTRY_V1","REVIEW_REQUIRED","EV_EBITDA","","REQUIRED_EVIDENCE_MISSING","methodology_contract; minimum_history=3; freshness_policy=UNSPECIFIED; applicability=APPLICABLE","trendlyne_domains=4/4; retained_documents=1","TRENDLYNE_STRUCTURED_PLUS_PERIOD_SCOPE_OR_OFFICIAL_FILING","p7-ic2-materialize-readiness + v14 reviewed/numeric/history validators","contract-valid source metadata","RAW_PROVIDER_CAPTURE_AVAILABLE; NORMALIZATION_OR_REVIEW_PENDING"
"5c4f255d-6421-4ed3-82c5-bff6437e10e9","ERIS","INE406M01024","865e6a3b-3de7-432f-9b7d-9da191c3b13c","PHARMA","DOMESTIC_FORMULATIONS","PHARMA_V1_PLUS_REVIEWED_PRIMARY_SUBPROFILE","PORTFOLIOAI_P7_IC1_METHODOLOGY_R7_REGISTRY_V1","REVIEW_REQUIRED","FCF_YIELD","","REQUIRED_EVIDENCE_MISSING","methodology_contract; minimum_history=3; freshness_policy=UNSPECIFIED; applicability=APPLICABLE","trendlyne_domains=4/4; retained_documents=1","TRENDLYNE_STRUCTURED_PLUS_PERIOD_SCOPE_OR_OFFICIAL_FILING","p7-ic2-materialize-readiness + v14 reviewed/numeric/history validators","contract-valid source metadata","RAW_PROVIDER_CAPTURE_AVAILABLE; NORMALIZATION_OR_REVIEW_PENDING"
"5c4f255d-6421-4ed3-82c5-bff6437e10e9","ERIS","INE406M01024","865e6a3b-3de7-432f-9b7d-9da191c3b13c","PHARMA","DOMESTIC_FORMULATIONS","PHARMA_V1_PLUS_REVIEWED_PRIMARY_SUBPROFILE","PORTFOLIOAI_P7_IC1_METHODOLOGY_R7_REGISTRY_V1","REVIEW_REQUIRED","GOVERNANCE_EVENT_REVIEW","","REQUIRED_EVIDENCE_MISSING","methodology_contract; minimum_history=4; freshness_policy=UNSPECIFIED; applicability=APPLICABLE","trendlyne_domains=4/4; retained_documents=1","DOCUMENT_DISCOVERY_OFFICIAL_SOURCE_REVIEW","p7-ic2-materialize-readiness + v14 reviewed/numeric/history validators","source metadata and/or factual reviewer decision","RAW_PROVIDER_CAPTURE_AVAILABLE; NORMALIZATION_OR_REVIEW_PENDING"
"5c4f255d-6421-4ed3-82c5-bff6437e10e9","ERIS","INE406M01024","865e6a3b-3de7-432f-9b7d-9da191c3b13c","PHARMA","DOMESTIC_FORMULATIONS","PHARMA_V1_PLUS_REVIEWED_PRIMARY_SUBPROFILE","PORTFOLIOAI_P7_IC1_METHODOLOGY_R7_REGISTRY_V1","REVIEW_REQUIRED","NET_CASH_OR_LEVERAGE","","REQUIRED_EVIDENCE_MISSING","methodology_contract; minimum_history=3; freshness_policy=UNSPECIFIED; applicability=APPLICABLE","trendlyne_domains=4/4; retained_documents=1","TRENDLYNE_STRUCTURED_PLUS_PERIOD_SCOPE_OR_OFFICIAL_FILING","p7-ic2-materialize-readiness + v14 reviewed/numeric/history validators","contract-valid source metadata","RAW_PROVIDER_CAPTURE_AVAILABLE; NORMALIZATION_OR_REVIEW_PENDING"
"5c4f255d-6421-4ed3-82c5-bff6437e10e9","ERIS","INE406M01024","865e6a3b-3de7-432f-9b7d-9da191c3b13c","PHARMA","DOMESTIC_FORMULATIONS","PHARMA_V1_PLUS_REVIEWED_PRIMARY_SUBPROFILE","PORTFOLIOAI_P7_IC1_METHODOLOGY_R7_REGISTRY_V1","REVIEW_REQUIRED","NET_PROFIT_GROWTH_MULTI_PERIOD","","REQUIRED_EVIDENCE_MISSING","methodology_contract; minimum_history=3; freshness_policy=UNSPECIFIED; applicability=APPLICABLE","trendlyne_domains=4/4; retained_documents=1","TRENDLYNE_STRUCTURED_PLUS_PERIOD_SCOPE_OR_OFFICIAL_FILING","p7-ic2-materialize-readiness + v14 reviewed/numeric/history validators","contract-valid source metadata","RAW_PROVIDER_CAPTURE_AVAILABLE; NORMALIZATION_OR_REVIEW_PENDING"
"5c4f255d-6421-4ed3-82c5-bff6437e10e9","ERIS","INE406M01024","865e6a3b-3de7-432f-9b7d-9da191c3b13c","PHARMA","DOMESTIC_FORMULATIONS","PHARMA_V1_PLUS_REVIEWED_PRIMARY_SUBPROFILE","PORTFOLIOAI_P7_IC1_METHODOLOGY_R7_REGISTRY_V1","REVIEW_REQUIRED","OPERATING_MARGIN_HISTORY","","REQUIRED_EVIDENCE_MISSING","methodology_contract; minimum_history=8; freshness_policy=UNSPECIFIED; applicability=APPLICABLE","trendlyne_domains=4/4; retained_documents=1","DOCUMENT_DISCOVERY_OFFICIAL_SOURCE_REVIEW","p7-ic2-materialize-readiness + v14 reviewed/numeric/history validators","source metadata and/or factual reviewer decision","RAW_PROVIDER_CAPTURE_AVAILABLE; NORMALIZATION_OR_REVIEW_PENDING"
"5c4f255d-6421-4ed3-82c5-bff6437e10e9","ERIS","INE406M01024","865e6a3b-3de7-432f-9b7d-9da191c3b13c","PHARMA","DOMESTIC_FORMULATIONS","PHARMA_V1_PLUS_REVIEWED_PRIMARY_SUBPROFILE","PORTFOLIOAI_P7_IC1_METHODOLOGY_R7_REGISTRY_V1","REVIEW_REQUIRED","OWNERSHIP_TREND_4Q","","REQUIRED_EVIDENCE_MISSING","methodology_contract; minimum_history=4; freshness_policy=UNSPECIFIED; applicability=APPLICABLE","trendlyne_domains=4/4; retained_documents=1","TRENDLYNE_OWNERSHIP_REVIEW","p7-ic2-materialize-readiness + v14 reviewed/numeric/history validators","source metadata and/or factual reviewer decision","RAW_PROVIDER_CAPTURE_AVAILABLE; NORMALIZATION_OR_REVIEW_PENDING"
"5c4f255d-6421-4ed3-82c5-bff6437e10e9","ERIS","INE406M01024","865e6a3b-3de7-432f-9b7d-9da191c3b13c","PHARMA","DOMESTIC_FORMULATIONS","PHARMA_V1_PLUS_REVIEWED_PRIMARY_SUBPROFILE","PORTFOLIOAI_P7_IC1_METHODOLOGY_R7_REGISTRY_V1","REVIEW_REQUIRED","PE","","REQUIRED_EVIDENCE_MISSING","methodology_contract; minimum_history=3; freshness_policy=UNSPECIFIED; applicability=APPLICABLE","trendlyne_domains=4/4; retained_documents=1","TRENDLYNE_STRUCTURED_PLUS_PERIOD_SCOPE_OR_OFFICIAL_FILING","p7-ic2-materialize-readiness + v14 reviewed/numeric/history validators","contract-valid source metadata","RAW_PROVIDER_CAPTURE_AVAILABLE; NORMALIZATION_OR_REVIEW_PENDING"
"5c4f255d-6421-4ed3-82c5-bff6437e10e9","ERIS","INE406M01024","865e6a3b-3de7-432f-9b7d-9da191c3b13c","PHARMA","DOMESTIC_FORMULATIONS","PHARMA_V1_PLUS_REVIEWED_PRIMARY_SUBPROFILE","PORTFOLIOAI_P7_IC1_METHODOLOGY_R7_REGISTRY_V1","REVIEW_REQUIRED","REGULATORY_RISK","","REQUIRED_EVIDENCE_MISSING","methodology_contract; minimum_history=252; freshness_policy=UNSPECIFIED; applicability=APPLICABLE","trendlyne_domains=4/4; retained_documents=1","DOCUMENT_DISCOVERY_OFFICIAL_SOURCE_REVIEW","p7-ic2-materialize-readiness + v14 reviewed/numeric/history validators","source metadata and/or factual reviewer decision","RAW_PROVIDER_CAPTURE_AVAILABLE; NORMALIZATION_OR_REVIEW_PENDING"
"5c4f255d-6421-4ed3-82c5-bff6437e10e9","ERIS","INE406M01024","865e6a3b-3de7-432f-9b7d-9da191c3b13c","PHARMA","DOMESTIC_FORMULATIONS","PHARMA_V1_PLUS_REVIEWED_PRIMARY_SUBPROFILE","PORTFOLIOAI_P7_IC1_METHODOLOGY_R7_REGISTRY_V1","REVIEW_REQUIRED","REVENUE_GROWTH_MULTI_PERIOD","","REQUIRED_EVIDENCE_MISSING","methodology_contract; minimum_history=3; freshness_policy=UNSPECIFIED; applicability=APPLICABLE","trendlyne_domains=4/4; retained_documents=1","TRENDLYNE_STRUCTURED_PLUS_PERIOD_SCOPE_OR_OFFICIAL_FILING","p7-ic2-materialize-readiness + v14 reviewed/numeric/history validators","contract-valid source metadata","RAW_PROVIDER_CAPTURE_AVAILABLE; NORMALIZATION_OR_REVIEW_PENDING"
"5c4f255d-6421-4ed3-82c5-bff6437e10e9","ERIS","INE406M01024","865e6a3b-3de7-432f-9b7d-9da191c3b13c","PHARMA","DOMESTIC_FORMULATIONS","PHARMA_V1_PLUS_REVIEWED_PRIMARY_SUBPROFILE","PORTFOLIOAI_P7_IC1_METHODOLOGY_R7_REGISTRY_V1","REVIEW_REQUIRED","ROCE_OR_ROIC","","REQUIRED_EVIDENCE_MISSING","methodology_contract; minimum_history=3; freshness_policy=UNSPECIFIED; applicability=APPLICABLE","trendlyne_domains=4/4; retained_documents=1","TRENDLYNE_STRUCTURED_PLUS_PERIOD_SCOPE_OR_OFFICIAL_FILING","p7-ic2-materialize-readiness + v14 reviewed/numeric/history validators","contract-valid source metadata","RAW_PROVIDER_CAPTURE_AVAILABLE; NORMALIZATION_OR_REVIEW_PENDING"
"af7fdb13-3ed4-489c-800d-5ab12e08c1c0","ETERNAL","INE758T01015","e749f903-f13a-4962-b6c2-4d27e5c1eca2","RETAIL_COMMERCE","","P7_IC1_RETAIL_COMMERCE_METHODOLOGY_V1","PORTFOLIOAI_P7_IC1_METHODOLOGY_R7_REGISTRY_V1","REVIEW_REQUIRED","CFO_FCF_WORKING_CAPITAL_OR_BURN","","REQUIRED_EVIDENCE_MISSING","methodology_contract; minimum_history=3; freshness_policy=FUNDAMENTAL_150_DAYS_ANNUAL_550_DAYS; applicability=APPLICABLE","trendlyne_domains=4/4; retained_documents=1","TRENDLYNE_STRUCTURED_PLUS_PERIOD_SCOPE_OR_OFFICIAL_FILING","p7-ic2-materialize-readiness + v14 reviewed/numeric/history validators","contract-valid source metadata","RAW_PROVIDER_CAPTURE_AVAILABLE; NORMALIZATION_OR_REVIEW_PENDING"
"af7fdb13-3ed4-489c-800d-5ab12e08c1c0","ETERNAL","INE758T01015","e749f903-f13a-4962-b6c2-4d27e5c1eca2","RETAIL_COMMERCE","","P7_IC1_RETAIL_COMMERCE_METHODOLOGY_V1","PORTFOLIOAI_P7_IC1_METHODOLOGY_R7_REGISTRY_V1","REVIEW_REQUIRED","EV_EBITDA_OR_EV_SALES_BY_MATURITY","","REQUIRED_EVIDENCE_MISSING","methodology_contract; minimum_history=3; freshness_policy=FUNDAMENTAL_150_DAYS_ANNUAL_550_DAYS; applicability=APPLICABLE","trendlyne_domains=4/4; retained_documents=1","TRENDLYNE_STRUCTURED_PLUS_PERIOD_SCOPE_OR_OFFICIAL_FILING","p7-ic2-materialize-readiness + v14 reviewed/numeric/history validators","contract-valid source metadata","RAW_PROVIDER_CAPTURE_AVAILABLE; NORMALIZATION_OR_REVIEW_PENDING"
"af7fdb13-3ed4-489c-800d-5ab12e08c1c0","ETERNAL","INE758T01015","e749f903-f13a-4962-b6c2-4d27e5c1eca2","RETAIL_COMMERCE","","P7_IC1_RETAIL_COMMERCE_METHODOLOGY_V1","PORTFOLIOAI_P7_IC1_METHODOLOGY_R7_REGISTRY_V1","REVIEW_REQUIRED","FCF_YIELD","","REQUIRED_EVIDENCE_MISSING","methodology_contract; minimum_history=3; freshness_policy=FUNDAMENTAL_150_DAYS_ANNUAL_550_DAYS; applicability=APPLICABLE","trendlyne_domains=4/4; retained_documents=1","TRENDLYNE_STRUCTURED_PLUS_PERIOD_SCOPE_OR_OFFICIAL_FILING","p7-ic2-materialize-readiness + v14 reviewed/numeric/history validators","contract-valid source metadata","RAW_PROVIDER_CAPTURE_AVAILABLE; NORMALIZATION_OR_REVIEW_PENDING"
"af7fdb13-3ed4-489c-800d-5ab12e08c1c0","ETERNAL","INE758T01015","e749f903-f13a-4962-b6c2-4d27e5c1eca2","RETAIL_COMMERCE","","P7_IC1_RETAIL_COMMERCE_METHODOLOGY_V1","PORTFOLIOAI_P7_IC1_METHODOLOGY_R7_REGISTRY_V1","REVIEW_REQUIRED","GROSS_CONTRIBUTION_OPERATING_MARGIN_HISTORY","","REQUIRED_EVIDENCE_MISSING","methodology_contract; minimum_history=8; freshness_policy=FUNDAMENTAL_150_DAYS_ANNUAL_550_DAYS; applicability=APPLICABLE","trendlyne_domains=4/4; retained_documents=1","DOCUMENT_DISCOVERY_OFFICIAL_SOURCE_REVIEW","p7-ic2-materialize-readiness + v14 reviewed/numeric/history validators","source metadata and/or factual reviewer decision","RAW_PROVIDER_CAPTURE_AVAILABLE; NORMALIZATION_OR_REVIEW_PENDING"
"af7fdb13-3ed4-489c-800d-5ab12e08c1c0","ETERNAL","INE758T01015","e749f903-f13a-4962-b6c2-4d27e5c1eca2","RETAIL_COMMERCE","","P7_IC1_RETAIL_COMMERCE_METHODOLOGY_V1","PORTFOLIOAI_P7_IC1_METHODOLOGY_R7_REGISTRY_V1","REVIEW_REQUIRED","PE_WHEN_POSITIVE","","REQUIRED_EVIDENCE_MISSING","methodology_contract; minimum_history=3; freshness_policy=FUNDAMENTAL_150_DAYS_ANNUAL_550_DAYS; applicability=APPLICABLE","trendlyne_domains=4/4; retained_documents=1","TRENDLYNE_STRUCTURED_PLUS_PERIOD_SCOPE_OR_OFFICIAL_FILING","p7-ic2-materialize-readiness + v14 reviewed/numeric/history validators","contract-valid source metadata","RAW_PROVIDER_CAPTURE_AVAILABLE; NORMALIZATION_OR_REVIEW_PENDING"
"af7fdb13-3ed4-489c-800d-5ab12e08c1c0","ETERNAL","INE758T01015","e749f903-f13a-4962-b6c2-4d27e5c1eca2","RETAIL_COMMERCE","","P7_IC1_RETAIL_COMMERCE_METHODOLOGY_V1","PORTFOLIOAI_P7_IC1_METHODOLOGY_R7_REGISTRY_V1","REVIEW_REQUIRED","REVENUE_GMV_SSSG_NETWORK_GROWTH","","REQUIRED_EVIDENCE_MISSING","methodology_contract; minimum_history=8; freshness_policy=FUNDAMENTAL_150_DAYS_ANNUAL_550_DAYS; applicability=APPLICABLE","trendlyne_domains=4/4; retained_documents=1","TRENDLYNE_STRUCTURED_PLUS_PERIOD_SCOPE_OR_OFFICIAL_FILING","p7-ic2-materialize-readiness + v14 reviewed/numeric/history validators","contract-valid source metadata","RAW_PROVIDER_CAPTURE_AVAILABLE; NORMALIZATION_OR_REVIEW_PENDING"
"af7fdb13-3ed4-489c-800d-5ab12e08c1c0","ETERNAL","INE758T01015","e749f903-f13a-4962-b6c2-4d27e5c1eca2","RETAIL_COMMERCE","","P7_IC1_RETAIL_COMMERCE_METHODOLOGY_V1","PORTFOLIOAI_P7_IC1_METHODOLOGY_R7_REGISTRY_V1","REVIEW_REQUIRED","UNIT_ECONOMICS","","REQUIRED_EVIDENCE_MISSING","methodology_contract; minimum_history=8; freshness_policy=FUNDAMENTAL_150_DAYS_ANNUAL_550_DAYS; applicability=APPLICABLE","trendlyne_domains=4/4; retained_documents=1","PROFILE_CONTRACT_PROVIDER_OR_DOCUMENT_REVIEW","p7-ic2-materialize-readiness + v14 reviewed/numeric/history validators","source metadata and/or factual reviewer decision","RAW_PROVIDER_CAPTURE_AVAILABLE; NORMALIZATION_OR_REVIEW_PENDING"
"136be3f7-8b5a-4b98-8935-119053a9df8e","ETHOSLTD","INE04TZ01018","bd52f348-b8b7-4509-8243-d5f8965c5a49","JEWELLERY","","P7_IC1_JEWELLERY_METHODOLOGY_V1","PORTFOLIOAI_P7_IC1_METHODOLOGY_R7_REGISTRY_V1","REVIEW_REQUIRED","BRAND_TRUST_NETWORK_DISTRIBUTION","","REQUIRED_EVIDENCE_MISSING","methodology_contract; minimum_history=3; freshness_policy=FUNDAMENTAL_150_DAYS_ANNUAL_550_DAYS; applicability=APPLICABLE","trendlyne_domains=4/4; retained_documents=1","DOCUMENT_DISCOVERY_OFFICIAL_SOURCE_REVIEW","p7-ic2-materialize-readiness + v14 reviewed/numeric/history validators","source metadata and/or factual reviewer decision","RAW_PROVIDER_CAPTURE_AVAILABLE; NORMALIZATION_OR_REVIEW_PENDING"
"136be3f7-8b5a-4b98-8935-119053a9df8e","ETHOSLTD","INE04TZ01018","bd52f348-b8b7-4509-8243-d5f8965c5a49","JEWELLERY","","P7_IC1_JEWELLERY_METHODOLOGY_V1","PORTFOLIOAI_P7_IC1_METHODOLOGY_R7_REGISTRY_V1","REVIEW_REQUIRED","CFO_FCF_INVENTORY_WORKING_CAPITAL","","REQUIRED_EVIDENCE_MISSING","methodology_contract; minimum_history=3; freshness_policy=FUNDAMENTAL_150_DAYS_ANNUAL_550_DAYS; applicability=APPLICABLE","trendlyne_domains=4/4; retained_documents=1","TRENDLYNE_STRUCTURED_PLUS_PERIOD_SCOPE_OR_OFFICIAL_FILING","p7-ic2-materialize-readiness + v14 reviewed/numeric/history validators","contract-valid source metadata","RAW_PROVIDER_CAPTURE_AVAILABLE; NORMALIZATION_OR_REVIEW_PENDING"
"136be3f7-8b5a-4b98-8935-119053a9df8e","ETHOSLTD","INE04TZ01018","bd52f348-b8b7-4509-8243-d5f8965c5a49","JEWELLERY","","P7_IC1_JEWELLERY_METHODOLOGY_V1","PORTFOLIOAI_P7_IC1_METHODOLOGY_R7_REGISTRY_V1","REVIEW_REQUIRED","EV_EBITDA","","REQUIRED_EVIDENCE_MISSING","methodology_contract; minimum_history=3; freshness_policy=FUNDAMENTAL_150_DAYS_ANNUAL_550_DAYS; applicability=APPLICABLE","trendlyne_domains=4/4; retained_documents=1","TRENDLYNE_STRUCTURED_PLUS_PERIOD_SCOPE_OR_OFFICIAL_FILING","p7-ic2-materialize-readiness + v14 reviewed/numeric/history validators","contract-valid source metadata","RAW_PROVIDER_CAPTURE_AVAILABLE; NORMALIZATION_OR_REVIEW_PENDING"
"136be3f7-8b5a-4b98-8935-119053a9df8e","ETHOSLTD","INE04TZ01018","bd52f348-b8b7-4509-8243-d5f8965c5a49","JEWELLERY","","P7_IC1_JEWELLERY_METHODOLOGY_V1","PORTFOLIOAI_P7_IC1_METHODOLOGY_R7_REGISTRY_V1","REVIEW_REQUIRED","FCF_YIELD","","REQUIRED_EVIDENCE_MISSING","methodology_contract; minimum_history=3; freshness_policy=FUNDAMENTAL_150_DAYS_ANNUAL_550_DAYS; applicability=APPLICABLE","trendlyne_domains=4/4; retained_documents=1","TRENDLYNE_STRUCTURED_PLUS_PERIOD_SCOPE_OR_OFFICIAL_FILING","p7-ic2-materialize-readiness + v14 reviewed/numeric/history validators","contract-valid source metadata","RAW_PROVIDER_CAPTURE_AVAILABLE; NORMALIZATION_OR_REVIEW_PENDING"
"136be3f7-8b5a-4b98-8935-119053a9df8e","ETHOSLTD","INE04TZ01018","bd52f348-b8b7-4509-8243-d5f8965c5a49","JEWELLERY","","P7_IC1_JEWELLERY_METHODOLOGY_V1","PORTFOLIOAI_P7_IC1_METHODOLOGY_R7_REGISTRY_V1","REVIEW_REQUIRED","FRANCHISE_STORE_ECONOMICS","","REQUIRED_EVIDENCE_MISSING","methodology_contract; minimum_history=3; freshness_policy=FUNDAMENTAL_150_DAYS_ANNUAL_550_DAYS; applicability=APPLICABLE","trendlyne_domains=4/4; retained_documents=1","DOCUMENT_DISCOVERY_OFFICIAL_SOURCE_REVIEW","p7-ic2-materialize-readiness + v14 reviewed/numeric/history validators","source metadata and/or factual reviewer decision","RAW_PROVIDER_CAPTURE_AVAILABLE; NORMALIZATION_OR_REVIEW_PENDING"
"136be3f7-8b5a-4b98-8935-119053a9df8e","ETHOSLTD","INE04TZ01018","bd52f348-b8b7-4509-8243-d5f8965c5a49","JEWELLERY","","P7_IC1_JEWELLERY_METHODOLOGY_V1","PORTFOLIOAI_P7_IC1_METHODOLOGY_R7_REGISTRY_V1","REVIEW_REQUIRED","GOLD_PRICE_INVENTORY_REGULATION","","REQUIRED_EVIDENCE_MISSING","methodology_contract; minimum_history=252; freshness_policy=MARKET_5_TRADING_DAYS; applicability=APPLICABLE","trendlyne_domains=4/4; retained_documents=1","VALIDATED_HISTORY_BENCHMARK_PATH","p7-ic2-materialize-readiness + v14 reviewed/numeric/history validators","contract-valid source metadata","RAW_PROVIDER_CAPTURE_AVAILABLE; NORMALIZATION_OR_REVIEW_PENDING"
"136be3f7-8b5a-4b98-8935-119053a9df8e","ETHOSLTD","INE04TZ01018","bd52f348-b8b7-4509-8243-d5f8965c5a49","JEWELLERY","","P7_IC1_JEWELLERY_METHODOLOGY_V1","PORTFOLIOAI_P7_IC1_METHODOLOGY_R7_REGISTRY_V1","REVIEW_REQUIRED","GOVERNANCE_EVENT_REVIEW","","REQUIRED_EVIDENCE_MISSING","methodology_contract; minimum_history=4; freshness_policy=FUNDAMENTAL_150_DAYS_ANNUAL_550_DAYS; applicability=APPLICABLE","trendlyne_domains=4/4; retained_documents=1","DOCUMENT_DISCOVERY_OFFICIAL_SOURCE_REVIEW","p7-ic2-materialize-readiness + v14 reviewed/numeric/history validators","source metadata and/or factual reviewer decision","RAW_PROVIDER_CAPTURE_AVAILABLE; NORMALIZATION_OR_REVIEW_PENDING"
"136be3f7-8b5a-4b98-8935-119053a9df8e","ETHOSLTD","INE04TZ01018","bd52f348-b8b7-4509-8243-d5f8965c5a49","JEWELLERY","","P7_IC1_JEWELLERY_METHODOLOGY_V1","PORTFOLIOAI_P7_IC1_METHODOLOGY_R7_REGISTRY_V1","REVIEW_REQUIRED","GROSS_OPERATING_MARGIN_HISTORY","","REQUIRED_EVIDENCE_MISSING","methodology_contract; minimum_history=8; freshness_policy=FUNDAMENTAL_150_DAYS_ANNUAL_550_DAYS; applicability=APPLICABLE","trendlyne_domains=4/4; retained_documents=1","DOCUMENT_DISCOVERY_OFFICIAL_SOURCE_REVIEW","p7-ic2-materialize-readiness + v14 reviewed/numeric/history validators","source metadata and/or factual reviewer decision","RAW_PROVIDER_CAPTURE_AVAILABLE; NORMALIZATION_OR_REVIEW_PENDING"
"136be3f7-8b5a-4b98-8935-119053a9df8e","ETHOSLTD","INE04TZ01018","bd52f348-b8b7-4509-8243-d5f8965c5a49","JEWELLERY","","P7_IC1_JEWELLERY_METHODOLOGY_V1","PORTFOLIOAI_P7_IC1_METHODOLOGY_R7_REGISTRY_V1","REVIEW_REQUIRED","NET_DEBT_INVENTORY_FUNDING","","REQUIRED_EVIDENCE_MISSING","methodology_contract; minimum_history=3; freshness_policy=FUNDAMENTAL_150_DAYS_ANNUAL_550_DAYS; applicability=APPLICABLE","trendlyne_domains=4/4; retained_documents=1","TRENDLYNE_STRUCTURED_PLUS_PERIOD_SCOPE_OR_OFFICIAL_FILING","p7-ic2-materialize-readiness + v14 reviewed/numeric/history validators","contract-valid source metadata","RAW_PROVIDER_CAPTURE_AVAILABLE; NORMALIZATION_OR_REVIEW_PENDING"
"136be3f7-8b5a-4b98-8935-119053a9df8e","ETHOSLTD","INE04TZ01018","bd52f348-b8b7-4509-8243-d5f8965c5a49","JEWELLERY","","P7_IC1_JEWELLERY_METHODOLOGY_V1","PORTFOLIOAI_P7_IC1_METHODOLOGY_R7_REGISTRY_V1","REVIEW_REQUIRED","OWNERSHIP_TREND_4Q","","REQUIRED_EVIDENCE_MISSING","methodology_contract; minimum_history=4; freshness_policy=FUNDAMENTAL_150_DAYS_ANNUAL_550_DAYS; applicability=APPLICABLE","trendlyne_domains=4/4; retained_documents=1","TRENDLYNE_OWNERSHIP_REVIEW","p7-ic2-materialize-readiness + v14 reviewed/numeric/history validators","source metadata and/or factual reviewer decision","RAW_PROVIDER_CAPTURE_AVAILABLE; NORMALIZATION_OR_REVIEW_PENDING"
"136be3f7-8b5a-4b98-8935-119053a9df8e","ETHOSLTD","INE04TZ01018","bd52f348-b8b7-4509-8243-d5f8965c5a49","JEWELLERY","","P7_IC1_JEWELLERY_METHODOLOGY_V1","PORTFOLIOAI_P7_IC1_METHODOLOGY_R7_REGISTRY_V1","REVIEW_REQUIRED","PE","","REQUIRED_EVIDENCE_MISSING","methodology_contract; minimum_history=3; freshness_policy=FUNDAMENTAL_150_DAYS_ANNUAL_550_DAYS; applicability=APPLICABLE","trendlyne_domains=4/4; retained_documents=1","TRENDLYNE_STRUCTURED_PLUS_PERIOD_SCOPE_OR_OFFICIAL_FILING","p7-ic2-materialize-readiness + v14 reviewed/numeric/history validators","contract-valid source metadata","RAW_PROVIDER_CAPTURE_AVAILABLE; NORMALIZATION_OR_REVIEW_PENDING"
"136be3f7-8b5a-4b98-8935-119053a9df8e","ETHOSLTD","INE04TZ01018","bd52f348-b8b7-4509-8243-d5f8965c5a49","JEWELLERY","","P7_IC1_JEWELLERY_METHODOLOGY_V1","PORTFOLIOAI_P7_IC1_METHODOLOGY_R7_REGISTRY_V1","REVIEW_REQUIRED","REVENUE_SAME_STORE_NETWORK_GROWTH","","REQUIRED_EVIDENCE_MISSING","methodology_contract; minimum_history=8; freshness_policy=FUNDAMENTAL_150_DAYS_ANNUAL_550_DAYS; applicability=APPLICABLE","trendlyne_domains=4/4; retained_documents=1","TRENDLYNE_STRUCTURED_PLUS_PERIOD_SCOPE_OR_OFFICIAL_FILING","p7-ic2-materialize-readiness + v14 reviewed/numeric/history validators","contract-valid source metadata","RAW_PROVIDER_CAPTURE_AVAILABLE; NORMALIZATION_OR_REVIEW_PENDING"
"136be3f7-8b5a-4b98-8935-119053a9df8e","ETHOSLTD","INE04TZ01018","bd52f348-b8b7-4509-8243-d5f8965c5a49","JEWELLERY","","P7_IC1_JEWELLERY_METHODOLOGY_V1","PORTFOLIOAI_P7_IC1_METHODOLOGY_R7_REGISTRY_V1","REVIEW_REQUIRED","ROCE_OR_ROIC","","REQUIRED_EVIDENCE_MISSING","methodology_contract; minimum_history=3; freshness_policy=FUNDAMENTAL_150_DAYS_ANNUAL_550_DAYS; applicability=APPLICABLE","trendlyne_domains=4/4; retained_documents=1","TRENDLYNE_STRUCTURED_PLUS_PERIOD_SCOPE_OR_OFFICIAL_FILING","p7-ic2-materialize-readiness + v14 reviewed/numeric/history validators","contract-valid source metadata","RAW_PROVIDER_CAPTURE_AVAILABLE; NORMALIZATION_OR_REVIEW_PENDING"
"136be3f7-8b5a-4b98-8935-119053a9df8e","ETHOSLTD","INE04TZ01018","bd52f348-b8b7-4509-8243-d5f8965c5a49","JEWELLERY","","P7_IC1_JEWELLERY_METHODOLOGY_V1","PORTFOLIOAI_P7_IC1_METHODOLOGY_R7_REGISTRY_V1","REVIEW_REQUIRED","ROCE_WORKING_CAPITAL_CONTEXT","","REQUIRED_EVIDENCE_MISSING","methodology_contract; minimum_history=3; freshness_policy=FUNDAMENTAL_150_DAYS_ANNUAL_550_DAYS; applicability=APPLICABLE","trendlyne_domains=4/4; retained_documents=1","TRENDLYNE_STRUCTURED_PLUS_PERIOD_SCOPE_OR_OFFICIAL_FILING","p7-ic2-materialize-readiness + v14 reviewed/numeric/history validators","contract-valid source metadata","RAW_PROVIDER_CAPTURE_AVAILABLE; NORMALIZATION_OR_REVIEW_PENDING"
"136be3f7-8b5a-4b98-8935-119053a9df8e","ETHOSLTD","INE04TZ01018","bd52f348-b8b7-4509-8243-d5f8965c5a49","JEWELLERY","","P7_IC1_JEWELLERY_METHODOLOGY_V1","PORTFOLIOAI_P7_IC1_METHODOLOGY_R7_REGISTRY_V1","REVIEW_REQUIRED","STUDDED_MIX_OR_MAKING_CHARGE_QUALITY","","REQUIRED_EVIDENCE_MISSING","methodology_contract; minimum_history=8; freshness_policy=FUNDAMENTAL_150_DAYS_ANNUAL_550_DAYS; applicability=APPLICABLE","trendlyne_domains=4/4; retained_documents=1","PROFILE_CONTRACT_PROVIDER_OR_DOCUMENT_REVIEW","p7-ic2-materialize-readiness + v14 reviewed/numeric/history validators","source metadata and/or factual reviewer decision","RAW_PROVIDER_CAPTURE_AVAILABLE; NORMALIZATION_OR_REVIEW_PENDING"
"f77a3b26-13a4-4935-b051-ea5fa61a1d70","EXIDEIND","INE302A01020","a2216c2e-f786-45c5-8135-0016e388e2b0","AUTO_COMPONENTS","","AUTO_COMPONENTS_K4B_SCORING_V1","PORTFOLIOAI_P7_IC1_METHODOLOGY_R7_REGISTRY_V1","REVIEW_REQUIRED","NET_CASH_OR_LEVERAGE","","REQUIRED_EVIDENCE_MISSING","methodology_contract; minimum_history=1; freshness_policy=UNSPECIFIED; applicability=APPLICABLE","trendlyne_domains=4/4; retained_documents=1","TRENDLYNE_STRUCTURED_PLUS_PERIOD_SCOPE_OR_OFFICIAL_FILING","p7-ic2-materialize-readiness + v14 reviewed/numeric/history validators","contract-valid source metadata","RAW_PROVIDER_CAPTURE_AVAILABLE; NORMALIZATION_OR_REVIEW_PENDING"
"f77a3b26-13a4-4935-b051-ea5fa61a1d70","EXIDEIND","INE302A01020","a2216c2e-f786-45c5-8135-0016e388e2b0","AUTO_COMPONENTS","","AUTO_COMPONENTS_K4B_SCORING_V1","PORTFOLIOAI_P7_IC1_METHODOLOGY_R7_REGISTRY_V1","REVIEW_REQUIRED","OPERATING_MARGIN_HISTORY","","REQUIRED_EVIDENCE_MISSING","methodology_contract; minimum_history=1; freshness_policy=UNSPECIFIED; applicability=APPLICABLE","trendlyne_domains=4/4; retained_documents=1","DOCUMENT_DISCOVERY_OFFICIAL_SOURCE_REVIEW","p7-ic2-materialize-readiness + v14 reviewed/numeric/history validators","source metadata and/or factual reviewer decision","RAW_PROVIDER_CAPTURE_AVAILABLE; NORMALIZATION_OR_REVIEW_PENDING"
"9c938fe4-7567-4e76-a8f2-edf98098ac42","FAZE3Q","INE963C01033","b428f43e-f9c8-4420-abcd-6aa082836766","TEXTILES_APPAREL","","P7_IC1_TEXTILES_APPAREL_METHODOLOGY_V1","PORTFOLIOAI_P7_IC1_METHODOLOGY_R7_REGISTRY_V1","REVIEW_REQUIRED","BRAND_OR_HOME_TEXTILE_POSITION","","REQUIRED_EVIDENCE_MISSING","methodology_contract; minimum_history=3; freshness_policy=FUNDAMENTAL_150_DAYS_ANNUAL_550_DAYS; applicability=APPLICABLE","trendlyne_domains=4/4; retained_documents=1","DOCUMENT_DISCOVERY_OFFICIAL_SOURCE_REVIEW","p7-ic2-materialize-readiness + v14 reviewed/numeric/history validators","source metadata and/or factual reviewer decision","RAW_PROVIDER_CAPTURE_AVAILABLE; NORMALIZATION_OR_REVIEW_PENDING"
"9c938fe4-7567-4e76-a8f2-edf98098ac42","FAZE3Q","INE963C01033","b428f43e-f9c8-4420-abcd-6aa082836766","TEXTILES_APPAREL","","P7_IC1_TEXTILES_APPAREL_METHODOLOGY_V1","PORTFOLIOAI_P7_IC1_METHODOLOGY_R7_REGISTRY_V1","REVIEW_REQUIRED","CAPACITY_UTILISATION","","REQUIRED_EVIDENCE_MISSING","methodology_contract; minimum_history=3; freshness_policy=FUNDAMENTAL_150_DAYS_ANNUAL_550_DAYS; applicability=APPLICABLE","trendlyne_domains=4/4; retained_documents=1","PROFILE_CONTRACT_PROVIDER_OR_DOCUMENT_REVIEW","p7-ic2-materialize-readiness + v14 reviewed/numeric/history validators","source metadata and/or factual reviewer decision","RAW_PROVIDER_CAPTURE_AVAILABLE; NORMALIZATION_OR_REVIEW_PENDING"
"9c938fe4-7567-4e76-a8f2-edf98098ac42","FAZE3Q","INE963C01033","b428f43e-f9c8-4420-abcd-6aa082836766","TEXTILES_APPAREL","","P7_IC1_TEXTILES_APPAREL_METHODOLOGY_V1","PORTFOLIOAI_P7_IC1_METHODOLOGY_R7_REGISTRY_V1","REVIEW_REQUIRED","CFO_FCF_WORKING_CAPITAL","","REQUIRED_EVIDENCE_MISSING","methodology_contract; minimum_history=3; freshness_policy=FUNDAMENTAL_150_DAYS_ANNUAL_550_DAYS; applicability=APPLICABLE","trendlyne_domains=4/4; retained_documents=1","TRENDLYNE_STRUCTURED_PLUS_PERIOD_SCOPE_OR_OFFICIAL_FILING","p7-ic2-materialize-readiness + v14 reviewed/numeric/history validators","contract-valid source metadata","RAW_PROVIDER_CAPTURE_AVAILABLE; NORMALIZATION_OR_REVIEW_PENDING"
"9c938fe4-7567-4e76-a8f2-edf98098ac42","FAZE3Q","INE963C01033","b428f43e-f9c8-4420-abcd-6aa082836766","TEXTILES_APPAREL","","P7_IC1_TEXTILES_APPAREL_METHODOLOGY_V1","PORTFOLIOAI_P7_IC1_METHODOLOGY_R7_REGISTRY_V1","REVIEW_REQUIRED","COTTON_INPUT_FX_DEMAND_CYCLE","","REQUIRED_EVIDENCE_MISSING","methodology_contract; minimum_history=252; freshness_policy=MARKET_5_TRADING_DAYS; applicability=APPLICABLE","trendlyne_domains=4/4; retained_documents=1","PROFILE_CONTRACT_PROVIDER_OR_DOCUMENT_REVIEW","p7-ic2-materialize-readiness + v14 reviewed/numeric/history validators","source metadata and/or factual reviewer decision","RAW_PROVIDER_CAPTURE_AVAILABLE; NORMALIZATION_OR_REVIEW_PENDING"
"9c938fe4-7567-4e76-a8f2-edf98098ac42","FAZE3Q","INE963C01033","b428f43e-f9c8-4420-abcd-6aa082836766","TEXTILES_APPAREL","","P7_IC1_TEXTILES_APPAREL_METHODOLOGY_V1","PORTFOLIOAI_P7_IC1_METHODOLOGY_R7_REGISTRY_V1","REVIEW_REQUIRED","CUSTOMER_DIVERSIFICATION","","REQUIRED_EVIDENCE_MISSING","methodology_contract; minimum_history=3; freshness_policy=FUNDAMENTAL_150_DAYS_ANNUAL_550_DAYS; applicability=APPLICABLE","trendlyne_domains=4/4; retained_documents=1","DOCUMENT_DISCOVERY_OFFICIAL_SOURCE_REVIEW","p7-ic2-materialize-readiness + v14 reviewed/numeric/history validators","source metadata and/or factual reviewer decision","RAW_PROVIDER_CAPTURE_AVAILABLE; NORMALIZATION_OR_REVIEW_PENDING"
"9c938fe4-7567-4e76-a8f2-edf98098ac42","FAZE3Q","INE963C01033","b428f43e-f9c8-4420-abcd-6aa082836766","TEXTILES_APPAREL","","P7_IC1_TEXTILES_APPAREL_METHODOLOGY_V1","PORTFOLIOAI_P7_IC1_METHODOLOGY_R7_REGISTRY_V1","REVIEW_REQUIRED","EV_EBITDA_NORMALIZED","","REQUIRED_EVIDENCE_MISSING","methodology_contract; minimum_history=3; freshness_policy=FUNDAMENTAL_150_DAYS_ANNUAL_550_DAYS; applicability=APPLICABLE","trendlyne_domains=4/4; retained_documents=1","TRENDLYNE_STRUCTURED_PLUS_PERIOD_SCOPE_OR_OFFICIAL_FILING","p7-ic2-materialize-readiness + v14 reviewed/numeric/history validators","contract-valid source metadata","RAW_PROVIDER_CAPTURE_AVAILABLE; NORMALIZATION_OR_REVIEW_PENDING"
"9c938fe4-7567-4e76-a8f2-edf98098ac42","FAZE3Q","INE963C01033","b428f43e-f9c8-4420-abcd-6aa082836766","TEXTILES_APPAREL","","P7_IC1_TEXTILES_APPAREL_METHODOLOGY_V1","PORTFOLIOAI_P7_IC1_METHODOLOGY_R7_REGISTRY_V1","REVIEW_REQUIRED","FCF_YIELD","","REQUIRED_EVIDENCE_MISSING","methodology_contract; minimum_history=3; freshness_policy=FUNDAMENTAL_150_DAYS_ANNUAL_550_DAYS; applicability=APPLICABLE","trendlyne_domains=4/4; retained_documents=1","TRENDLYNE_STRUCTURED_PLUS_PERIOD_SCOPE_OR_OFFICIAL_FILING","p7-ic2-materialize-readiness + v14 reviewed/numeric/history validators","contract-valid source metadata","RAW_PROVIDER_CAPTURE_AVAILABLE; NORMALIZATION_OR_REVIEW_PENDING"
"9c938fe4-7567-4e76-a8f2-edf98098ac42","FAZE3Q","INE963C01033","b428f43e-f9c8-4420-abcd-6aa082836766","TEXTILES_APPAREL","","P7_IC1_TEXTILES_APPAREL_METHODOLOGY_V1","PORTFOLIOAI_P7_IC1_METHODOLOGY_R7_REGISTRY_V1","REVIEW_REQUIRED","GOVERNANCE_EVENT_REVIEW","","REQUIRED_EVIDENCE_MISSING","methodology_contract; minimum_history=4; freshness_policy=FUNDAMENTAL_150_DAYS_ANNUAL_550_DAYS; applicability=APPLICABLE","trendlyne_domains=4/4; retained_documents=1","DOCUMENT_DISCOVERY_OFFICIAL_SOURCE_REVIEW","p7-ic2-materialize-readiness + v14 reviewed/numeric/history validators","source metadata and/or factual reviewer decision","RAW_PROVIDER_CAPTURE_AVAILABLE; NORMALIZATION_OR_REVIEW_PENDING"
"9c938fe4-7567-4e76-a8f2-edf98098ac42","FAZE3Q","INE963C01033","b428f43e-f9c8-4420-abcd-6aa082836766","TEXTILES_APPAREL","","P7_IC1_TEXTILES_APPAREL_METHODOLOGY_V1","PORTFOLIOAI_P7_IC1_METHODOLOGY_R7_REGISTRY_V1","REVIEW_REQUIRED","NET_DEBT_INTEREST_COVERAGE","","REQUIRED_EVIDENCE_MISSING","methodology_contract; minimum_history=3; freshness_policy=FUNDAMENTAL_150_DAYS_ANNUAL_550_DAYS; applicability=APPLICABLE","trendlyne_domains=4/4; retained_documents=1","TRENDLYNE_STRUCTURED_PLUS_PERIOD_SCOPE_OR_OFFICIAL_FILING","p7-ic2-materialize-readiness + v14 reviewed/numeric/history validators","contract-valid source metadata","RAW_PROVIDER_CAPTURE_AVAILABLE; NORMALIZATION_OR_REVIEW_PENDING"
"9c938fe4-7567-4e76-a8f2-edf98098ac42","FAZE3Q","INE963C01033","b428f43e-f9c8-4420-abcd-6aa082836766","TEXTILES_APPAREL","","P7_IC1_TEXTILES_APPAREL_METHODOLOGY_V1","PORTFOLIOAI_P7_IC1_METHODOLOGY_R7_REGISTRY_V1","REVIEW_REQUIRED","OPERATING_MARGIN_HISTORY","","REQUIRED_EVIDENCE_MISSING","methodology_contract; minimum_history=8; freshness_policy=FUNDAMENTAL_150_DAYS_ANNUAL_550_DAYS; applicability=APPLICABLE","trendlyne_domains=4/4; retained_documents=1","DOCUMENT_DISCOVERY_OFFICIAL_SOURCE_REVIEW","p7-ic2-materialize-readiness + v14 reviewed/numeric/history validators","source metadata and/or factual reviewer decision","RAW_PROVIDER_CAPTURE_AVAILABLE; NORMALIZATION_OR_REVIEW_PENDING"
"9c938fe4-7567-4e76-a8f2-edf98098ac42","FAZE3Q","INE963C01033","b428f43e-f9c8-4420-abcd-6aa082836766","TEXTILES_APPAREL","","P7_IC1_TEXTILES_APPAREL_METHODOLOGY_V1","PORTFOLIOAI_P7_IC1_METHODOLOGY_R7_REGISTRY_V1","REVIEW_REQUIRED","OWNERSHIP_TREND_4Q","","REQUIRED_EVIDENCE_MISSING","methodology_contract; minimum_history=4; freshness_policy=FUNDAMENTAL_150_DAYS_ANNUAL_550_DAYS; applicability=APPLICABLE","trendlyne_domains=4/4; retained_documents=1","TRENDLYNE_OWNERSHIP_REVIEW","p7-ic2-materialize-readiness + v14 reviewed/numeric/history validators","source metadata and/or factual reviewer decision","RAW_PROVIDER_CAPTURE_AVAILABLE; NORMALIZATION_OR_REVIEW_PENDING"
"9c938fe4-7567-4e76-a8f2-edf98098ac42","FAZE3Q","INE963C01033","b428f43e-f9c8-4420-abcd-6aa082836766","TEXTILES_APPAREL","","P7_IC1_TEXTILES_APPAREL_METHODOLOGY_V1","PORTFOLIOAI_P7_IC1_METHODOLOGY_R7_REGISTRY_V1","REVIEW_REQUIRED","PB_ROCE_CONTEXT","","REQUIRED_EVIDENCE_MISSING","methodology_contract; minimum_history=3; freshness_policy=FUNDAMENTAL_150_DAYS_ANNUAL_550_DAYS; applicability=APPLICABLE","trendlyne_domains=4/4; retained_documents=1","TRENDLYNE_STRUCTURED_PLUS_PERIOD_SCOPE_OR_OFFICIAL_FILING","p7-ic2-materialize-readiness + v14 reviewed/numeric/history validators","contract-valid source metadata","RAW_PROVIDER_CAPTURE_AVAILABLE; NORMALIZATION_OR_REVIEW_PENDING"
"9c938fe4-7567-4e76-a8f2-edf98098ac42","FAZE3Q","INE963C01033","b428f43e-f9c8-4420-abcd-6aa082836766","TEXTILES_APPAREL","","P7_IC1_TEXTILES_APPAREL_METHODOLOGY_V1","PORTFOLIOAI_P7_IC1_METHODOLOGY_R7_REGISTRY_V1","REVIEW_REQUIRED","PE_WITH_CYCLE_CONTEXT","","REQUIRED_EVIDENCE_MISSING","methodology_contract; minimum_history=3; freshness_policy=FUNDAMENTAL_150_DAYS_ANNUAL_550_DAYS; applicability=APPLICABLE","trendlyne_domains=4/4; retained_documents=1","TRENDLYNE_STRUCTURED_PLUS_PERIOD_SCOPE_OR_OFFICIAL_FILING","p7-ic2-materialize-readiness + v14 reviewed/numeric/history validators","contract-valid source metadata","RAW_PROVIDER_CAPTURE_AVAILABLE; NORMALIZATION_OR_REVIEW_PENDING"
"9c938fe4-7567-4e76-a8f2-edf98098ac42","FAZE3Q","INE963C01033","b428f43e-f9c8-4420-abcd-6aa082836766","TEXTILES_APPAREL","","P7_IC1_TEXTILES_APPAREL_METHODOLOGY_V1","PORTFOLIOAI_P7_IC1_METHODOLOGY_R7_REGISTRY_V1","REVIEW_REQUIRED","REALIZATION_PRODUCT_MIX","","REQUIRED_EVIDENCE_MISSING","methodology_contract; minimum_history=8; freshness_policy=FUNDAMENTAL_150_DAYS_ANNUAL_550_DAYS; applicability=APPLICABLE","trendlyne_domains=4/4; retained_documents=1","PROFILE_CONTRACT_PROVIDER_OR_DOCUMENT_REVIEW","p7-ic2-materialize-readiness + v14 reviewed/numeric/history validators","source metadata and/or factual reviewer decision","RAW_PROVIDER_CAPTURE_AVAILABLE; NORMALIZATION_OR_REVIEW_PENDING"
"9c938fe4-7567-4e76-a8f2-edf98098ac42","FAZE3Q","INE963C01033","b428f43e-f9c8-4420-abcd-6aa082836766","TEXTILES_APPAREL","","P7_IC1_TEXTILES_APPAREL_METHODOLOGY_V1","PORTFOLIOAI_P7_IC1_METHODOLOGY_R7_REGISTRY_V1","REVIEW_REQUIRED","REVENUE_VOLUME_EXPORT_GROWTH","","REQUIRED_EVIDENCE_MISSING","methodology_contract; minimum_history=8; freshness_policy=FUNDAMENTAL_150_DAYS_ANNUAL_550_DAYS; applicability=APPLICABLE","trendlyne_domains=4/4; retained_documents=1","TRENDLYNE_STRUCTURED_PLUS_PERIOD_SCOPE_OR_OFFICIAL_FILING","p7-ic2-materialize-readiness + v14 reviewed/numeric/history validators","contract-valid source metadata","RAW_PROVIDER_CAPTURE_AVAILABLE; NORMALIZATION_OR_REVIEW_PENDING"
"9c938fe4-7567-4e76-a8f2-edf98098ac42","FAZE3Q","INE963C01033","b428f43e-f9c8-4420-abcd-6aa082836766","TEXTILES_APPAREL","","P7_IC1_TEXTILES_APPAREL_METHODOLOGY_V1","PORTFOLIOAI_P7_IC1_METHODOLOGY_R7_REGISTRY_V1","REVIEW_REQUIRED","ROCE_OR_ROIC","","REQUIRED_EVIDENCE_MISSING","methodology_contract; minimum_history=3; freshness_policy=FUNDAMENTAL_150_DAYS_ANNUAL_550_DAYS; applicability=APPLICABLE","trendlyne_domains=4/4; retained_documents=1","TRENDLYNE_STRUCTURED_PLUS_PERIOD_SCOPE_OR_OFFICIAL_FILING","p7-ic2-materialize-readiness + v14 reviewed/numeric/history validators","contract-valid source metadata","RAW_PROVIDER_CAPTURE_AVAILABLE; NORMALIZATION_OR_REVIEW_PENDING"
"63889b52-85da-4a1b-9046-c1e975819f99","FEDERALBNK","INE171A01029","c9d094ce-e7eb-458e-8666-8b1f4eb66f4b","BANK","","BANK_NBFC_STAGE_8_BANK_V1","PORTFOLIOAI_P7_IC1_METHODOLOGY_R7_REGISTRY_V1","REVIEW_REQUIRED","ADVANCES_GROWTH_YOY","","REQUIRED_EVIDENCE_MISSING","methodology_contract; minimum_history=1; freshness_policy=UNSPECIFIED; applicability=APPLICABLE","trendlyne_domains=4/4; retained_documents=1","TRENDLYNE_STRUCTURED_PLUS_PERIOD_SCOPE_OR_OFFICIAL_FILING","p7-ic2-materialize-readiness + v14 reviewed/numeric/history validators","contract-valid source metadata","RAW_PROVIDER_CAPTURE_AVAILABLE; NORMALIZATION_OR_REVIEW_PENDING"
"63889b52-85da-4a1b-9046-c1e975819f99","FEDERALBNK","INE171A01029","c9d094ce-e7eb-458e-8666-8b1f4eb66f4b","BANK","","BANK_NBFC_STAGE_8_BANK_V1","PORTFOLIOAI_P7_IC1_METHODOLOGY_R7_REGISTRY_V1","REVIEW_REQUIRED","DEPOSITS_GROWTH_YOY","","REQUIRED_EVIDENCE_MISSING","methodology_contract; minimum_history=1; freshness_policy=UNSPECIFIED; applicability=APPLICABLE","trendlyne_domains=4/4; retained_documents=1","TRENDLYNE_STRUCTURED_PLUS_PERIOD_SCOPE_OR_OFFICIAL_FILING","p7-ic2-materialize-readiness + v14 reviewed/numeric/history validators","contract-valid source metadata","RAW_PROVIDER_CAPTURE_AVAILABLE; NORMALIZATION_OR_REVIEW_PENDING"
"63889b52-85da-4a1b-9046-c1e975819f99","FEDERALBNK","INE171A01029","c9d094ce-e7eb-458e-8666-8b1f4eb66f4b","BANK","","BANK_NBFC_STAGE_8_BANK_V1","PORTFOLIOAI_P7_IC1_METHODOLOGY_R7_REGISTRY_V1","REVIEW_REQUIRED","EPS_GROWTH_YOY","","REQUIRED_EVIDENCE_MISSING","methodology_contract; minimum_history=1; freshness_policy=UNSPECIFIED; applicability=APPLICABLE","trendlyne_domains=4/4; retained_documents=1","TRENDLYNE_STRUCTURED_PLUS_PERIOD_SCOPE_OR_OFFICIAL_FILING","p7-ic2-materialize-readiness + v14 reviewed/numeric/history validators","contract-valid source metadata","RAW_PROVIDER_CAPTURE_AVAILABLE; NORMALIZATION_OR_REVIEW_PENDING"
"63889b52-85da-4a1b-9046-c1e975819f99","FEDERALBNK","INE171A01029","c9d094ce-e7eb-458e-8666-8b1f4eb66f4b","BANK","","BANK_NBFC_STAGE_8_BANK_V1","PORTFOLIOAI_P7_IC1_METHODOLOGY_R7_REGISTRY_V1","REVIEW_REQUIRED","NIM_TTM","","REQUIRED_EVIDENCE_MISSING","methodology_contract; minimum_history=1; freshness_policy=UNSPECIFIED; applicability=APPLICABLE","trendlyne_domains=4/4; retained_documents=1","TRENDLYNE_STRUCTURED_PLUS_PERIOD_SCOPE_OR_OFFICIAL_FILING","p7-ic2-materialize-readiness + v14 reviewed/numeric/history validators","contract-valid source metadata","RAW_PROVIDER_CAPTURE_AVAILABLE; NORMALIZATION_OR_REVIEW_PENDING"
"63889b52-85da-4a1b-9046-c1e975819f99","FEDERALBNK","INE171A01029","c9d094ce-e7eb-458e-8666-8b1f4eb66f4b","BANK","","BANK_NBFC_STAGE_8_BANK_V1","PORTFOLIOAI_P7_IC1_METHODOLOGY_R7_REGISTRY_V1","REVIEW_REQUIRED","PB_RELATIVE","","REQUIRED_EVIDENCE_MISSING","methodology_contract; minimum_history=1; freshness_policy=UNSPECIFIED; applicability=APPLICABLE","trendlyne_domains=4/4; retained_documents=1","TRENDLYNE_STRUCTURED_PLUS_PERIOD_SCOPE_OR_OFFICIAL_FILING","p7-ic2-materialize-readiness + v14 reviewed/numeric/history validators","contract-valid source metadata","RAW_PROVIDER_CAPTURE_AVAILABLE; NORMALIZATION_OR_REVIEW_PENDING"
"5457a4ce-ec0a-43a2-8436-d8e1a330bbd8","FORTIS","INE061F01013","e5d59eb7-e959-419a-9ccf-70f67af1e9db","HOSPITAL","","HEALTHCARE_SERVICES_V1_K4B_SCORING_V1","PORTFOLIOAI_P7_IC1_METHODOLOGY_R7_REGISTRY_V1","REVIEW_REQUIRED","CFO_OR_FCF_CONVERSION","","REQUIRED_EVIDENCE_MISSING","methodology_contract; minimum_history=1; freshness_policy=UNSPECIFIED; applicability=APPLICABLE","trendlyne_domains=4/4; retained_documents=1","TRENDLYNE_STRUCTURED_PLUS_PERIOD_SCOPE_OR_OFFICIAL_FILING","p7-ic2-materialize-readiness + v14 reviewed/numeric/history validators","contract-valid source metadata","RAW_PROVIDER_CAPTURE_AVAILABLE; NORMALIZATION_OR_REVIEW_PENDING"
"5457a4ce-ec0a-43a2-8436-d8e1a330bbd8","FORTIS","INE061F01013","e5d59eb7-e959-419a-9ccf-70f67af1e9db","HOSPITAL","","HEALTHCARE_SERVICES_V1_K4B_SCORING_V1","PORTFOLIOAI_P7_IC1_METHODOLOGY_R7_REGISTRY_V1","REVIEW_REQUIRED","HOSPITAL_OPERATING_DURABILITY","","REQUIRED_EVIDENCE_MISSING","methodology_contract; minimum_history=1; freshness_policy=UNSPECIFIED; applicability=APPLICABLE","trendlyne_domains=4/4; retained_documents=1","DOCUMENT_DISCOVERY_OFFICIAL_SOURCE_REVIEW","p7-ic2-materialize-readiness + v14 reviewed/numeric/history validators","source metadata and/or factual reviewer decision","RAW_PROVIDER_CAPTURE_AVAILABLE; NORMALIZATION_OR_REVIEW_PENDING"
"5457a4ce-ec0a-43a2-8436-d8e1a330bbd8","FORTIS","INE061F01013","e5d59eb7-e959-419a-9ccf-70f67af1e9db","HOSPITAL","","HEALTHCARE_SERVICES_V1_K4B_SCORING_V1","PORTFOLIOAI_P7_IC1_METHODOLOGY_R7_REGISTRY_V1","REVIEW_REQUIRED","NET_CASH_OR_LEVERAGE","","REQUIRED_EVIDENCE_MISSING","methodology_contract; minimum_history=1; freshness_policy=UNSPECIFIED; applicability=APPLICABLE","trendlyne_domains=4/4; retained_documents=1","TRENDLYNE_STRUCTURED_PLUS_PERIOD_SCOPE_OR_OFFICIAL_FILING","p7-ic2-materialize-readiness + v14 reviewed/numeric/history validators","contract-valid source metadata","RAW_PROVIDER_CAPTURE_AVAILABLE; NORMALIZATION_OR_REVIEW_PENDING"
"5457a4ce-ec0a-43a2-8436-d8e1a330bbd8","FORTIS","INE061F01013","e5d59eb7-e959-419a-9ccf-70f67af1e9db","HOSPITAL","","HEALTHCARE_SERVICES_V1_K4B_SCORING_V1","PORTFOLIOAI_P7_IC1_METHODOLOGY_R7_REGISTRY_V1","REVIEW_REQUIRED","OPERATING_MARGIN_HISTORY","","REQUIRED_EVIDENCE_MISSING","methodology_contract; minimum_history=1; freshness_policy=UNSPECIFIED; applicability=APPLICABLE","trendlyne_domains=4/4; retained_documents=1","DOCUMENT_DISCOVERY_OFFICIAL_SOURCE_REVIEW","p7-ic2-materialize-readiness + v14 reviewed/numeric/history validators","source metadata and/or factual reviewer decision","RAW_PROVIDER_CAPTURE_AVAILABLE; NORMALIZATION_OR_REVIEW_PENDING"
"5457a4ce-ec0a-43a2-8436-d8e1a330bbd8","FORTIS","INE061F01013","e5d59eb7-e959-419a-9ccf-70f67af1e9db","HOSPITAL","","HEALTHCARE_SERVICES_V1_K4B_SCORING_V1","PORTFOLIOAI_P7_IC1_METHODOLOGY_R7_REGISTRY_V1","REVIEW_REQUIRED","OWNERSHIP_GOVERNANCE","","REQUIRED_EVIDENCE_MISSING","methodology_contract; minimum_history=4; freshness_policy=UNSPECIFIED; applicability=APPLICABLE","trendlyne_domains=4/4; retained_documents=1","TRENDLYNE_OWNERSHIP_REVIEW","p7-ic2-materialize-readiness + v14 reviewed/numeric/history validators","source metadata and/or factual reviewer decision","RAW_PROVIDER_CAPTURE_AVAILABLE; NORMALIZATION_OR_REVIEW_PENDING"
"5457a4ce-ec0a-43a2-8436-d8e1a330bbd8","FORTIS","INE061F01013","e5d59eb7-e959-419a-9ccf-70f67af1e9db","HOSPITAL","","HEALTHCARE_SERVICES_V1_K4B_SCORING_V1","PORTFOLIOAI_P7_IC1_METHODOLOGY_R7_REGISTRY_V1","REVIEW_REQUIRED","REVENUE_AND_EBITDA_GROWTH_MULTI_PERIOD","","REQUIRED_EVIDENCE_MISSING","methodology_contract; minimum_history=1; freshness_policy=UNSPECIFIED; applicability=APPLICABLE","trendlyne_domains=4/4; retained_documents=1","TRENDLYNE_STRUCTURED_PLUS_PERIOD_SCOPE_OR_OFFICIAL_FILING","p7-ic2-materialize-readiness + v14 reviewed/numeric/history validators","contract-valid source metadata","RAW_PROVIDER_CAPTURE_AVAILABLE; NORMALIZATION_OR_REVIEW_PENDING"
"5457a4ce-ec0a-43a2-8436-d8e1a330bbd8","FORTIS","INE061F01013","e5d59eb7-e959-419a-9ccf-70f67af1e9db","HOSPITAL","","HEALTHCARE_SERVICES_V1_K4B_SCORING_V1","PORTFOLIOAI_P7_IC1_METHODOLOGY_R7_REGISTRY_V1","REVIEW_REQUIRED","ROCE_OR_ROIC","","REQUIRED_EVIDENCE_MISSING","methodology_contract; minimum_history=1; freshness_policy=UNSPECIFIED; applicability=APPLICABLE","trendlyne_domains=4/4; retained_documents=1","TRENDLYNE_STRUCTURED_PLUS_PERIOD_SCOPE_OR_OFFICIAL_FILING","p7-ic2-materialize-readiness + v14 reviewed/numeric/history validators","contract-valid source metadata","RAW_PROVIDER_CAPTURE_AVAILABLE; NORMALIZATION_OR_REVIEW_PENDING"
"5457a4ce-ec0a-43a2-8436-d8e1a330bbd8","FORTIS","INE061F01013","e5d59eb7-e959-419a-9ccf-70f67af1e9db","HOSPITAL","","HEALTHCARE_SERVICES_V1_K4B_SCORING_V1","PORTFOLIOAI_P7_IC1_METHODOLOGY_R7_REGISTRY_V1","REVIEW_REQUIRED","VALUATION","","REQUIRED_EVIDENCE_MISSING","methodology_contract; minimum_history=1; freshness_policy=UNSPECIFIED; applicability=APPLICABLE","trendlyne_domains=4/4; retained_documents=1","TRENDLYNE_STRUCTURED_PLUS_PERIOD_SCOPE_OR_OFFICIAL_FILING","p7-ic2-materialize-readiness + v14 reviewed/numeric/history validators","contract-valid source metadata","RAW_PROVIDER_CAPTURE_AVAILABLE; NORMALIZATION_OR_REVIEW_PENDING"
"9bb1ec21-89b8-4f1a-80c7-46c2a5269c14","GAIL","INE129A01019","c8c603eb-9f25-4513-8a90-f9d3cd363d22","MIDSTREAM_CITY_GAS","","OIL_GAS_V1_K4B_SCORING_V1","PORTFOLIOAI_P7_IC1_METHODOLOGY_R7_REGISTRY_V1","REVIEW_REQUIRED","COMMODITY_POLICY_TRANSITION_RISK","","REQUIRED_EVIDENCE_MISSING","methodology_contract; minimum_history=1; freshness_policy=UNSPECIFIED; applicability=APPLICABLE","trendlyne_domains=4/4; retained_documents=1","DOCUMENT_DISCOVERY_OFFICIAL_SOURCE_REVIEW","p7-ic2-materialize-readiness + v14 reviewed/numeric/history validators","source metadata and/or factual reviewer decision","RAW_PROVIDER_CAPTURE_AVAILABLE; NORMALIZATION_OR_REVIEW_PENDING"
"9bb1ec21-89b8-4f1a-80c7-46c2a5269c14","GAIL","INE129A01019","c8c603eb-9f25-4513-8a90-f9d3cd363d22","MIDSTREAM_CITY_GAS","","OIL_GAS_V1_K4B_SCORING_V1","PORTFOLIOAI_P7_IC1_METHODOLOGY_R7_REGISTRY_V1","REVIEW_REQUIRED","CYCLE_NORMALIZED_EARNINGS_QUALITY","","REQUIRED_EVIDENCE_MISSING","methodology_contract; minimum_history=1; freshness_policy=UNSPECIFIED; applicability=APPLICABLE","trendlyne_domains=4/4; retained_documents=1","PROFILE_CONTRACT_PROVIDER_OR_DOCUMENT_REVIEW","p7-ic2-materialize-readiness + v14 reviewed/numeric/history validators","source metadata and/or factual reviewer decision","RAW_PROVIDER_CAPTURE_AVAILABLE; NORMALIZATION_OR_REVIEW_PENDING"
"9bb1ec21-89b8-4f1a-80c7-46c2a5269c14","GAIL","INE129A01019","c8c603eb-9f25-4513-8a90-f9d3cd363d22","MIDSTREAM_CITY_GAS","","OIL_GAS_V1_K4B_SCORING_V1","PORTFOLIOAI_P7_IC1_METHODOLOGY_R7_REGISTRY_V1","REVIEW_REQUIRED","OIL_GAS_BUSINESS_DURABILITY","","REQUIRED_EVIDENCE_MISSING","methodology_contract; minimum_history=1; freshness_policy=UNSPECIFIED; applicability=APPLICABLE","trendlyne_domains=4/4; retained_documents=1","DOCUMENT_DISCOVERY_OFFICIAL_SOURCE_REVIEW","p7-ic2-materialize-readiness + v14 reviewed/numeric/history validators","source metadata and/or factual reviewer decision","RAW_PROVIDER_CAPTURE_AVAILABLE; NORMALIZATION_OR_REVIEW_PENDING"
"9bb1ec21-89b8-4f1a-80c7-46c2a5269c14","GAIL","INE129A01019","c8c603eb-9f25-4513-8a90-f9d3cd363d22","MIDSTREAM_CITY_GAS","","OIL_GAS_V1_K4B_SCORING_V1","PORTFOLIOAI_P7_IC1_METHODOLOGY_R7_REGISTRY_V1","REVIEW_REQUIRED","VOLUME_THROUGHPUT_AND_NETWORK_GROWTH","","REQUIRED_EVIDENCE_MISSING","methodology_contract; minimum_history=1; freshness_policy=UNSPECIFIED; applicability=APPLICABLE","trendlyne_domains=4/4; retained_documents=1","TRENDLYNE_STRUCTURED_PLUS_PERIOD_SCOPE_OR_OFFICIAL_FILING","p7-ic2-materialize-readiness + v14 reviewed/numeric/history validators","contract-valid source metadata","RAW_PROVIDER_CAPTURE_AVAILABLE; NORMALIZATION_OR_REVIEW_PENDING"
"0dde9c0f-4bfe-463c-9a21-3712868f98d3","GESHIP","INE017A01032","f6457217-edb4-43f2-9afe-6b93c4c7b79f","SHIPPING","","P7_IC1_SHIPPING_METHODOLOGY_V1","PORTFOLIOAI_P7_IC1_METHODOLOGY_R7_REGISTRY_V1","REVIEW_REQUIRED","CFO_FCF_THROUGH_CYCLE","","REQUIRED_EVIDENCE_MISSING","methodology_contract; minimum_history=3; freshness_policy=FUNDAMENTAL_150_DAYS_ANNUAL_550_DAYS; applicability=APPLICABLE","trendlyne_domains=4/4; retained_documents=1","TRENDLYNE_STRUCTURED_PLUS_PERIOD_SCOPE_OR_OFFICIAL_FILING","p7-ic2-materialize-readiness + v14 reviewed/numeric/history validators","contract-valid source metadata","RAW_PROVIDER_CAPTURE_AVAILABLE; NORMALIZATION_OR_REVIEW_PENDING"
"0dde9c0f-4bfe-463c-9a21-3712868f98d3","GESHIP","INE017A01032","f6457217-edb4-43f2-9afe-6b93c4c7b79f","SHIPPING","","P7_IC1_SHIPPING_METHODOLOGY_V1","PORTFOLIOAI_P7_IC1_METHODOLOGY_R7_REGISTRY_V1","REVIEW_REQUIRED","EV_EBITDA_NORMALIZED","","REQUIRED_EVIDENCE_MISSING","methodology_contract; minimum_history=3; freshness_policy=FUNDAMENTAL_150_DAYS_ANNUAL_550_DAYS; applicability=APPLICABLE","trendlyne_domains=4/4; retained_documents=1","TRENDLYNE_STRUCTURED_PLUS_PERIOD_SCOPE_OR_OFFICIAL_FILING","p7-ic2-materialize-readiness + v14 reviewed/numeric/history validators","contract-valid source metadata","RAW_PROVIDER_CAPTURE_AVAILABLE; NORMALIZATION_OR_REVIEW_PENDING"
"0dde9c0f-4bfe-463c-9a21-3712868f98d3","GESHIP","INE017A01032","f6457217-edb4-43f2-9afe-6b93c4c7b79f","SHIPPING","","P7_IC1_SHIPPING_METHODOLOGY_V1","PORTFOLIOAI_P7_IC1_METHODOLOGY_R7_REGISTRY_V1","REVIEW_REQUIRED","FCF_YIELD_NORMALIZED","","REQUIRED_EVIDENCE_MISSING","methodology_contract; minimum_history=3; freshness_policy=FUNDAMENTAL_150_DAYS_ANNUAL_550_DAYS; applicability=APPLICABLE","trendlyne_domains=4/4; retained_documents=1","TRENDLYNE_STRUCTURED_PLUS_PERIOD_SCOPE_OR_OFFICIAL_FILING","p7-ic2-materialize-readiness + v14 reviewed/numeric/history validators","contract-valid source metadata","RAW_PROVIDER_CAPTURE_AVAILABLE; NORMALIZATION_OR_REVIEW_PENDING"
"0dde9c0f-4bfe-463c-9a21-3712868f98d3","GESHIP","INE017A01032","f6457217-edb4-43f2-9afe-6b93c4c7b79f","SHIPPING","","P7_IC1_SHIPPING_METHODOLOGY_V1","PORTFOLIOAI_P7_IC1_METHODOLOGY_R7_REGISTRY_V1","REVIEW_REQUIRED","FLEET_AGE_MIX_CHARTER_COVERAGE_COUNTERPARTY","","REQUIRED_EVIDENCE_MISSING","methodology_contract; minimum_history=3; freshness_policy=FUNDAMENTAL_150_DAYS_ANNUAL_550_DAYS; applicability=APPLICABLE","trendlyne_domains=4/4; retained_documents=1","PROFILE_CONTRACT_PROVIDER_OR_DOCUMENT_REVIEW","p7-ic2-materialize-readiness + v14 reviewed/numeric/history validators","source metadata and/or factual reviewer decision","RAW_PROVIDER_CAPTURE_AVAILABLE; NORMALIZATION_OR_REVIEW_PENDING"
"0dde9c0f-4bfe-463c-9a21-3712868f98d3","GESHIP","INE017A01032","f6457217-edb4-43f2-9afe-6b93c4c7b79f","SHIPPING","","P7_IC1_SHIPPING_METHODOLOGY_V1","PORTFOLIOAI_P7_IC1_METHODOLOGY_R7_REGISTRY_V1","REVIEW_REQUIRED","FLEET_CAPACITY_TCE_REVENUE_GROWTH","","REQUIRED_EVIDENCE_MISSING","methodology_contract; minimum_history=8; freshness_policy=FUNDAMENTAL_150_DAYS_ANNUAL_550_DAYS; applicability=APPLICABLE","trendlyne_domains=4/4; retained_documents=1","TRENDLYNE_STRUCTURED_PLUS_PERIOD_SCOPE_OR_OFFICIAL_FILING","p7-ic2-materialize-readiness + v14 reviewed/numeric/history validators","contract-valid source metadata","RAW_PROVIDER_CAPTURE_AVAILABLE; NORMALIZATION_OR_REVIEW_PENDING"
"0dde9c0f-4bfe-463c-9a21-3712868f98d3","GESHIP","INE017A01032","f6457217-edb4-43f2-9afe-6b93c4c7b79f","SHIPPING","","P7_IC1_SHIPPING_METHODOLOGY_V1","PORTFOLIOAI_P7_IC1_METHODOLOGY_R7_REGISTRY_V1","REVIEW_REQUIRED","FLEET_EFFICIENCY","","REQUIRED_EVIDENCE_MISSING","methodology_contract; minimum_history=8; freshness_policy=FUNDAMENTAL_150_DAYS_ANNUAL_550_DAYS; applicability=APPLICABLE","trendlyne_domains=4/4; retained_documents=1","PROFILE_CONTRACT_PROVIDER_OR_DOCUMENT_REVIEW","p7-ic2-materialize-readiness + v14 reviewed/numeric/history validators","source metadata and/or factual reviewer decision","RAW_PROVIDER_CAPTURE_AVAILABLE; NORMALIZATION_OR_REVIEW_PENDING"
"0dde9c0f-4bfe-463c-9a21-3712868f98d3","GESHIP","INE017A01032","f6457217-edb4-43f2-9afe-6b93c4c7b79f","SHIPPING","","P7_IC1_SHIPPING_METHODOLOGY_V1","PORTFOLIOAI_P7_IC1_METHODOLOGY_R7_REGISTRY_V1","REVIEW_REQUIRED","FREIGHT_CYCLE_FUEL_GEO_POLITICAL","","REQUIRED_EVIDENCE_MISSING","methodology_contract; minimum_history=252; freshness_policy=MARKET_5_TRADING_DAYS; applicability=APPLICABLE","trendlyne_domains=4/4; retained_documents=1","PROFILE_CONTRACT_PROVIDER_OR_DOCUMENT_REVIEW","p7-ic2-materialize-readiness + v14 reviewed/numeric/history validators","source metadata and/or factual reviewer decision","RAW_PROVIDER_CAPTURE_AVAILABLE; NORMALIZATION_OR_REVIEW_PENDING"
"0dde9c0f-4bfe-463c-9a21-3712868f98d3","GESHIP","INE017A01032","f6457217-edb4-43f2-9afe-6b93c4c7b79f","SHIPPING","","P7_IC1_SHIPPING_METHODOLOGY_V1","PORTFOLIOAI_P7_IC1_METHODOLOGY_R7_REGISTRY_V1","REVIEW_REQUIRED","GOVERNANCE_EVENT_REVIEW","","REQUIRED_EVIDENCE_MISSING","methodology_contract; minimum_history=4; freshness_policy=FUNDAMENTAL_150_DAYS_ANNUAL_550_DAYS; applicability=APPLICABLE","trendlyne_domains=4/4; retained_documents=1","DOCUMENT_DISCOVERY_OFFICIAL_SOURCE_REVIEW","p7-ic2-materialize-readiness + v14 reviewed/numeric/history validators","source metadata and/or factual reviewer decision","RAW_PROVIDER_CAPTURE_AVAILABLE; NORMALIZATION_OR_REVIEW_PENDING"
"0dde9c0f-4bfe-463c-9a21-3712868f98d3","GESHIP","INE017A01032","f6457217-edb4-43f2-9afe-6b93c4c7b79f","SHIPPING","","P7_IC1_SHIPPING_METHODOLOGY_V1","PORTFOLIOAI_P7_IC1_METHODOLOGY_R7_REGISTRY_V1","REVIEW_REQUIRED","NAV_DISCOUNT_PREMIUM","","REQUIRED_EVIDENCE_MISSING","methodology_contract; minimum_history=3; freshness_policy=FUNDAMENTAL_150_DAYS_ANNUAL_550_DAYS; applicability=APPLICABLE","trendlyne_domains=4/4; retained_documents=1","PROFILE_CONTRACT_PROVIDER_OR_DOCUMENT_REVIEW","p7-ic2-materialize-readiness + v14 reviewed/numeric/history validators","source metadata and/or factual reviewer decision","RAW_PROVIDER_CAPTURE_AVAILABLE; NORMALIZATION_OR_REVIEW_PENDING"
"0dde9c0f-4bfe-463c-9a21-3712868f98d3","GESHIP","INE017A01032","f6457217-edb4-43f2-9afe-6b93c4c7b79f","SHIPPING","","P7_IC1_SHIPPING_METHODOLOGY_V1","PORTFOLIOAI_P7_IC1_METHODOLOGY_R7_REGISTRY_V1","REVIEW_REQUIRED","NET_DEBT_ASSET_COVERAGE_INTEREST_COVERAGE","","REQUIRED_EVIDENCE_MISSING","methodology_contract; minimum_history=3; freshness_policy=FUNDAMENTAL_150_DAYS_ANNUAL_550_DAYS; applicability=APPLICABLE","trendlyne_domains=4/4; retained_documents=1","TRENDLYNE_STRUCTURED_PLUS_PERIOD_SCOPE_OR_OFFICIAL_FILING","p7-ic2-materialize-readiness + v14 reviewed/numeric/history validators","contract-valid source metadata","RAW_PROVIDER_CAPTURE_AVAILABLE; NORMALIZATION_OR_REVIEW_PENDING"
"0dde9c0f-4bfe-463c-9a21-3712868f98d3","GESHIP","INE017A01032","f6457217-edb4-43f2-9afe-6b93c4c7b79f","SHIPPING","","P7_IC1_SHIPPING_METHODOLOGY_V1","PORTFOLIOAI_P7_IC1_METHODOLOGY_R7_REGISTRY_V1","REVIEW_REQUIRED","OWNERSHIP_TREND_4Q","","REQUIRED_EVIDENCE_MISSING","methodology_contract; minimum_history=4; freshness_policy=FUNDAMENTAL_150_DAYS_ANNUAL_550_DAYS; applicability=APPLICABLE","trendlyne_domains=4/4; retained_documents=1","TRENDLYNE_OWNERSHIP_REVIEW","p7-ic2-materialize-readiness + v14 reviewed/numeric/history validators","source metadata and/or factual reviewer decision","RAW_PROVIDER_CAPTURE_AVAILABLE; NORMALIZATION_OR_REVIEW_PENDING"
"0dde9c0f-4bfe-463c-9a21-3712868f98d3","GESHIP","INE017A01032","f6457217-edb4-43f2-9afe-6b93c4c7b79f","SHIPPING","","P7_IC1_SHIPPING_METHODOLOGY_V1","PORTFOLIOAI_P7_IC1_METHODOLOGY_R7_REGISTRY_V1","REVIEW_REQUIRED","PB_CYCLE_CONTEXT","","REQUIRED_EVIDENCE_MISSING","methodology_contract; minimum_history=3; freshness_policy=FUNDAMENTAL_150_DAYS_ANNUAL_550_DAYS; applicability=APPLICABLE","trendlyne_domains=4/4; retained_documents=1","TRENDLYNE_STRUCTURED_PLUS_PERIOD_SCOPE_OR_OFFICIAL_FILING","p7-ic2-materialize-readiness + v14 reviewed/numeric/history validators","contract-valid source metadata","RAW_PROVIDER_CAPTURE_AVAILABLE; NORMALIZATION_OR_REVIEW_PENDING"
"0dde9c0f-4bfe-463c-9a21-3712868f98d3","GESHIP","INE017A01032","f6457217-edb4-43f2-9afe-6b93c4c7b79f","SHIPPING","","P7_IC1_SHIPPING_METHODOLOGY_V1","PORTFOLIOAI_P7_IC1_METHODOLOGY_R7_REGISTRY_V1","REVIEW_REQUIRED","ROCE_OR_ROIC_THROUGH_CYCLE","","REQUIRED_EVIDENCE_MISSING","methodology_contract; minimum_history=3; freshness_policy=FUNDAMENTAL_150_DAYS_ANNUAL_550_DAYS; applicability=APPLICABLE","trendlyne_domains=4/4; retained_documents=1","TRENDLYNE_STRUCTURED_PLUS_PERIOD_SCOPE_OR_OFFICIAL_FILING","p7-ic2-materialize-readiness + v14 reviewed/numeric/history validators","contract-valid source metadata","RAW_PROVIDER_CAPTURE_AVAILABLE; NORMALIZATION_OR_REVIEW_PENDING"
"0dde9c0f-4bfe-463c-9a21-3712868f98d3","GESHIP","INE017A01032","f6457217-edb4-43f2-9afe-6b93c4c7b79f","SHIPPING","","P7_IC1_SHIPPING_METHODOLOGY_V1","PORTFOLIOAI_P7_IC1_METHODOLOGY_R7_REGISTRY_V1","REVIEW_REQUIRED","TCE_RATE_COST_UTILISATION_THROUGH_CYCLE","","REQUIRED_EVIDENCE_MISSING","methodology_contract; minimum_history=8; freshness_policy=FUNDAMENTAL_150_DAYS_ANNUAL_550_DAYS; applicability=APPLICABLE","trendlyne_domains=4/4; retained_documents=1","PROFILE_CONTRACT_PROVIDER_OR_DOCUMENT_REVIEW","p7-ic2-materialize-readiness + v14 reviewed/numeric/history validators","source metadata and/or factual reviewer decision","RAW_PROVIDER_CAPTURE_AVAILABLE; NORMALIZATION_OR_REVIEW_PENDING"
"9c577a90-f930-4d16-8bae-2d3f52698069","GLENMARK","INE935A01035","946c04dc-7572-4139-b0fa-68324941a866","PHARMA","GLOBAL_GENERICS","PHARMA_V1_PLUS_REVIEWED_PRIMARY_SUBPROFILE","PORTFOLIOAI_P7_IC1_METHODOLOGY_R7_REGISTRY_V1","REVIEW_REQUIRED","CAPEX","","REQUIRED_EVIDENCE_MISSING","methodology_contract; minimum_history=3; freshness_policy=UNSPECIFIED; applicability=APPLICABLE","trendlyne_domains=4/4; retained_documents=1","TRENDLYNE_STRUCTURED_PLUS_PERIOD_SCOPE_OR_OFFICIAL_FILING","p7-ic2-materialize-readiness + v14 reviewed/numeric/history validators","contract-valid source metadata","RAW_PROVIDER_CAPTURE_AVAILABLE; NORMALIZATION_OR_REVIEW_PENDING"
"9c577a90-f930-4d16-8bae-2d3f52698069","GLENMARK","INE935A01035","946c04dc-7572-4139-b0fa-68324941a866","PHARMA","GLOBAL_GENERICS","PHARMA_V1_PLUS_REVIEWED_PRIMARY_SUBPROFILE","PORTFOLIOAI_P7_IC1_METHODOLOGY_R7_REGISTRY_V1","REVIEW_REQUIRED","EV_EBITDA","","REQUIRED_EVIDENCE_MISSING","methodology_contract; minimum_history=3; freshness_policy=UNSPECIFIED; applicability=APPLICABLE","trendlyne_domains=4/4; retained_documents=1","TRENDLYNE_STRUCTURED_PLUS_PERIOD_SCOPE_OR_OFFICIAL_FILING","p7-ic2-materialize-readiness + v14 reviewed/numeric/history validators","contract-valid source metadata","RAW_PROVIDER_CAPTURE_AVAILABLE; NORMALIZATION_OR_REVIEW_PENDING"
"9c577a90-f930-4d16-8bae-2d3f52698069","GLENMARK","INE935A01035","946c04dc-7572-4139-b0fa-68324941a866","PHARMA","GLOBAL_GENERICS","PHARMA_V1_PLUS_REVIEWED_PRIMARY_SUBPROFILE","PORTFOLIOAI_P7_IC1_METHODOLOGY_R7_REGISTRY_V1","REVIEW_REQUIRED","FCF_YIELD","","REQUIRED_EVIDENCE_MISSING","methodology_contract; minimum_history=3; freshness_policy=UNSPECIFIED; applicability=APPLICABLE","trendlyne_domains=4/4; retained_documents=1","TRENDLYNE_STRUCTURED_PLUS_PERIOD_SCOPE_OR_OFFICIAL_FILING","p7-ic2-materialize-readiness + v14 reviewed/numeric/history validators","contract-valid source metadata","RAW_PROVIDER_CAPTURE_AVAILABLE; NORMALIZATION_OR_REVIEW_PENDING"
"ec24a599-8ce8-42af-99c4-aae80f715132","GMBREW","INE075D01018","73836588-8974-4eff-92d0-86b1166418a0","BRANDED_CONSUMER_FMCG","","CONSUMER_FMCG_K4B_SCORING_V1","PORTFOLIOAI_P7_IC1_METHODOLOGY_R7_REGISTRY_V1","REVIEW_REQUIRED","BRAND_DISTRIBUTION_CATEGORY_DURABILITY","","REQUIRED_EVIDENCE_MISSING","methodology_contract; minimum_history=1; freshness_policy=UNSPECIFIED; applicability=APPLICABLE","trendlyne_domains=4/4; retained_documents=1","DOCUMENT_DISCOVERY_OFFICIAL_SOURCE_REVIEW","p7-ic2-materialize-readiness + v14 reviewed/numeric/history validators","source metadata and/or factual reviewer decision","RAW_PROVIDER_CAPTURE_AVAILABLE; NORMALIZATION_OR_REVIEW_PENDING"
"ec24a599-8ce8-42af-99c4-aae80f715132","GMBREW","INE075D01018","73836588-8974-4eff-92d0-86b1166418a0","BRANDED_CONSUMER_FMCG","","CONSUMER_FMCG_K4B_SCORING_V1","PORTFOLIOAI_P7_IC1_METHODOLOGY_R7_REGISTRY_V1","REVIEW_REQUIRED","CATEGORY_AND_MARKET_RISK","","REQUIRED_EVIDENCE_MISSING","methodology_contract; minimum_history=1; freshness_policy=UNSPECIFIED; applicability=APPLICABLE","trendlyne_domains=4/4; retained_documents=1","DOCUMENT_DISCOVERY_OFFICIAL_SOURCE_REVIEW","p7-ic2-materialize-readiness + v14 reviewed/numeric/history validators","source metadata and/or factual reviewer decision","RAW_PROVIDER_CAPTURE_AVAILABLE; NORMALIZATION_OR_REVIEW_PENDING"
"ec24a599-8ce8-42af-99c4-aae80f715132","GMBREW","INE075D01018","73836588-8974-4eff-92d0-86b1166418a0","BRANDED_CONSUMER_FMCG","","CONSUMER_FMCG_K4B_SCORING_V1","PORTFOLIOAI_P7_IC1_METHODOLOGY_R7_REGISTRY_V1","REVIEW_REQUIRED","CFO_OR_FCF_CONVERSION_AND_WORKING_CAPITAL","","REQUIRED_EVIDENCE_MISSING","methodology_contract; minimum_history=1; freshness_policy=UNSPECIFIED; applicability=APPLICABLE","trendlyne_domains=4/4; retained_documents=1","TRENDLYNE_STRUCTURED_PLUS_PERIOD_SCOPE_OR_OFFICIAL_FILING","p7-ic2-materialize-readiness + v14 reviewed/numeric/history validators","contract-valid source metadata","RAW_PROVIDER_CAPTURE_AVAILABLE; NORMALIZATION_OR_REVIEW_PENDING"
"ec24a599-8ce8-42af-99c4-aae80f715132","GMBREW","INE075D01018","73836588-8974-4eff-92d0-86b1166418a0","BRANDED_CONSUMER_FMCG","","CONSUMER_FMCG_K4B_SCORING_V1","PORTFOLIOAI_P7_IC1_METHODOLOGY_R7_REGISTRY_V1","REVIEW_REQUIRED","GROSS_AND_OPERATING_MARGIN_HISTORY","","REQUIRED_EVIDENCE_MISSING","methodology_contract; minimum_history=1; freshness_policy=UNSPECIFIED; applicability=APPLICABLE","trendlyne_domains=4/4; retained_documents=1","DOCUMENT_DISCOVERY_OFFICIAL_SOURCE_REVIEW","p7-ic2-materialize-readiness + v14 reviewed/numeric/history validators","source metadata and/or factual reviewer decision","RAW_PROVIDER_CAPTURE_AVAILABLE; NORMALIZATION_OR_REVIEW_PENDING"
"ec24a599-8ce8-42af-99c4-aae80f715132","GMBREW","INE075D01018","73836588-8974-4eff-92d0-86b1166418a0","BRANDED_CONSUMER_FMCG","","CONSUMER_FMCG_K4B_SCORING_V1","PORTFOLIOAI_P7_IC1_METHODOLOGY_R7_REGISTRY_V1","REVIEW_REQUIRED","NET_CASH_OR_LEVERAGE","","REQUIRED_EVIDENCE_MISSING","methodology_contract; minimum_history=1; freshness_policy=UNSPECIFIED; applicability=APPLICABLE","trendlyne_domains=4/4; retained_documents=1","TRENDLYNE_STRUCTURED_PLUS_PERIOD_SCOPE_OR_OFFICIAL_FILING","p7-ic2-materialize-readiness + v14 reviewed/numeric/history validators","contract-valid source metadata","RAW_PROVIDER_CAPTURE_AVAILABLE; NORMALIZATION_OR_REVIEW_PENDING"
"ec24a599-8ce8-42af-99c4-aae80f715132","GMBREW","INE075D01018","73836588-8974-4eff-92d0-86b1166418a0","BRANDED_CONSUMER_FMCG","","CONSUMER_FMCG_K4B_SCORING_V1","PORTFOLIOAI_P7_IC1_METHODOLOGY_R7_REGISTRY_V1","REVIEW_REQUIRED","OWNERSHIP_GOVERNANCE","","REQUIRED_EVIDENCE_MISSING","methodology_contract; minimum_history=4; freshness_policy=UNSPECIFIED; applicability=APPLICABLE","trendlyne_domains=4/4; retained_documents=1","TRENDLYNE_OWNERSHIP_REVIEW","p7-ic2-materialize-readiness + v14 reviewed/numeric/history validators","source metadata and/or factual reviewer decision","RAW_PROVIDER_CAPTURE_AVAILABLE; NORMALIZATION_OR_REVIEW_PENDING"
"ec24a599-8ce8-42af-99c4-aae80f715132","GMBREW","INE075D01018","73836588-8974-4eff-92d0-86b1166418a0","BRANDED_CONSUMER_FMCG","","CONSUMER_FMCG_K4B_SCORING_V1","PORTFOLIOAI_P7_IC1_METHODOLOGY_R7_REGISTRY_V1","REVIEW_REQUIRED","REVENUE_AND_VOLUME_PRICE_MIX_GROWTH","","REQUIRED_EVIDENCE_MISSING","methodology_contract; minimum_history=1; freshness_policy=UNSPECIFIED; applicability=APPLICABLE","trendlyne_domains=4/4; retained_documents=1","VALIDATED_HISTORY_BENCHMARK_PATH","p7-ic2-materialize-readiness + v14 reviewed/numeric/history validators","contract-valid source metadata","RAW_PROVIDER_CAPTURE_AVAILABLE; NORMALIZATION_OR_REVIEW_PENDING"
"ec24a599-8ce8-42af-99c4-aae80f715132","GMBREW","INE075D01018","73836588-8974-4eff-92d0-86b1166418a0","BRANDED_CONSUMER_FMCG","","CONSUMER_FMCG_K4B_SCORING_V1","PORTFOLIOAI_P7_IC1_METHODOLOGY_R7_REGISTRY_V1","REVIEW_REQUIRED","ROCE_OR_ROIC","","REQUIRED_EVIDENCE_MISSING","methodology_contract; minimum_history=1; freshness_policy=UNSPECIFIED; applicability=APPLICABLE","trendlyne_domains=4/4; retained_documents=1","TRENDLYNE_STRUCTURED_PLUS_PERIOD_SCOPE_OR_OFFICIAL_FILING","p7-ic2-materialize-readiness + v14 reviewed/numeric/history validators","contract-valid source metadata","RAW_PROVIDER_CAPTURE_AVAILABLE; NORMALIZATION_OR_REVIEW_PENDING"
"ec24a599-8ce8-42af-99c4-aae80f715132","GMBREW","INE075D01018","73836588-8974-4eff-92d0-86b1166418a0","BRANDED_CONSUMER_FMCG","","CONSUMER_FMCG_K4B_SCORING_V1","PORTFOLIOAI_P7_IC1_METHODOLOGY_R7_REGISTRY_V1","REVIEW_REQUIRED","VALUATION","","REQUIRED_EVIDENCE_MISSING","methodology_contract; minimum_history=1; freshness_policy=UNSPECIFIED; applicability=APPLICABLE","trendlyne_domains=4/4; retained_documents=1","TRENDLYNE_STRUCTURED_PLUS_PERIOD_SCOPE_OR_OFFICIAL_FILING","p7-ic2-materialize-readiness + v14 reviewed/numeric/history validators","contract-valid source metadata","RAW_PROVIDER_CAPTURE_AVAILABLE; NORMALIZATION_OR_REVIEW_PENDING"
"56520f0f-1be1-474f-89b0-b5613a1082d9","GNFC","INE113A01013","3ad0e437-6d61-4b62-a89e-afd781c37908","DIVERSIFIED_CHEMICALS_PETROCHEM","","P7_IC1_DIVERSIFIED_CHEMICALS_PETROCHEM_METHODOLOGY_V1","PORTFOLIOAI_P7_IC1_METHODOLOGY_R7_REGISTRY_V1","REVIEW_REQUIRED","CAPACITY_DISCIPLINE","","REQUIRED_EVIDENCE_MISSING","methodology_contract; minimum_history=3; freshness_policy=FUNDAMENTAL_150_DAYS_ANNUAL_550_DAYS; applicability=APPLICABLE","trendlyne_domains=4/4; retained_documents=1","PROFILE_CONTRACT_PROVIDER_OR_DOCUMENT_REVIEW","p7-ic2-materialize-readiness + v14 reviewed/numeric/history validators","source metadata and/or factual reviewer decision","RAW_PROVIDER_CAPTURE_AVAILABLE; NORMALIZATION_OR_REVIEW_PENDING"
"56520f0f-1be1-474f-89b0-b5613a1082d9","GNFC","INE113A01013","3ad0e437-6d61-4b62-a89e-afd781c37908","DIVERSIFIED_CHEMICALS_PETROCHEM","","P7_IC1_DIVERSIFIED_CHEMICALS_PETROCHEM_METHODOLOGY_V1","PORTFOLIOAI_P7_IC1_METHODOLOGY_R7_REGISTRY_V1","REVIEW_REQUIRED","CFO_FCF_CONVERSION_THROUGH_CYCLE","","REQUIRED_EVIDENCE_MISSING","methodology_contract; minimum_history=3; freshness_policy=FUNDAMENTAL_150_DAYS_ANNUAL_550_DAYS; applicability=APPLICABLE","trendlyne_domains=4/4; retained_documents=1","TRENDLYNE_STRUCTURED_PLUS_PERIOD_SCOPE_OR_OFFICIAL_FILING","p7-ic2-materialize-readiness + v14 reviewed/numeric/history validators","contract-valid source metadata","RAW_PROVIDER_CAPTURE_AVAILABLE; NORMALIZATION_OR_REVIEW_PENDING"
"56520f0f-1be1-474f-89b0-b5613a1082d9","GNFC","INE113A01013","3ad0e437-6d61-4b62-a89e-afd781c37908","DIVERSIFIED_CHEMICALS_PETROCHEM","","P7_IC1_DIVERSIFIED_CHEMICALS_PETROCHEM_METHODOLOGY_V1","PORTFOLIOAI_P7_IC1_METHODOLOGY_R7_REGISTRY_V1","REVIEW_REQUIRED","ENVIRONMENTAL_COMPLIANCE","","REQUIRED_EVIDENCE_MISSING","methodology_contract; minimum_history=252; freshness_policy=MARKET_5_TRADING_DAYS; applicability=APPLICABLE","trendlyne_domains=4/4; retained_documents=1","DOCUMENT_DISCOVERY_OFFICIAL_SOURCE_REVIEW","p7-ic2-materialize-readiness + v14 reviewed/numeric/history validators","source metadata and/or factual reviewer decision","RAW_PROVIDER_CAPTURE_AVAILABLE; NORMALIZATION_OR_REVIEW_PENDING"
"56520f0f-1be1-474f-89b0-b5613a1082d9","GNFC","INE113A01013","3ad0e437-6d61-4b62-a89e-afd781c37908","DIVERSIFIED_CHEMICALS_PETROCHEM","","P7_IC1_DIVERSIFIED_CHEMICALS_PETROCHEM_METHODOLOGY_V1","PORTFOLIOAI_P7_IC1_METHODOLOGY_R7_REGISTRY_V1","REVIEW_REQUIRED","EV_EBITDA_NORMALIZED","","REQUIRED_EVIDENCE_MISSING","methodology_contract; minimum_history=3; freshness_policy=FUNDAMENTAL_150_DAYS_ANNUAL_550_DAYS; applicability=APPLICABLE","trendlyne_domains=4/4; retained_documents=1","TRENDLYNE_STRUCTURED_PLUS_PERIOD_SCOPE_OR_OFFICIAL_FILING","p7-ic2-materialize-readiness + v14 reviewed/numeric/history validators","contract-valid source metadata","RAW_PROVIDER_CAPTURE_AVAILABLE; NORMALIZATION_OR_REVIEW_PENDING"
"56520f0f-1be1-474f-89b0-b5613a1082d9","GNFC","INE113A01013","3ad0e437-6d61-4b62-a89e-afd781c37908","DIVERSIFIED_CHEMICALS_PETROCHEM","","P7_IC1_DIVERSIFIED_CHEMICALS_PETROCHEM_METHODOLOGY_V1","PORTFOLIOAI_P7_IC1_METHODOLOGY_R7_REGISTRY_V1","REVIEW_REQUIRED","FCF_YIELD_NORMALIZED","","REQUIRED_EVIDENCE_MISSING","methodology_contract; minimum_history=3; freshness_policy=FUNDAMENTAL_150_DAYS_ANNUAL_550_DAYS; applicability=APPLICABLE","trendlyne_domains=4/4; retained_documents=1","TRENDLYNE_STRUCTURED_PLUS_PERIOD_SCOPE_OR_OFFICIAL_FILING","p7-ic2-materialize-readiness + v14 reviewed/numeric/history validators","contract-valid source metadata","RAW_PROVIDER_CAPTURE_AVAILABLE; NORMALIZATION_OR_REVIEW_PENDING"
"56520f0f-1be1-474f-89b0-b5613a1082d9","GNFC","INE113A01013","3ad0e437-6d61-4b62-a89e-afd781c37908","DIVERSIFIED_CHEMICALS_PETROCHEM","","P7_IC1_DIVERSIFIED_CHEMICALS_PETROCHEM_METHODOLOGY_V1","PORTFOLIOAI_P7_IC1_METHODOLOGY_R7_REGISTRY_V1","REVIEW_REQUIRED","FEEDSTOCK_GLOBAL_PRICING","","REQUIRED_EVIDENCE_MISSING","methodology_contract; minimum_history=252; freshness_policy=MARKET_5_TRADING_DAYS; applicability=APPLICABLE","trendlyne_domains=4/4; retained_documents=1","PROFILE_CONTRACT_PROVIDER_OR_DOCUMENT_REVIEW","p7-ic2-materialize-readiness + v14 reviewed/numeric/history validators","source metadata and/or factual reviewer decision","RAW_PROVIDER_CAPTURE_AVAILABLE; NORMALIZATION_OR_REVIEW_PENDING"
"56520f0f-1be1-474f-89b0-b5613a1082d9","GNFC","INE113A01013","3ad0e437-6d61-4b62-a89e-afd781c37908","DIVERSIFIED_CHEMICALS_PETROCHEM","","P7_IC1_DIVERSIFIED_CHEMICALS_PETROCHEM_METHODOLOGY_V1","PORTFOLIOAI_P7_IC1_METHODOLOGY_R7_REGISTRY_V1","REVIEW_REQUIRED","GOVERNANCE_EVENT_REVIEW","","REQUIRED_EVIDENCE_MISSING","methodology_contract; minimum_history=4; freshness_policy=FUNDAMENTAL_150_DAYS_ANNUAL_550_DAYS; applicability=APPLICABLE","trendlyne_domains=4/4; retained_documents=1","DOCUMENT_DISCOVERY_OFFICIAL_SOURCE_REVIEW","p7-ic2-materialize-readiness + v14 reviewed/numeric/history validators","source metadata and/or factual reviewer decision","RAW_PROVIDER_CAPTURE_AVAILABLE; NORMALIZATION_OR_REVIEW_PENDING"
"56520f0f-1be1-474f-89b0-b5613a1082d9","GNFC","INE113A01013","3ad0e437-6d61-4b62-a89e-afd781c37908","DIVERSIFIED_CHEMICALS_PETROCHEM","","P7_IC1_DIVERSIFIED_CHEMICALS_PETROCHEM_METHODOLOGY_V1","PORTFOLIOAI_P7_IC1_METHODOLOGY_R7_REGISTRY_V1","REVIEW_REQUIRED","INTEGRATION","","REQUIRED_EVIDENCE_MISSING","methodology_contract; minimum_history=3; freshness_policy=FUNDAMENTAL_150_DAYS_ANNUAL_550_DAYS; applicability=APPLICABLE","trendlyne_domains=4/4; retained_documents=1","DOCUMENT_DISCOVERY_OFFICIAL_SOURCE_REVIEW","p7-ic2-materialize-readiness + v14 reviewed/numeric/history validators","source metadata and/or factual reviewer decision","RAW_PROVIDER_CAPTURE_AVAILABLE; NORMALIZATION_OR_REVIEW_PENDING"
"56520f0f-1be1-474f-89b0-b5613a1082d9","GNFC","INE113A01013","3ad0e437-6d61-4b62-a89e-afd781c37908","DIVERSIFIED_CHEMICALS_PETROCHEM","","P7_IC1_DIVERSIFIED_CHEMICALS_PETROCHEM_METHODOLOGY_V1","PORTFOLIOAI_P7_IC1_METHODOLOGY_R7_REGISTRY_V1","REVIEW_REQUIRED","NET_DEBT_INTEREST_COVERAGE","","REQUIRED_EVIDENCE_MISSING","methodology_contract; minimum_history=3; freshness_policy=FUNDAMENTAL_150_DAYS_ANNUAL_550_DAYS; applicability=APPLICABLE","trendlyne_domains=4/4; retained_documents=1","TRENDLYNE_STRUCTURED_PLUS_PERIOD_SCOPE_OR_OFFICIAL_FILING","p7-ic2-materialize-readiness + v14 reviewed/numeric/history validators","contract-valid source metadata","RAW_PROVIDER_CAPTURE_AVAILABLE; NORMALIZATION_OR_REVIEW_PENDING"
"56520f0f-1be1-474f-89b0-b5613a1082d9","GNFC","INE113A01013","3ad0e437-6d61-4b62-a89e-afd781c37908","DIVERSIFIED_CHEMICALS_PETROCHEM","","P7_IC1_DIVERSIFIED_CHEMICALS_PETROCHEM_METHODOLOGY_V1","PORTFOLIOAI_P7_IC1_METHODOLOGY_R7_REGISTRY_V1","REVIEW_REQUIRED","OPERATING_MARGIN_HISTORY","","REQUIRED_EVIDENCE_MISSING","methodology_contract; minimum_history=8; freshness_policy=FUNDAMENTAL_150_DAYS_ANNUAL_550_DAYS; applicability=APPLICABLE","trendlyne_domains=4/4; retained_documents=1","DOCUMENT_DISCOVERY_OFFICIAL_SOURCE_REVIEW","p7-ic2-materialize-readiness + v14 reviewed/numeric/history validators","source metadata and/or factual reviewer decision","RAW_PROVIDER_CAPTURE_AVAILABLE; NORMALIZATION_OR_REVIEW_PENDING"
"56520f0f-1be1-474f-89b0-b5613a1082d9","GNFC","INE113A01013","3ad0e437-6d61-4b62-a89e-afd781c37908","DIVERSIFIED_CHEMICALS_PETROCHEM","","P7_IC1_DIVERSIFIED_CHEMICALS_PETROCHEM_METHODOLOGY_V1","PORTFOLIOAI_P7_IC1_METHODOLOGY_R7_REGISTRY_V1","REVIEW_REQUIRED","OWNERSHIP_TREND_4Q","","REQUIRED_EVIDENCE_MISSING","methodology_contract; minimum_history=4; freshness_policy=FUNDAMENTAL_150_DAYS_ANNUAL_550_DAYS; applicability=APPLICABLE","trendlyne_domains=4/4; retained_documents=1","TRENDLYNE_OWNERSHIP_REVIEW","p7-ic2-materialize-readiness + v14 reviewed/numeric/history validators","source metadata and/or factual reviewer decision","RAW_PROVIDER_CAPTURE_AVAILABLE; NORMALIZATION_OR_REVIEW_PENDING"
"56520f0f-1be1-474f-89b0-b5613a1082d9","GNFC","INE113A01013","3ad0e437-6d61-4b62-a89e-afd781c37908","DIVERSIFIED_CHEMICALS_PETROCHEM","","P7_IC1_DIVERSIFIED_CHEMICALS_PETROCHEM_METHODOLOGY_V1","PORTFOLIOAI_P7_IC1_METHODOLOGY_R7_REGISTRY_V1","REVIEW_REQUIRED","PE_WITH_CYCLE_CONTEXT","","REQUIRED_EVIDENCE_MISSING","methodology_contract; minimum_history=3; freshness_policy=FUNDAMENTAL_150_DAYS_ANNUAL_550_DAYS; applicability=APPLICABLE","trendlyne_domains=4/4; retained_documents=1","TRENDLYNE_STRUCTURED_PLUS_PERIOD_SCOPE_OR_OFFICIAL_FILING","p7-ic2-materialize-readiness + v14 reviewed/numeric/history validators","contract-valid source metadata","RAW_PROVIDER_CAPTURE_AVAILABLE; NORMALIZATION_OR_REVIEW_PENDING"
"56520f0f-1be1-474f-89b0-b5613a1082d9","GNFC","INE113A01013","3ad0e437-6d61-4b62-a89e-afd781c37908","DIVERSIFIED_CHEMICALS_PETROCHEM","","P7_IC1_DIVERSIFIED_CHEMICALS_PETROCHEM_METHODOLOGY_V1","PORTFOLIOAI_P7_IC1_METHODOLOGY_R7_REGISTRY_V1","REVIEW_REQUIRED","PRODUCT_DIVERSIFICATION","","REQUIRED_EVIDENCE_MISSING","methodology_contract; minimum_history=3; freshness_policy=FUNDAMENTAL_150_DAYS_ANNUAL_550_DAYS; applicability=APPLICABLE","trendlyne_domains=4/4; retained_documents=1","PROFILE_CONTRACT_PROVIDER_OR_DOCUMENT_REVIEW","p7-ic2-materialize-readiness + v14 reviewed/numeric/history validators","source metadata and/or factual reviewer decision","RAW_PROVIDER_CAPTURE_AVAILABLE; NORMALIZATION_OR_REVIEW_PENDING"
"56520f0f-1be1-474f-89b0-b5613a1082d9","GNFC","INE113A01013","3ad0e437-6d61-4b62-a89e-afd781c37908","DIVERSIFIED_CHEMICALS_PETROCHEM","","P7_IC1_DIVERSIFIED_CHEMICALS_PETROCHEM_METHODOLOGY_V1","PORTFOLIOAI_P7_IC1_METHODOLOGY_R7_REGISTRY_V1","REVIEW_REQUIRED","PRODUCT_MIX_MARGIN_QUALITY","","REQUIRED_EVIDENCE_MISSING","methodology_contract; minimum_history=8; freshness_policy=FUNDAMENTAL_150_DAYS_ANNUAL_550_DAYS; applicability=APPLICABLE","trendlyne_domains=4/4; retained_documents=1","TRENDLYNE_STRUCTURED_PLUS_PERIOD_SCOPE_OR_OFFICIAL_FILING","p7-ic2-materialize-readiness + v14 reviewed/numeric/history validators","contract-valid source metadata","RAW_PROVIDER_CAPTURE_AVAILABLE; NORMALIZATION_OR_REVIEW_PENDING"
"56520f0f-1be1-474f-89b0-b5613a1082d9","GNFC","INE113A01013","3ad0e437-6d61-4b62-a89e-afd781c37908","DIVERSIFIED_CHEMICALS_PETROCHEM","","P7_IC1_DIVERSIFIED_CHEMICALS_PETROCHEM_METHODOLOGY_V1","PORTFOLIOAI_P7_IC1_METHODOLOGY_R7_REGISTRY_V1","REVIEW_REQUIRED","REVENUE_VOLUME_PRICE_MIX_GROWTH","","REQUIRED_EVIDENCE_MISSING","methodology_contract; minimum_history=8; freshness_policy=FUNDAMENTAL_150_DAYS_ANNUAL_550_DAYS; applicability=APPLICABLE","trendlyne_domains=4/4; retained_documents=1","VALIDATED_HISTORY_BENCHMARK_PATH","p7-ic2-materialize-readiness + v14 reviewed/numeric/history validators","contract-valid source metadata","RAW_PROVIDER_CAPTURE_AVAILABLE; NORMALIZATION_OR_REVIEW_PENDING"
"56520f0f-1be1-474f-89b0-b5613a1082d9","GNFC","INE113A01013","3ad0e437-6d61-4b62-a89e-afd781c37908","DIVERSIFIED_CHEMICALS_PETROCHEM","","P7_IC1_DIVERSIFIED_CHEMICALS_PETROCHEM_METHODOLOGY_V1","PORTFOLIOAI_P7_IC1_METHODOLOGY_R7_REGISTRY_V1","REVIEW_REQUIRED","ROCE_OR_ROIC_THROUGH_CYCLE","","REQUIRED_EVIDENCE_MISSING","methodology_contract; minimum_history=3; freshness_policy=FUNDAMENTAL_150_DAYS_ANNUAL_550_DAYS; applicability=APPLICABLE","trendlyne_domains=4/4; retained_documents=1","TRENDLYNE_STRUCTURED_PLUS_PERIOD_SCOPE_OR_OFFICIAL_FILING","p7-ic2-materialize-readiness + v14 reviewed/numeric/history validators","contract-valid source metadata","RAW_PROVIDER_CAPTURE_AVAILABLE; NORMALIZATION_OR_REVIEW_PENDING"
"56520f0f-1be1-474f-89b0-b5613a1082d9","GNFC","INE113A01013","3ad0e437-6d61-4b62-a89e-afd781c37908","DIVERSIFIED_CHEMICALS_PETROCHEM","","P7_IC1_DIVERSIFIED_CHEMICALS_PETROCHEM_METHODOLOGY_V1","PORTFOLIOAI_P7_IC1_METHODOLOGY_R7_REGISTRY_V1","REVIEW_REQUIRED","ROCE_THROUGH_CYCLE","","REQUIRED_EVIDENCE_MISSING","methodology_contract; minimum_history=3; freshness_policy=FUNDAMENTAL_150_DAYS_ANNUAL_550_DAYS; applicability=APPLICABLE","trendlyne_domains=4/4; retained_documents=1","TRENDLYNE_STRUCTURED_PLUS_PERIOD_SCOPE_OR_OFFICIAL_FILING","p7-ic2-materialize-readiness + v14 reviewed/numeric/history validators","contract-valid source metadata","RAW_PROVIDER_CAPTURE_AVAILABLE; NORMALIZATION_OR_REVIEW_PENDING"
"8dd18833-e48d-4351-b248-8757246f4ae2","GOKEX","INE887G01027","a995a1eb-8e0c-4bf4-87de-d854e5518bd6","TEXTILES_APPAREL","","P7_IC1_TEXTILES_APPAREL_METHODOLOGY_V1","PORTFOLIOAI_P7_IC1_METHODOLOGY_R7_REGISTRY_V1","REVIEW_REQUIRED","BRAND_OR_HOME_TEXTILE_POSITION","","REQUIRED_EVIDENCE_MISSING","methodology_contract; minimum_history=3; freshness_policy=FUNDAMENTAL_150_DAYS_ANNUAL_550_DAYS; applicability=APPLICABLE","trendlyne_domains=4/4; retained_documents=1","DOCUMENT_DISCOVERY_OFFICIAL_SOURCE_REVIEW","p7-ic2-materialize-readiness + v14 reviewed/numeric/history validators","source metadata and/or factual reviewer decision","RAW_PROVIDER_CAPTURE_AVAILABLE; NORMALIZATION_OR_REVIEW_PENDING"
"8dd18833-e48d-4351-b248-8757246f4ae2","GOKEX","INE887G01027","a995a1eb-8e0c-4bf4-87de-d854e5518bd6","TEXTILES_APPAREL","","P7_IC1_TEXTILES_APPAREL_METHODOLOGY_V1","PORTFOLIOAI_P7_IC1_METHODOLOGY_R7_REGISTRY_V1","REVIEW_REQUIRED","CAPACITY_UTILISATION","","REQUIRED_EVIDENCE_MISSING","methodology_contract; minimum_history=3; freshness_policy=FUNDAMENTAL_150_DAYS_ANNUAL_550_DAYS; applicability=APPLICABLE","trendlyne_domains=4/4; retained_documents=1","PROFILE_CONTRACT_PROVIDER_OR_DOCUMENT_REVIEW","p7-ic2-materialize-readiness + v14 reviewed/numeric/history validators","source metadata and/or factual reviewer decision","RAW_PROVIDER_CAPTURE_AVAILABLE; NORMALIZATION_OR_REVIEW_PENDING"
"8dd18833-e48d-4351-b248-8757246f4ae2","GOKEX","INE887G01027","a995a1eb-8e0c-4bf4-87de-d854e5518bd6","TEXTILES_APPAREL","","P7_IC1_TEXTILES_APPAREL_METHODOLOGY_V1","PORTFOLIOAI_P7_IC1_METHODOLOGY_R7_REGISTRY_V1","REVIEW_REQUIRED","CFO_FCF_WORKING_CAPITAL","","REQUIRED_EVIDENCE_MISSING","methodology_contract; minimum_history=3; freshness_policy=FUNDAMENTAL_150_DAYS_ANNUAL_550_DAYS; applicability=APPLICABLE","trendlyne_domains=4/4; retained_documents=1","TRENDLYNE_STRUCTURED_PLUS_PERIOD_SCOPE_OR_OFFICIAL_FILING","p7-ic2-materialize-readiness + v14 reviewed/numeric/history validators","contract-valid source metadata","RAW_PROVIDER_CAPTURE_AVAILABLE; NORMALIZATION_OR_REVIEW_PENDING"
"8dd18833-e48d-4351-b248-8757246f4ae2","GOKEX","INE887G01027","a995a1eb-8e0c-4bf4-87de-d854e5518bd6","TEXTILES_APPAREL","","P7_IC1_TEXTILES_APPAREL_METHODOLOGY_V1","PORTFOLIOAI_P7_IC1_METHODOLOGY_R7_REGISTRY_V1","REVIEW_REQUIRED","COTTON_INPUT_FX_DEMAND_CYCLE","","REQUIRED_EVIDENCE_MISSING","methodology_contract; minimum_history=252; freshness_policy=MARKET_5_TRADING_DAYS; applicability=APPLICABLE","trendlyne_domains=4/4; retained_documents=1","PROFILE_CONTRACT_PROVIDER_OR_DOCUMENT_REVIEW","p7-ic2-materialize-readiness + v14 reviewed/numeric/history validators","source metadata and/or factual reviewer decision","RAW_PROVIDER_CAPTURE_AVAILABLE; NORMALIZATION_OR_REVIEW_PENDING"
"8dd18833-e48d-4351-b248-8757246f4ae2","GOKEX","INE887G01027","a995a1eb-8e0c-4bf4-87de-d854e5518bd6","TEXTILES_APPAREL","","P7_IC1_TEXTILES_APPAREL_METHODOLOGY_V1","PORTFOLIOAI_P7_IC1_METHODOLOGY_R7_REGISTRY_V1","REVIEW_REQUIRED","CUSTOMER_DIVERSIFICATION","","REQUIRED_EVIDENCE_MISSING","methodology_contract; minimum_history=3; freshness_policy=FUNDAMENTAL_150_DAYS_ANNUAL_550_DAYS; applicability=APPLICABLE","trendlyne_domains=4/4; retained_documents=1","DOCUMENT_DISCOVERY_OFFICIAL_SOURCE_REVIEW","p7-ic2-materialize-readiness + v14 reviewed/numeric/history validators","source metadata and/or factual reviewer decision","RAW_PROVIDER_CAPTURE_AVAILABLE; NORMALIZATION_OR_REVIEW_PENDING"
"8dd18833-e48d-4351-b248-8757246f4ae2","GOKEX","INE887G01027","a995a1eb-8e0c-4bf4-87de-d854e5518bd6","TEXTILES_APPAREL","","P7_IC1_TEXTILES_APPAREL_METHODOLOGY_V1","PORTFOLIOAI_P7_IC1_METHODOLOGY_R7_REGISTRY_V1","REVIEW_REQUIRED","EV_EBITDA_NORMALIZED","","REQUIRED_EVIDENCE_MISSING","methodology_contract; minimum_history=3; freshness_policy=FUNDAMENTAL_150_DAYS_ANNUAL_550_DAYS; applicability=APPLICABLE","trendlyne_domains=4/4; retained_documents=1","TRENDLYNE_STRUCTURED_PLUS_PERIOD_SCOPE_OR_OFFICIAL_FILING","p7-ic2-materialize-readiness + v14 reviewed/numeric/history validators","contract-valid source metadata","RAW_PROVIDER_CAPTURE_AVAILABLE; NORMALIZATION_OR_REVIEW_PENDING"
"8dd18833-e48d-4351-b248-8757246f4ae2","GOKEX","INE887G01027","a995a1eb-8e0c-4bf4-87de-d854e5518bd6","TEXTILES_APPAREL","","P7_IC1_TEXTILES_APPAREL_METHODOLOGY_V1","PORTFOLIOAI_P7_IC1_METHODOLOGY_R7_REGISTRY_V1","REVIEW_REQUIRED","FCF_YIELD","","REQUIRED_EVIDENCE_MISSING","methodology_contract; minimum_history=3; freshness_policy=FUNDAMENTAL_150_DAYS_ANNUAL_550_DAYS; applicability=APPLICABLE","trendlyne_domains=4/4; retained_documents=1","TRENDLYNE_STRUCTURED_PLUS_PERIOD_SCOPE_OR_OFFICIAL_FILING","p7-ic2-materialize-readiness + v14 reviewed/numeric/history validators","contract-valid source metadata","RAW_PROVIDER_CAPTURE_AVAILABLE; NORMALIZATION_OR_REVIEW_PENDING"
"8dd18833-e48d-4351-b248-8757246f4ae2","GOKEX","INE887G01027","a995a1eb-8e0c-4bf4-87de-d854e5518bd6","TEXTILES_APPAREL","","P7_IC1_TEXTILES_APPAREL_METHODOLOGY_V1","PORTFOLIOAI_P7_IC1_METHODOLOGY_R7_REGISTRY_V1","REVIEW_REQUIRED","GOVERNANCE_EVENT_REVIEW","","REQUIRED_EVIDENCE_MISSING","methodology_contract; minimum_history=4; freshness_policy=FUNDAMENTAL_150_DAYS_ANNUAL_550_DAYS; applicability=APPLICABLE","trendlyne_domains=4/4; retained_documents=1","DOCUMENT_DISCOVERY_OFFICIAL_SOURCE_REVIEW","p7-ic2-materialize-readiness + v14 reviewed/numeric/history validators","source metadata and/or factual reviewer decision","RAW_PROVIDER_CAPTURE_AVAILABLE; NORMALIZATION_OR_REVIEW_PENDING"
"8dd18833-e48d-4351-b248-8757246f4ae2","GOKEX","INE887G01027","a995a1eb-8e0c-4bf4-87de-d854e5518bd6","TEXTILES_APPAREL","","P7_IC1_TEXTILES_APPAREL_METHODOLOGY_V1","PORTFOLIOAI_P7_IC1_METHODOLOGY_R7_REGISTRY_V1","REVIEW_REQUIRED","NET_DEBT_INTEREST_COVERAGE","","REQUIRED_EVIDENCE_MISSING","methodology_contract; minimum_history=3; freshness_policy=FUNDAMENTAL_150_DAYS_ANNUAL_550_DAYS; applicability=APPLICABLE","trendlyne_domains=4/4; retained_documents=1","TRENDLYNE_STRUCTURED_PLUS_PERIOD_SCOPE_OR_OFFICIAL_FILING","p7-ic2-materialize-readiness + v14 reviewed/numeric/history validators","contract-valid source metadata","RAW_PROVIDER_CAPTURE_AVAILABLE; NORMALIZATION_OR_REVIEW_PENDING"
"8dd18833-e48d-4351-b248-8757246f4ae2","GOKEX","INE887G01027","a995a1eb-8e0c-4bf4-87de-d854e5518bd6","TEXTILES_APPAREL","","P7_IC1_TEXTILES_APPAREL_METHODOLOGY_V1","PORTFOLIOAI_P7_IC1_METHODOLOGY_R7_REGISTRY_V1","REVIEW_REQUIRED","OPERATING_MARGIN_HISTORY","","REQUIRED_EVIDENCE_MISSING","methodology_contract; minimum_history=8; freshness_policy=FUNDAMENTAL_150_DAYS_ANNUAL_550_DAYS; applicability=APPLICABLE","trendlyne_domains=4/4; retained_documents=1","DOCUMENT_DISCOVERY_OFFICIAL_SOURCE_REVIEW","p7-ic2-materialize-readiness + v14 reviewed/numeric/history validators","source metadata and/or factual reviewer decision","RAW_PROVIDER_CAPTURE_AVAILABLE; NORMALIZATION_OR_REVIEW_PENDING"
"8dd18833-e48d-4351-b248-8757246f4ae2","GOKEX","INE887G01027","a995a1eb-8e0c-4bf4-87de-d854e5518bd6","TEXTILES_APPAREL","","P7_IC1_TEXTILES_APPAREL_METHODOLOGY_V1","PORTFOLIOAI_P7_IC1_METHODOLOGY_R7_REGISTRY_V1","REVIEW_REQUIRED","OWNERSHIP_TREND_4Q","","REQUIRED_EVIDENCE_MISSING","methodology_contract; minimum_history=4; freshness_policy=FUNDAMENTAL_150_DAYS_ANNUAL_550_DAYS; applicability=APPLICABLE","trendlyne_domains=4/4; retained_documents=1","TRENDLYNE_OWNERSHIP_REVIEW","p7-ic2-materialize-readiness + v14 reviewed/numeric/history validators","source metadata and/or factual reviewer decision","RAW_PROVIDER_CAPTURE_AVAILABLE; NORMALIZATION_OR_REVIEW_PENDING"
"8dd18833-e48d-4351-b248-8757246f4ae2","GOKEX","INE887G01027","a995a1eb-8e0c-4bf4-87de-d854e5518bd6","TEXTILES_APPAREL","","P7_IC1_TEXTILES_APPAREL_METHODOLOGY_V1","PORTFOLIOAI_P7_IC1_METHODOLOGY_R7_REGISTRY_V1","REVIEW_REQUIRED","PB_ROCE_CONTEXT","","REQUIRED_EVIDENCE_MISSING","methodology_contract; minimum_history=3; freshness_policy=FUNDAMENTAL_150_DAYS_ANNUAL_550_DAYS; applicability=APPLICABLE","trendlyne_domains=4/4; retained_documents=1","TRENDLYNE_STRUCTURED_PLUS_PERIOD_SCOPE_OR_OFFICIAL_FILING","p7-ic2-materialize-readiness + v14 reviewed/numeric/history validators","contract-valid source metadata","RAW_PROVIDER_CAPTURE_AVAILABLE; NORMALIZATION_OR_REVIEW_PENDING"
"8dd18833-e48d-4351-b248-8757246f4ae2","GOKEX","INE887G01027","a995a1eb-8e0c-4bf4-87de-d854e5518bd6","TEXTILES_APPAREL","","P7_IC1_TEXTILES_APPAREL_METHODOLOGY_V1","PORTFOLIOAI_P7_IC1_METHODOLOGY_R7_REGISTRY_V1","REVIEW_REQUIRED","PE_WITH_CYCLE_CONTEXT","","REQUIRED_EVIDENCE_MISSING","methodology_contract; minimum_history=3; freshness_policy=FUNDAMENTAL_150_DAYS_ANNUAL_550_DAYS; applicability=APPLICABLE","trendlyne_domains=4/4; retained_documents=1","TRENDLYNE_STRUCTURED_PLUS_PERIOD_SCOPE_OR_OFFICIAL_FILING","p7-ic2-materialize-readiness + v14 reviewed/numeric/history validators","contract-valid source metadata","RAW_PROVIDER_CAPTURE_AVAILABLE; NORMALIZATION_OR_REVIEW_PENDING"
"8dd18833-e48d-4351-b248-8757246f4ae2","GOKEX","INE887G01027","a995a1eb-8e0c-4bf4-87de-d854e5518bd6","TEXTILES_APPAREL","","P7_IC1_TEXTILES_APPAREL_METHODOLOGY_V1","PORTFOLIOAI_P7_IC1_METHODOLOGY_R7_REGISTRY_V1","REVIEW_REQUIRED","REALIZATION_PRODUCT_MIX","","REQUIRED_EVIDENCE_MISSING","methodology_contract; minimum_history=8; freshness_policy=FUNDAMENTAL_150_DAYS_ANNUAL_550_DAYS; applicability=APPLICABLE","trendlyne_domains=4/4; retained_documents=1","PROFILE_CONTRACT_PROVIDER_OR_DOCUMENT_REVIEW","p7-ic2-materialize-readiness + v14 reviewed/numeric/history validators","source metadata and/or factual reviewer decision","RAW_PROVIDER_CAPTURE_AVAILABLE; NORMALIZATION_OR_REVIEW_PENDING"
"8dd18833-e48d-4351-b248-8757246f4ae2","GOKEX","INE887G01027","a995a1eb-8e0c-4bf4-87de-d854e5518bd6","TEXTILES_APPAREL","","P7_IC1_TEXTILES_APPAREL_METHODOLOGY_V1","PORTFOLIOAI_P7_IC1_METHODOLOGY_R7_REGISTRY_V1","REVIEW_REQUIRED","REVENUE_VOLUME_EXPORT_GROWTH","","REQUIRED_EVIDENCE_MISSING","methodology_contract; minimum_history=8; freshness_policy=FUNDAMENTAL_150_DAYS_ANNUAL_550_DAYS; applicability=APPLICABLE","trendlyne_domains=4/4; retained_documents=1","TRENDLYNE_STRUCTURED_PLUS_PERIOD_SCOPE_OR_OFFICIAL_FILING","p7-ic2-materialize-readiness + v14 reviewed/numeric/history validators","contract-valid source metadata","RAW_PROVIDER_CAPTURE_AVAILABLE; NORMALIZATION_OR_REVIEW_PENDING"
"8dd18833-e48d-4351-b248-8757246f4ae2","GOKEX","INE887G01027","a995a1eb-8e0c-4bf4-87de-d854e5518bd6","TEXTILES_APPAREL","","P7_IC1_TEXTILES_APPAREL_METHODOLOGY_V1","PORTFOLIOAI_P7_IC1_METHODOLOGY_R7_REGISTRY_V1","REVIEW_REQUIRED","ROCE_OR_ROIC","","REQUIRED_EVIDENCE_MISSING","methodology_contract; minimum_history=3; freshness_policy=FUNDAMENTAL_150_DAYS_ANNUAL_550_DAYS; applicability=APPLICABLE","trendlyne_domains=4/4; retained_documents=1","TRENDLYNE_STRUCTURED_PLUS_PERIOD_SCOPE_OR_OFFICIAL_FILING","p7-ic2-materialize-readiness + v14 reviewed/numeric/history validators","contract-valid source metadata","RAW_PROVIDER_CAPTURE_AVAILABLE; NORMALIZATION_OR_REVIEW_PENDING"
"bdd7b1fa-cc3d-40cd-aa67-7b00d5034545","GOLDIAM","INE025B01025","7b787a0e-7e6f-4b97-b90e-fcb51c29d801","JEWELLERY","","P7_IC1_JEWELLERY_METHODOLOGY_V1","PORTFOLIOAI_P7_IC1_METHODOLOGY_R7_REGISTRY_V1","REVIEW_REQUIRED","BRAND_TRUST_NETWORK_DISTRIBUTION","","REQUIRED_EVIDENCE_MISSING","methodology_contract; minimum_history=3; freshness_policy=FUNDAMENTAL_150_DAYS_ANNUAL_550_DAYS; applicability=APPLICABLE","trendlyne_domains=4/4; retained_documents=1","DOCUMENT_DISCOVERY_OFFICIAL_SOURCE_REVIEW","p7-ic2-materialize-readiness + v14 reviewed/numeric/history validators","source metadata and/or factual reviewer decision","RAW_PROVIDER_CAPTURE_AVAILABLE; NORMALIZATION_OR_REVIEW_PENDING"
"bdd7b1fa-cc3d-40cd-aa67-7b00d5034545","GOLDIAM","INE025B01025","7b787a0e-7e6f-4b97-b90e-fcb51c29d801","JEWELLERY","","P7_IC1_JEWELLERY_METHODOLOGY_V1","PORTFOLIOAI_P7_IC1_METHODOLOGY_R7_REGISTRY_V1","REVIEW_REQUIRED","CFO_FCF_INVENTORY_WORKING_CAPITAL","","REQUIRED_EVIDENCE_MISSING","methodology_contract; minimum_history=3; freshness_policy=FUNDAMENTAL_150_DAYS_ANNUAL_550_DAYS; applicability=APPLICABLE","trendlyne_domains=4/4; retained_documents=1","TRENDLYNE_STRUCTURED_PLUS_PERIOD_SCOPE_OR_OFFICIAL_FILING","p7-ic2-materialize-readiness + v14 reviewed/numeric/history validators","contract-valid source metadata","RAW_PROVIDER_CAPTURE_AVAILABLE; NORMALIZATION_OR_REVIEW_PENDING"
"bdd7b1fa-cc3d-40cd-aa67-7b00d5034545","GOLDIAM","INE025B01025","7b787a0e-7e6f-4b97-b90e-fcb51c29d801","JEWELLERY","","P7_IC1_JEWELLERY_METHODOLOGY_V1","PORTFOLIOAI_P7_IC1_METHODOLOGY_R7_REGISTRY_V1","REVIEW_REQUIRED","EV_EBITDA","","REQUIRED_EVIDENCE_MISSING","methodology_contract; minimum_history=3; freshness_policy=FUNDAMENTAL_150_DAYS_ANNUAL_550_DAYS; applicability=APPLICABLE","trendlyne_domains=4/4; retained_documents=1","TRENDLYNE_STRUCTURED_PLUS_PERIOD_SCOPE_OR_OFFICIAL_FILING","p7-ic2-materialize-readiness + v14 reviewed/numeric/history validators","contract-valid source metadata","RAW_PROVIDER_CAPTURE_AVAILABLE; NORMALIZATION_OR_REVIEW_PENDING"
"bdd7b1fa-cc3d-40cd-aa67-7b00d5034545","GOLDIAM","INE025B01025","7b787a0e-7e6f-4b97-b90e-fcb51c29d801","JEWELLERY","","P7_IC1_JEWELLERY_METHODOLOGY_V1","PORTFOLIOAI_P7_IC1_METHODOLOGY_R7_REGISTRY_V1","REVIEW_REQUIRED","FCF_YIELD","","REQUIRED_EVIDENCE_MISSING","methodology_contract; minimum_history=3; freshness_policy=FUNDAMENTAL_150_DAYS_ANNUAL_550_DAYS; applicability=APPLICABLE","trendlyne_domains=4/4; retained_documents=1","TRENDLYNE_STRUCTURED_PLUS_PERIOD_SCOPE_OR_OFFICIAL_FILING","p7-ic2-materialize-readiness + v14 reviewed/numeric/history validators","contract-valid source metadata","RAW_PROVIDER_CAPTURE_AVAILABLE; NORMALIZATION_OR_REVIEW_PENDING"
"bdd7b1fa-cc3d-40cd-aa67-7b00d5034545","GOLDIAM","INE025B01025","7b787a0e-7e6f-4b97-b90e-fcb51c29d801","JEWELLERY","","P7_IC1_JEWELLERY_METHODOLOGY_V1","PORTFOLIOAI_P7_IC1_METHODOLOGY_R7_REGISTRY_V1","REVIEW_REQUIRED","FRANCHISE_STORE_ECONOMICS","","REQUIRED_EVIDENCE_MISSING","methodology_contract; minimum_history=3; freshness_policy=FUNDAMENTAL_150_DAYS_ANNUAL_550_DAYS; applicability=APPLICABLE","trendlyne_domains=4/4; retained_documents=1","DOCUMENT_DISCOVERY_OFFICIAL_SOURCE_REVIEW","p7-ic2-materialize-readiness + v14 reviewed/numeric/history validators","source metadata and/or factual reviewer decision","RAW_PROVIDER_CAPTURE_AVAILABLE; NORMALIZATION_OR_REVIEW_PENDING"
"bdd7b1fa-cc3d-40cd-aa67-7b00d5034545","GOLDIAM","INE025B01025","7b787a0e-7e6f-4b97-b90e-fcb51c29d801","JEWELLERY","","P7_IC1_JEWELLERY_METHODOLOGY_V1","PORTFOLIOAI_P7_IC1_METHODOLOGY_R7_REGISTRY_V1","REVIEW_REQUIRED","GOLD_PRICE_INVENTORY_REGULATION","","REQUIRED_EVIDENCE_MISSING","methodology_contract; minimum_history=252; freshness_policy=MARKET_5_TRADING_DAYS; applicability=APPLICABLE","trendlyne_domains=4/4; retained_documents=1","VALIDATED_HISTORY_BENCHMARK_PATH","p7-ic2-materialize-readiness + v14 reviewed/numeric/history validators","contract-valid source metadata","RAW_PROVIDER_CAPTURE_AVAILABLE; NORMALIZATION_OR_REVIEW_PENDING"
"bdd7b1fa-cc3d-40cd-aa67-7b00d5034545","GOLDIAM","INE025B01025","7b787a0e-7e6f-4b97-b90e-fcb51c29d801","JEWELLERY","","P7_IC1_JEWELLERY_METHODOLOGY_V1","PORTFOLIOAI_P7_IC1_METHODOLOGY_R7_REGISTRY_V1","REVIEW_REQUIRED","GOVERNANCE_EVENT_REVIEW","","REQUIRED_EVIDENCE_MISSING","methodology_contract; minimum_history=4; freshness_policy=FUNDAMENTAL_150_DAYS_ANNUAL_550_DAYS; applicability=APPLICABLE","trendlyne_domains=4/4; retained_documents=1","DOCUMENT_DISCOVERY_OFFICIAL_SOURCE_REVIEW","p7-ic2-materialize-readiness + v14 reviewed/numeric/history validators","source metadata and/or factual reviewer decision","RAW_PROVIDER_CAPTURE_AVAILABLE; NORMALIZATION_OR_REVIEW_PENDING"
"bdd7b1fa-cc3d-40cd-aa67-7b00d5034545","GOLDIAM","INE025B01025","7b787a0e-7e6f-4b97-b90e-fcb51c29d801","JEWELLERY","","P7_IC1_JEWELLERY_METHODOLOGY_V1","PORTFOLIOAI_P7_IC1_METHODOLOGY_R7_REGISTRY_V1","REVIEW_REQUIRED","GROSS_OPERATING_MARGIN_HISTORY","","REQUIRED_EVIDENCE_MISSING","methodology_contract; minimum_history=8; freshness_policy=FUNDAMENTAL_150_DAYS_ANNUAL_550_DAYS; applicability=APPLICABLE","trendlyne_domains=4/4; retained_documents=1","DOCUMENT_DISCOVERY_OFFICIAL_SOURCE_REVIEW","p7-ic2-materialize-readiness + v14 reviewed/numeric/history validators","source metadata and/or factual reviewer decision","RAW_PROVIDER_CAPTURE_AVAILABLE; NORMALIZATION_OR_REVIEW_PENDING"
"bdd7b1fa-cc3d-40cd-aa67-7b00d5034545","GOLDIAM","INE025B01025","7b787a0e-7e6f-4b97-b90e-fcb51c29d801","JEWELLERY","","P7_IC1_JEWELLERY_METHODOLOGY_V1","PORTFOLIOAI_P7_IC1_METHODOLOGY_R7_REGISTRY_V1","REVIEW_REQUIRED","NET_DEBT_INVENTORY_FUNDING","","REQUIRED_EVIDENCE_MISSING","methodology_contract; minimum_history=3; freshness_policy=FUNDAMENTAL_150_DAYS_ANNUAL_550_DAYS; applicability=APPLICABLE","trendlyne_domains=4/4; retained_documents=1","TRENDLYNE_STRUCTURED_PLUS_PERIOD_SCOPE_OR_OFFICIAL_FILING","p7-ic2-materialize-readiness + v14 reviewed/numeric/history validators","contract-valid source metadata","RAW_PROVIDER_CAPTURE_AVAILABLE; NORMALIZATION_OR_REVIEW_PENDING"
"bdd7b1fa-cc3d-40cd-aa67-7b00d5034545","GOLDIAM","INE025B01025","7b787a0e-7e6f-4b97-b90e-fcb51c29d801","JEWELLERY","","P7_IC1_JEWELLERY_METHODOLOGY_V1","PORTFOLIOAI_P7_IC1_METHODOLOGY_R7_REGISTRY_V1","REVIEW_REQUIRED","OWNERSHIP_TREND_4Q","","REQUIRED_EVIDENCE_MISSING","methodology_contract; minimum_history=4; freshness_policy=FUNDAMENTAL_150_DAYS_ANNUAL_550_DAYS; applicability=APPLICABLE","trendlyne_domains=4/4; retained_documents=1","TRENDLYNE_OWNERSHIP_REVIEW","p7-ic2-materialize-readiness + v14 reviewed/numeric/history validators","source metadata and/or factual reviewer decision","RAW_PROVIDER_CAPTURE_AVAILABLE; NORMALIZATION_OR_REVIEW_PENDING"
"bdd7b1fa-cc3d-40cd-aa67-7b00d5034545","GOLDIAM","INE025B01025","7b787a0e-7e6f-4b97-b90e-fcb51c29d801","JEWELLERY","","P7_IC1_JEWELLERY_METHODOLOGY_V1","PORTFOLIOAI_P7_IC1_METHODOLOGY_R7_REGISTRY_V1","REVIEW_REQUIRED","PE","","REQUIRED_EVIDENCE_MISSING","methodology_contract; minimum_history=3; freshness_policy=FUNDAMENTAL_150_DAYS_ANNUAL_550_DAYS; applicability=APPLICABLE","trendlyne_domains=4/4; retained_documents=1","TRENDLYNE_STRUCTURED_PLUS_PERIOD_SCOPE_OR_OFFICIAL_FILING","p7-ic2-materialize-readiness + v14 reviewed/numeric/history validators","contract-valid source metadata","RAW_PROVIDER_CAPTURE_AVAILABLE; NORMALIZATION_OR_REVIEW_PENDING"
"bdd7b1fa-cc3d-40cd-aa67-7b00d5034545","GOLDIAM","INE025B01025","7b787a0e-7e6f-4b97-b90e-fcb51c29d801","JEWELLERY","","P7_IC1_JEWELLERY_METHODOLOGY_V1","PORTFOLIOAI_P7_IC1_METHODOLOGY_R7_REGISTRY_V1","REVIEW_REQUIRED","REVENUE_SAME_STORE_NETWORK_GROWTH","","REQUIRED_EVIDENCE_MISSING","methodology_contract; minimum_history=8; freshness_policy=FUNDAMENTAL_150_DAYS_ANNUAL_550_DAYS; applicability=APPLICABLE","trendlyne_domains=4/4; retained_documents=1","TRENDLYNE_STRUCTURED_PLUS_PERIOD_SCOPE_OR_OFFICIAL_FILING","p7-ic2-materialize-readiness + v14 reviewed/numeric/history validators","contract-valid source metadata","RAW_PROVIDER_CAPTURE_AVAILABLE; NORMALIZATION_OR_REVIEW_PENDING"
"bdd7b1fa-cc3d-40cd-aa67-7b00d5034545","GOLDIAM","INE025B01025","7b787a0e-7e6f-4b97-b90e-fcb51c29d801","JEWELLERY","","P7_IC1_JEWELLERY_METHODOLOGY_V1","PORTFOLIOAI_P7_IC1_METHODOLOGY_R7_REGISTRY_V1","REVIEW_REQUIRED","ROCE_OR_ROIC","","REQUIRED_EVIDENCE_MISSING","methodology_contract; minimum_history=3; freshness_policy=FUNDAMENTAL_150_DAYS_ANNUAL_550_DAYS; applicability=APPLICABLE","trendlyne_domains=4/4; retained_documents=1","TRENDLYNE_STRUCTURED_PLUS_PERIOD_SCOPE_OR_OFFICIAL_FILING","p7-ic2-materialize-readiness + v14 reviewed/numeric/history validators","contract-valid source metadata","RAW_PROVIDER_CAPTURE_AVAILABLE; NORMALIZATION_OR_REVIEW_PENDING"
"bdd7b1fa-cc3d-40cd-aa67-7b00d5034545","GOLDIAM","INE025B01025","7b787a0e-7e6f-4b97-b90e-fcb51c29d801","JEWELLERY","","P7_IC1_JEWELLERY_METHODOLOGY_V1","PORTFOLIOAI_P7_IC1_METHODOLOGY_R7_REGISTRY_V1","REVIEW_REQUIRED","ROCE_WORKING_CAPITAL_CONTEXT","","REQUIRED_EVIDENCE_MISSING","methodology_contract; minimum_history=3; freshness_policy=FUNDAMENTAL_150_DAYS_ANNUAL_550_DAYS; applicability=APPLICABLE","trendlyne_domains=4/4; retained_documents=1","TRENDLYNE_STRUCTURED_PLUS_PERIOD_SCOPE_OR_OFFICIAL_FILING","p7-ic2-materialize-readiness + v14 reviewed/numeric/history validators","contract-valid source metadata","RAW_PROVIDER_CAPTURE_AVAILABLE; NORMALIZATION_OR_REVIEW_PENDING"
"bdd7b1fa-cc3d-40cd-aa67-7b00d5034545","GOLDIAM","INE025B01025","7b787a0e-7e6f-4b97-b90e-fcb51c29d801","JEWELLERY","","P7_IC1_JEWELLERY_METHODOLOGY_V1","PORTFOLIOAI_P7_IC1_METHODOLOGY_R7_REGISTRY_V1","REVIEW_REQUIRED","STUDDED_MIX_OR_MAKING_CHARGE_QUALITY","","REQUIRED_EVIDENCE_MISSING","methodology_contract; minimum_history=8; freshness_policy=FUNDAMENTAL_150_DAYS_ANNUAL_550_DAYS; applicability=APPLICABLE","trendlyne_domains=4/4; retained_documents=1","PROFILE_CONTRACT_PROVIDER_OR_DOCUMENT_REVIEW","p7-ic2-materialize-readiness + v14 reviewed/numeric/history validators","source metadata and/or factual reviewer decision","RAW_PROVIDER_CAPTURE_AVAILABLE; NORMALIZATION_OR_REVIEW_PENDING"
"85ad787f-607a-4439-a6db-9b65b03195f1","GOODLUCK","INE127I01024","bfb7ca5a-af3e-4b49-9c5f-298f991fe412","CAPITAL_EQUIPMENT_ELECTRICAL","","INDUSTRIALS_CAPITAL_GOODS_K4B_SCORING_V1","PORTFOLIOAI_P7_IC1_METHODOLOGY_R7_REGISTRY_V1","REVIEW_REQUIRED","REVENUE_AND_ORDER_GROWTH_MULTI_PERIOD","","REQUIRED_EVIDENCE_MISSING","methodology_contract; minimum_history=1; freshness_policy=UNSPECIFIED; applicability=APPLICABLE","trendlyne_domains=4/4; retained_documents=1","TRENDLYNE_STRUCTURED_PLUS_PERIOD_SCOPE_OR_OFFICIAL_FILING","p7-ic2-materialize-readiness + v14 reviewed/numeric/history validators","contract-valid source metadata","RAW_PROVIDER_CAPTURE_AVAILABLE; NORMALIZATION_OR_REVIEW_PENDING"
"7d734810-b30d-469b-9015-2c43207355b1","GOPAL","INE0L9R01028","bd257d7c-bc1d-472b-977a-baf99058b9fd","BRANDED_CONSUMER_FMCG","","CONSUMER_FMCG_K4B_SCORING_V1","PORTFOLIOAI_P7_IC1_METHODOLOGY_R7_REGISTRY_V1","REVIEW_REQUIRED","BRAND_DISTRIBUTION_CATEGORY_DURABILITY","","REQUIRED_EVIDENCE_MISSING","methodology_contract; minimum_history=1; freshness_policy=UNSPECIFIED; applicability=APPLICABLE","trendlyne_domains=4/4; retained_documents=1","DOCUMENT_DISCOVERY_OFFICIAL_SOURCE_REVIEW","p7-ic2-materialize-readiness + v14 reviewed/numeric/history validators","source metadata and/or factual reviewer decision","RAW_PROVIDER_CAPTURE_AVAILABLE; NORMALIZATION_OR_REVIEW_PENDING"
"7d734810-b30d-469b-9015-2c43207355b1","GOPAL","INE0L9R01028","bd257d7c-bc1d-472b-977a-baf99058b9fd","BRANDED_CONSUMER_FMCG","","CONSUMER_FMCG_K4B_SCORING_V1","PORTFOLIOAI_P7_IC1_METHODOLOGY_R7_REGISTRY_V1","REVIEW_REQUIRED","CATEGORY_AND_MARKET_RISK","","REQUIRED_EVIDENCE_MISSING","methodology_contract; minimum_history=1; freshness_policy=UNSPECIFIED; applicability=APPLICABLE","trendlyne_domains=4/4; retained_documents=1","DOCUMENT_DISCOVERY_OFFICIAL_SOURCE_REVIEW","p7-ic2-materialize-readiness + v14 reviewed/numeric/history validators","source metadata and/or factual reviewer decision","RAW_PROVIDER_CAPTURE_AVAILABLE; NORMALIZATION_OR_REVIEW_PENDING"
"7d734810-b30d-469b-9015-2c43207355b1","GOPAL","INE0L9R01028","bd257d7c-bc1d-472b-977a-baf99058b9fd","BRANDED_CONSUMER_FMCG","","CONSUMER_FMCG_K4B_SCORING_V1","PORTFOLIOAI_P7_IC1_METHODOLOGY_R7_REGISTRY_V1","REVIEW_REQUIRED","CFO_OR_FCF_CONVERSION_AND_WORKING_CAPITAL","","REQUIRED_EVIDENCE_MISSING","methodology_contract; minimum_history=1; freshness_policy=UNSPECIFIED; applicability=APPLICABLE","trendlyne_domains=4/4; retained_documents=1","TRENDLYNE_STRUCTURED_PLUS_PERIOD_SCOPE_OR_OFFICIAL_FILING","p7-ic2-materialize-readiness + v14 reviewed/numeric/history validators","contract-valid source metadata","RAW_PROVIDER_CAPTURE_AVAILABLE; NORMALIZATION_OR_REVIEW_PENDING"
"7d734810-b30d-469b-9015-2c43207355b1","GOPAL","INE0L9R01028","bd257d7c-bc1d-472b-977a-baf99058b9fd","BRANDED_CONSUMER_FMCG","","CONSUMER_FMCG_K4B_SCORING_V1","PORTFOLIOAI_P7_IC1_METHODOLOGY_R7_REGISTRY_V1","REVIEW_REQUIRED","GROSS_AND_OPERATING_MARGIN_HISTORY","","REQUIRED_EVIDENCE_MISSING","methodology_contract; minimum_history=1; freshness_policy=UNSPECIFIED; applicability=APPLICABLE","trendlyne_domains=4/4; retained_documents=1","DOCUMENT_DISCOVERY_OFFICIAL_SOURCE_REVIEW","p7-ic2-materialize-readiness + v14 reviewed/numeric/history validators","source metadata and/or factual reviewer decision","RAW_PROVIDER_CAPTURE_AVAILABLE; NORMALIZATION_OR_REVIEW_PENDING"
"7d734810-b30d-469b-9015-2c43207355b1","GOPAL","INE0L9R01028","bd257d7c-bc1d-472b-977a-baf99058b9fd","BRANDED_CONSUMER_FMCG","","CONSUMER_FMCG_K4B_SCORING_V1","PORTFOLIOAI_P7_IC1_METHODOLOGY_R7_REGISTRY_V1","REVIEW_REQUIRED","NET_CASH_OR_LEVERAGE","","REQUIRED_EVIDENCE_MISSING","methodology_contract; minimum_history=1; freshness_policy=UNSPECIFIED; applicability=APPLICABLE","trendlyne_domains=4/4; retained_documents=1","TRENDLYNE_STRUCTURED_PLUS_PERIOD_SCOPE_OR_OFFICIAL_FILING","p7-ic2-materialize-readiness + v14 reviewed/numeric/history validators","contract-valid source metadata","RAW_PROVIDER_CAPTURE_AVAILABLE; NORMALIZATION_OR_REVIEW_PENDING"
"7d734810-b30d-469b-9015-2c43207355b1","GOPAL","INE0L9R01028","bd257d7c-bc1d-472b-977a-baf99058b9fd","BRANDED_CONSUMER_FMCG","","CONSUMER_FMCG_K4B_SCORING_V1","PORTFOLIOAI_P7_IC1_METHODOLOGY_R7_REGISTRY_V1","REVIEW_REQUIRED","OWNERSHIP_GOVERNANCE","","REQUIRED_EVIDENCE_MISSING","methodology_contract; minimum_history=4; freshness_policy=UNSPECIFIED; applicability=APPLICABLE","trendlyne_domains=4/4; retained_documents=1","TRENDLYNE_OWNERSHIP_REVIEW","p7-ic2-materialize-readiness + v14 reviewed/numeric/history validators","source metadata and/or factual reviewer decision","RAW_PROVIDER_CAPTURE_AVAILABLE; NORMALIZATION_OR_REVIEW_PENDING"
"7d734810-b30d-469b-9015-2c43207355b1","GOPAL","INE0L9R01028","bd257d7c-bc1d-472b-977a-baf99058b9fd","BRANDED_CONSUMER_FMCG","","CONSUMER_FMCG_K4B_SCORING_V1","PORTFOLIOAI_P7_IC1_METHODOLOGY_R7_REGISTRY_V1","REVIEW_REQUIRED","REVENUE_AND_VOLUME_PRICE_MIX_GROWTH","","REQUIRED_EVIDENCE_MISSING","methodology_contract; minimum_history=1; freshness_policy=UNSPECIFIED; applicability=APPLICABLE","trendlyne_domains=4/4; retained_documents=1","VALIDATED_HISTORY_BENCHMARK_PATH","p7-ic2-materialize-readiness + v14 reviewed/numeric/history validators","contract-valid source metadata","RAW_PROVIDER_CAPTURE_AVAILABLE; NORMALIZATION_OR_REVIEW_PENDING"
"7d734810-b30d-469b-9015-2c43207355b1","GOPAL","INE0L9R01028","bd257d7c-bc1d-472b-977a-baf99058b9fd","BRANDED_CONSUMER_FMCG","","CONSUMER_FMCG_K4B_SCORING_V1","PORTFOLIOAI_P7_IC1_METHODOLOGY_R7_REGISTRY_V1","REVIEW_REQUIRED","ROCE_OR_ROIC","","REQUIRED_EVIDENCE_MISSING","methodology_contract; minimum_history=1; freshness_policy=UNSPECIFIED; applicability=APPLICABLE","trendlyne_domains=4/4; retained_documents=1","TRENDLYNE_STRUCTURED_PLUS_PERIOD_SCOPE_OR_OFFICIAL_FILING","p7-ic2-materialize-readiness + v14 reviewed/numeric/history validators","contract-valid source metadata","RAW_PROVIDER_CAPTURE_AVAILABLE; NORMALIZATION_OR_REVIEW_PENDING"
"7d734810-b30d-469b-9015-2c43207355b1","GOPAL","INE0L9R01028","bd257d7c-bc1d-472b-977a-baf99058b9fd","BRANDED_CONSUMER_FMCG","","CONSUMER_FMCG_K4B_SCORING_V1","PORTFOLIOAI_P7_IC1_METHODOLOGY_R7_REGISTRY_V1","REVIEW_REQUIRED","VALUATION","","REQUIRED_EVIDENCE_MISSING","methodology_contract; minimum_history=1; freshness_policy=UNSPECIFIED; applicability=APPLICABLE","trendlyne_domains=4/4; retained_documents=1","TRENDLYNE_STRUCTURED_PLUS_PERIOD_SCOPE_OR_OFFICIAL_FILING","p7-ic2-materialize-readiness + v14 reviewed/numeric/history validators","contract-valid source metadata","RAW_PROVIDER_CAPTURE_AVAILABLE; NORMALIZATION_OR_REVIEW_PENDING"
"0be332d7-4bac-4a00-a630-a3e2bbc10eb4","GRANULES","INE101D01020","ba931cab-794a-4a25-9a08-3944778e9edd","PHARMA","GLOBAL_GENERICS","PHARMA_V1_PLUS_REVIEWED_PRIMARY_SUBPROFILE","PORTFOLIOAI_P7_IC1_METHODOLOGY_R7_REGISTRY_V1","REVIEW_REQUIRED","CAPEX","","REQUIRED_EVIDENCE_MISSING","methodology_contract; minimum_history=3; freshness_policy=UNSPECIFIED; applicability=APPLICABLE","trendlyne_domains=4/4; retained_documents=1","TRENDLYNE_STRUCTURED_PLUS_PERIOD_SCOPE_OR_OFFICIAL_FILING","p7-ic2-materialize-readiness + v14 reviewed/numeric/history validators","contract-valid source metadata","RAW_PROVIDER_CAPTURE_AVAILABLE; NORMALIZATION_OR_REVIEW_PENDING"
"0be332d7-4bac-4a00-a630-a3e2bbc10eb4","GRANULES","INE101D01020","ba931cab-794a-4a25-9a08-3944778e9edd","PHARMA","GLOBAL_GENERICS","PHARMA_V1_PLUS_REVIEWED_PRIMARY_SUBPROFILE","PORTFOLIOAI_P7_IC1_METHODOLOGY_R7_REGISTRY_V1","REVIEW_REQUIRED","CFO_OR_FCF_CONVERSION","","REQUIRED_EVIDENCE_MISSING","methodology_contract; minimum_history=3; freshness_policy=UNSPECIFIED; applicability=APPLICABLE","trendlyne_domains=4/4; retained_documents=1","TRENDLYNE_STRUCTURED_PLUS_PERIOD_SCOPE_OR_OFFICIAL_FILING","p7-ic2-materialize-readiness + v14 reviewed/numeric/history validators","contract-valid source metadata","RAW_PROVIDER_CAPTURE_AVAILABLE; NORMALIZATION_OR_REVIEW_PENDING"
"0be332d7-4bac-4a00-a630-a3e2bbc10eb4","GRANULES","INE101D01020","ba931cab-794a-4a25-9a08-3944778e9edd","PHARMA","GLOBAL_GENERICS","PHARMA_V1_PLUS_REVIEWED_PRIMARY_SUBPROFILE","PORTFOLIOAI_P7_IC1_METHODOLOGY_R7_REGISTRY_V1","REVIEW_REQUIRED","EPS_GROWTH_MULTI_PERIOD","","REQUIRED_EVIDENCE_MISSING","methodology_contract; minimum_history=3; freshness_policy=UNSPECIFIED; applicability=APPLICABLE","trendlyne_domains=4/4; retained_documents=1","TRENDLYNE_STRUCTURED_PLUS_PERIOD_SCOPE_OR_OFFICIAL_FILING","p7-ic2-materialize-readiness + v14 reviewed/numeric/history validators","contract-valid source metadata","RAW_PROVIDER_CAPTURE_AVAILABLE; NORMALIZATION_OR_REVIEW_PENDING"
"0be332d7-4bac-4a00-a630-a3e2bbc10eb4","GRANULES","INE101D01020","ba931cab-794a-4a25-9a08-3944778e9edd","PHARMA","GLOBAL_GENERICS","PHARMA_V1_PLUS_REVIEWED_PRIMARY_SUBPROFILE","PORTFOLIOAI_P7_IC1_METHODOLOGY_R7_REGISTRY_V1","REVIEW_REQUIRED","EV_EBITDA","","REQUIRED_EVIDENCE_MISSING","methodology_contract; minimum_history=3; freshness_policy=UNSPECIFIED; applicability=APPLICABLE","trendlyne_domains=4/4; retained_documents=1","TRENDLYNE_STRUCTURED_PLUS_PERIOD_SCOPE_OR_OFFICIAL_FILING","p7-ic2-materialize-readiness + v14 reviewed/numeric/history validators","contract-valid source metadata","RAW_PROVIDER_CAPTURE_AVAILABLE; NORMALIZATION_OR_REVIEW_PENDING"
"0be332d7-4bac-4a00-a630-a3e2bbc10eb4","GRANULES","INE101D01020","ba931cab-794a-4a25-9a08-3944778e9edd","PHARMA","GLOBAL_GENERICS","PHARMA_V1_PLUS_REVIEWED_PRIMARY_SUBPROFILE","PORTFOLIOAI_P7_IC1_METHODOLOGY_R7_REGISTRY_V1","REVIEW_REQUIRED","FCF_YIELD","","REQUIRED_EVIDENCE_MISSING","methodology_contract; minimum_history=3; freshness_policy=UNSPECIFIED; applicability=APPLICABLE","trendlyne_domains=4/4; retained_documents=1","TRENDLYNE_STRUCTURED_PLUS_PERIOD_SCOPE_OR_OFFICIAL_FILING","p7-ic2-materialize-readiness + v14 reviewed/numeric/history validators","contract-valid source metadata","RAW_PROVIDER_CAPTURE_AVAILABLE; NORMALIZATION_OR_REVIEW_PENDING"
"0be332d7-4bac-4a00-a630-a3e2bbc10eb4","GRANULES","INE101D01020","ba931cab-794a-4a25-9a08-3944778e9edd","PHARMA","GLOBAL_GENERICS","PHARMA_V1_PLUS_REVIEWED_PRIMARY_SUBPROFILE","PORTFOLIOAI_P7_IC1_METHODOLOGY_R7_REGISTRY_V1","REVIEW_REQUIRED","GOVERNANCE_EVENT_REVIEW","","REQUIRED_EVIDENCE_MISSING","methodology_contract; minimum_history=4; freshness_policy=UNSPECIFIED; applicability=APPLICABLE","trendlyne_domains=4/4; retained_documents=1","DOCUMENT_DISCOVERY_OFFICIAL_SOURCE_REVIEW","p7-ic2-materialize-readiness + v14 reviewed/numeric/history validators","source metadata and/or factual reviewer decision","RAW_PROVIDER_CAPTURE_AVAILABLE; NORMALIZATION_OR_REVIEW_PENDING"
"0be332d7-4bac-4a00-a630-a3e2bbc10eb4","GRANULES","INE101D01020","ba931cab-794a-4a25-9a08-3944778e9edd","PHARMA","GLOBAL_GENERICS","PHARMA_V1_PLUS_REVIEWED_PRIMARY_SUBPROFILE","PORTFOLIOAI_P7_IC1_METHODOLOGY_R7_REGISTRY_V1","REVIEW_REQUIRED","NET_CASH_OR_LEVERAGE","","REQUIRED_EVIDENCE_MISSING","methodology_contract; minimum_history=3; freshness_policy=UNSPECIFIED; applicability=APPLICABLE","trendlyne_domains=4/4; retained_documents=1","TRENDLYNE_STRUCTURED_PLUS_PERIOD_SCOPE_OR_OFFICIAL_FILING","p7-ic2-materialize-readiness + v14 reviewed/numeric/history validators","contract-valid source metadata","RAW_PROVIDER_CAPTURE_AVAILABLE; NORMALIZATION_OR_REVIEW_PENDING"
"0be332d7-4bac-4a00-a630-a3e2bbc10eb4","GRANULES","INE101D01020","ba931cab-794a-4a25-9a08-3944778e9edd","PHARMA","GLOBAL_GENERICS","PHARMA_V1_PLUS_REVIEWED_PRIMARY_SUBPROFILE","PORTFOLIOAI_P7_IC1_METHODOLOGY_R7_REGISTRY_V1","REVIEW_REQUIRED","NET_PROFIT_GROWTH_MULTI_PERIOD","","REQUIRED_EVIDENCE_MISSING","methodology_contract; minimum_history=3; freshness_policy=UNSPECIFIED; applicability=APPLICABLE","trendlyne_domains=4/4; retained_documents=1","TRENDLYNE_STRUCTURED_PLUS_PERIOD_SCOPE_OR_OFFICIAL_FILING","p7-ic2-materialize-readiness + v14 reviewed/numeric/history validators","contract-valid source metadata","RAW_PROVIDER_CAPTURE_AVAILABLE; NORMALIZATION_OR_REVIEW_PENDING"
"0be332d7-4bac-4a00-a630-a3e2bbc10eb4","GRANULES","INE101D01020","ba931cab-794a-4a25-9a08-3944778e9edd","PHARMA","GLOBAL_GENERICS","PHARMA_V1_PLUS_REVIEWED_PRIMARY_SUBPROFILE","PORTFOLIOAI_P7_IC1_METHODOLOGY_R7_REGISTRY_V1","REVIEW_REQUIRED","OPERATING_MARGIN_HISTORY","","REQUIRED_EVIDENCE_MISSING","methodology_contract; minimum_history=8; freshness_policy=UNSPECIFIED; applicability=APPLICABLE","trendlyne_domains=4/4; retained_documents=1","DOCUMENT_DISCOVERY_OFFICIAL_SOURCE_REVIEW","p7-ic2-materialize-readiness + v14 reviewed/numeric/history validators","source metadata and/or factual reviewer decision","RAW_PROVIDER_CAPTURE_AVAILABLE; NORMALIZATION_OR_REVIEW_PENDING"
"0be332d7-4bac-4a00-a630-a3e2bbc10eb4","GRANULES","INE101D01020","ba931cab-794a-4a25-9a08-3944778e9edd","PHARMA","GLOBAL_GENERICS","PHARMA_V1_PLUS_REVIEWED_PRIMARY_SUBPROFILE","PORTFOLIOAI_P7_IC1_METHODOLOGY_R7_REGISTRY_V1","REVIEW_REQUIRED","OWNERSHIP_TREND_4Q","","REQUIRED_EVIDENCE_MISSING","methodology_contract; minimum_history=4; freshness_policy=UNSPECIFIED; applicability=APPLICABLE","trendlyne_domains=4/4; retained_documents=1","TRENDLYNE_OWNERSHIP_REVIEW","p7-ic2-materialize-readiness + v14 reviewed/numeric/history validators","source metadata and/or factual reviewer decision","RAW_PROVIDER_CAPTURE_AVAILABLE; NORMALIZATION_OR_REVIEW_PENDING"
"0be332d7-4bac-4a00-a630-a3e2bbc10eb4","GRANULES","INE101D01020","ba931cab-794a-4a25-9a08-3944778e9edd","PHARMA","GLOBAL_GENERICS","PHARMA_V1_PLUS_REVIEWED_PRIMARY_SUBPROFILE","PORTFOLIOAI_P7_IC1_METHODOLOGY_R7_REGISTRY_V1","REVIEW_REQUIRED","PE","","REQUIRED_EVIDENCE_MISSING","methodology_contract; minimum_history=3; freshness_policy=UNSPECIFIED; applicability=APPLICABLE","trendlyne_domains=4/4; retained_documents=1","TRENDLYNE_STRUCTURED_PLUS_PERIOD_SCOPE_OR_OFFICIAL_FILING","p7-ic2-materialize-readiness + v14 reviewed/numeric/history validators","contract-valid source metadata","RAW_PROVIDER_CAPTURE_AVAILABLE; NORMALIZATION_OR_REVIEW_PENDING"
"0be332d7-4bac-4a00-a630-a3e2bbc10eb4","GRANULES","INE101D01020","ba931cab-794a-4a25-9a08-3944778e9edd","PHARMA","GLOBAL_GENERICS","PHARMA_V1_PLUS_REVIEWED_PRIMARY_SUBPROFILE","PORTFOLIOAI_P7_IC1_METHODOLOGY_R7_REGISTRY_V1","REVIEW_REQUIRED","REGULATORY_RISK","","REQUIRED_EVIDENCE_MISSING","methodology_contract; minimum_history=252; freshness_policy=UNSPECIFIED; applicability=APPLICABLE","trendlyne_domains=4/4; retained_documents=1","DOCUMENT_DISCOVERY_OFFICIAL_SOURCE_REVIEW","p7-ic2-materialize-readiness + v14 reviewed/numeric/history validators","source metadata and/or factual reviewer decision","RAW_PROVIDER_CAPTURE_AVAILABLE; NORMALIZATION_OR_REVIEW_PENDING"
"0be332d7-4bac-4a00-a630-a3e2bbc10eb4","GRANULES","INE101D01020","ba931cab-794a-4a25-9a08-3944778e9edd","PHARMA","GLOBAL_GENERICS","PHARMA_V1_PLUS_REVIEWED_PRIMARY_SUBPROFILE","PORTFOLIOAI_P7_IC1_METHODOLOGY_R7_REGISTRY_V1","REVIEW_REQUIRED","REVENUE_GROWTH_MULTI_PERIOD","","REQUIRED_EVIDENCE_MISSING","methodology_contract; minimum_history=3; freshness_policy=UNSPECIFIED; applicability=APPLICABLE","trendlyne_domains=4/4; retained_documents=1","TRENDLYNE_STRUCTURED_PLUS_PERIOD_SCOPE_OR_OFFICIAL_FILING","p7-ic2-materialize-readiness + v14 reviewed/numeric/history validators","contract-valid source metadata","RAW_PROVIDER_CAPTURE_AVAILABLE; NORMALIZATION_OR_REVIEW_PENDING"
"0be332d7-4bac-4a00-a630-a3e2bbc10eb4","GRANULES","INE101D01020","ba931cab-794a-4a25-9a08-3944778e9edd","PHARMA","GLOBAL_GENERICS","PHARMA_V1_PLUS_REVIEWED_PRIMARY_SUBPROFILE","PORTFOLIOAI_P7_IC1_METHODOLOGY_R7_REGISTRY_V1","REVIEW_REQUIRED","ROCE_OR_ROIC","","REQUIRED_EVIDENCE_MISSING","methodology_contract; minimum_history=3; freshness_policy=UNSPECIFIED; applicability=APPLICABLE","trendlyne_domains=4/4; retained_documents=1","TRENDLYNE_STRUCTURED_PLUS_PERIOD_SCOPE_OR_OFFICIAL_FILING","p7-ic2-materialize-readiness + v14 reviewed/numeric/history validators","contract-valid source metadata","RAW_PROVIDER_CAPTURE_AVAILABLE; NORMALIZATION_OR_REVIEW_PENDING"
"ceca07c4-c14a-49c4-8add-fbc3e69ec89b","GRASIM","INE047A01021","8640b20c-26dc-4c80-a3ef-a70f38d41ff9","CEMENT_BUILDING_MATERIALS","","P7_IC1_CEMENT_BUILDING_MATERIALS_METHODOLOGY_V1","PORTFOLIOAI_P7_IC1_METHODOLOGY_R7_REGISTRY_V1","REVIEW_REQUIRED","COST_POSITION","","REQUIRED_EVIDENCE_MISSING","methodology_contract; minimum_history=8; freshness_policy=FUNDAMENTAL_150_DAYS_ANNUAL_550_DAYS; applicability=APPLICABLE","trendlyne_domains=4/4; retained_documents=1","PROFILE_CONTRACT_PROVIDER_OR_DOCUMENT_REVIEW","p7-ic2-materialize-readiness + v14 reviewed/numeric/history validators","source metadata and/or factual reviewer decision","RAW_PROVIDER_CAPTURE_AVAILABLE; NORMALIZATION_OR_REVIEW_PENDING"
"ceca07c4-c14a-49c4-8add-fbc3e69ec89b","GRASIM","INE047A01021","8640b20c-26dc-4c80-a3ef-a70f38d41ff9","CEMENT_BUILDING_MATERIALS","","P7_IC1_CEMENT_BUILDING_MATERIALS_METHODOLOGY_V1","PORTFOLIOAI_P7_IC1_METHODOLOGY_R7_REGISTRY_V1","REVIEW_REQUIRED","EBITDA_PER_TONNE_OR_MARGIN","","REQUIRED_EVIDENCE_MISSING","methodology_contract; minimum_history=8; freshness_policy=FUNDAMENTAL_150_DAYS_ANNUAL_550_DAYS; applicability=APPLICABLE","trendlyne_domains=4/4; retained_documents=1","TRENDLYNE_STRUCTURED_PLUS_PERIOD_SCOPE_OR_OFFICIAL_FILING","p7-ic2-materialize-readiness + v14 reviewed/numeric/history validators","contract-valid source metadata","RAW_PROVIDER_CAPTURE_AVAILABLE; NORMALIZATION_OR_REVIEW_PENDING"
"ceca07c4-c14a-49c4-8add-fbc3e69ec89b","GRASIM","INE047A01021","8640b20c-26dc-4c80-a3ef-a70f38d41ff9","CEMENT_BUILDING_MATERIALS","","P7_IC1_CEMENT_BUILDING_MATERIALS_METHODOLOGY_V1","PORTFOLIOAI_P7_IC1_METHODOLOGY_R7_REGISTRY_V1","REVIEW_REQUIRED","ENERGY_FREIGHT_CYCLE_CARBON","","REQUIRED_EVIDENCE_MISSING","methodology_contract; minimum_history=252; freshness_policy=MARKET_5_TRADING_DAYS; applicability=APPLICABLE","trendlyne_domains=4/4; retained_documents=1","PROFILE_CONTRACT_PROVIDER_OR_DOCUMENT_REVIEW","p7-ic2-materialize-readiness + v14 reviewed/numeric/history validators","source metadata and/or factual reviewer decision","RAW_PROVIDER_CAPTURE_AVAILABLE; NORMALIZATION_OR_REVIEW_PENDING"
"ceca07c4-c14a-49c4-8add-fbc3e69ec89b","GRASIM","INE047A01021","8640b20c-26dc-4c80-a3ef-a70f38d41ff9","CEMENT_BUILDING_MATERIALS","","P7_IC1_CEMENT_BUILDING_MATERIALS_METHODOLOGY_V1","PORTFOLIOAI_P7_IC1_METHODOLOGY_R7_REGISTRY_V1","REVIEW_REQUIRED","EV_EBITDA_NORMALIZED","","REQUIRED_EVIDENCE_MISSING","methodology_contract; minimum_history=3; freshness_policy=FUNDAMENTAL_150_DAYS_ANNUAL_550_DAYS; applicability=APPLICABLE","trendlyne_domains=4/4; retained_documents=1","TRENDLYNE_STRUCTURED_PLUS_PERIOD_SCOPE_OR_OFFICIAL_FILING","p7-ic2-materialize-readiness + v14 reviewed/numeric/history validators","contract-valid source metadata","RAW_PROVIDER_CAPTURE_AVAILABLE; NORMALIZATION_OR_REVIEW_PENDING"
"ceca07c4-c14a-49c4-8add-fbc3e69ec89b","GRASIM","INE047A01021","8640b20c-26dc-4c80-a3ef-a70f38d41ff9","CEMENT_BUILDING_MATERIALS","","P7_IC1_CEMENT_BUILDING_MATERIALS_METHODOLOGY_V1","PORTFOLIOAI_P7_IC1_METHODOLOGY_R7_REGISTRY_V1","REVIEW_REQUIRED","EV_EBITDA_PER_TONNE","","REQUIRED_EVIDENCE_MISSING","methodology_contract; minimum_history=3; freshness_policy=FUNDAMENTAL_150_DAYS_ANNUAL_550_DAYS; applicability=APPLICABLE","trendlyne_domains=4/4; retained_documents=1","TRENDLYNE_STRUCTURED_PLUS_PERIOD_SCOPE_OR_OFFICIAL_FILING","p7-ic2-materialize-readiness + v14 reviewed/numeric/history validators","contract-valid source metadata","RAW_PROVIDER_CAPTURE_AVAILABLE; NORMALIZATION_OR_REVIEW_PENDING"
"ceca07c4-c14a-49c4-8add-fbc3e69ec89b","GRASIM","INE047A01021","8640b20c-26dc-4c80-a3ef-a70f38d41ff9","CEMENT_BUILDING_MATERIALS","","P7_IC1_CEMENT_BUILDING_MATERIALS_METHODOLOGY_V1","PORTFOLIOAI_P7_IC1_METHODOLOGY_R7_REGISTRY_V1","REVIEW_REQUIRED","FCF_YIELD","","REQUIRED_EVIDENCE_MISSING","methodology_contract; minimum_history=3; freshness_policy=FUNDAMENTAL_150_DAYS_ANNUAL_550_DAYS; applicability=APPLICABLE","trendlyne_domains=4/4; retained_documents=1","TRENDLYNE_STRUCTURED_PLUS_PERIOD_SCOPE_OR_OFFICIAL_FILING","p7-ic2-materialize-readiness + v14 reviewed/numeric/history validators","contract-valid source metadata","RAW_PROVIDER_CAPTURE_AVAILABLE; NORMALIZATION_OR_REVIEW_PENDING"
"ceca07c4-c14a-49c4-8add-fbc3e69ec89b","GRASIM","INE047A01021","8640b20c-26dc-4c80-a3ef-a70f38d41ff9","CEMENT_BUILDING_MATERIALS","","P7_IC1_CEMENT_BUILDING_MATERIALS_METHODOLOGY_V1","PORTFOLIOAI_P7_IC1_METHODOLOGY_R7_REGISTRY_V1","REVIEW_REQUIRED","GOVERNANCE_EVENT_REVIEW","","REQUIRED_EVIDENCE_MISSING","methodology_contract; minimum_history=4; freshness_policy=FUNDAMENTAL_150_DAYS_ANNUAL_550_DAYS; applicability=APPLICABLE","trendlyne_domains=4/4; retained_documents=1","DOCUMENT_DISCOVERY_OFFICIAL_SOURCE_REVIEW","p7-ic2-materialize-readiness + v14 reviewed/numeric/history validators","source metadata and/or factual reviewer decision","RAW_PROVIDER_CAPTURE_AVAILABLE; NORMALIZATION_OR_REVIEW_PENDING"
"ceca07c4-c14a-49c4-8add-fbc3e69ec89b","GRASIM","INE047A01021","8640b20c-26dc-4c80-a3ef-a70f38d41ff9","CEMENT_BUILDING_MATERIALS","","P7_IC1_CEMENT_BUILDING_MATERIALS_METHODOLOGY_V1","PORTFOLIOAI_P7_IC1_METHODOLOGY_R7_REGISTRY_V1","REVIEW_REQUIRED","NET_DEBT_INTEREST_COVERAGE","","REQUIRED_EVIDENCE_MISSING","methodology_contract; minimum_history=3; freshness_policy=FUNDAMENTAL_150_DAYS_ANNUAL_550_DAYS; applicability=APPLICABLE","trendlyne_domains=4/4; retained_documents=1","TRENDLYNE_STRUCTURED_PLUS_PERIOD_SCOPE_OR_OFFICIAL_FILING","p7-ic2-materialize-readiness + v14 reviewed/numeric/history validators","contract-valid source metadata","RAW_PROVIDER_CAPTURE_AVAILABLE; NORMALIZATION_OR_REVIEW_PENDING"
"fab25835-38a0-4e57-9209-880d43bc131e","GRAVITA","INE024L01027","ef7e4a4c-e2ac-47c8-ae4c-2358c44ac4e4","NON_FERROUS_DIVERSIFIED_METALS","","METALS_COMMODITIES_K4B_SCORING_V1","PORTFOLIOAI_P7_IC1_METHODOLOGY_R7_REGISTRY_V1","REVIEW_REQUIRED","NET_DEBT_AND_INTEREST_COVERAGE_MID_CYCLE","","REQUIRED_EVIDENCE_MISSING","methodology_contract; minimum_history=1; freshness_policy=UNSPECIFIED; applicability=APPLICABLE","trendlyne_domains=4/4; retained_documents=1","TRENDLYNE_STRUCTURED_PLUS_PERIOD_SCOPE_OR_OFFICIAL_FILING","p7-ic2-materialize-readiness + v14 reviewed/numeric/history validators","contract-valid source metadata","RAW_PROVIDER_CAPTURE_AVAILABLE; NORMALIZATION_OR_REVIEW_PENDING"
"fab25835-38a0-4e57-9209-880d43bc131e","GRAVITA","INE024L01027","ef7e4a4c-e2ac-47c8-ae4c-2358c44ac4e4","NON_FERROUS_DIVERSIFIED_METALS","","METALS_COMMODITIES_K4B_SCORING_V1","PORTFOLIOAI_P7_IC1_METHODOLOGY_R7_REGISTRY_V1","REVIEW_REQUIRED","PRODUCTION_VOLUME_REALIZATION_GROWTH","","REQUIRED_EVIDENCE_MISSING","methodology_contract; minimum_history=1; freshness_policy=UNSPECIFIED; applicability=APPLICABLE","trendlyne_domains=4/4; retained_documents=1","TRENDLYNE_STRUCTURED_PLUS_PERIOD_SCOPE_OR_OFFICIAL_FILING","p7-ic2-materialize-readiness + v14 reviewed/numeric/history validators","contract-valid source metadata","RAW_PROVIDER_CAPTURE_AVAILABLE; NORMALIZATION_OR_REVIEW_PENDING"
"ba228714-f7a2-4ff5-97ff-9dfda103ea06","GROWW","INE0HOQ01053","0d325403-eca5-429e-823c-5509b69fdd7b","CAPITAL_MARKETS_AMC","","FIN_SERVICES_NON_LENDER_K4B_SCORING_V1","PORTFOLIOAI_P7_IC1_METHODOLOGY_R7_REGISTRY_V1","INSUFFICIENT","AUM_CLIENT_ASSET_AND_EARNINGS_GROWTH","","REQUIRED_EVIDENCE_MISSING","methodology_contract; minimum_history=1; freshness_policy=UNSPECIFIED; applicability=APPLICABLE","trendlyne_domains=4/4; retained_documents=1","DOCUMENT_DISCOVERY_OFFICIAL_SOURCE_REVIEW","p7-ic2-materialize-readiness + v14 reviewed/numeric/history validators","source metadata and/or factual reviewer decision","RAW_PROVIDER_CAPTURE_AVAILABLE; NORMALIZATION_OR_REVIEW_PENDING"
"ba228714-f7a2-4ff5-97ff-9dfda103ea06","GROWW","INE0HOQ01053","0d325403-eca5-429e-823c-5509b69fdd7b","CAPITAL_MARKETS_AMC","","FIN_SERVICES_NON_LENDER_K4B_SCORING_V1","PORTFOLIOAI_P7_IC1_METHODOLOGY_R7_REGISTRY_V1","INSUFFICIENT","CAPITAL_MARKETS_DURABILITY","","REQUIRED_EVIDENCE_MISSING","methodology_contract; minimum_history=1; freshness_policy=UNSPECIFIED; applicability=APPLICABLE","trendlyne_domains=4/4; retained_documents=1","DOCUMENT_DISCOVERY_OFFICIAL_SOURCE_REVIEW","p7-ic2-materialize-readiness + v14 reviewed/numeric/history validators","source metadata and/or factual reviewer decision","RAW_PROVIDER_CAPTURE_AVAILABLE; NORMALIZATION_OR_REVIEW_PENDING"
"ba228714-f7a2-4ff5-97ff-9dfda103ea06","GROWW","INE0HOQ01053","0d325403-eca5-429e-823c-5509b69fdd7b","CAPITAL_MARKETS_AMC","","FIN_SERVICES_NON_LENDER_K4B_SCORING_V1","PORTFOLIOAI_P7_IC1_METHODOLOGY_R7_REGISTRY_V1","INSUFFICIENT","CFO_OR_FCF_CONVERSION","","REQUIRED_EVIDENCE_MISSING","methodology_contract; minimum_history=1; freshness_policy=UNSPECIFIED; applicability=APPLICABLE","trendlyne_domains=4/4; retained_documents=1","TRENDLYNE_STRUCTURED_PLUS_PERIOD_SCOPE_OR_OFFICIAL_FILING","p7-ic2-materialize-readiness + v14 reviewed/numeric/history validators","contract-valid source metadata","RAW_PROVIDER_CAPTURE_AVAILABLE; NORMALIZATION_OR_REVIEW_PENDING"
"ba228714-f7a2-4ff5-97ff-9dfda103ea06","GROWW","INE0HOQ01053","0d325403-eca5-429e-823c-5509b69fdd7b","CAPITAL_MARKETS_AMC","","FIN_SERVICES_NON_LENDER_K4B_SCORING_V1","PORTFOLIOAI_P7_IC1_METHODOLOGY_R7_REGISTRY_V1","INSUFFICIENT","NET_CASH_OR_LEVERAGE","","REQUIRED_EVIDENCE_MISSING","methodology_contract; minimum_history=1; freshness_policy=UNSPECIFIED; applicability=APPLICABLE","trendlyne_domains=4/4; retained_documents=1","TRENDLYNE_STRUCTURED_PLUS_PERIOD_SCOPE_OR_OFFICIAL_FILING","p7-ic2-materialize-readiness + v14 reviewed/numeric/history validators","contract-valid source metadata","RAW_PROVIDER_CAPTURE_AVAILABLE; NORMALIZATION_OR_REVIEW_PENDING"
"ba228714-f7a2-4ff5-97ff-9dfda103ea06","GROWW","INE0HOQ01053","0d325403-eca5-429e-823c-5509b69fdd7b","CAPITAL_MARKETS_AMC","","FIN_SERVICES_NON_LENDER_K4B_SCORING_V1","PORTFOLIOAI_P7_IC1_METHODOLOGY_R7_REGISTRY_V1","INSUFFICIENT","OPERATING_MARGIN_HISTORY","","REQUIRED_EVIDENCE_MISSING","methodology_contract; minimum_history=1; freshness_policy=UNSPECIFIED; applicability=APPLICABLE","trendlyne_domains=4/4; retained_documents=1","DOCUMENT_DISCOVERY_OFFICIAL_SOURCE_REVIEW","p7-ic2-materialize-readiness + v14 reviewed/numeric/history validators","source metadata and/or factual reviewer decision","RAW_PROVIDER_CAPTURE_AVAILABLE; NORMALIZATION_OR_REVIEW_PENDING"
"ba228714-f7a2-4ff5-97ff-9dfda103ea06","GROWW","INE0HOQ01053","0d325403-eca5-429e-823c-5509b69fdd7b","CAPITAL_MARKETS_AMC","","FIN_SERVICES_NON_LENDER_K4B_SCORING_V1","PORTFOLIOAI_P7_IC1_METHODOLOGY_R7_REGISTRY_V1","INSUFFICIENT","OWNERSHIP_GOVERNANCE","","REQUIRED_EVIDENCE_MISSING","methodology_contract; minimum_history=4; freshness_policy=UNSPECIFIED; applicability=APPLICABLE","trendlyne_domains=4/4; retained_documents=1","TRENDLYNE_OWNERSHIP_REVIEW","p7-ic2-materialize-readiness + v14 reviewed/numeric/history validators","source metadata and/or factual reviewer decision","RAW_PROVIDER_CAPTURE_AVAILABLE; NORMALIZATION_OR_REVIEW_PENDING"
"ba228714-f7a2-4ff5-97ff-9dfda103ea06","GROWW","INE0HOQ01053","0d325403-eca5-429e-823c-5509b69fdd7b","CAPITAL_MARKETS_AMC","","FIN_SERVICES_NON_LENDER_K4B_SCORING_V1","PORTFOLIOAI_P7_IC1_METHODOLOGY_R7_REGISTRY_V1","INSUFFICIENT","ROE_OR_ROIC","","REQUIRED_EVIDENCE_MISSING","methodology_contract; minimum_history=1; freshness_policy=UNSPECIFIED; applicability=APPLICABLE","trendlyne_domains=4/4; retained_documents=1","TRENDLYNE_STRUCTURED_PLUS_PERIOD_SCOPE_OR_OFFICIAL_FILING","p7-ic2-materialize-readiness + v14 reviewed/numeric/history validators","contract-valid source metadata","RAW_PROVIDER_CAPTURE_AVAILABLE; NORMALIZATION_OR_REVIEW_PENDING"
"ba228714-f7a2-4ff5-97ff-9dfda103ea06","GROWW","INE0HOQ01053","0d325403-eca5-429e-823c-5509b69fdd7b","CAPITAL_MARKETS_AMC","","FIN_SERVICES_NON_LENDER_K4B_SCORING_V1","PORTFOLIOAI_P7_IC1_METHODOLOGY_R7_REGISTRY_V1","INSUFFICIENT","VALUATION","","REQUIRED_EVIDENCE_MISSING","methodology_contract; minimum_history=1; freshness_policy=UNSPECIFIED; applicability=APPLICABLE","trendlyne_domains=4/4; retained_documents=1","TRENDLYNE_STRUCTURED_PLUS_PERIOD_SCOPE_OR_OFFICIAL_FILING","p7-ic2-materialize-readiness + v14 reviewed/numeric/history validators","contract-valid source metadata","RAW_PROVIDER_CAPTURE_AVAILABLE; NORMALIZATION_OR_REVIEW_PENDING"
"5661e19b-de4b-4ddf-a034-46d6c9f0af8f","GRSE","INE382Z01011","a7e93a0a-4f3b-4aa8-93e2-ac62d20566b4","DEFENCE_AEROSPACE","","INDUSTRIALS_CAPITAL_GOODS_K4B_SCORING_V1","PORTFOLIOAI_P7_IC1_METHODOLOGY_R7_REGISTRY_V1","REVIEW_REQUIRED","BUSINESS_DURABILITY","","REQUIRED_EVIDENCE_MISSING","methodology_contract; minimum_history=1; freshness_policy=UNSPECIFIED; applicability=APPLICABLE","trendlyne_domains=4/4; retained_documents=1","DOCUMENT_DISCOVERY_OFFICIAL_SOURCE_REVIEW","p7-ic2-materialize-readiness + v14 reviewed/numeric/history validators","source metadata and/or factual reviewer decision","RAW_PROVIDER_CAPTURE_AVAILABLE; NORMALIZATION_OR_REVIEW_PENDING"
"5661e19b-de4b-4ddf-a034-46d6c9f0af8f","GRSE","INE382Z01011","a7e93a0a-4f3b-4aa8-93e2-ac62d20566b4","DEFENCE_AEROSPACE","","INDUSTRIALS_CAPITAL_GOODS_K4B_SCORING_V1","PORTFOLIOAI_P7_IC1_METHODOLOGY_R7_REGISTRY_V1","REVIEW_REQUIRED","CFO_FCF_CONVERSION","","REQUIRED_EVIDENCE_MISSING","methodology_contract; minimum_history=1; freshness_policy=UNSPECIFIED; applicability=APPLICABLE","trendlyne_domains=4/4; retained_documents=1","TRENDLYNE_STRUCTURED_PLUS_PERIOD_SCOPE_OR_OFFICIAL_FILING","p7-ic2-materialize-readiness + v14 reviewed/numeric/history validators","contract-valid source metadata","RAW_PROVIDER_CAPTURE_AVAILABLE; NORMALIZATION_OR_REVIEW_PENDING"
"5661e19b-de4b-4ddf-a034-46d6c9f0af8f","GRSE","INE382Z01011","a7e93a0a-4f3b-4aa8-93e2-ac62d20566b4","DEFENCE_AEROSPACE","","INDUSTRIALS_CAPITAL_GOODS_K4B_SCORING_V1","PORTFOLIOAI_P7_IC1_METHODOLOGY_R7_REGISTRY_V1","REVIEW_REQUIRED","NET_DEBT_AND_INTEREST_COVERAGE","","REQUIRED_EVIDENCE_MISSING","methodology_contract; minimum_history=1; freshness_policy=UNSPECIFIED; applicability=APPLICABLE","trendlyne_domains=4/4; retained_documents=1","TRENDLYNE_STRUCTURED_PLUS_PERIOD_SCOPE_OR_OFFICIAL_FILING","p7-ic2-materialize-readiness + v14 reviewed/numeric/history validators","contract-valid source metadata","RAW_PROVIDER_CAPTURE_AVAILABLE; NORMALIZATION_OR_REVIEW_PENDING"
"5661e19b-de4b-4ddf-a034-46d6c9f0af8f","GRSE","INE382Z01011","a7e93a0a-4f3b-4aa8-93e2-ac62d20566b4","DEFENCE_AEROSPACE","","INDUSTRIALS_CAPITAL_GOODS_K4B_SCORING_V1","PORTFOLIOAI_P7_IC1_METHODOLOGY_R7_REGISTRY_V1","REVIEW_REQUIRED","OPERATING_MARGIN_HISTORY","","REQUIRED_EVIDENCE_MISSING","methodology_contract; minimum_history=1; freshness_policy=UNSPECIFIED; applicability=APPLICABLE","trendlyne_domains=4/4; retained_documents=1","DOCUMENT_DISCOVERY_OFFICIAL_SOURCE_REVIEW","p7-ic2-materialize-readiness + v14 reviewed/numeric/history validators","source metadata and/or factual reviewer decision","RAW_PROVIDER_CAPTURE_AVAILABLE; NORMALIZATION_OR_REVIEW_PENDING"
"5661e19b-de4b-4ddf-a034-46d6c9f0af8f","GRSE","INE382Z01011","a7e93a0a-4f3b-4aa8-93e2-ac62d20566b4","DEFENCE_AEROSPACE","","INDUSTRIALS_CAPITAL_GOODS_K4B_SCORING_V1","PORTFOLIOAI_P7_IC1_METHODOLOGY_R7_REGISTRY_V1","REVIEW_REQUIRED","ORDER_BOOK_AND_EXECUTION_GROWTH","","REQUIRED_EVIDENCE_MISSING","methodology_contract; minimum_history=1; freshness_policy=UNSPECIFIED; applicability=APPLICABLE","trendlyne_domains=4/4; retained_documents=1","TRENDLYNE_STRUCTURED_PLUS_PERIOD_SCOPE_OR_OFFICIAL_FILING","p7-ic2-materialize-readiness + v14 reviewed/numeric/history validators","contract-valid source metadata","RAW_PROVIDER_CAPTURE_AVAILABLE; NORMALIZATION_OR_REVIEW_PENDING"
"5661e19b-de4b-4ddf-a034-46d6c9f0af8f","GRSE","INE382Z01011","a7e93a0a-4f3b-4aa8-93e2-ac62d20566b4","DEFENCE_AEROSPACE","","INDUSTRIALS_CAPITAL_GOODS_K4B_SCORING_V1","PORTFOLIOAI_P7_IC1_METHODOLOGY_R7_REGISTRY_V1","REVIEW_REQUIRED","OWNERSHIP_GOVERNANCE","","REQUIRED_EVIDENCE_MISSING","methodology_contract; minimum_history=4; freshness_policy=UNSPECIFIED; applicability=APPLICABLE","trendlyne_domains=4/4; retained_documents=1","TRENDLYNE_OWNERSHIP_REVIEW","p7-ic2-materialize-readiness + v14 reviewed/numeric/history validators","source metadata and/or factual reviewer decision","RAW_PROVIDER_CAPTURE_AVAILABLE; NORMALIZATION_OR_REVIEW_PENDING"
"5661e19b-de4b-4ddf-a034-46d6c9f0af8f","GRSE","INE382Z01011","a7e93a0a-4f3b-4aa8-93e2-ac62d20566b4","DEFENCE_AEROSPACE","","INDUSTRIALS_CAPITAL_GOODS_K4B_SCORING_V1","PORTFOLIOAI_P7_IC1_METHODOLOGY_R7_REGISTRY_V1","REVIEW_REQUIRED","ROCE_OR_ROIC","","REQUIRED_EVIDENCE_MISSING","methodology_contract; minimum_history=1; freshness_policy=UNSPECIFIED; applicability=APPLICABLE","trendlyne_domains=4/4; retained_documents=1","TRENDLYNE_STRUCTURED_PLUS_PERIOD_SCOPE_OR_OFFICIAL_FILING","p7-ic2-materialize-readiness + v14 reviewed/numeric/history validators","contract-valid source metadata","RAW_PROVIDER_CAPTURE_AVAILABLE; NORMALIZATION_OR_REVIEW_PENDING"
"5661e19b-de4b-4ddf-a034-46d6c9f0af8f","GRSE","INE382Z01011","a7e93a0a-4f3b-4aa8-93e2-ac62d20566b4","DEFENCE_AEROSPACE","","INDUSTRIALS_CAPITAL_GOODS_K4B_SCORING_V1","PORTFOLIOAI_P7_IC1_METHODOLOGY_R7_REGISTRY_V1","REVIEW_REQUIRED","VALUATION","","REQUIRED_EVIDENCE_MISSING","methodology_contract; minimum_history=1; freshness_policy=UNSPECIFIED; applicability=APPLICABLE","trendlyne_domains=4/4; retained_documents=1","TRENDLYNE_STRUCTURED_PLUS_PERIOD_SCOPE_OR_OFFICIAL_FILING","p7-ic2-materialize-readiness + v14 reviewed/numeric/history validators","contract-valid source metadata","RAW_PROVIDER_CAPTURE_AVAILABLE; NORMALIZATION_OR_REVIEW_PENDING"
"ece0aa93-0d35-4748-9316-dd2eb100ad63","HAL","INE066F01020","04a0ea03-af59-483e-8e9b-576767b0610a","DEFENCE_AEROSPACE","","INDUSTRIALS_CAPITAL_GOODS_K4B_SCORING_V1","PORTFOLIOAI_P7_IC1_METHODOLOGY_R7_REGISTRY_V1","REVIEW_REQUIRED","BUSINESS_DURABILITY","","REQUIRED_EVIDENCE_MISSING","methodology_contract; minimum_history=1; freshness_policy=UNSPECIFIED; applicability=APPLICABLE","trendlyne_domains=4/4; retained_documents=1","DOCUMENT_DISCOVERY_OFFICIAL_SOURCE_REVIEW","p7-ic2-materialize-readiness + v14 reviewed/numeric/history validators","source metadata and/or factual reviewer decision","RAW_PROVIDER_CAPTURE_AVAILABLE; NORMALIZATION_OR_REVIEW_PENDING"
"ece0aa93-0d35-4748-9316-dd2eb100ad63","HAL","INE066F01020","04a0ea03-af59-483e-8e9b-576767b0610a","DEFENCE_AEROSPACE","","INDUSTRIALS_CAPITAL_GOODS_K4B_SCORING_V1","PORTFOLIOAI_P7_IC1_METHODOLOGY_R7_REGISTRY_V1","REVIEW_REQUIRED","CFO_FCF_CONVERSION","","REQUIRED_EVIDENCE_MISSING","methodology_contract; minimum_history=1; freshness_policy=UNSPECIFIED; applicability=APPLICABLE","trendlyne_domains=4/4; retained_documents=1","TRENDLYNE_STRUCTURED_PLUS_PERIOD_SCOPE_OR_OFFICIAL_FILING","p7-ic2-materialize-readiness + v14 reviewed/numeric/history validators","contract-valid source metadata","RAW_PROVIDER_CAPTURE_AVAILABLE; NORMALIZATION_OR_REVIEW_PENDING"
"ece0aa93-0d35-4748-9316-dd2eb100ad63","HAL","INE066F01020","04a0ea03-af59-483e-8e9b-576767b0610a","DEFENCE_AEROSPACE","","INDUSTRIALS_CAPITAL_GOODS_K4B_SCORING_V1","PORTFOLIOAI_P7_IC1_METHODOLOGY_R7_REGISTRY_V1","REVIEW_REQUIRED","NET_DEBT_AND_INTEREST_COVERAGE","","REQUIRED_EVIDENCE_MISSING","methodology_contract; minimum_history=1; freshness_policy=UNSPECIFIED; applicability=APPLICABLE","trendlyne_domains=4/4; retained_documents=1","TRENDLYNE_STRUCTURED_PLUS_PERIOD_SCOPE_OR_OFFICIAL_FILING","p7-ic2-materialize-readiness + v14 reviewed/numeric/history validators","contract-valid source metadata","RAW_PROVIDER_CAPTURE_AVAILABLE; NORMALIZATION_OR_REVIEW_PENDING"
"ece0aa93-0d35-4748-9316-dd2eb100ad63","HAL","INE066F01020","04a0ea03-af59-483e-8e9b-576767b0610a","DEFENCE_AEROSPACE","","INDUSTRIALS_CAPITAL_GOODS_K4B_SCORING_V1","PORTFOLIOAI_P7_IC1_METHODOLOGY_R7_REGISTRY_V1","REVIEW_REQUIRED","OPERATING_MARGIN_HISTORY","","REQUIRED_EVIDENCE_MISSING","methodology_contract; minimum_history=1; freshness_policy=UNSPECIFIED; applicability=APPLICABLE","trendlyne_domains=4/4; retained_documents=1","DOCUMENT_DISCOVERY_OFFICIAL_SOURCE_REVIEW","p7-ic2-materialize-readiness + v14 reviewed/numeric/history validators","source metadata and/or factual reviewer decision","RAW_PROVIDER_CAPTURE_AVAILABLE; NORMALIZATION_OR_REVIEW_PENDING"
"ece0aa93-0d35-4748-9316-dd2eb100ad63","HAL","INE066F01020","04a0ea03-af59-483e-8e9b-576767b0610a","DEFENCE_AEROSPACE","","INDUSTRIALS_CAPITAL_GOODS_K4B_SCORING_V1","PORTFOLIOAI_P7_IC1_METHODOLOGY_R7_REGISTRY_V1","REVIEW_REQUIRED","ORDER_BOOK_AND_EXECUTION_GROWTH","","REQUIRED_EVIDENCE_MISSING","methodology_contract; minimum_history=1; freshness_policy=UNSPECIFIED; applicability=APPLICABLE","trendlyne_domains=4/4; retained_documents=1","TRENDLYNE_STRUCTURED_PLUS_PERIOD_SCOPE_OR_OFFICIAL_FILING","p7-ic2-materialize-readiness + v14 reviewed/numeric/history validators","contract-valid source metadata","RAW_PROVIDER_CAPTURE_AVAILABLE; NORMALIZATION_OR_REVIEW_PENDING"
"ece0aa93-0d35-4748-9316-dd2eb100ad63","HAL","INE066F01020","04a0ea03-af59-483e-8e9b-576767b0610a","DEFENCE_AEROSPACE","","INDUSTRIALS_CAPITAL_GOODS_K4B_SCORING_V1","PORTFOLIOAI_P7_IC1_METHODOLOGY_R7_REGISTRY_V1","REVIEW_REQUIRED","OWNERSHIP_GOVERNANCE","","REQUIRED_EVIDENCE_MISSING","methodology_contract; minimum_history=4; freshness_policy=UNSPECIFIED; applicability=APPLICABLE","trendlyne_domains=4/4; retained_documents=1","TRENDLYNE_OWNERSHIP_REVIEW","p7-ic2-materialize-readiness + v14 reviewed/numeric/history validators","source metadata and/or factual reviewer decision","RAW_PROVIDER_CAPTURE_AVAILABLE; NORMALIZATION_OR_REVIEW_PENDING"
"ece0aa93-0d35-4748-9316-dd2eb100ad63","HAL","INE066F01020","04a0ea03-af59-483e-8e9b-576767b0610a","DEFENCE_AEROSPACE","","INDUSTRIALS_CAPITAL_GOODS_K4B_SCORING_V1","PORTFOLIOAI_P7_IC1_METHODOLOGY_R7_REGISTRY_V1","REVIEW_REQUIRED","ROCE_OR_ROIC","","REQUIRED_EVIDENCE_MISSING","methodology_contract; minimum_history=1; freshness_policy=UNSPECIFIED; applicability=APPLICABLE","trendlyne_domains=4/4; retained_documents=1","TRENDLYNE_STRUCTURED_PLUS_PERIOD_SCOPE_OR_OFFICIAL_FILING","p7-ic2-materialize-readiness + v14 reviewed/numeric/history validators","contract-valid source metadata","RAW_PROVIDER_CAPTURE_AVAILABLE; NORMALIZATION_OR_REVIEW_PENDING"
"ece0aa93-0d35-4748-9316-dd2eb100ad63","HAL","INE066F01020","04a0ea03-af59-483e-8e9b-576767b0610a","DEFENCE_AEROSPACE","","INDUSTRIALS_CAPITAL_GOODS_K4B_SCORING_V1","PORTFOLIOAI_P7_IC1_METHODOLOGY_R7_REGISTRY_V1","REVIEW_REQUIRED","VALUATION","","REQUIRED_EVIDENCE_MISSING","methodology_contract; minimum_history=1; freshness_policy=UNSPECIFIED; applicability=APPLICABLE","trendlyne_domains=4/4; retained_documents=1","TRENDLYNE_STRUCTURED_PLUS_PERIOD_SCOPE_OR_OFFICIAL_FILING","p7-ic2-materialize-readiness + v14 reviewed/numeric/history validators","contract-valid source metadata","RAW_PROVIDER_CAPTURE_AVAILABLE; NORMALIZATION_OR_REVIEW_PENDING"
"1d24de75-d7cd-47b7-bb71-e4234cbead4a","HBLENGINE","INE292B01021","2415c708-ff49-4c9f-885b-b417545d2a04","CAPITAL_EQUIPMENT_ELECTRICAL","","INDUSTRIALS_CAPITAL_GOODS_K4B_SCORING_V1","PORTFOLIOAI_P7_IC1_METHODOLOGY_R7_REGISTRY_V1","REVIEW_REQUIRED","BUSINESS_DURABILITY","","REQUIRED_EVIDENCE_MISSING","methodology_contract; minimum_history=1; freshness_policy=UNSPECIFIED; applicability=APPLICABLE","trendlyne_domains=4/4; retained_documents=1","DOCUMENT_DISCOVERY_OFFICIAL_SOURCE_REVIEW","p7-ic2-materialize-readiness + v14 reviewed/numeric/history validators","source metadata and/or factual reviewer decision","RAW_PROVIDER_CAPTURE_AVAILABLE; NORMALIZATION_OR_REVIEW_PENDING"
"1d24de75-d7cd-47b7-bb71-e4234cbead4a","HBLENGINE","INE292B01021","2415c708-ff49-4c9f-885b-b417545d2a04","CAPITAL_EQUIPMENT_ELECTRICAL","","INDUSTRIALS_CAPITAL_GOODS_K4B_SCORING_V1","PORTFOLIOAI_P7_IC1_METHODOLOGY_R7_REGISTRY_V1","REVIEW_REQUIRED","CFO_FCF_AND_WORKING_CAPITAL","","REQUIRED_EVIDENCE_MISSING","methodology_contract; minimum_history=1; freshness_policy=UNSPECIFIED; applicability=APPLICABLE","trendlyne_domains=4/4; retained_documents=1","TRENDLYNE_STRUCTURED_PLUS_PERIOD_SCOPE_OR_OFFICIAL_FILING","p7-ic2-materialize-readiness + v14 reviewed/numeric/history validators","contract-valid source metadata","RAW_PROVIDER_CAPTURE_AVAILABLE; NORMALIZATION_OR_REVIEW_PENDING"
"1d24de75-d7cd-47b7-bb71-e4234cbead4a","HBLENGINE","INE292B01021","2415c708-ff49-4c9f-885b-b417545d2a04","CAPITAL_EQUIPMENT_ELECTRICAL","","INDUSTRIALS_CAPITAL_GOODS_K4B_SCORING_V1","PORTFOLIOAI_P7_IC1_METHODOLOGY_R7_REGISTRY_V1","REVIEW_REQUIRED","NET_DEBT_AND_INTEREST_COVERAGE","","REQUIRED_EVIDENCE_MISSING","methodology_contract; minimum_history=1; freshness_policy=UNSPECIFIED; applicability=APPLICABLE","trendlyne_domains=4/4; retained_documents=1","TRENDLYNE_STRUCTURED_PLUS_PERIOD_SCOPE_OR_OFFICIAL_FILING","p7-ic2-materialize-readiness + v14 reviewed/numeric/history validators","contract-valid source metadata","RAW_PROVIDER_CAPTURE_AVAILABLE; NORMALIZATION_OR_REVIEW_PENDING"
"1d24de75-d7cd-47b7-bb71-e4234cbead4a","HBLENGINE","INE292B01021","2415c708-ff49-4c9f-885b-b417545d2a04","CAPITAL_EQUIPMENT_ELECTRICAL","","INDUSTRIALS_CAPITAL_GOODS_K4B_SCORING_V1","PORTFOLIOAI_P7_IC1_METHODOLOGY_R7_REGISTRY_V1","REVIEW_REQUIRED","OPERATING_MARGIN_HISTORY","","REQUIRED_EVIDENCE_MISSING","methodology_contract; minimum_history=1; freshness_policy=UNSPECIFIED; applicability=APPLICABLE","trendlyne_domains=4/4; retained_documents=1","DOCUMENT_DISCOVERY_OFFICIAL_SOURCE_REVIEW","p7-ic2-materialize-readiness + v14 reviewed/numeric/history validators","source metadata and/or factual reviewer decision","RAW_PROVIDER_CAPTURE_AVAILABLE; NORMALIZATION_OR_REVIEW_PENDING"
"1d24de75-d7cd-47b7-bb71-e4234cbead4a","HBLENGINE","INE292B01021","2415c708-ff49-4c9f-885b-b417545d2a04","CAPITAL_EQUIPMENT_ELECTRICAL","","INDUSTRIALS_CAPITAL_GOODS_K4B_SCORING_V1","PORTFOLIOAI_P7_IC1_METHODOLOGY_R7_REGISTRY_V1","REVIEW_REQUIRED","OWNERSHIP_GOVERNANCE","","REQUIRED_EVIDENCE_MISSING","methodology_contract; minimum_history=4; freshness_policy=UNSPECIFIED; applicability=APPLICABLE","trendlyne_domains=4/4; retained_documents=1","TRENDLYNE_OWNERSHIP_REVIEW","p7-ic2-materialize-readiness + v14 reviewed/numeric/history validators","source metadata and/or factual reviewer decision","RAW_PROVIDER_CAPTURE_AVAILABLE; NORMALIZATION_OR_REVIEW_PENDING"
"1d24de75-d7cd-47b7-bb71-e4234cbead4a","HBLENGINE","INE292B01021","2415c708-ff49-4c9f-885b-b417545d2a04","CAPITAL_EQUIPMENT_ELECTRICAL","","INDUSTRIALS_CAPITAL_GOODS_K4B_SCORING_V1","PORTFOLIOAI_P7_IC1_METHODOLOGY_R7_REGISTRY_V1","REVIEW_REQUIRED","REVENUE_AND_ORDER_GROWTH_MULTI_PERIOD","","REQUIRED_EVIDENCE_MISSING","methodology_contract; minimum_history=1; freshness_policy=UNSPECIFIED; applicability=APPLICABLE","trendlyne_domains=4/4; retained_documents=1","TRENDLYNE_STRUCTURED_PLUS_PERIOD_SCOPE_OR_OFFICIAL_FILING","p7-ic2-materialize-readiness + v14 reviewed/numeric/history validators","contract-valid source metadata","RAW_PROVIDER_CAPTURE_AVAILABLE; NORMALIZATION_OR_REVIEW_PENDING"
"1d24de75-d7cd-47b7-bb71-e4234cbead4a","HBLENGINE","INE292B01021","2415c708-ff49-4c9f-885b-b417545d2a04","CAPITAL_EQUIPMENT_ELECTRICAL","","INDUSTRIALS_CAPITAL_GOODS_K4B_SCORING_V1","PORTFOLIOAI_P7_IC1_METHODOLOGY_R7_REGISTRY_V1","REVIEW_REQUIRED","ROCE_OR_ROIC","","REQUIRED_EVIDENCE_MISSING","methodology_contract; minimum_history=1; freshness_policy=UNSPECIFIED; applicability=APPLICABLE","trendlyne_domains=4/4; retained_documents=1","TRENDLYNE_STRUCTURED_PLUS_PERIOD_SCOPE_OR_OFFICIAL_FILING","p7-ic2-materialize-readiness + v14 reviewed/numeric/history validators","contract-valid source metadata","RAW_PROVIDER_CAPTURE_AVAILABLE; NORMALIZATION_OR_REVIEW_PENDING"
"1d24de75-d7cd-47b7-bb71-e4234cbead4a","HBLENGINE","INE292B01021","2415c708-ff49-4c9f-885b-b417545d2a04","CAPITAL_EQUIPMENT_ELECTRICAL","","INDUSTRIALS_CAPITAL_GOODS_K4B_SCORING_V1","PORTFOLIOAI_P7_IC1_METHODOLOGY_R7_REGISTRY_V1","REVIEW_REQUIRED","VALUATION","","REQUIRED_EVIDENCE_MISSING","methodology_contract; minimum_history=1; freshness_policy=UNSPECIFIED; applicability=APPLICABLE","trendlyne_domains=4/4; retained_documents=1","TRENDLYNE_STRUCTURED_PLUS_PERIOD_SCOPE_OR_OFFICIAL_FILING","p7-ic2-materialize-readiness + v14 reviewed/numeric/history validators","contract-valid source metadata","RAW_PROVIDER_CAPTURE_AVAILABLE; NORMALIZATION_OR_REVIEW_PENDING"
"2461f612-2535-4f21-b8f2-6e71eb422427","HCLTECH","INE860A01027","cce4fb7c-9c65-4f93-a841-efcb9828b261","IT_SERVICES","","IT_TECH_K4B_SCORING_V1","PORTFOLIOAI_P7_IC1_METHODOLOGY_R7_REGISTRY_V1","REVIEW_REQUIRED","BUSINESS_DURABILITY","","REQUIRED_EVIDENCE_MISSING","methodology_contract; minimum_history=1; freshness_policy=UNSPECIFIED; applicability=APPLICABLE","trendlyne_domains=4/4; retained_documents=1","DOCUMENT_DISCOVERY_OFFICIAL_SOURCE_REVIEW","p7-ic2-materialize-readiness + v14 reviewed/numeric/history validators","source metadata and/or factual reviewer decision","RAW_PROVIDER_CAPTURE_AVAILABLE; NORMALIZATION_OR_REVIEW_PENDING"
"2461f612-2535-4f21-b8f2-6e71eb422427","HCLTECH","INE860A01027","cce4fb7c-9c65-4f93-a841-efcb9828b261","IT_SERVICES","","IT_TECH_K4B_SCORING_V1","PORTFOLIOAI_P7_IC1_METHODOLOGY_R7_REGISTRY_V1","REVIEW_REQUIRED","FCF_CONVERSION","","REQUIRED_EVIDENCE_MISSING","methodology_contract; minimum_history=1; freshness_policy=UNSPECIFIED; applicability=APPLICABLE","trendlyne_domains=4/4; retained_documents=1","TRENDLYNE_STRUCTURED_PLUS_PERIOD_SCOPE_OR_OFFICIAL_FILING","p7-ic2-materialize-readiness + v14 reviewed/numeric/history validators","contract-valid source metadata","RAW_PROVIDER_CAPTURE_AVAILABLE; NORMALIZATION_OR_REVIEW_PENDING"
"2461f612-2535-4f21-b8f2-6e71eb422427","HCLTECH","INE860A01027","cce4fb7c-9c65-4f93-a841-efcb9828b261","IT_SERVICES","","IT_TECH_K4B_SCORING_V1","PORTFOLIOAI_P7_IC1_METHODOLOGY_R7_REGISTRY_V1","REVIEW_REQUIRED","NET_CASH_OR_LEVERAGE","","REQUIRED_EVIDENCE_MISSING","methodology_contract; minimum_history=1; freshness_policy=UNSPECIFIED; applicability=APPLICABLE","trendlyne_domains=4/4; retained_documents=1","TRENDLYNE_STRUCTURED_PLUS_PERIOD_SCOPE_OR_OFFICIAL_FILING","p7-ic2-materialize-readiness + v14 reviewed/numeric/history validators","contract-valid source metadata","RAW_PROVIDER_CAPTURE_AVAILABLE; NORMALIZATION_OR_REVIEW_PENDING"
"2461f612-2535-4f21-b8f2-6e71eb422427","HCLTECH","INE860A01027","cce4fb7c-9c65-4f93-a841-efcb9828b261","IT_SERVICES","","IT_TECH_K4B_SCORING_V1","PORTFOLIOAI_P7_IC1_METHODOLOGY_R7_REGISTRY_V1","REVIEW_REQUIRED","OPERATING_MARGIN_HISTORY","","REQUIRED_EVIDENCE_MISSING","methodology_contract; minimum_history=1; freshness_policy=UNSPECIFIED; applicability=APPLICABLE","trendlyne_domains=4/4; retained_documents=1","DOCUMENT_DISCOVERY_OFFICIAL_SOURCE_REVIEW","p7-ic2-materialize-readiness + v14 reviewed/numeric/history validators","source metadata and/or factual reviewer decision","RAW_PROVIDER_CAPTURE_AVAILABLE; NORMALIZATION_OR_REVIEW_PENDING"
"2461f612-2535-4f21-b8f2-6e71eb422427","HCLTECH","INE860A01027","cce4fb7c-9c65-4f93-a841-efcb9828b261","IT_SERVICES","","IT_TECH_K4B_SCORING_V1","PORTFOLIOAI_P7_IC1_METHODOLOGY_R7_REGISTRY_V1","REVIEW_REQUIRED","OWNERSHIP_GOVERNANCE","","REQUIRED_EVIDENCE_MISSING","methodology_contract; minimum_history=4; freshness_policy=UNSPECIFIED; applicability=APPLICABLE","trendlyne_domains=4/4; retained_documents=1","TRENDLYNE_OWNERSHIP_REVIEW","p7-ic2-materialize-readiness + v14 reviewed/numeric/history validators","source metadata and/or factual reviewer decision","RAW_PROVIDER_CAPTURE_AVAILABLE; NORMALIZATION_OR_REVIEW_PENDING"
"2461f612-2535-4f21-b8f2-6e71eb422427","HCLTECH","INE860A01027","cce4fb7c-9c65-4f93-a841-efcb9828b261","IT_SERVICES","","IT_TECH_K4B_SCORING_V1","PORTFOLIOAI_P7_IC1_METHODOLOGY_R7_REGISTRY_V1","REVIEW_REQUIRED","REVENUE_GROWTH_MULTI_PERIOD","","REQUIRED_EVIDENCE_MISSING","methodology_contract; minimum_history=1; freshness_policy=UNSPECIFIED; applicability=APPLICABLE","trendlyne_domains=4/4; retained_documents=1","TRENDLYNE_STRUCTURED_PLUS_PERIOD_SCOPE_OR_OFFICIAL_FILING","p7-ic2-materialize-readiness + v14 reviewed/numeric/history validators","contract-valid source metadata","RAW_PROVIDER_CAPTURE_AVAILABLE; NORMALIZATION_OR_REVIEW_PENDING"
"2461f612-2535-4f21-b8f2-6e71eb422427","HCLTECH","INE860A01027","cce4fb7c-9c65-4f93-a841-efcb9828b261","IT_SERVICES","","IT_TECH_K4B_SCORING_V1","PORTFOLIOAI_P7_IC1_METHODOLOGY_R7_REGISTRY_V1","REVIEW_REQUIRED","ROCE_OR_ROIC","","REQUIRED_EVIDENCE_MISSING","methodology_contract; minimum_history=1; freshness_policy=UNSPECIFIED; applicability=APPLICABLE","trendlyne_domains=4/4; retained_documents=1","TRENDLYNE_STRUCTURED_PLUS_PERIOD_SCOPE_OR_OFFICIAL_FILING","p7-ic2-materialize-readiness + v14 reviewed/numeric/history validators","contract-valid source metadata","RAW_PROVIDER_CAPTURE_AVAILABLE; NORMALIZATION_OR_REVIEW_PENDING"
"2461f612-2535-4f21-b8f2-6e71eb422427","HCLTECH","INE860A01027","cce4fb7c-9c65-4f93-a841-efcb9828b261","IT_SERVICES","","IT_TECH_K4B_SCORING_V1","PORTFOLIOAI_P7_IC1_METHODOLOGY_R7_REGISTRY_V1","REVIEW_REQUIRED","VALUATION","","REQUIRED_EVIDENCE_MISSING","methodology_contract; minimum_history=1; freshness_policy=UNSPECIFIED; applicability=APPLICABLE","trendlyne_domains=4/4; retained_documents=1","TRENDLYNE_STRUCTURED_PLUS_PERIOD_SCOPE_OR_OFFICIAL_FILING","p7-ic2-materialize-readiness + v14 reviewed/numeric/history validators","contract-valid source metadata","RAW_PROVIDER_CAPTURE_AVAILABLE; NORMALIZATION_OR_REVIEW_PENDING"
"7bc3f24e-0802-4464-ad8f-348dd8c8de57","HDFCAMC","INE127D01025","0681f213-6fdb-4af7-a2af-a44e6acf6b84","CAPITAL_MARKETS_AMC","","FIN_SERVICES_NON_LENDER_K4B_SCORING_V1","PORTFOLIOAI_P7_IC1_METHODOLOGY_R7_REGISTRY_V1","REVIEW_REQUIRED","OPERATING_MARGIN_HISTORY","","REQUIRED_EVIDENCE_MISSING","methodology_contract; minimum_history=1; freshness_policy=UNSPECIFIED; applicability=APPLICABLE","trendlyne_domains=4/4; retained_documents=1","DOCUMENT_DISCOVERY_OFFICIAL_SOURCE_REVIEW","p7-ic2-materialize-readiness + v14 reviewed/numeric/history validators","source metadata and/or factual reviewer decision","RAW_PROVIDER_CAPTURE_AVAILABLE; NORMALIZATION_OR_REVIEW_PENDING"
"7bc3f24e-0802-4464-ad8f-348dd8c8de57","HDFCAMC","INE127D01025","0681f213-6fdb-4af7-a2af-a44e6acf6b84","CAPITAL_MARKETS_AMC","","FIN_SERVICES_NON_LENDER_K4B_SCORING_V1","PORTFOLIOAI_P7_IC1_METHODOLOGY_R7_REGISTRY_V1","REVIEW_REQUIRED","ROE_OR_ROIC","","REQUIRED_EVIDENCE_MISSING","methodology_contract; minimum_history=1; freshness_policy=UNSPECIFIED; applicability=APPLICABLE","trendlyne_domains=4/4; retained_documents=1","TRENDLYNE_STRUCTURED_PLUS_PERIOD_SCOPE_OR_OFFICIAL_FILING","p7-ic2-materialize-readiness + v14 reviewed/numeric/history validators","contract-valid source metadata","RAW_PROVIDER_CAPTURE_AVAILABLE; NORMALIZATION_OR_REVIEW_PENDING"
"b47b007d-1990-4504-a5a2-4391c07687c5","HDFCBANK","INE040A01034","d32c71a0-727f-41e1-9ddf-01f23c96d883","BANK","","BANK_NBFC_STAGE_8_BANK_V1","PORTFOLIOAI_P7_IC1_METHODOLOGY_R7_REGISTRY_V1","REVIEW_REQUIRED","NIM_TTM","","REQUIRED_EVIDENCE_MISSING","methodology_contract; minimum_history=1; freshness_policy=UNSPECIFIED; applicability=APPLICABLE","trendlyne_domains=4/4; retained_documents=1","TRENDLYNE_STRUCTURED_PLUS_PERIOD_SCOPE_OR_OFFICIAL_FILING","p7-ic2-materialize-readiness + v14 reviewed/numeric/history validators","contract-valid source metadata","RAW_PROVIDER_CAPTURE_AVAILABLE; NORMALIZATION_OR_REVIEW_PENDING"
"b47b007d-1990-4504-a5a2-4391c07687c5","HDFCBANK","INE040A01034","d32c71a0-727f-41e1-9ddf-01f23c96d883","BANK","","BANK_NBFC_STAGE_8_BANK_V1","PORTFOLIOAI_P7_IC1_METHODOLOGY_R7_REGISTRY_V1","REVIEW_REQUIRED","PB_RELATIVE","","REQUIRED_EVIDENCE_MISSING","methodology_contract; minimum_history=1; freshness_policy=UNSPECIFIED; applicability=APPLICABLE","trendlyne_domains=4/4; retained_documents=1","TRENDLYNE_STRUCTURED_PLUS_PERIOD_SCOPE_OR_OFFICIAL_FILING","p7-ic2-materialize-readiness + v14 reviewed/numeric/history validators","contract-valid source metadata","RAW_PROVIDER_CAPTURE_AVAILABLE; NORMALIZATION_OR_REVIEW_PENDING"
"c27b3997-f74b-432e-8b17-0837cce4c2fc","HEXT","INE093A01041","49c37860-e659-48ae-b632-1171dceb5973","IT_SERVICES","","IT_TECH_K4B_SCORING_V1","PORTFOLIOAI_P7_IC1_METHODOLOGY_R7_REGISTRY_V1","REVIEW_REQUIRED","FCF_CONVERSION","","REQUIRED_EVIDENCE_MISSING","methodology_contract; minimum_history=1; freshness_policy=UNSPECIFIED; applicability=APPLICABLE","trendlyne_domains=4/4; retained_documents=2","TRENDLYNE_STRUCTURED_PLUS_PERIOD_SCOPE_OR_OFFICIAL_FILING","p7-ic2-materialize-readiness + v14 reviewed/numeric/history validators","contract-valid source metadata","RAW_PROVIDER_CAPTURE_AVAILABLE; NORMALIZATION_OR_REVIEW_PENDING"
"c27b3997-f74b-432e-8b17-0837cce4c2fc","HEXT","INE093A01041","49c37860-e659-48ae-b632-1171dceb5973","IT_SERVICES","","IT_TECH_K4B_SCORING_V1","PORTFOLIOAI_P7_IC1_METHODOLOGY_R7_REGISTRY_V1","REVIEW_REQUIRED","OPERATING_MARGIN_HISTORY","","REQUIRED_EVIDENCE_MISSING","methodology_contract; minimum_history=1; freshness_policy=UNSPECIFIED; applicability=APPLICABLE","trendlyne_domains=4/4; retained_documents=2","DOCUMENT_DISCOVERY_OFFICIAL_SOURCE_REVIEW","p7-ic2-materialize-readiness + v14 reviewed/numeric/history validators","source metadata and/or factual reviewer decision","RAW_PROVIDER_CAPTURE_AVAILABLE; NORMALIZATION_OR_REVIEW_PENDING"
"c27b3997-f74b-432e-8b17-0837cce4c2fc","HEXT","INE093A01041","49c37860-e659-48ae-b632-1171dceb5973","IT_SERVICES","","IT_TECH_K4B_SCORING_V1","PORTFOLIOAI_P7_IC1_METHODOLOGY_R7_REGISTRY_V1","REVIEW_REQUIRED","VALUATION","","REQUIRED_EVIDENCE_MISSING","methodology_contract; minimum_history=1; freshness_policy=UNSPECIFIED; applicability=APPLICABLE","trendlyne_domains=4/4; retained_documents=2","TRENDLYNE_STRUCTURED_PLUS_PERIOD_SCOPE_OR_OFFICIAL_FILING","p7-ic2-materialize-readiness + v14 reviewed/numeric/history validators","contract-valid source metadata","RAW_PROVIDER_CAPTURE_AVAILABLE; NORMALIZATION_OR_REVIEW_PENDING"
"89b62217-7cf7-4fd6-ba43-31f3b78c1929","HINDALCO","INE038A01020","4c2ec73a-a27b-449d-9da1-830c6c343574","NON_FERROUS_DIVERSIFIED_METALS","","METALS_COMMODITIES_K4B_SCORING_V1","PORTFOLIOAI_P7_IC1_METHODOLOGY_R7_REGISTRY_V1","REVIEW_REQUIRED","NET_DEBT_AND_INTEREST_COVERAGE_MID_CYCLE","","REQUIRED_EVIDENCE_MISSING","methodology_contract; minimum_history=1; freshness_policy=UNSPECIFIED; applicability=APPLICABLE","trendlyne_domains=4/4; retained_documents=2","TRENDLYNE_STRUCTURED_PLUS_PERIOD_SCOPE_OR_OFFICIAL_FILING","p7-ic2-materialize-readiness + v14 reviewed/numeric/history validators","contract-valid source metadata","RAW_PROVIDER_CAPTURE_AVAILABLE; NORMALIZATION_OR_REVIEW_PENDING"
"89b62217-7cf7-4fd6-ba43-31f3b78c1929","HINDALCO","INE038A01020","4c2ec73a-a27b-449d-9da1-830c6c343574","NON_FERROUS_DIVERSIFIED_METALS","","METALS_COMMODITIES_K4B_SCORING_V1","PORTFOLIOAI_P7_IC1_METHODOLOGY_R7_REGISTRY_V1","REVIEW_REQUIRED","PRODUCTION_VOLUME_REALIZATION_GROWTH","","REQUIRED_EVIDENCE_MISSING","methodology_contract; minimum_history=1; freshness_policy=UNSPECIFIED; applicability=APPLICABLE","trendlyne_domains=4/4; retained_documents=2","TRENDLYNE_STRUCTURED_PLUS_PERIOD_SCOPE_OR_OFFICIAL_FILING","p7-ic2-materialize-readiness + v14 reviewed/numeric/history validators","contract-valid source metadata","RAW_PROVIDER_CAPTURE_AVAILABLE; NORMALIZATION_OR_REVIEW_PENDING"
"dc15f48d-36d7-461f-a5ba-87604c75cef7","HINDCOPPER","INE531E01026","51611be3-dd5c-4eb4-9a8e-3085f9404d44","NON_FERROUS_DIVERSIFIED_METALS","","METALS_COMMODITIES_K4B_SCORING_V1","PORTFOLIOAI_P7_IC1_METHODOLOGY_R7_REGISTRY_V1","REVIEW_REQUIRED","PRODUCTION_VOLUME_REALIZATION_GROWTH","","REQUIRED_EVIDENCE_MISSING","methodology_contract; minimum_history=1; freshness_policy=UNSPECIFIED; applicability=APPLICABLE","trendlyne_domains=4/4; retained_documents=1","TRENDLYNE_STRUCTURED_PLUS_PERIOD_SCOPE_OR_OFFICIAL_FILING","p7-ic2-materialize-readiness + v14 reviewed/numeric/history validators","contract-valid source metadata","RAW_PROVIDER_CAPTURE_AVAILABLE; NORMALIZATION_OR_REVIEW_PENDING"
"5f9e4c04-44ec-4d01-ae15-180dc1794547","HINDUNILVR","INE030A01027","fdb8b2d7-fb98-4216-ac87-6dd2475686d1","BRANDED_CONSUMER_FMCG","","CONSUMER_FMCG_K4B_SCORING_V1","PORTFOLIOAI_P7_IC1_METHODOLOGY_R7_REGISTRY_V1","CONFLICTING","CATEGORY_AND_MARKET_RISK","","REQUIRED_EVIDENCE_MISSING","methodology_contract; minimum_history=1; freshness_policy=UNSPECIFIED; applicability=APPLICABLE","trendlyne_domains=4/4; retained_documents=2","DOCUMENT_DISCOVERY_OFFICIAL_SOURCE_REVIEW","p7-ic2-materialize-readiness + v14 reviewed/numeric/history validators","source metadata and/or factual reviewer decision","RAW_PROVIDER_CAPTURE_AVAILABLE; NORMALIZATION_OR_REVIEW_PENDING"
"5f9e4c04-44ec-4d01-ae15-180dc1794547","HINDUNILVR","INE030A01027","fdb8b2d7-fb98-4216-ac87-6dd2475686d1","BRANDED_CONSUMER_FMCG","","CONSUMER_FMCG_K4B_SCORING_V1","PORTFOLIOAI_P7_IC1_METHODOLOGY_R7_REGISTRY_V1","CONFLICTING","NET_CASH_OR_LEVERAGE","","REQUIRED_EVIDENCE_MISSING","methodology_contract; minimum_history=1; freshness_policy=UNSPECIFIED; applicability=APPLICABLE","trendlyne_domains=4/4; retained_documents=2","TRENDLYNE_STRUCTURED_PLUS_PERIOD_SCOPE_OR_OFFICIAL_FILING","p7-ic2-materialize-readiness + v14 reviewed/numeric/history validators","contract-valid source metadata","RAW_PROVIDER_CAPTURE_AVAILABLE; NORMALIZATION_OR_REVIEW_PENDING"
"5f9e4c04-44ec-4d01-ae15-180dc1794547","HINDUNILVR","INE030A01027","fdb8b2d7-fb98-4216-ac87-6dd2475686d1","BRANDED_CONSUMER_FMCG","","CONSUMER_FMCG_K4B_SCORING_V1","PORTFOLIOAI_P7_IC1_METHODOLOGY_R7_REGISTRY_V1","CONFLICTING","REVENUE_AND_VOLUME_PRICE_MIX_GROWTH","","REQUIRED_EVIDENCE_MISSING","methodology_contract; minimum_history=1; freshness_policy=UNSPECIFIED; applicability=APPLICABLE","trendlyne_domains=4/4; retained_documents=2","VALIDATED_HISTORY_BENCHMARK_PATH","p7-ic2-materialize-readiness + v14 reviewed/numeric/history validators","contract-valid source metadata","RAW_PROVIDER_CAPTURE_AVAILABLE; NORMALIZATION_OR_REVIEW_PENDING"
"d2ac8d11-68a9-4cf8-8476-139b0495ab7d","HINDZINC","INE267A01025","7956f7a0-fbcf-4456-a966-38eb7af8dd0e","NON_FERROUS_DIVERSIFIED_METALS","","METALS_COMMODITIES_K4B_SCORING_V1","PORTFOLIOAI_P7_IC1_METHODOLOGY_R7_REGISTRY_V1","REVIEW_REQUIRED","PRODUCTION_VOLUME_REALIZATION_GROWTH","","REQUIRED_EVIDENCE_MISSING","methodology_contract; minimum_history=1; freshness_policy=UNSPECIFIED; applicability=APPLICABLE","trendlyne_domains=4/4; retained_documents=1","TRENDLYNE_STRUCTURED_PLUS_PERIOD_SCOPE_OR_OFFICIAL_FILING","p7-ic2-materialize-readiness + v14 reviewed/numeric/history validators","contract-valid source metadata","RAW_PROVIDER_CAPTURE_AVAILABLE; NORMALIZATION_OR_REVIEW_PENDING"
"2eda5141-166f-48e3-9f0e-625814ab7019","HUDCO","INE031A01017","686ac8a2-2064-476d-936d-562dc45c96be","NBFC_LENDING","","P7_IC1_NBFC_LENDING_METHODOLOGY_V1","PORTFOLIOAI_P7_IC1_METHODOLOGY_R7_REGISTRY_V1","REVIEW_REQUIRED","ALM_MISMATCH","","REQUIRED_EVIDENCE_MISSING","methodology_contract; minimum_history=252; freshness_policy=MARKET_5_TRADING_DAYS; applicability=APPLICABLE","trendlyne_domains=4/4; retained_documents=1","PROFILE_CONTRACT_PROVIDER_OR_DOCUMENT_REVIEW","p7-ic2-materialize-readiness + v14 reviewed/numeric/history validators","source metadata and/or factual reviewer decision","RAW_PROVIDER_CAPTURE_AVAILABLE; NORMALIZATION_OR_REVIEW_PENDING"
"2eda5141-166f-48e3-9f0e-625814ab7019","HUDCO","INE031A01017","686ac8a2-2064-476d-936d-562dc45c96be","NBFC_LENDING","","P7_IC1_NBFC_LENDING_METHODOLOGY_V1","PORTFOLIOAI_P7_IC1_METHODOLOGY_R7_REGISTRY_V1","REVIEW_REQUIRED","AUM_ADVANCES_DISBURSEMENT_GROWTH","","REQUIRED_EVIDENCE_MISSING","methodology_contract; minimum_history=8; freshness_policy=FUNDAMENTAL_150_DAYS_ANNUAL_550_DAYS; applicability=APPLICABLE","trendlyne_domains=4/4; retained_documents=1","TRENDLYNE_STRUCTURED_PLUS_PERIOD_SCOPE_OR_OFFICIAL_FILING","p7-ic2-materialize-readiness + v14 reviewed/numeric/history validators","contract-valid source metadata","RAW_PROVIDER_CAPTURE_AVAILABLE; NORMALIZATION_OR_REVIEW_PENDING"
"2eda5141-166f-48e3-9f0e-625814ab7019","HUDCO","INE031A01017","686ac8a2-2064-476d-936d-562dc45c96be","NBFC_LENDING","","P7_IC1_NBFC_LENDING_METHODOLOGY_V1","PORTFOLIOAI_P7_IC1_METHODOLOGY_R7_REGISTRY_V1","REVIEW_REQUIRED","BORROWER_OR_SEGMENT_GROWTH","","REQUIRED_EVIDENCE_MISSING","methodology_contract; minimum_history=8; freshness_policy=FUNDAMENTAL_150_DAYS_ANNUAL_550_DAYS; applicability=APPLICABLE","trendlyne_domains=4/4; retained_documents=1","PROFILE_CONTRACT_PROVIDER_OR_DOCUMENT_REVIEW","p7-ic2-materialize-readiness + v14 reviewed/numeric/history validators","source metadata and/or factual reviewer decision","RAW_PROVIDER_CAPTURE_AVAILABLE; NORMALIZATION_OR_REVIEW_PENDING"
"2eda5141-166f-48e3-9f0e-625814ab7019","HUDCO","INE031A01017","686ac8a2-2064-476d-936d-562dc45c96be","NBFC_LENDING","","P7_IC1_NBFC_LENDING_METHODOLOGY_V1","PORTFOLIOAI_P7_IC1_METHODOLOGY_R7_REGISTRY_V1","REVIEW_REQUIRED","CAPITAL_ADEQUACY","","REQUIRED_EVIDENCE_MISSING","methodology_contract; minimum_history=3; freshness_policy=FUNDAMENTAL_150_DAYS_ANNUAL_550_DAYS; applicability=APPLICABLE","trendlyne_domains=4/4; retained_documents=1","PROFILE_CONTRACT_PROVIDER_OR_DOCUMENT_REVIEW","p7-ic2-materialize-readiness + v14 reviewed/numeric/history validators","source metadata and/or factual reviewer decision","RAW_PROVIDER_CAPTURE_AVAILABLE; NORMALIZATION_OR_REVIEW_PENDING"
"2eda5141-166f-48e3-9f0e-625814ab7019","HUDCO","INE031A01017","686ac8a2-2064-476d-936d-562dc45c96be","NBFC_LENDING","","P7_IC1_NBFC_LENDING_METHODOLOGY_V1","PORTFOLIOAI_P7_IC1_METHODOLOGY_R7_REGISTRY_V1","REVIEW_REQUIRED","EV_AUM_OR_PRICE_AUM_WHEN_APPLICABLE","","REQUIRED_EVIDENCE_MISSING","methodology_contract; minimum_history=3; freshness_policy=FUNDAMENTAL_150_DAYS_ANNUAL_550_DAYS; applicability=APPLICABLE","trendlyne_domains=4/4; retained_documents=1","VALIDATED_HISTORY_BENCHMARK_PATH","p7-ic2-materialize-readiness + v14 reviewed/numeric/history validators","contract-valid source metadata","RAW_PROVIDER_CAPTURE_AVAILABLE; NORMALIZATION_OR_REVIEW_PENDING"
"2eda5141-166f-48e3-9f0e-625814ab7019","HUDCO","INE031A01017","686ac8a2-2064-476d-936d-562dc45c96be","NBFC_LENDING","","P7_IC1_NBFC_LENDING_METHODOLOGY_V1","PORTFOLIOAI_P7_IC1_METHODOLOGY_R7_REGISTRY_V1","REVIEW_REQUIRED","FRANCHISE_OR_DISTRIBUTION","","REQUIRED_EVIDENCE_MISSING","methodology_contract; minimum_history=3; freshness_policy=FUNDAMENTAL_150_DAYS_ANNUAL_550_DAYS; applicability=APPLICABLE","trendlyne_domains=4/4; retained_documents=1","DOCUMENT_DISCOVERY_OFFICIAL_SOURCE_REVIEW","p7-ic2-materialize-readiness + v14 reviewed/numeric/history validators","source metadata and/or factual reviewer decision","RAW_PROVIDER_CAPTURE_AVAILABLE; NORMALIZATION_OR_REVIEW_PENDING"
"2eda5141-166f-48e3-9f0e-625814ab7019","HUDCO","INE031A01017","686ac8a2-2064-476d-936d-562dc45c96be","NBFC_LENDING","","P7_IC1_NBFC_LENDING_METHODOLOGY_V1","PORTFOLIOAI_P7_IC1_METHODOLOGY_R7_REGISTRY_V1","REVIEW_REQUIRED","FUNDING_DIVERSIFICATION","","REQUIRED_EVIDENCE_MISSING","methodology_contract; minimum_history=3; freshness_policy=FUNDAMENTAL_150_DAYS_ANNUAL_550_DAYS; applicability=APPLICABLE","trendlyne_domains=4/4; retained_documents=1","PROFILE_CONTRACT_PROVIDER_OR_DOCUMENT_REVIEW","p7-ic2-materialize-readiness + v14 reviewed/numeric/history validators","source metadata and/or factual reviewer decision","RAW_PROVIDER_CAPTURE_AVAILABLE; NORMALIZATION_OR_REVIEW_PENDING"
"2eda5141-166f-48e3-9f0e-625814ab7019","HUDCO","INE031A01017","686ac8a2-2064-476d-936d-562dc45c96be","NBFC_LENDING","","P7_IC1_NBFC_LENDING_METHODOLOGY_V1","PORTFOLIOAI_P7_IC1_METHODOLOGY_R7_REGISTRY_V1","REVIEW_REQUIRED","LIQUIDITY_ALM","","REQUIRED_EVIDENCE_MISSING","methodology_contract; minimum_history=3; freshness_policy=FUNDAMENTAL_150_DAYS_ANNUAL_550_DAYS; applicability=APPLICABLE","trendlyne_domains=4/4; retained_documents=1","PROFILE_CONTRACT_PROVIDER_OR_DOCUMENT_REVIEW","p7-ic2-materialize-readiness + v14 reviewed/numeric/history validators","source metadata and/or factual reviewer decision","RAW_PROVIDER_CAPTURE_AVAILABLE; NORMALIZATION_OR_REVIEW_PENDING"
"2eda5141-166f-48e3-9f0e-625814ab7019","HUDCO","INE031A01017","686ac8a2-2064-476d-936d-562dc45c96be","NBFC_LENDING","","P7_IC1_NBFC_LENDING_METHODOLOGY_V1","PORTFOLIOAI_P7_IC1_METHODOLOGY_R7_REGISTRY_V1","REVIEW_REQUIRED","NIM_OR_SPREAD_HISTORY","","REQUIRED_EVIDENCE_MISSING","methodology_contract; minimum_history=8; freshness_policy=FUNDAMENTAL_150_DAYS_ANNUAL_550_DAYS; applicability=APPLICABLE","trendlyne_domains=4/4; retained_documents=1","VALIDATED_HISTORY_BENCHMARK_PATH","p7-ic2-materialize-readiness + v14 reviewed/numeric/history validators","contract-valid source metadata","RAW_PROVIDER_CAPTURE_AVAILABLE; NORMALIZATION_OR_REVIEW_PENDING"
"2eda5141-166f-48e3-9f0e-625814ab7019","HUDCO","INE031A01017","686ac8a2-2064-476d-936d-562dc45c96be","NBFC_LENDING","","P7_IC1_NBFC_LENDING_METHODOLOGY_V1","PORTFOLIOAI_P7_IC1_METHODOLOGY_R7_REGISTRY_V1","REVIEW_REQUIRED","PB_RELATIVE_TO_ROE","","REQUIRED_EVIDENCE_MISSING","methodology_contract; minimum_history=3; freshness_policy=FUNDAMENTAL_150_DAYS_ANNUAL_550_DAYS; applicability=APPLICABLE","trendlyne_domains=4/4; retained_documents=1","TRENDLYNE_STRUCTURED_PLUS_PERIOD_SCOPE_OR_OFFICIAL_FILING","p7-ic2-materialize-readiness + v14 reviewed/numeric/history validators","contract-valid source metadata","RAW_PROVIDER_CAPTURE_AVAILABLE; NORMALIZATION_OR_REVIEW_PENDING"
"2eda5141-166f-48e3-9f0e-625814ab7019","HUDCO","INE031A01017","686ac8a2-2064-476d-936d-562dc45c96be","NBFC_LENDING","","P7_IC1_NBFC_LENDING_METHODOLOGY_V1","PORTFOLIOAI_P7_IC1_METHODOLOGY_R7_REGISTRY_V1","REVIEW_REQUIRED","ROA_ROE_CAPITAL_ADEQUACY","","REQUIRED_EVIDENCE_MISSING","methodology_contract; minimum_history=3; freshness_policy=FUNDAMENTAL_150_DAYS_ANNUAL_550_DAYS; applicability=APPLICABLE","trendlyne_domains=4/4; retained_documents=1","TRENDLYNE_STRUCTURED_PLUS_PERIOD_SCOPE_OR_OFFICIAL_FILING","p7-ic2-materialize-readiness + v14 reviewed/numeric/history validators","contract-valid source metadata","RAW_PROVIDER_CAPTURE_AVAILABLE; NORMALIZATION_OR_REVIEW_PENDING"
"2eda5141-166f-48e3-9f0e-625814ab7019","HUDCO","INE031A01017","686ac8a2-2064-476d-936d-562dc45c96be","NBFC_LENDING","","P7_IC1_NBFC_LENDING_METHODOLOGY_V1","PORTFOLIOAI_P7_IC1_METHODOLOGY_R7_REGISTRY_V1","REVIEW_REQUIRED","UNDERWRITING_CYCLE_HISTORY","","REQUIRED_EVIDENCE_MISSING","methodology_contract; minimum_history=3; freshness_policy=FUNDAMENTAL_150_DAYS_ANNUAL_550_DAYS; applicability=APPLICABLE","trendlyne_domains=4/4; retained_documents=1","VALIDATED_HISTORY_BENCHMARK_PATH","p7-ic2-materialize-readiness + v14 reviewed/numeric/history validators","contract-valid source metadata","RAW_PROVIDER_CAPTURE_AVAILABLE; NORMALIZATION_OR_REVIEW_PENDING"
"6a3d3238-6e7d-4d3e-8be6-d239764abe45","HYUNDAI","INE0V6F01027","ceee2ccb-9942-4527-8db1-8549364e83a5","AUTO_OEM","","AUTO_COMPONENTS_K4B_SCORING_V1","PORTFOLIOAI_P7_IC1_METHODOLOGY_R7_REGISTRY_V1","REVIEW_REQUIRED","VALUATION","","REQUIRED_EVIDENCE_MISSING","methodology_contract; minimum_history=1; freshness_policy=UNSPECIFIED; applicability=APPLICABLE","trendlyne_domains=4/4; retained_documents=2","TRENDLYNE_STRUCTURED_PLUS_PERIOD_SCOPE_OR_OFFICIAL_FILING","p7-ic2-materialize-readiness + v14 reviewed/numeric/history validators","contract-valid source metadata","RAW_PROVIDER_CAPTURE_AVAILABLE; NORMALIZATION_OR_REVIEW_PENDING"
"6a3d3238-6e7d-4d3e-8be6-d239764abe45","HYUNDAI","INE0V6F01027","ceee2ccb-9942-4527-8db1-8549364e83a5","AUTO_OEM","","AUTO_COMPONENTS_K4B_SCORING_V1","PORTFOLIOAI_P7_IC1_METHODOLOGY_R7_REGISTRY_V1","REVIEW_REQUIRED","VOLUME_AND_REVENUE_GROWTH_MULTI_PERIOD","","REQUIRED_EVIDENCE_MISSING","methodology_contract; minimum_history=1; freshness_policy=UNSPECIFIED; applicability=APPLICABLE","trendlyne_domains=4/4; retained_documents=2","TRENDLYNE_STRUCTURED_PLUS_PERIOD_SCOPE_OR_OFFICIAL_FILING","p7-ic2-materialize-readiness + v14 reviewed/numeric/history validators","contract-valid source metadata","RAW_PROVIDER_CAPTURE_AVAILABLE; NORMALIZATION_OR_REVIEW_PENDING"
"80b0c585-6ac4-4f41-b90c-6f37baa1e5b0","ICEMAKE","INE520Y01019","847deb1b-73fe-4cc0-b5aa-65a67b8ca948","INDUSTRIAL_PRODUCTS","","P7_IC1_INDUSTRIAL_PRODUCTS_METHODOLOGY_V1","PORTFOLIOAI_P7_IC1_METHODOLOGY_R7_REGISTRY_V1","REVIEW_REQUIRED","CAPACITY_DISCIPLINE","","REQUIRED_EVIDENCE_MISSING","methodology_contract; minimum_history=3; freshness_policy=FUNDAMENTAL_150_DAYS_ANNUAL_550_DAYS; applicability=APPLICABLE","trendlyne_domains=3/4; retained_documents=0","PROFILE_CONTRACT_PROVIDER_OR_DOCUMENT_REVIEW","p7-ic2-materialize-readiness + v14 reviewed/numeric/history validators","source metadata and/or factual reviewer decision","PARTIAL_PROVIDER_CAPTURE; DOCUMENT_DISCOVERY_IDENTITY_MISMATCH; REVIEW_PENDING"
"80b0c585-6ac4-4f41-b90c-6f37baa1e5b0","ICEMAKE","INE520Y01019","847deb1b-73fe-4cc0-b5aa-65a67b8ca948","INDUSTRIAL_PRODUCTS","","P7_IC1_INDUSTRIAL_PRODUCTS_METHODOLOGY_V1","PORTFOLIOAI_P7_IC1_METHODOLOGY_R7_REGISTRY_V1","REVIEW_REQUIRED","CFO_FCF_WORKING_CAPITAL","","REQUIRED_EVIDENCE_MISSING","methodology_contract; minimum_history=3; freshness_policy=FUNDAMENTAL_150_DAYS_ANNUAL_550_DAYS; applicability=APPLICABLE","trendlyne_domains=3/4; retained_documents=0","TRENDLYNE_STRUCTURED_PLUS_PERIOD_SCOPE_OR_OFFICIAL_FILING","p7-ic2-materialize-readiness + v14 reviewed/numeric/history validators","contract-valid source metadata","PARTIAL_PROVIDER_CAPTURE; DOCUMENT_DISCOVERY_IDENTITY_MISMATCH; REVIEW_PENDING"
"80b0c585-6ac4-4f41-b90c-6f37baa1e5b0","ICEMAKE","INE520Y01019","847deb1b-73fe-4cc0-b5aa-65a67b8ca948","INDUSTRIAL_PRODUCTS","","P7_IC1_INDUSTRIAL_PRODUCTS_METHODOLOGY_V1","PORTFOLIOAI_P7_IC1_METHODOLOGY_R7_REGISTRY_V1","REVIEW_REQUIRED","DISTRIBUTION_CUSTOMER_PRODUCT_MOAT","","REQUIRED_EVIDENCE_MISSING","methodology_contract; minimum_history=3; freshness_policy=FUNDAMENTAL_150_DAYS_ANNUAL_550_DAYS; applicability=APPLICABLE","trendlyne_domains=3/4; retained_documents=0","DOCUMENT_DISCOVERY_OFFICIAL_SOURCE_REVIEW","p7-ic2-materialize-readiness + v14 reviewed/numeric/history validators","source metadata and/or factual reviewer decision","PARTIAL_PROVIDER_CAPTURE; DOCUMENT_DISCOVERY_IDENTITY_MISMATCH; REVIEW_PENDING"
"80b0c585-6ac4-4f41-b90c-6f37baa1e5b0","ICEMAKE","INE520Y01019","847deb1b-73fe-4cc0-b5aa-65a67b8ca948","INDUSTRIAL_PRODUCTS","","P7_IC1_INDUSTRIAL_PRODUCTS_METHODOLOGY_V1","PORTFOLIOAI_P7_IC1_METHODOLOGY_R7_REGISTRY_V1","REVIEW_REQUIRED","EV_EBITDA","","REQUIRED_EVIDENCE_MISSING","methodology_contract; minimum_history=3; freshness_policy=FUNDAMENTAL_150_DAYS_ANNUAL_550_DAYS; applicability=APPLICABLE","trendlyne_domains=3/4; retained_documents=0","TRENDLYNE_STRUCTURED_PLUS_PERIOD_SCOPE_OR_OFFICIAL_FILING","p7-ic2-materialize-readiness + v14 reviewed/numeric/history validators","contract-valid source metadata","PARTIAL_PROVIDER_CAPTURE; DOCUMENT_DISCOVERY_IDENTITY_MISMATCH; REVIEW_PENDING"
"80b0c585-6ac4-4f41-b90c-6f37baa1e5b0","ICEMAKE","INE520Y01019","847deb1b-73fe-4cc0-b5aa-65a67b8ca948","INDUSTRIAL_PRODUCTS","","P7_IC1_INDUSTRIAL_PRODUCTS_METHODOLOGY_V1","PORTFOLIOAI_P7_IC1_METHODOLOGY_R7_REGISTRY_V1","REVIEW_REQUIRED","FCF_YIELD","","REQUIRED_EVIDENCE_MISSING","methodology_contract; minimum_history=3; freshness_policy=FUNDAMENTAL_150_DAYS_ANNUAL_550_DAYS; applicability=APPLICABLE","trendlyne_domains=3/4; retained_documents=0","TRENDLYNE_STRUCTURED_PLUS_PERIOD_SCOPE_OR_OFFICIAL_FILING","p7-ic2-materialize-readiness + v14 reviewed/numeric/history validators","contract-valid source metadata","PARTIAL_PROVIDER_CAPTURE; DOCUMENT_DISCOVERY_IDENTITY_MISMATCH; REVIEW_PENDING"
"80b0c585-6ac4-4f41-b90c-6f37baa1e5b0","ICEMAKE","INE520Y01019","847deb1b-73fe-4cc0-b5aa-65a67b8ca948","INDUSTRIAL_PRODUCTS","","P7_IC1_INDUSTRIAL_PRODUCTS_METHODOLOGY_V1","PORTFOLIOAI_P7_IC1_METHODOLOGY_R7_REGISTRY_V1","REVIEW_REQUIRED","GOVERNANCE_EVENT_REVIEW","","REQUIRED_EVIDENCE_MISSING","methodology_contract; minimum_history=4; freshness_policy=FUNDAMENTAL_150_DAYS_ANNUAL_550_DAYS; applicability=APPLICABLE","trendlyne_domains=3/4; retained_documents=0","DOCUMENT_DISCOVERY_OFFICIAL_SOURCE_REVIEW","p7-ic2-materialize-readiness + v14 reviewed/numeric/history validators","source metadata and/or factual reviewer decision","PARTIAL_PROVIDER_CAPTURE; DOCUMENT_DISCOVERY_IDENTITY_MISMATCH; REVIEW_PENDING"
"80b0c585-6ac4-4f41-b90c-6f37baa1e5b0","ICEMAKE","INE520Y01019","847deb1b-73fe-4cc0-b5aa-65a67b8ca948","INDUSTRIAL_PRODUCTS","","P7_IC1_INDUSTRIAL_PRODUCTS_METHODOLOGY_V1","PORTFOLIOAI_P7_IC1_METHODOLOGY_R7_REGISTRY_V1","REVIEW_REQUIRED","INPUT_COST_DEMAND_CAPEX","","REQUIRED_EVIDENCE_MISSING","methodology_contract; minimum_history=252; freshness_policy=MARKET_5_TRADING_DAYS; applicability=APPLICABLE","trendlyne_domains=3/4; retained_documents=0","TRENDLYNE_STRUCTURED_PLUS_PERIOD_SCOPE_OR_OFFICIAL_FILING","p7-ic2-materialize-readiness + v14 reviewed/numeric/history validators","contract-valid source metadata","PARTIAL_PROVIDER_CAPTURE; DOCUMENT_DISCOVERY_IDENTITY_MISMATCH; REVIEW_PENDING"
"80b0c585-6ac4-4f41-b90c-6f37baa1e5b0","ICEMAKE","INE520Y01019","847deb1b-73fe-4cc0-b5aa-65a67b8ca948","INDUSTRIAL_PRODUCTS","","P7_IC1_INDUSTRIAL_PRODUCTS_METHODOLOGY_V1","PORTFOLIOAI_P7_IC1_METHODOLOGY_R7_REGISTRY_V1","REVIEW_REQUIRED","NET_DEBT_INTEREST_COVERAGE","","REQUIRED_EVIDENCE_MISSING","methodology_contract; minimum_history=3; freshness_policy=FUNDAMENTAL_150_DAYS_ANNUAL_550_DAYS; applicability=APPLICABLE","trendlyne_domains=3/4; retained_documents=0","TRENDLYNE_STRUCTURED_PLUS_PERIOD_SCOPE_OR_OFFICIAL_FILING","p7-ic2-materialize-readiness + v14 reviewed/numeric/history validators","contract-valid source metadata","PARTIAL_PROVIDER_CAPTURE; DOCUMENT_DISCOVERY_IDENTITY_MISMATCH; REVIEW_PENDING"
"80b0c585-6ac4-4f41-b90c-6f37baa1e5b0","ICEMAKE","INE520Y01019","847deb1b-73fe-4cc0-b5aa-65a67b8ca948","INDUSTRIAL_PRODUCTS","","P7_IC1_INDUSTRIAL_PRODUCTS_METHODOLOGY_V1","PORTFOLIOAI_P7_IC1_METHODOLOGY_R7_REGISTRY_V1","REVIEW_REQUIRED","OPERATING_MARGIN_HISTORY","","REQUIRED_EVIDENCE_MISSING","methodology_contract; minimum_history=8; freshness_policy=FUNDAMENTAL_150_DAYS_ANNUAL_550_DAYS; applicability=APPLICABLE","trendlyne_domains=3/4; retained_documents=0","DOCUMENT_DISCOVERY_OFFICIAL_SOURCE_REVIEW","p7-ic2-materialize-readiness + v14 reviewed/numeric/history validators","source metadata and/or factual reviewer decision","PARTIAL_PROVIDER_CAPTURE; DOCUMENT_DISCOVERY_IDENTITY_MISMATCH; REVIEW_PENDING"
"80b0c585-6ac4-4f41-b90c-6f37baa1e5b0","ICEMAKE","INE520Y01019","847deb1b-73fe-4cc0-b5aa-65a67b8ca948","INDUSTRIAL_PRODUCTS","","P7_IC1_INDUSTRIAL_PRODUCTS_METHODOLOGY_V1","PORTFOLIOAI_P7_IC1_METHODOLOGY_R7_REGISTRY_V1","REVIEW_REQUIRED","OWNERSHIP_TREND_4Q","","REQUIRED_EVIDENCE_MISSING","methodology_contract; minimum_history=4; freshness_policy=FUNDAMENTAL_150_DAYS_ANNUAL_550_DAYS; applicability=APPLICABLE","trendlyne_domains=3/4; retained_documents=0","TRENDLYNE_OWNERSHIP_REVIEW","p7-ic2-materialize-readiness + v14 reviewed/numeric/history validators","source metadata and/or factual reviewer decision","PARTIAL_PROVIDER_CAPTURE; DOCUMENT_DISCOVERY_IDENTITY_MISMATCH; REVIEW_PENDING"
"80b0c585-6ac4-4f41-b90c-6f37baa1e5b0","ICEMAKE","INE520Y01019","847deb1b-73fe-4cc0-b5aa-65a67b8ca948","INDUSTRIAL_PRODUCTS","","P7_IC1_INDUSTRIAL_PRODUCTS_METHODOLOGY_V1","PORTFOLIOAI_P7_IC1_METHODOLOGY_R7_REGISTRY_V1","REVIEW_REQUIRED","PE","","REQUIRED_EVIDENCE_MISSING","methodology_contract; minimum_history=3; freshness_policy=FUNDAMENTAL_150_DAYS_ANNUAL_550_DAYS; applicability=APPLICABLE","trendlyne_domains=3/4; retained_documents=0","TRENDLYNE_STRUCTURED_PLUS_PERIOD_SCOPE_OR_OFFICIAL_FILING","p7-ic2-materialize-readiness + v14 reviewed/numeric/history validators","contract-valid source metadata","PARTIAL_PROVIDER_CAPTURE; DOCUMENT_DISCOVERY_IDENTITY_MISMATCH; REVIEW_PENDING"
"80b0c585-6ac4-4f41-b90c-6f37baa1e5b0","ICEMAKE","INE520Y01019","847deb1b-73fe-4cc0-b5aa-65a67b8ca948","INDUSTRIAL_PRODUCTS","","P7_IC1_INDUSTRIAL_PRODUCTS_METHODOLOGY_V1","PORTFOLIOAI_P7_IC1_METHODOLOGY_R7_REGISTRY_V1","REVIEW_REQUIRED","PRODUCT_MIX_QUALITY","","REQUIRED_EVIDENCE_MISSING","methodology_contract; minimum_history=8; freshness_policy=FUNDAMENTAL_150_DAYS_ANNUAL_550_DAYS; applicability=APPLICABLE","trendlyne_domains=3/4; retained_documents=0","PROFILE_CONTRACT_PROVIDER_OR_DOCUMENT_REVIEW","p7-ic2-materialize-readiness + v14 reviewed/numeric/history validators","source metadata and/or factual reviewer decision","PARTIAL_PROVIDER_CAPTURE; DOCUMENT_DISCOVERY_IDENTITY_MISMATCH; REVIEW_PENDING"
"80b0c585-6ac4-4f41-b90c-6f37baa1e5b0","ICEMAKE","INE520Y01019","847deb1b-73fe-4cc0-b5aa-65a67b8ca948","INDUSTRIAL_PRODUCTS","","P7_IC1_INDUSTRIAL_PRODUCTS_METHODOLOGY_V1","PORTFOLIOAI_P7_IC1_METHODOLOGY_R7_REGISTRY_V1","REVIEW_REQUIRED","REVENUE_VOLUME_ORDER_GROWTH","","REQUIRED_EVIDENCE_MISSING","methodology_contract; minimum_history=8; freshness_policy=FUNDAMENTAL_150_DAYS_ANNUAL_550_DAYS; applicability=APPLICABLE","trendlyne_domains=3/4; retained_documents=0","TRENDLYNE_STRUCTURED_PLUS_PERIOD_SCOPE_OR_OFFICIAL_FILING","p7-ic2-materialize-readiness + v14 reviewed/numeric/history validators","contract-valid source metadata","PARTIAL_PROVIDER_CAPTURE; DOCUMENT_DISCOVERY_IDENTITY_MISMATCH; REVIEW_PENDING"
"80b0c585-6ac4-4f41-b90c-6f37baa1e5b0","ICEMAKE","INE520Y01019","847deb1b-73fe-4cc0-b5aa-65a67b8ca948","INDUSTRIAL_PRODUCTS","","P7_IC1_INDUSTRIAL_PRODUCTS_METHODOLOGY_V1","PORTFOLIOAI_P7_IC1_METHODOLOGY_R7_REGISTRY_V1","REVIEW_REQUIRED","ROCE_CONTEXT","","REQUIRED_EVIDENCE_MISSING","methodology_contract; minimum_history=3; freshness_policy=FUNDAMENTAL_150_DAYS_ANNUAL_550_DAYS; applicability=APPLICABLE","trendlyne_domains=3/4; retained_documents=0","TRENDLYNE_STRUCTURED_PLUS_PERIOD_SCOPE_OR_OFFICIAL_FILING","p7-ic2-materialize-readiness + v14 reviewed/numeric/history validators","contract-valid source metadata","PARTIAL_PROVIDER_CAPTURE; DOCUMENT_DISCOVERY_IDENTITY_MISMATCH; REVIEW_PENDING"
"80b0c585-6ac4-4f41-b90c-6f37baa1e5b0","ICEMAKE","INE520Y01019","847deb1b-73fe-4cc0-b5aa-65a67b8ca948","INDUSTRIAL_PRODUCTS","","P7_IC1_INDUSTRIAL_PRODUCTS_METHODOLOGY_V1","PORTFOLIOAI_P7_IC1_METHODOLOGY_R7_REGISTRY_V1","REVIEW_REQUIRED","ROCE_OR_ROIC","","REQUIRED_EVIDENCE_MISSING","methodology_contract; minimum_history=3; freshness_policy=FUNDAMENTAL_150_DAYS_ANNUAL_550_DAYS; applicability=APPLICABLE","trendlyne_domains=3/4; retained_documents=0","TRENDLYNE_STRUCTURED_PLUS_PERIOD_SCOPE_OR_OFFICIAL_FILING","p7-ic2-materialize-readiness + v14 reviewed/numeric/history validators","contract-valid source metadata","PARTIAL_PROVIDER_CAPTURE; DOCUMENT_DISCOVERY_IDENTITY_MISMATCH; REVIEW_PENDING"
"dbe682c2-9ebd-44ef-827d-c386b103222d","ICICIAMC","INE346A01027","6ee8ae5d-6c88-400b-836d-3622ff14492e","CAPITAL_MARKETS_AMC","","FIN_SERVICES_NON_LENDER_K4B_SCORING_V1","PORTFOLIOAI_P7_IC1_METHODOLOGY_R7_REGISTRY_V1","REVIEW_REQUIRED","AUM_CLIENT_ASSET_AND_EARNINGS_GROWTH","","REQUIRED_EVIDENCE_MISSING","methodology_contract; minimum_history=1; freshness_policy=UNSPECIFIED; applicability=APPLICABLE","trendlyne_domains=4/4; retained_documents=1","DOCUMENT_DISCOVERY_OFFICIAL_SOURCE_REVIEW","p7-ic2-materialize-readiness + v14 reviewed/numeric/history validators","source metadata and/or factual reviewer decision","RAW_PROVIDER_CAPTURE_AVAILABLE; NORMALIZATION_OR_REVIEW_PENDING"
"dbe682c2-9ebd-44ef-827d-c386b103222d","ICICIAMC","INE346A01027","6ee8ae5d-6c88-400b-836d-3622ff14492e","CAPITAL_MARKETS_AMC","","FIN_SERVICES_NON_LENDER_K4B_SCORING_V1","PORTFOLIOAI_P7_IC1_METHODOLOGY_R7_REGISTRY_V1","REVIEW_REQUIRED","NET_CASH_OR_LEVERAGE","","REQUIRED_EVIDENCE_MISSING","methodology_contract; minimum_history=1; freshness_policy=UNSPECIFIED; applicability=APPLICABLE","trendlyne_domains=4/4; retained_documents=1","TRENDLYNE_STRUCTURED_PLUS_PERIOD_SCOPE_OR_OFFICIAL_FILING","p7-ic2-materialize-readiness + v14 reviewed/numeric/history validators","contract-valid source metadata","RAW_PROVIDER_CAPTURE_AVAILABLE; NORMALIZATION_OR_REVIEW_PENDING"
"dbe682c2-9ebd-44ef-827d-c386b103222d","ICICIAMC","INE346A01027","6ee8ae5d-6c88-400b-836d-3622ff14492e","CAPITAL_MARKETS_AMC","","FIN_SERVICES_NON_LENDER_K4B_SCORING_V1","PORTFOLIOAI_P7_IC1_METHODOLOGY_R7_REGISTRY_V1","REVIEW_REQUIRED","OPERATING_MARGIN_HISTORY","","REQUIRED_EVIDENCE_MISSING","methodology_contract; minimum_history=1; freshness_policy=UNSPECIFIED; applicability=APPLICABLE","trendlyne_domains=4/4; retained_documents=1","DOCUMENT_DISCOVERY_OFFICIAL_SOURCE_REVIEW","p7-ic2-materialize-readiness + v14 reviewed/numeric/history validators","source metadata and/or factual reviewer decision","RAW_PROVIDER_CAPTURE_AVAILABLE; NORMALIZATION_OR_REVIEW_PENDING"
"dbe682c2-9ebd-44ef-827d-c386b103222d","ICICIAMC","INE346A01027","6ee8ae5d-6c88-400b-836d-3622ff14492e","CAPITAL_MARKETS_AMC","","FIN_SERVICES_NON_LENDER_K4B_SCORING_V1","PORTFOLIOAI_P7_IC1_METHODOLOGY_R7_REGISTRY_V1","REVIEW_REQUIRED","OWNERSHIP_GOVERNANCE","","REQUIRED_EVIDENCE_MISSING","methodology_contract; minimum_history=4; freshness_policy=UNSPECIFIED; applicability=APPLICABLE","trendlyne_domains=4/4; retained_documents=1","TRENDLYNE_OWNERSHIP_REVIEW","p7-ic2-materialize-readiness + v14 reviewed/numeric/history validators","source metadata and/or factual reviewer decision","RAW_PROVIDER_CAPTURE_AVAILABLE; NORMALIZATION_OR_REVIEW_PENDING"
"dbe682c2-9ebd-44ef-827d-c386b103222d","ICICIAMC","INE346A01027","6ee8ae5d-6c88-400b-836d-3622ff14492e","CAPITAL_MARKETS_AMC","","FIN_SERVICES_NON_LENDER_K4B_SCORING_V1","PORTFOLIOAI_P7_IC1_METHODOLOGY_R7_REGISTRY_V1","REVIEW_REQUIRED","ROE_OR_ROIC","","REQUIRED_EVIDENCE_MISSING","methodology_contract; minimum_history=1; freshness_policy=UNSPECIFIED; applicability=APPLICABLE","trendlyne_domains=4/4; retained_documents=1","TRENDLYNE_STRUCTURED_PLUS_PERIOD_SCOPE_OR_OFFICIAL_FILING","p7-ic2-materialize-readiness + v14 reviewed/numeric/history validators","contract-valid source metadata","RAW_PROVIDER_CAPTURE_AVAILABLE; NORMALIZATION_OR_REVIEW_PENDING"
"dbe682c2-9ebd-44ef-827d-c386b103222d","ICICIAMC","INE346A01027","6ee8ae5d-6c88-400b-836d-3622ff14492e","CAPITAL_MARKETS_AMC","","FIN_SERVICES_NON_LENDER_K4B_SCORING_V1","PORTFOLIOAI_P7_IC1_METHODOLOGY_R7_REGISTRY_V1","REVIEW_REQUIRED","VALUATION","","REQUIRED_EVIDENCE_MISSING","methodology_contract; minimum_history=1; freshness_policy=UNSPECIFIED; applicability=APPLICABLE","trendlyne_domains=4/4; retained_documents=1","TRENDLYNE_STRUCTURED_PLUS_PERIOD_SCOPE_OR_OFFICIAL_FILING","p7-ic2-materialize-readiness + v14 reviewed/numeric/history validators","contract-valid source metadata","RAW_PROVIDER_CAPTURE_AVAILABLE; NORMALIZATION_OR_REVIEW_PENDING"
"5760ce4e-97ac-40ef-af3b-d2a5dce596cf","ICICIBANK","INE090A01021","55370c80-59b5-42bc-a566-a0997941dd54","BANK","","BANK_NBFC_STAGE_8_BANK_V1","PORTFOLIOAI_P7_IC1_METHODOLOGY_R7_REGISTRY_V1","REVIEW_REQUIRED","ADVANCES_GROWTH_YOY","","REQUIRED_EVIDENCE_MISSING","methodology_contract; minimum_history=1; freshness_policy=UNSPECIFIED; applicability=APPLICABLE","trendlyne_domains=4/4; retained_documents=1","TRENDLYNE_STRUCTURED_PLUS_PERIOD_SCOPE_OR_OFFICIAL_FILING","p7-ic2-materialize-readiness + v14 reviewed/numeric/history validators","contract-valid source metadata","RAW_PROVIDER_CAPTURE_AVAILABLE; NORMALIZATION_OR_REVIEW_PENDING"
"5760ce4e-97ac-40ef-af3b-d2a5dce596cf","ICICIBANK","INE090A01021","55370c80-59b5-42bc-a566-a0997941dd54","BANK","","BANK_NBFC_STAGE_8_BANK_V1","PORTFOLIOAI_P7_IC1_METHODOLOGY_R7_REGISTRY_V1","REVIEW_REQUIRED","DEPOSITS_GROWTH_YOY","","REQUIRED_EVIDENCE_MISSING","methodology_contract; minimum_history=1; freshness_policy=UNSPECIFIED; applicability=APPLICABLE","trendlyne_domains=4/4; retained_documents=1","TRENDLYNE_STRUCTURED_PLUS_PERIOD_SCOPE_OR_OFFICIAL_FILING","p7-ic2-materialize-readiness + v14 reviewed/numeric/history validators","contract-valid source metadata","RAW_PROVIDER_CAPTURE_AVAILABLE; NORMALIZATION_OR_REVIEW_PENDING"
"5760ce4e-97ac-40ef-af3b-d2a5dce596cf","ICICIBANK","INE090A01021","55370c80-59b5-42bc-a566-a0997941dd54","BANK","","BANK_NBFC_STAGE_8_BANK_V1","PORTFOLIOAI_P7_IC1_METHODOLOGY_R7_REGISTRY_V1","REVIEW_REQUIRED","EPS_GROWTH_YOY","","REQUIRED_EVIDENCE_MISSING","methodology_contract; minimum_history=1; freshness_policy=UNSPECIFIED; applicability=APPLICABLE","trendlyne_domains=4/4; retained_documents=1","TRENDLYNE_STRUCTURED_PLUS_PERIOD_SCOPE_OR_OFFICIAL_FILING","p7-ic2-materialize-readiness + v14 reviewed/numeric/history validators","contract-valid source metadata","RAW_PROVIDER_CAPTURE_AVAILABLE; NORMALIZATION_OR_REVIEW_PENDING"
"5760ce4e-97ac-40ef-af3b-d2a5dce596cf","ICICIBANK","INE090A01021","55370c80-59b5-42bc-a566-a0997941dd54","BANK","","BANK_NBFC_STAGE_8_BANK_V1","PORTFOLIOAI_P7_IC1_METHODOLOGY_R7_REGISTRY_V1","REVIEW_REQUIRED","NIM_TTM","","REQUIRED_EVIDENCE_MISSING","methodology_contract; minimum_history=1; freshness_policy=UNSPECIFIED; applicability=APPLICABLE","trendlyne_domains=4/4; retained_documents=1","TRENDLYNE_STRUCTURED_PLUS_PERIOD_SCOPE_OR_OFFICIAL_FILING","p7-ic2-materialize-readiness + v14 reviewed/numeric/history validators","contract-valid source metadata","RAW_PROVIDER_CAPTURE_AVAILABLE; NORMALIZATION_OR_REVIEW_PENDING"
"5760ce4e-97ac-40ef-af3b-d2a5dce596cf","ICICIBANK","INE090A01021","55370c80-59b5-42bc-a566-a0997941dd54","BANK","","BANK_NBFC_STAGE_8_BANK_V1","PORTFOLIOAI_P7_IC1_METHODOLOGY_R7_REGISTRY_V1","REVIEW_REQUIRED","PB_RELATIVE","","REQUIRED_EVIDENCE_MISSING","methodology_contract; minimum_history=1; freshness_policy=UNSPECIFIED; applicability=APPLICABLE","trendlyne_domains=4/4; retained_documents=1","TRENDLYNE_STRUCTURED_PLUS_PERIOD_SCOPE_OR_OFFICIAL_FILING","p7-ic2-materialize-readiness + v14 reviewed/numeric/history validators","contract-valid source metadata","RAW_PROVIDER_CAPTURE_AVAILABLE; NORMALIZATION_OR_REVIEW_PENDING"
"0071a138-f152-412f-a71a-34075ae7ed2e","ICIL","INE483B01026","fcb14576-d163-4dcb-9ee3-3921d7f0b16b","TEXTILES_APPAREL","","P7_IC1_TEXTILES_APPAREL_METHODOLOGY_V1","PORTFOLIOAI_P7_IC1_METHODOLOGY_R7_REGISTRY_V1","REVIEW_REQUIRED","BRAND_OR_HOME_TEXTILE_POSITION","","REQUIRED_EVIDENCE_MISSING","methodology_contract; minimum_history=3; freshness_policy=FUNDAMENTAL_150_DAYS_ANNUAL_550_DAYS; applicability=APPLICABLE","trendlyne_domains=4/4; retained_documents=1","DOCUMENT_DISCOVERY_OFFICIAL_SOURCE_REVIEW","p7-ic2-materialize-readiness + v14 reviewed/numeric/history validators","source metadata and/or factual reviewer decision","RAW_PROVIDER_CAPTURE_AVAILABLE; NORMALIZATION_OR_REVIEW_PENDING"
"0071a138-f152-412f-a71a-34075ae7ed2e","ICIL","INE483B01026","fcb14576-d163-4dcb-9ee3-3921d7f0b16b","TEXTILES_APPAREL","","P7_IC1_TEXTILES_APPAREL_METHODOLOGY_V1","PORTFOLIOAI_P7_IC1_METHODOLOGY_R7_REGISTRY_V1","REVIEW_REQUIRED","CAPACITY_UTILISATION","","REQUIRED_EVIDENCE_MISSING","methodology_contract; minimum_history=3; freshness_policy=FUNDAMENTAL_150_DAYS_ANNUAL_550_DAYS; applicability=APPLICABLE","trendlyne_domains=4/4; retained_documents=1","PROFILE_CONTRACT_PROVIDER_OR_DOCUMENT_REVIEW","p7-ic2-materialize-readiness + v14 reviewed/numeric/history validators","source metadata and/or factual reviewer decision","RAW_PROVIDER_CAPTURE_AVAILABLE; NORMALIZATION_OR_REVIEW_PENDING"
"0071a138-f152-412f-a71a-34075ae7ed2e","ICIL","INE483B01026","fcb14576-d163-4dcb-9ee3-3921d7f0b16b","TEXTILES_APPAREL","","P7_IC1_TEXTILES_APPAREL_METHODOLOGY_V1","PORTFOLIOAI_P7_IC1_METHODOLOGY_R7_REGISTRY_V1","REVIEW_REQUIRED","CFO_FCF_WORKING_CAPITAL","","REQUIRED_EVIDENCE_MISSING","methodology_contract; minimum_history=3; freshness_policy=FUNDAMENTAL_150_DAYS_ANNUAL_550_DAYS; applicability=APPLICABLE","trendlyne_domains=4/4; retained_documents=1","TRENDLYNE_STRUCTURED_PLUS_PERIOD_SCOPE_OR_OFFICIAL_FILING","p7-ic2-materialize-readiness + v14 reviewed/numeric/history validators","contract-valid source metadata","RAW_PROVIDER_CAPTURE_AVAILABLE; NORMALIZATION_OR_REVIEW_PENDING"
"0071a138-f152-412f-a71a-34075ae7ed2e","ICIL","INE483B01026","fcb14576-d163-4dcb-9ee3-3921d7f0b16b","TEXTILES_APPAREL","","P7_IC1_TEXTILES_APPAREL_METHODOLOGY_V1","PORTFOLIOAI_P7_IC1_METHODOLOGY_R7_REGISTRY_V1","REVIEW_REQUIRED","COTTON_INPUT_FX_DEMAND_CYCLE","","REQUIRED_EVIDENCE_MISSING","methodology_contract; minimum_history=252; freshness_policy=MARKET_5_TRADING_DAYS; applicability=APPLICABLE","trendlyne_domains=4/4; retained_documents=1","PROFILE_CONTRACT_PROVIDER_OR_DOCUMENT_REVIEW","p7-ic2-materialize-readiness + v14 reviewed/numeric/history validators","source metadata and/or factual reviewer decision","RAW_PROVIDER_CAPTURE_AVAILABLE; NORMALIZATION_OR_REVIEW_PENDING"
"0071a138-f152-412f-a71a-34075ae7ed2e","ICIL","INE483B01026","fcb14576-d163-4dcb-9ee3-3921d7f0b16b","TEXTILES_APPAREL","","P7_IC1_TEXTILES_APPAREL_METHODOLOGY_V1","PORTFOLIOAI_P7_IC1_METHODOLOGY_R7_REGISTRY_V1","REVIEW_REQUIRED","CUSTOMER_DIVERSIFICATION","","REQUIRED_EVIDENCE_MISSING","methodology_contract; minimum_history=3; freshness_policy=FUNDAMENTAL_150_DAYS_ANNUAL_550_DAYS; applicability=APPLICABLE","trendlyne_domains=4/4; retained_documents=1","DOCUMENT_DISCOVERY_OFFICIAL_SOURCE_REVIEW","p7-ic2-materialize-readiness + v14 reviewed/numeric/history validators","source metadata and/or factual reviewer decision","RAW_PROVIDER_CAPTURE_AVAILABLE; NORMALIZATION_OR_REVIEW_PENDING"
"0071a138-f152-412f-a71a-34075ae7ed2e","ICIL","INE483B01026","fcb14576-d163-4dcb-9ee3-3921d7f0b16b","TEXTILES_APPAREL","","P7_IC1_TEXTILES_APPAREL_METHODOLOGY_V1","PORTFOLIOAI_P7_IC1_METHODOLOGY_R7_REGISTRY_V1","REVIEW_REQUIRED","EV_EBITDA_NORMALIZED","","REQUIRED_EVIDENCE_MISSING","methodology_contract; minimum_history=3; freshness_policy=FUNDAMENTAL_150_DAYS_ANNUAL_550_DAYS; applicability=APPLICABLE","trendlyne_domains=4/4; retained_documents=1","TRENDLYNE_STRUCTURED_PLUS_PERIOD_SCOPE_OR_OFFICIAL_FILING","p7-ic2-materialize-readiness + v14 reviewed/numeric/history validators","contract-valid source metadata","RAW_PROVIDER_CAPTURE_AVAILABLE; NORMALIZATION_OR_REVIEW_PENDING"
"0071a138-f152-412f-a71a-34075ae7ed2e","ICIL","INE483B01026","fcb14576-d163-4dcb-9ee3-3921d7f0b16b","TEXTILES_APPAREL","","P7_IC1_TEXTILES_APPAREL_METHODOLOGY_V1","PORTFOLIOAI_P7_IC1_METHODOLOGY_R7_REGISTRY_V1","REVIEW_REQUIRED","FCF_YIELD","","REQUIRED_EVIDENCE_MISSING","methodology_contract; minimum_history=3; freshness_policy=FUNDAMENTAL_150_DAYS_ANNUAL_550_DAYS; applicability=APPLICABLE","trendlyne_domains=4/4; retained_documents=1","TRENDLYNE_STRUCTURED_PLUS_PERIOD_SCOPE_OR_OFFICIAL_FILING","p7-ic2-materialize-readiness + v14 reviewed/numeric/history validators","contract-valid source metadata","RAW_PROVIDER_CAPTURE_AVAILABLE; NORMALIZATION_OR_REVIEW_PENDING"
"0071a138-f152-412f-a71a-34075ae7ed2e","ICIL","INE483B01026","fcb14576-d163-4dcb-9ee3-3921d7f0b16b","TEXTILES_APPAREL","","P7_IC1_TEXTILES_APPAREL_METHODOLOGY_V1","PORTFOLIOAI_P7_IC1_METHODOLOGY_R7_REGISTRY_V1","REVIEW_REQUIRED","GOVERNANCE_EVENT_REVIEW","","REQUIRED_EVIDENCE_MISSING","methodology_contract; minimum_history=4; freshness_policy=FUNDAMENTAL_150_DAYS_ANNUAL_550_DAYS; applicability=APPLICABLE","trendlyne_domains=4/4; retained_documents=1","DOCUMENT_DISCOVERY_OFFICIAL_SOURCE_REVIEW","p7-ic2-materialize-readiness + v14 reviewed/numeric/history validators","source metadata and/or factual reviewer decision","RAW_PROVIDER_CAPTURE_AVAILABLE; NORMALIZATION_OR_REVIEW_PENDING"
"0071a138-f152-412f-a71a-34075ae7ed2e","ICIL","INE483B01026","fcb14576-d163-4dcb-9ee3-3921d7f0b16b","TEXTILES_APPAREL","","P7_IC1_TEXTILES_APPAREL_METHODOLOGY_V1","PORTFOLIOAI_P7_IC1_METHODOLOGY_R7_REGISTRY_V1","REVIEW_REQUIRED","NET_DEBT_INTEREST_COVERAGE","","REQUIRED_EVIDENCE_MISSING","methodology_contract; minimum_history=3; freshness_policy=FUNDAMENTAL_150_DAYS_ANNUAL_550_DAYS; applicability=APPLICABLE","trendlyne_domains=4/4; retained_documents=1","TRENDLYNE_STRUCTURED_PLUS_PERIOD_SCOPE_OR_OFFICIAL_FILING","p7-ic2-materialize-readiness + v14 reviewed/numeric/history validators","contract-valid source metadata","RAW_PROVIDER_CAPTURE_AVAILABLE; NORMALIZATION_OR_REVIEW_PENDING"
"0071a138-f152-412f-a71a-34075ae7ed2e","ICIL","INE483B01026","fcb14576-d163-4dcb-9ee3-3921d7f0b16b","TEXTILES_APPAREL","","P7_IC1_TEXTILES_APPAREL_METHODOLOGY_V1","PORTFOLIOAI_P7_IC1_METHODOLOGY_R7_REGISTRY_V1","REVIEW_REQUIRED","OPERATING_MARGIN_HISTORY","","REQUIRED_EVIDENCE_MISSING","methodology_contract; minimum_history=8; freshness_policy=FUNDAMENTAL_150_DAYS_ANNUAL_550_DAYS; applicability=APPLICABLE","trendlyne_domains=4/4; retained_documents=1","DOCUMENT_DISCOVERY_OFFICIAL_SOURCE_REVIEW","p7-ic2-materialize-readiness + v14 reviewed/numeric/history validators","source metadata and/or factual reviewer decision","RAW_PROVIDER_CAPTURE_AVAILABLE; NORMALIZATION_OR_REVIEW_PENDING"
"0071a138-f152-412f-a71a-34075ae7ed2e","ICIL","INE483B01026","fcb14576-d163-4dcb-9ee3-3921d7f0b16b","TEXTILES_APPAREL","","P7_IC1_TEXTILES_APPAREL_METHODOLOGY_V1","PORTFOLIOAI_P7_IC1_METHODOLOGY_R7_REGISTRY_V1","REVIEW_REQUIRED","OWNERSHIP_TREND_4Q","","REQUIRED_EVIDENCE_MISSING","methodology_contract; minimum_history=4; freshness_policy=FUNDAMENTAL_150_DAYS_ANNUAL_550_DAYS; applicability=APPLICABLE","trendlyne_domains=4/4; retained_documents=1","TRENDLYNE_OWNERSHIP_REVIEW","p7-ic2-materialize-readiness + v14 reviewed/numeric/history validators","source metadata and/or factual reviewer decision","RAW_PROVIDER_CAPTURE_AVAILABLE; NORMALIZATION_OR_REVIEW_PENDING"
"0071a138-f152-412f-a71a-34075ae7ed2e","ICIL","INE483B01026","fcb14576-d163-4dcb-9ee3-3921d7f0b16b","TEXTILES_APPAREL","","P7_IC1_TEXTILES_APPAREL_METHODOLOGY_V1","PORTFOLIOAI_P7_IC1_METHODOLOGY_R7_REGISTRY_V1","REVIEW_REQUIRED","PB_ROCE_CONTEXT","","REQUIRED_EVIDENCE_MISSING","methodology_contract; minimum_history=3; freshness_policy=FUNDAMENTAL_150_DAYS_ANNUAL_550_DAYS; applicability=APPLICABLE","trendlyne_domains=4/4; retained_documents=1","TRENDLYNE_STRUCTURED_PLUS_PERIOD_SCOPE_OR_OFFICIAL_FILING","p7-ic2-materialize-readiness + v14 reviewed/numeric/history validators","contract-valid source metadata","RAW_PROVIDER_CAPTURE_AVAILABLE; NORMALIZATION_OR_REVIEW_PENDING"
"0071a138-f152-412f-a71a-34075ae7ed2e","ICIL","INE483B01026","fcb14576-d163-4dcb-9ee3-3921d7f0b16b","TEXTILES_APPAREL","","P7_IC1_TEXTILES_APPAREL_METHODOLOGY_V1","PORTFOLIOAI_P7_IC1_METHODOLOGY_R7_REGISTRY_V1","REVIEW_REQUIRED","PE_WITH_CYCLE_CONTEXT","","REQUIRED_EVIDENCE_MISSING","methodology_contract; minimum_history=3; freshness_policy=FUNDAMENTAL_150_DAYS_ANNUAL_550_DAYS; applicability=APPLICABLE","trendlyne_domains=4/4; retained_documents=1","TRENDLYNE_STRUCTURED_PLUS_PERIOD_SCOPE_OR_OFFICIAL_FILING","p7-ic2-materialize-readiness + v14 reviewed/numeric/history validators","contract-valid source metadata","RAW_PROVIDER_CAPTURE_AVAILABLE; NORMALIZATION_OR_REVIEW_PENDING"
"0071a138-f152-412f-a71a-34075ae7ed2e","ICIL","INE483B01026","fcb14576-d163-4dcb-9ee3-3921d7f0b16b","TEXTILES_APPAREL","","P7_IC1_TEXTILES_APPAREL_METHODOLOGY_V1","PORTFOLIOAI_P7_IC1_METHODOLOGY_R7_REGISTRY_V1","REVIEW_REQUIRED","REALIZATION_PRODUCT_MIX","","REQUIRED_EVIDENCE_MISSING","methodology_contract; minimum_history=8; freshness_policy=FUNDAMENTAL_150_DAYS_ANNUAL_550_DAYS; applicability=APPLICABLE","trendlyne_domains=4/4; retained_documents=1","PROFILE_CONTRACT_PROVIDER_OR_DOCUMENT_REVIEW","p7-ic2-materialize-readiness + v14 reviewed/numeric/history validators","source metadata and/or factual reviewer decision","RAW_PROVIDER_CAPTURE_AVAILABLE; NORMALIZATION_OR_REVIEW_PENDING"
"0071a138-f152-412f-a71a-34075ae7ed2e","ICIL","INE483B01026","fcb14576-d163-4dcb-9ee3-3921d7f0b16b","TEXTILES_APPAREL","","P7_IC1_TEXTILES_APPAREL_METHODOLOGY_V1","PORTFOLIOAI_P7_IC1_METHODOLOGY_R7_REGISTRY_V1","REVIEW_REQUIRED","REVENUE_VOLUME_EXPORT_GROWTH","","REQUIRED_EVIDENCE_MISSING","methodology_contract; minimum_history=8; freshness_policy=FUNDAMENTAL_150_DAYS_ANNUAL_550_DAYS; applicability=APPLICABLE","trendlyne_domains=4/4; retained_documents=1","TRENDLYNE_STRUCTURED_PLUS_PERIOD_SCOPE_OR_OFFICIAL_FILING","p7-ic2-materialize-readiness + v14 reviewed/numeric/history validators","contract-valid source metadata","RAW_PROVIDER_CAPTURE_AVAILABLE; NORMALIZATION_OR_REVIEW_PENDING"
"0071a138-f152-412f-a71a-34075ae7ed2e","ICIL","INE483B01026","fcb14576-d163-4dcb-9ee3-3921d7f0b16b","TEXTILES_APPAREL","","P7_IC1_TEXTILES_APPAREL_METHODOLOGY_V1","PORTFOLIOAI_P7_IC1_METHODOLOGY_R7_REGISTRY_V1","REVIEW_REQUIRED","ROCE_OR_ROIC","","REQUIRED_EVIDENCE_MISSING","methodology_contract; minimum_history=3; freshness_policy=FUNDAMENTAL_150_DAYS_ANNUAL_550_DAYS; applicability=APPLICABLE","trendlyne_domains=4/4; retained_documents=1","TRENDLYNE_STRUCTURED_PLUS_PERIOD_SCOPE_OR_OFFICIAL_FILING","p7-ic2-materialize-readiness + v14 reviewed/numeric/history validators","contract-valid source metadata","RAW_PROVIDER_CAPTURE_AVAILABLE; NORMALIZATION_OR_REVIEW_PENDING"
"a5639446-3238-4e08-9d02-59bc529982db","IDBI","INE008A01015","45637f7a-3b0f-4824-b1cf-77912d7a515b","BANK","","BANK_NBFC_STAGE_8_BANK_V1","PORTFOLIOAI_P7_IC1_METHODOLOGY_R7_REGISTRY_V1","REVIEW_REQUIRED","ADVANCES_GROWTH_YOY","","REQUIRED_EVIDENCE_MISSING","methodology_contract; minimum_history=1; freshness_policy=UNSPECIFIED; applicability=APPLICABLE","trendlyne_domains=4/4; retained_documents=1","TRENDLYNE_STRUCTURED_PLUS_PERIOD_SCOPE_OR_OFFICIAL_FILING","p7-ic2-materialize-readiness + v14 reviewed/numeric/history validators","contract-valid source metadata","RAW_PROVIDER_CAPTURE_AVAILABLE; NORMALIZATION_OR_REVIEW_PENDING"
"a5639446-3238-4e08-9d02-59bc529982db","IDBI","INE008A01015","45637f7a-3b0f-4824-b1cf-77912d7a515b","BANK","","BANK_NBFC_STAGE_8_BANK_V1","PORTFOLIOAI_P7_IC1_METHODOLOGY_R7_REGISTRY_V1","REVIEW_REQUIRED","DEPOSITS_GROWTH_YOY","","REQUIRED_EVIDENCE_MISSING","methodology_contract; minimum_history=1; freshness_policy=UNSPECIFIED; applicability=APPLICABLE","trendlyne_domains=4/4; retained_documents=1","TRENDLYNE_STRUCTURED_PLUS_PERIOD_SCOPE_OR_OFFICIAL_FILING","p7-ic2-materialize-readiness + v14 reviewed/numeric/history validators","contract-valid source metadata","RAW_PROVIDER_CAPTURE_AVAILABLE; NORMALIZATION_OR_REVIEW_PENDING"
"a5639446-3238-4e08-9d02-59bc529982db","IDBI","INE008A01015","45637f7a-3b0f-4824-b1cf-77912d7a515b","BANK","","BANK_NBFC_STAGE_8_BANK_V1","PORTFOLIOAI_P7_IC1_METHODOLOGY_R7_REGISTRY_V1","REVIEW_REQUIRED","EPS_GROWTH_YOY","","REQUIRED_EVIDENCE_MISSING","methodology_contract; minimum_history=1; freshness_policy=UNSPECIFIED; applicability=APPLICABLE","trendlyne_domains=4/4; retained_documents=1","TRENDLYNE_STRUCTURED_PLUS_PERIOD_SCOPE_OR_OFFICIAL_FILING","p7-ic2-materialize-readiness + v14 reviewed/numeric/history validators","contract-valid source metadata","RAW_PROVIDER_CAPTURE_AVAILABLE; NORMALIZATION_OR_REVIEW_PENDING"
"a5639446-3238-4e08-9d02-59bc529982db","IDBI","INE008A01015","45637f7a-3b0f-4824-b1cf-77912d7a515b","BANK","","BANK_NBFC_STAGE_8_BANK_V1","PORTFOLIOAI_P7_IC1_METHODOLOGY_R7_REGISTRY_V1","REVIEW_REQUIRED","GOVERNANCE_EVENT_SIGNAL","","REQUIRED_EVIDENCE_MISSING","methodology_contract; minimum_history=1; freshness_policy=UNSPECIFIED; applicability=APPLICABLE","trendlyne_domains=4/4; retained_documents=1","DOCUMENT_DISCOVERY_OFFICIAL_SOURCE_REVIEW","p7-ic2-materialize-readiness + v14 reviewed/numeric/history validators","source metadata and/or factual reviewer decision","RAW_PROVIDER_CAPTURE_AVAILABLE; NORMALIZATION_OR_REVIEW_PENDING"
"a5639446-3238-4e08-9d02-59bc529982db","IDBI","INE008A01015","45637f7a-3b0f-4824-b1cf-77912d7a515b","BANK","","BANK_NBFC_STAGE_8_BANK_V1","PORTFOLIOAI_P7_IC1_METHODOLOGY_R7_REGISTRY_V1","REVIEW_REQUIRED","NIM_TTM","","REQUIRED_EVIDENCE_MISSING","methodology_contract; minimum_history=1; freshness_policy=UNSPECIFIED; applicability=APPLICABLE","trendlyne_domains=4/4; retained_documents=1","TRENDLYNE_STRUCTURED_PLUS_PERIOD_SCOPE_OR_OFFICIAL_FILING","p7-ic2-materialize-readiness + v14 reviewed/numeric/history validators","contract-valid source metadata","RAW_PROVIDER_CAPTURE_AVAILABLE; NORMALIZATION_OR_REVIEW_PENDING"
"a5639446-3238-4e08-9d02-59bc529982db","IDBI","INE008A01015","45637f7a-3b0f-4824-b1cf-77912d7a515b","BANK","","BANK_NBFC_STAGE_8_BANK_V1","PORTFOLIOAI_P7_IC1_METHODOLOGY_R7_REGISTRY_V1","REVIEW_REQUIRED","PB_RELATIVE","","REQUIRED_EVIDENCE_MISSING","methodology_contract; minimum_history=1; freshness_policy=UNSPECIFIED; applicability=APPLICABLE","trendlyne_domains=4/4; retained_documents=1","TRENDLYNE_STRUCTURED_PLUS_PERIOD_SCOPE_OR_OFFICIAL_FILING","p7-ic2-materialize-readiness + v14 reviewed/numeric/history validators","contract-valid source metadata","RAW_PROVIDER_CAPTURE_AVAILABLE; NORMALIZATION_OR_REVIEW_PENDING"
"ba340b06-fd44-4d80-9ce7-d280616354ed","IDFCFIRSTB","INE092T01019","3c334bc5-1692-490a-8ae8-17f466bf810d","BANK","","BANK_NBFC_STAGE_8_BANK_V1","PORTFOLIOAI_P7_IC1_METHODOLOGY_R7_REGISTRY_V1","REVIEW_REQUIRED","ADVANCES_GROWTH_YOY","","REQUIRED_EVIDENCE_MISSING","methodology_contract; minimum_history=1; freshness_policy=UNSPECIFIED; applicability=APPLICABLE","trendlyne_domains=4/4; retained_documents=1","TRENDLYNE_STRUCTURED_PLUS_PERIOD_SCOPE_OR_OFFICIAL_FILING","p7-ic2-materialize-readiness + v14 reviewed/numeric/history validators","contract-valid source metadata","RAW_PROVIDER_CAPTURE_AVAILABLE; NORMALIZATION_OR_REVIEW_PENDING"
"ba340b06-fd44-4d80-9ce7-d280616354ed","IDFCFIRSTB","INE092T01019","3c334bc5-1692-490a-8ae8-17f466bf810d","BANK","","BANK_NBFC_STAGE_8_BANK_V1","PORTFOLIOAI_P7_IC1_METHODOLOGY_R7_REGISTRY_V1","REVIEW_REQUIRED","CAPITAL_ADEQUACY_RATIO","","REQUIRED_EVIDENCE_MISSING","methodology_contract; minimum_history=1; freshness_policy=UNSPECIFIED; applicability=APPLICABLE","trendlyne_domains=4/4; retained_documents=1","PROFILE_CONTRACT_PROVIDER_OR_DOCUMENT_REVIEW","p7-ic2-materialize-readiness + v14 reviewed/numeric/history validators","source metadata and/or factual reviewer decision","RAW_PROVIDER_CAPTURE_AVAILABLE; NORMALIZATION_OR_REVIEW_PENDING"
"ba340b06-fd44-4d80-9ce7-d280616354ed","IDFCFIRSTB","INE092T01019","3c334bc5-1692-490a-8ae8-17f466bf810d","BANK","","BANK_NBFC_STAGE_8_BANK_V1","PORTFOLIOAI_P7_IC1_METHODOLOGY_R7_REGISTRY_V1","REVIEW_REQUIRED","CET1_RATIO","","REQUIRED_EVIDENCE_MISSING","methodology_contract; minimum_history=1; freshness_policy=UNSPECIFIED; applicability=APPLICABLE","trendlyne_domains=4/4; retained_documents=1","PROFILE_CONTRACT_PROVIDER_OR_DOCUMENT_REVIEW","p7-ic2-materialize-readiness + v14 reviewed/numeric/history validators","source metadata and/or factual reviewer decision","RAW_PROVIDER_CAPTURE_AVAILABLE; NORMALIZATION_OR_REVIEW_PENDING"
"ba340b06-fd44-4d80-9ce7-d280616354ed","IDFCFIRSTB","INE092T01019","3c334bc5-1692-490a-8ae8-17f466bf810d","BANK","","BANK_NBFC_STAGE_8_BANK_V1","PORTFOLIOAI_P7_IC1_METHODOLOGY_R7_REGISTRY_V1","REVIEW_REQUIRED","DEPOSITS_GROWTH_YOY","","REQUIRED_EVIDENCE_MISSING","methodology_contract; minimum_history=1; freshness_policy=UNSPECIFIED; applicability=APPLICABLE","trendlyne_domains=4/4; retained_documents=1","TRENDLYNE_STRUCTURED_PLUS_PERIOD_SCOPE_OR_OFFICIAL_FILING","p7-ic2-materialize-readiness + v14 reviewed/numeric/history validators","contract-valid source metadata","RAW_PROVIDER_CAPTURE_AVAILABLE; NORMALIZATION_OR_REVIEW_PENDING"
"ba340b06-fd44-4d80-9ce7-d280616354ed","IDFCFIRSTB","INE092T01019","3c334bc5-1692-490a-8ae8-17f466bf810d","BANK","","BANK_NBFC_STAGE_8_BANK_V1","PORTFOLIOAI_P7_IC1_METHODOLOGY_R7_REGISTRY_V1","REVIEW_REQUIRED","EPS_GROWTH_YOY","","REQUIRED_EVIDENCE_MISSING","methodology_contract; minimum_history=1; freshness_policy=UNSPECIFIED; applicability=APPLICABLE","trendlyne_domains=4/4; retained_documents=1","TRENDLYNE_STRUCTURED_PLUS_PERIOD_SCOPE_OR_OFFICIAL_FILING","p7-ic2-materialize-readiness + v14 reviewed/numeric/history validators","contract-valid source metadata","RAW_PROVIDER_CAPTURE_AVAILABLE; NORMALIZATION_OR_REVIEW_PENDING"
"ba340b06-fd44-4d80-9ce7-d280616354ed","IDFCFIRSTB","INE092T01019","3c334bc5-1692-490a-8ae8-17f466bf810d","BANK","","BANK_NBFC_STAGE_8_BANK_V1","PORTFOLIOAI_P7_IC1_METHODOLOGY_R7_REGISTRY_V1","REVIEW_REQUIRED","NIM_TTM","","REQUIRED_EVIDENCE_MISSING","methodology_contract; minimum_history=1; freshness_policy=UNSPECIFIED; applicability=APPLICABLE","trendlyne_domains=4/4; retained_documents=1","TRENDLYNE_STRUCTURED_PLUS_PERIOD_SCOPE_OR_OFFICIAL_FILING","p7-ic2-materialize-readiness + v14 reviewed/numeric/history validators","contract-valid source metadata","RAW_PROVIDER_CAPTURE_AVAILABLE; NORMALIZATION_OR_REVIEW_PENDING"
"ba340b06-fd44-4d80-9ce7-d280616354ed","IDFCFIRSTB","INE092T01019","3c334bc5-1692-490a-8ae8-17f466bf810d","BANK","","BANK_NBFC_STAGE_8_BANK_V1","PORTFOLIOAI_P7_IC1_METHODOLOGY_R7_REGISTRY_V1","REVIEW_REQUIRED","PB_RELATIVE","","REQUIRED_EVIDENCE_MISSING","methodology_contract; minimum_history=1; freshness_policy=UNSPECIFIED; applicability=APPLICABLE","trendlyne_domains=4/4; retained_documents=1","TRENDLYNE_STRUCTURED_PLUS_PERIOD_SCOPE_OR_OFFICIAL_FILING","p7-ic2-materialize-readiness + v14 reviewed/numeric/history validators","contract-valid source metadata","RAW_PROVIDER_CAPTURE_AVAILABLE; NORMALIZATION_OR_REVIEW_PENDING"
"259861a8-729a-42e3-b8a9-9a000113a870","IGL","INE203G01027","ee1bc57e-3189-44c4-aa29-7767acbba899","MIDSTREAM_CITY_GAS","","OIL_GAS_V1_K4B_SCORING_V1","PORTFOLIOAI_P7_IC1_METHODOLOGY_R7_REGISTRY_V1","REVIEW_REQUIRED","CFO_OR_FCF_CONVERSION_THROUGH_CYCLE","","REQUIRED_EVIDENCE_MISSING","methodology_contract; minimum_history=1; freshness_policy=UNSPECIFIED; applicability=APPLICABLE","trendlyne_domains=4/4; retained_documents=1","TRENDLYNE_STRUCTURED_PLUS_PERIOD_SCOPE_OR_OFFICIAL_FILING","p7-ic2-materialize-readiness + v14 reviewed/numeric/history validators","contract-valid source metadata","RAW_PROVIDER_CAPTURE_AVAILABLE; NORMALIZATION_OR_REVIEW_PENDING"
"259861a8-729a-42e3-b8a9-9a000113a870","IGL","INE203G01027","ee1bc57e-3189-44c4-aa29-7767acbba899","MIDSTREAM_CITY_GAS","","OIL_GAS_V1_K4B_SCORING_V1","PORTFOLIOAI_P7_IC1_METHODOLOGY_R7_REGISTRY_V1","REVIEW_REQUIRED","COMMODITY_POLICY_TRANSITION_RISK","","REQUIRED_EVIDENCE_MISSING","methodology_contract; minimum_history=1; freshness_policy=UNSPECIFIED; applicability=APPLICABLE","trendlyne_domains=4/4; retained_documents=1","DOCUMENT_DISCOVERY_OFFICIAL_SOURCE_REVIEW","p7-ic2-materialize-readiness + v14 reviewed/numeric/history validators","source metadata and/or factual reviewer decision","RAW_PROVIDER_CAPTURE_AVAILABLE; NORMALIZATION_OR_REVIEW_PENDING"
"259861a8-729a-42e3-b8a9-9a000113a870","IGL","INE203G01027","ee1bc57e-3189-44c4-aa29-7767acbba899","MIDSTREAM_CITY_GAS","","OIL_GAS_V1_K4B_SCORING_V1","PORTFOLIOAI_P7_IC1_METHODOLOGY_R7_REGISTRY_V1","REVIEW_REQUIRED","CYCLE_NORMALIZED_EARNINGS_QUALITY","","REQUIRED_EVIDENCE_MISSING","methodology_contract; minimum_history=1; freshness_policy=UNSPECIFIED; applicability=APPLICABLE","trendlyne_domains=4/4; retained_documents=1","PROFILE_CONTRACT_PROVIDER_OR_DOCUMENT_REVIEW","p7-ic2-materialize-readiness + v14 reviewed/numeric/history validators","source metadata and/or factual reviewer decision","RAW_PROVIDER_CAPTURE_AVAILABLE; NORMALIZATION_OR_REVIEW_PENDING"
"259861a8-729a-42e3-b8a9-9a000113a870","IGL","INE203G01027","ee1bc57e-3189-44c4-aa29-7767acbba899","MIDSTREAM_CITY_GAS","","OIL_GAS_V1_K4B_SCORING_V1","PORTFOLIOAI_P7_IC1_METHODOLOGY_R7_REGISTRY_V1","REVIEW_REQUIRED","NET_DEBT_AND_INTEREST_COVERAGE","","REQUIRED_EVIDENCE_MISSING","methodology_contract; minimum_history=1; freshness_policy=UNSPECIFIED; applicability=APPLICABLE","trendlyne_domains=4/4; retained_documents=1","TRENDLYNE_STRUCTURED_PLUS_PERIOD_SCOPE_OR_OFFICIAL_FILING","p7-ic2-materialize-readiness + v14 reviewed/numeric/history validators","contract-valid source metadata","RAW_PROVIDER_CAPTURE_AVAILABLE; NORMALIZATION_OR_REVIEW_PENDING"
"259861a8-729a-42e3-b8a9-9a000113a870","IGL","INE203G01027","ee1bc57e-3189-44c4-aa29-7767acbba899","MIDSTREAM_CITY_GAS","","OIL_GAS_V1_K4B_SCORING_V1","PORTFOLIOAI_P7_IC1_METHODOLOGY_R7_REGISTRY_V1","REVIEW_REQUIRED","OIL_GAS_BUSINESS_DURABILITY","","REQUIRED_EVIDENCE_MISSING","methodology_contract; minimum_history=1; freshness_policy=UNSPECIFIED; applicability=APPLICABLE","trendlyne_domains=4/4; retained_documents=1","DOCUMENT_DISCOVERY_OFFICIAL_SOURCE_REVIEW","p7-ic2-materialize-readiness + v14 reviewed/numeric/history validators","source metadata and/or factual reviewer decision","RAW_PROVIDER_CAPTURE_AVAILABLE; NORMALIZATION_OR_REVIEW_PENDING"
"259861a8-729a-42e3-b8a9-9a000113a870","IGL","INE203G01027","ee1bc57e-3189-44c4-aa29-7767acbba899","MIDSTREAM_CITY_GAS","","OIL_GAS_V1_K4B_SCORING_V1","PORTFOLIOAI_P7_IC1_METHODOLOGY_R7_REGISTRY_V1","REVIEW_REQUIRED","OWNERSHIP_GOVERNANCE","","REQUIRED_EVIDENCE_MISSING","methodology_contract; minimum_history=4; freshness_policy=UNSPECIFIED; applicability=APPLICABLE","trendlyne_domains=4/4; retained_documents=1","TRENDLYNE_OWNERSHIP_REVIEW","p7-ic2-materialize-readiness + v14 reviewed/numeric/history validators","source metadata and/or factual reviewer decision","RAW_PROVIDER_CAPTURE_AVAILABLE; NORMALIZATION_OR_REVIEW_PENDING"
"259861a8-729a-42e3-b8a9-9a000113a870","IGL","INE203G01027","ee1bc57e-3189-44c4-aa29-7767acbba899","MIDSTREAM_CITY_GAS","","OIL_GAS_V1_K4B_SCORING_V1","PORTFOLIOAI_P7_IC1_METHODOLOGY_R7_REGISTRY_V1","REVIEW_REQUIRED","ROCE_OR_ROIC_THROUGH_CYCLE","","REQUIRED_EVIDENCE_MISSING","methodology_contract; minimum_history=1; freshness_policy=UNSPECIFIED; applicability=APPLICABLE","trendlyne_domains=4/4; retained_documents=1","TRENDLYNE_STRUCTURED_PLUS_PERIOD_SCOPE_OR_OFFICIAL_FILING","p7-ic2-materialize-readiness + v14 reviewed/numeric/history validators","contract-valid source metadata","RAW_PROVIDER_CAPTURE_AVAILABLE; NORMALIZATION_OR_REVIEW_PENDING"
"259861a8-729a-42e3-b8a9-9a000113a870","IGL","INE203G01027","ee1bc57e-3189-44c4-aa29-7767acbba899","MIDSTREAM_CITY_GAS","","OIL_GAS_V1_K4B_SCORING_V1","PORTFOLIOAI_P7_IC1_METHODOLOGY_R7_REGISTRY_V1","REVIEW_REQUIRED","VALUATION_THROUGH_CYCLE","","REQUIRED_EVIDENCE_MISSING","methodology_contract; minimum_history=1; freshness_policy=UNSPECIFIED; applicability=APPLICABLE","trendlyne_domains=4/4; retained_documents=1","TRENDLYNE_STRUCTURED_PLUS_PERIOD_SCOPE_OR_OFFICIAL_FILING","p7-ic2-materialize-readiness + v14 reviewed/numeric/history validators","contract-valid source metadata","RAW_PROVIDER_CAPTURE_AVAILABLE; NORMALIZATION_OR_REVIEW_PENDING"
"259861a8-729a-42e3-b8a9-9a000113a870","IGL","INE203G01027","ee1bc57e-3189-44c4-aa29-7767acbba899","MIDSTREAM_CITY_GAS","","OIL_GAS_V1_K4B_SCORING_V1","PORTFOLIOAI_P7_IC1_METHODOLOGY_R7_REGISTRY_V1","REVIEW_REQUIRED","VOLUME_THROUGHPUT_AND_NETWORK_GROWTH","","REQUIRED_EVIDENCE_MISSING","methodology_contract; minimum_history=1; freshness_policy=UNSPECIFIED; applicability=APPLICABLE","trendlyne_domains=4/4; retained_documents=1","TRENDLYNE_STRUCTURED_PLUS_PERIOD_SCOPE_OR_OFFICIAL_FILING","p7-ic2-materialize-readiness + v14 reviewed/numeric/history validators","contract-valid source metadata","RAW_PROVIDER_CAPTURE_AVAILABLE; NORMALIZATION_OR_REVIEW_PENDING"
"0c94c922-356c-41e0-b503-3de0e315eb23","IKS","INE115Q01022","911d9ed1-1b02-47b9-9549-5cd80f65c9ac","IT_BPM_SERVICES","","P7_IC1_IT_BPM_SERVICES_METHODOLOGY_V1","PORTFOLIOAI_P7_IC1_METHODOLOGY_R7_REGISTRY_V1","REVIEW_REQUIRED","DOMAIN_DEPTH","","REQUIRED_EVIDENCE_MISSING","methodology_contract; minimum_history=3; freshness_policy=FUNDAMENTAL_150_DAYS_ANNUAL_550_DAYS; applicability=APPLICABLE","trendlyne_domains=4/4; retained_documents=1","DOCUMENT_DISCOVERY_OFFICIAL_SOURCE_REVIEW","p7-ic2-materialize-readiness + v14 reviewed/numeric/history validators","source metadata and/or factual reviewer decision","RAW_PROVIDER_CAPTURE_AVAILABLE; NORMALIZATION_OR_REVIEW_PENDING"
"0c94c922-356c-41e0-b503-3de0e315eb23","IKS","INE115Q01022","911d9ed1-1b02-47b9-9549-5cd80f65c9ac","IT_BPM_SERVICES","","P7_IC1_IT_BPM_SERVICES_METHODOLOGY_V1","PORTFOLIOAI_P7_IC1_METHODOLOGY_R7_REGISTRY_V1","REVIEW_REQUIRED","EV_EBITDA","","REQUIRED_EVIDENCE_MISSING","methodology_contract; minimum_history=3; freshness_policy=FUNDAMENTAL_150_DAYS_ANNUAL_550_DAYS; applicability=APPLICABLE","trendlyne_domains=4/4; retained_documents=1","TRENDLYNE_STRUCTURED_PLUS_PERIOD_SCOPE_OR_OFFICIAL_FILING","p7-ic2-materialize-readiness + v14 reviewed/numeric/history validators","contract-valid source metadata","RAW_PROVIDER_CAPTURE_AVAILABLE; NORMALIZATION_OR_REVIEW_PENDING"
"0c94c922-356c-41e0-b503-3de0e315eb23","IKS","INE115Q01022","911d9ed1-1b02-47b9-9549-5cd80f65c9ac","IT_BPM_SERVICES","","P7_IC1_IT_BPM_SERVICES_METHODOLOGY_V1","PORTFOLIOAI_P7_IC1_METHODOLOGY_R7_REGISTRY_V1","REVIEW_REQUIRED","FCF_CONVERSION","","REQUIRED_EVIDENCE_MISSING","methodology_contract; minimum_history=3; freshness_policy=FUNDAMENTAL_150_DAYS_ANNUAL_550_DAYS; applicability=APPLICABLE","trendlyne_domains=4/4; retained_documents=1","TRENDLYNE_STRUCTURED_PLUS_PERIOD_SCOPE_OR_OFFICIAL_FILING","p7-ic2-materialize-readiness + v14 reviewed/numeric/history validators","contract-valid source metadata","RAW_PROVIDER_CAPTURE_AVAILABLE; NORMALIZATION_OR_REVIEW_PENDING"
"0c94c922-356c-41e0-b503-3de0e315eb23","IKS","INE115Q01022","911d9ed1-1b02-47b9-9549-5cd80f65c9ac","IT_BPM_SERVICES","","P7_IC1_IT_BPM_SERVICES_METHODOLOGY_V1","PORTFOLIOAI_P7_IC1_METHODOLOGY_R7_REGISTRY_V1","REVIEW_REQUIRED","FCF_YIELD","","REQUIRED_EVIDENCE_MISSING","methodology_contract; minimum_history=3; freshness_policy=FUNDAMENTAL_150_DAYS_ANNUAL_550_DAYS; applicability=APPLICABLE","trendlyne_domains=4/4; retained_documents=1","TRENDLYNE_STRUCTURED_PLUS_PERIOD_SCOPE_OR_OFFICIAL_FILING","p7-ic2-materialize-readiness + v14 reviewed/numeric/history validators","contract-valid source metadata","RAW_PROVIDER_CAPTURE_AVAILABLE; NORMALIZATION_OR_REVIEW_PENDING"
"0c94c922-356c-41e0-b503-3de0e315eb23","IKS","INE115Q01022","911d9ed1-1b02-47b9-9549-5cd80f65c9ac","IT_BPM_SERVICES","","P7_IC1_IT_BPM_SERVICES_METHODOLOGY_V1","PORTFOLIOAI_P7_IC1_METHODOLOGY_R7_REGISTRY_V1","REVIEW_REQUIRED","NET_CASH_OR_LEVERAGE","","REQUIRED_EVIDENCE_MISSING","methodology_contract; minimum_history=3; freshness_policy=FUNDAMENTAL_150_DAYS_ANNUAL_550_DAYS; applicability=APPLICABLE","trendlyne_domains=4/4; retained_documents=1","TRENDLYNE_STRUCTURED_PLUS_PERIOD_SCOPE_OR_OFFICIAL_FILING","p7-ic2-materialize-readiness + v14 reviewed/numeric/history validators","contract-valid source metadata","RAW_PROVIDER_CAPTURE_AVAILABLE; NORMALIZATION_OR_REVIEW_PENDING"
"0c94c922-356c-41e0-b503-3de0e315eb23","IKS","INE115Q01022","911d9ed1-1b02-47b9-9549-5cd80f65c9ac","IT_BPM_SERVICES","","P7_IC1_IT_BPM_SERVICES_METHODOLOGY_V1","PORTFOLIOAI_P7_IC1_METHODOLOGY_R7_REGISTRY_V1","REVIEW_REQUIRED","REVENUE_CLIENT_GROWTH_MULTI_PERIOD","","REQUIRED_EVIDENCE_MISSING","methodology_contract; minimum_history=8; freshness_policy=FUNDAMENTAL_150_DAYS_ANNUAL_550_DAYS; applicability=APPLICABLE","trendlyne_domains=4/4; retained_documents=1","DOCUMENT_DISCOVERY_OFFICIAL_SOURCE_REVIEW","p7-ic2-materialize-readiness + v14 reviewed/numeric/history validators","source metadata and/or factual reviewer decision","RAW_PROVIDER_CAPTURE_AVAILABLE; NORMALIZATION_OR_REVIEW_PENDING"
"0c94c922-356c-41e0-b503-3de0e315eb23","IKS","INE115Q01022","911d9ed1-1b02-47b9-9549-5cd80f65c9ac","IT_BPM_SERVICES","","P7_IC1_IT_BPM_SERVICES_METHODOLOGY_V1","PORTFOLIOAI_P7_IC1_METHODOLOGY_R7_REGISTRY_V1","REVIEW_REQUIRED","REVENUE_PER_EMPLOYEE_OR_DELIVERY_EFFICIENCY","","REQUIRED_EVIDENCE_MISSING","methodology_contract; minimum_history=8; freshness_policy=FUNDAMENTAL_150_DAYS_ANNUAL_550_DAYS; applicability=APPLICABLE","trendlyne_domains=4/4; retained_documents=1","TRENDLYNE_STRUCTURED_PLUS_PERIOD_SCOPE_OR_OFFICIAL_FILING","p7-ic2-materialize-readiness + v14 reviewed/numeric/history validators","contract-valid source metadata","RAW_PROVIDER_CAPTURE_AVAILABLE; NORMALIZATION_OR_REVIEW_PENDING"
"0c94c922-356c-41e0-b503-3de0e315eb23","IKS","INE115Q01022","911d9ed1-1b02-47b9-9549-5cd80f65c9ac","IT_BPM_SERVICES","","P7_IC1_IT_BPM_SERVICES_METHODOLOGY_V1","PORTFOLIOAI_P7_IC1_METHODOLOGY_R7_REGISTRY_V1","REVIEW_REQUIRED","ROCE_CONTEXT","","REQUIRED_EVIDENCE_MISSING","methodology_contract; minimum_history=3; freshness_policy=FUNDAMENTAL_150_DAYS_ANNUAL_550_DAYS; applicability=APPLICABLE","trendlyne_domains=4/4; retained_documents=1","TRENDLYNE_STRUCTURED_PLUS_PERIOD_SCOPE_OR_OFFICIAL_FILING","p7-ic2-materialize-readiness + v14 reviewed/numeric/history validators","contract-valid source metadata","RAW_PROVIDER_CAPTURE_AVAILABLE; NORMALIZATION_OR_REVIEW_PENDING"
"0c94c922-356c-41e0-b503-3de0e315eb23","IKS","INE115Q01022","911d9ed1-1b02-47b9-9549-5cd80f65c9ac","IT_BPM_SERVICES","","P7_IC1_IT_BPM_SERVICES_METHODOLOGY_V1","PORTFOLIOAI_P7_IC1_METHODOLOGY_R7_REGISTRY_V1","REVIEW_REQUIRED","ROCE_OR_ROIC","","REQUIRED_EVIDENCE_MISSING","methodology_contract; minimum_history=3; freshness_policy=FUNDAMENTAL_150_DAYS_ANNUAL_550_DAYS; applicability=APPLICABLE","trendlyne_domains=4/4; retained_documents=1","TRENDLYNE_STRUCTURED_PLUS_PERIOD_SCOPE_OR_OFFICIAL_FILING","p7-ic2-materialize-readiness + v14 reviewed/numeric/history validators","contract-valid source metadata","RAW_PROVIDER_CAPTURE_AVAILABLE; NORMALIZATION_OR_REVIEW_PENDING"
"81ac2bfc-bb2b-44eb-9f36-dcc3de29b16f","INDHOTEL","INE053A01029","7f8bd49b-a72f-4642-ba12-1f570535c41a","HOSPITALITY_LEISURE","","P7_IC1_HOSPITALITY_LEISURE_METHODOLOGY_V1","PORTFOLIOAI_P7_IC1_METHODOLOGY_R7_REGISTRY_V1","REVIEW_REQUIRED","CFO_FCF_CONVERSION","","REQUIRED_EVIDENCE_MISSING","methodology_contract; minimum_history=3; freshness_policy=FUNDAMENTAL_150_DAYS_ANNUAL_550_DAYS; applicability=APPLICABLE","trendlyne_domains=4/4; retained_documents=2","TRENDLYNE_STRUCTURED_PLUS_PERIOD_SCOPE_OR_OFFICIAL_FILING","p7-ic2-materialize-readiness + v14 reviewed/numeric/history validators","contract-valid source metadata","RAW_PROVIDER_CAPTURE_AVAILABLE; NORMALIZATION_OR_REVIEW_PENDING"
"81ac2bfc-bb2b-44eb-9f36-dcc3de29b16f","INDHOTEL","INE053A01029","7f8bd49b-a72f-4642-ba12-1f570535c41a","HOSPITALITY_LEISURE","","P7_IC1_HOSPITALITY_LEISURE_METHODOLOGY_V1","PORTFOLIOAI_P7_IC1_METHODOLOGY_R7_REGISTRY_V1","REVIEW_REQUIRED","DISCRETIONARY_DEMAND","","REQUIRED_EVIDENCE_MISSING","methodology_contract; minimum_history=252; freshness_policy=MARKET_5_TRADING_DAYS; applicability=APPLICABLE","trendlyne_domains=4/4; retained_documents=2","PROFILE_CONTRACT_PROVIDER_OR_DOCUMENT_REVIEW","p7-ic2-materialize-readiness + v14 reviewed/numeric/history validators","source metadata and/or factual reviewer decision","RAW_PROVIDER_CAPTURE_AVAILABLE; NORMALIZATION_OR_REVIEW_PENDING"
"81ac2bfc-bb2b-44eb-9f36-dcc3de29b16f","INDHOTEL","INE053A01029","7f8bd49b-a72f-4642-ba12-1f570535c41a","HOSPITALITY_LEISURE","","P7_IC1_HOSPITALITY_LEISURE_METHODOLOGY_V1","PORTFOLIOAI_P7_IC1_METHODOLOGY_R7_REGISTRY_V1","REVIEW_REQUIRED","EV_EBITDA","","REQUIRED_EVIDENCE_MISSING","methodology_contract; minimum_history=3; freshness_policy=FUNDAMENTAL_150_DAYS_ANNUAL_550_DAYS; applicability=APPLICABLE","trendlyne_domains=4/4; retained_documents=2","TRENDLYNE_STRUCTURED_PLUS_PERIOD_SCOPE_OR_OFFICIAL_FILING","p7-ic2-materialize-readiness + v14 reviewed/numeric/history validators","contract-valid source metadata","RAW_PROVIDER_CAPTURE_AVAILABLE; NORMALIZATION_OR_REVIEW_PENDING"
"81ac2bfc-bb2b-44eb-9f36-dcc3de29b16f","INDHOTEL","INE053A01029","7f8bd49b-a72f-4642-ba12-1f570535c41a","HOSPITALITY_LEISURE","","P7_IC1_HOSPITALITY_LEISURE_METHODOLOGY_V1","PORTFOLIOAI_P7_IC1_METHODOLOGY_R7_REGISTRY_V1","REVIEW_REQUIRED","FCF_YIELD","","REQUIRED_EVIDENCE_MISSING","methodology_contract; minimum_history=3; freshness_policy=FUNDAMENTAL_150_DAYS_ANNUAL_550_DAYS; applicability=APPLICABLE","trendlyne_domains=4/4; retained_documents=2","TRENDLYNE_STRUCTURED_PLUS_PERIOD_SCOPE_OR_OFFICIAL_FILING","p7-ic2-materialize-readiness + v14 reviewed/numeric/history validators","contract-valid source metadata","RAW_PROVIDER_CAPTURE_AVAILABLE; NORMALIZATION_OR_REVIEW_PENDING"
"81ac2bfc-bb2b-44eb-9f36-dcc3de29b16f","INDHOTEL","INE053A01029","7f8bd49b-a72f-4642-ba12-1f570535c41a","HOSPITALITY_LEISURE","","P7_IC1_HOSPITALITY_LEISURE_METHODOLOGY_V1","PORTFOLIOAI_P7_IC1_METHODOLOGY_R7_REGISTRY_V1","REVIEW_REQUIRED","GOVERNANCE_EVENT_REVIEW","","REQUIRED_EVIDENCE_MISSING","methodology_contract; minimum_history=4; freshness_policy=FUNDAMENTAL_150_DAYS_ANNUAL_550_DAYS; applicability=APPLICABLE","trendlyne_domains=4/4; retained_documents=2","DOCUMENT_DISCOVERY_OFFICIAL_SOURCE_REVIEW","p7-ic2-materialize-readiness + v14 reviewed/numeric/history validators","source metadata and/or factual reviewer decision","RAW_PROVIDER_CAPTURE_AVAILABLE; NORMALIZATION_OR_REVIEW_PENDING"
"81ac2bfc-bb2b-44eb-9f36-dcc3de29b16f","INDHOTEL","INE053A01029","7f8bd49b-a72f-4642-ba12-1f570535c41a","HOSPITALITY_LEISURE","","P7_IC1_HOSPITALITY_LEISURE_METHODOLOGY_V1","PORTFOLIOAI_P7_IC1_METHODOLOGY_R7_REGISTRY_V1","REVIEW_REQUIRED","REVENUE_UNIT_NETWORK_BOOKING_GROWTH","","REQUIRED_EVIDENCE_MISSING","methodology_contract; minimum_history=8; freshness_policy=FUNDAMENTAL_150_DAYS_ANNUAL_550_DAYS; applicability=APPLICABLE","trendlyne_domains=4/4; retained_documents=2","TRENDLYNE_STRUCTURED_PLUS_PERIOD_SCOPE_OR_OFFICIAL_FILING","p7-ic2-materialize-readiness + v14 reviewed/numeric/history validators","contract-valid source metadata","RAW_PROVIDER_CAPTURE_AVAILABLE; NORMALIZATION_OR_REVIEW_PENDING"
"81ac2bfc-bb2b-44eb-9f36-dcc3de29b16f","INDHOTEL","INE053A01029","7f8bd49b-a72f-4642-ba12-1f570535c41a","HOSPITALITY_LEISURE","","P7_IC1_HOSPITALITY_LEISURE_METHODOLOGY_V1","PORTFOLIOAI_P7_IC1_METHODOLOGY_R7_REGISTRY_V1","REVIEW_REQUIRED","SAME_STORE_REVPAR_OR_TRANSACTION_QUALITY","","REQUIRED_EVIDENCE_MISSING","methodology_contract; minimum_history=8; freshness_policy=FUNDAMENTAL_150_DAYS_ANNUAL_550_DAYS; applicability=APPLICABLE","trendlyne_domains=4/4; retained_documents=2","PROFILE_CONTRACT_PROVIDER_OR_DOCUMENT_REVIEW","p7-ic2-materialize-readiness + v14 reviewed/numeric/history validators","source metadata and/or factual reviewer decision","RAW_PROVIDER_CAPTURE_AVAILABLE; NORMALIZATION_OR_REVIEW_PENDING"
"81ac2bfc-bb2b-44eb-9f36-dcc3de29b16f","INDHOTEL","INE053A01029","7f8bd49b-a72f-4642-ba12-1f570535c41a","HOSPITALITY_LEISURE","","P7_IC1_HOSPITALITY_LEISURE_METHODOLOGY_V1","PORTFOLIOAI_P7_IC1_METHODOLOGY_R7_REGISTRY_V1","REVIEW_REQUIRED","UNIT_LEVEL_MARGIN_OR_OPERATING_MARGIN","","REQUIRED_EVIDENCE_MISSING","methodology_contract; minimum_history=8; freshness_policy=FUNDAMENTAL_150_DAYS_ANNUAL_550_DAYS; applicability=APPLICABLE","trendlyne_domains=4/4; retained_documents=2","DOCUMENT_DISCOVERY_OFFICIAL_SOURCE_REVIEW","p7-ic2-materialize-readiness + v14 reviewed/numeric/history validators","source metadata and/or factual reviewer decision","RAW_PROVIDER_CAPTURE_AVAILABLE; NORMALIZATION_OR_REVIEW_PENDING"
"5275dd14-35ba-4feb-94d8-f8d1facb19d3","INDIANB","INE562A01011","03799db8-b25f-4659-abc6-109581f28543","BANK","","BANK_NBFC_STAGE_8_BANK_V1","PORTFOLIOAI_P7_IC1_METHODOLOGY_R7_REGISTRY_V1","REVIEW_REQUIRED","ADVANCES_GROWTH_YOY","","REQUIRED_EVIDENCE_MISSING","methodology_contract; minimum_history=1; freshness_policy=UNSPECIFIED; applicability=APPLICABLE","trendlyne_domains=4/4; retained_documents=2","TRENDLYNE_STRUCTURED_PLUS_PERIOD_SCOPE_OR_OFFICIAL_FILING","p7-ic2-materialize-readiness + v14 reviewed/numeric/history validators","contract-valid source metadata","RAW_PROVIDER_CAPTURE_AVAILABLE; NORMALIZATION_OR_REVIEW_PENDING"
"5275dd14-35ba-4feb-94d8-f8d1facb19d3","INDIANB","INE562A01011","03799db8-b25f-4659-abc6-109581f28543","BANK","","BANK_NBFC_STAGE_8_BANK_V1","PORTFOLIOAI_P7_IC1_METHODOLOGY_R7_REGISTRY_V1","REVIEW_REQUIRED","DEPOSITS_GROWTH_YOY","","REQUIRED_EVIDENCE_MISSING","methodology_contract; minimum_history=1; freshness_policy=UNSPECIFIED; applicability=APPLICABLE","trendlyne_domains=4/4; retained_documents=2","TRENDLYNE_STRUCTURED_PLUS_PERIOD_SCOPE_OR_OFFICIAL_FILING","p7-ic2-materialize-readiness + v14 reviewed/numeric/history validators","contract-valid source metadata","RAW_PROVIDER_CAPTURE_AVAILABLE; NORMALIZATION_OR_REVIEW_PENDING"
"5275dd14-35ba-4feb-94d8-f8d1facb19d3","INDIANB","INE562A01011","03799db8-b25f-4659-abc6-109581f28543","BANK","","BANK_NBFC_STAGE_8_BANK_V1","PORTFOLIOAI_P7_IC1_METHODOLOGY_R7_REGISTRY_V1","REVIEW_REQUIRED","EPS_GROWTH_YOY","","REQUIRED_EVIDENCE_MISSING","methodology_contract; minimum_history=1; freshness_policy=UNSPECIFIED; applicability=APPLICABLE","trendlyne_domains=4/4; retained_documents=2","TRENDLYNE_STRUCTURED_PLUS_PERIOD_SCOPE_OR_OFFICIAL_FILING","p7-ic2-materialize-readiness + v14 reviewed/numeric/history validators","contract-valid source metadata","RAW_PROVIDER_CAPTURE_AVAILABLE; NORMALIZATION_OR_REVIEW_PENDING"
"5275dd14-35ba-4feb-94d8-f8d1facb19d3","INDIANB","INE562A01011","03799db8-b25f-4659-abc6-109581f28543","BANK","","BANK_NBFC_STAGE_8_BANK_V1","PORTFOLIOAI_P7_IC1_METHODOLOGY_R7_REGISTRY_V1","REVIEW_REQUIRED","GOVERNANCE_EVENT_SIGNAL","","REQUIRED_EVIDENCE_MISSING","methodology_contract; minimum_history=1; freshness_policy=UNSPECIFIED; applicability=APPLICABLE","trendlyne_domains=4/4; retained_documents=2","DOCUMENT_DISCOVERY_OFFICIAL_SOURCE_REVIEW","p7-ic2-materialize-readiness + v14 reviewed/numeric/history validators","source metadata and/or factual reviewer decision","RAW_PROVIDER_CAPTURE_AVAILABLE; NORMALIZATION_OR_REVIEW_PENDING"
"5275dd14-35ba-4feb-94d8-f8d1facb19d3","INDIANB","INE562A01011","03799db8-b25f-4659-abc6-109581f28543","BANK","","BANK_NBFC_STAGE_8_BANK_V1","PORTFOLIOAI_P7_IC1_METHODOLOGY_R7_REGISTRY_V1","REVIEW_REQUIRED","NIM_TTM","","REQUIRED_EVIDENCE_MISSING","methodology_contract; minimum_history=1; freshness_policy=UNSPECIFIED; applicability=APPLICABLE","trendlyne_domains=4/4; retained_documents=2","TRENDLYNE_STRUCTURED_PLUS_PERIOD_SCOPE_OR_OFFICIAL_FILING","p7-ic2-materialize-readiness + v14 reviewed/numeric/history validators","contract-valid source metadata","RAW_PROVIDER_CAPTURE_AVAILABLE; NORMALIZATION_OR_REVIEW_PENDING"
"5275dd14-35ba-4feb-94d8-f8d1facb19d3","INDIANB","INE562A01011","03799db8-b25f-4659-abc6-109581f28543","BANK","","BANK_NBFC_STAGE_8_BANK_V1","PORTFOLIOAI_P7_IC1_METHODOLOGY_R7_REGISTRY_V1","REVIEW_REQUIRED","PB_RELATIVE","","REQUIRED_EVIDENCE_MISSING","methodology_contract; minimum_history=1; freshness_policy=UNSPECIFIED; applicability=APPLICABLE","trendlyne_domains=4/4; retained_documents=2","TRENDLYNE_STRUCTURED_PLUS_PERIOD_SCOPE_OR_OFFICIAL_FILING","p7-ic2-materialize-readiness + v14 reviewed/numeric/history validators","contract-valid source metadata","RAW_PROVIDER_CAPTURE_AVAILABLE; NORMALIZATION_OR_REVIEW_PENDING"
"1c038626-26ac-4632-a446-4de7f0fc3245","INDUSTOWER","INE121J01017","bd8610c9-866e-475d-ba72-4d56bd59f60c","TELECOM_INFRA","","P7_IC1_TELECOM_INFRA_METHODOLOGY_V1","PORTFOLIOAI_P7_IC1_METHODOLOGY_R7_REGISTRY_V1","REVIEW_REQUIRED","CFO_FCF_CAPEX_CONVERSION","","REQUIRED_EVIDENCE_MISSING","methodology_contract; minimum_history=3; freshness_policy=FUNDAMENTAL_150_DAYS_ANNUAL_550_DAYS; applicability=APPLICABLE","trendlyne_domains=4/4; retained_documents=2","TRENDLYNE_STRUCTURED_PLUS_PERIOD_SCOPE_OR_OFFICIAL_FILING","p7-ic2-materialize-readiness + v14 reviewed/numeric/history validators","contract-valid source metadata","RAW_PROVIDER_CAPTURE_AVAILABLE; NORMALIZATION_OR_REVIEW_PENDING"
"1c038626-26ac-4632-a446-4de7f0fc3245","INDUSTOWER","INE121J01017","bd8610c9-866e-475d-ba72-4d56bd59f60c","TELECOM_INFRA","","P7_IC1_TELECOM_INFRA_METHODOLOGY_V1","PORTFOLIOAI_P7_IC1_METHODOLOGY_R7_REGISTRY_V1","REVIEW_REQUIRED","EV_EBITDA","","REQUIRED_EVIDENCE_MISSING","methodology_contract; minimum_history=3; freshness_policy=FUNDAMENTAL_150_DAYS_ANNUAL_550_DAYS; applicability=APPLICABLE","trendlyne_domains=4/4; retained_documents=2","TRENDLYNE_STRUCTURED_PLUS_PERIOD_SCOPE_OR_OFFICIAL_FILING","p7-ic2-materialize-readiness + v14 reviewed/numeric/history validators","contract-valid source metadata","RAW_PROVIDER_CAPTURE_AVAILABLE; NORMALIZATION_OR_REVIEW_PENDING"
"1c038626-26ac-4632-a446-4de7f0fc3245","INDUSTOWER","INE121J01017","bd8610c9-866e-475d-ba72-4d56bd59f60c","TELECOM_INFRA","","P7_IC1_TELECOM_INFRA_METHODOLOGY_V1","PORTFOLIOAI_P7_IC1_METHODOLOGY_R7_REGISTRY_V1","REVIEW_REQUIRED","FCF_YIELD","","REQUIRED_EVIDENCE_MISSING","methodology_contract; minimum_history=3; freshness_policy=FUNDAMENTAL_150_DAYS_ANNUAL_550_DAYS; applicability=APPLICABLE","trendlyne_domains=4/4; retained_documents=2","TRENDLYNE_STRUCTURED_PLUS_PERIOD_SCOPE_OR_OFFICIAL_FILING","p7-ic2-materialize-readiness + v14 reviewed/numeric/history validators","contract-valid source metadata","RAW_PROVIDER_CAPTURE_AVAILABLE; NORMALIZATION_OR_REVIEW_PENDING"
"ba7b2673-39d9-47ec-b2b2-cd19922aec36","INFY","INE009A01021","820ab9cf-cae9-47b8-aa32-9427980d8563","IT_SERVICES","","IT_TECH_K4B_SCORING_V1","PORTFOLIOAI_P7_IC1_METHODOLOGY_R7_REGISTRY_V1","REVIEW_REQUIRED","FCF_CONVERSION","","REQUIRED_EVIDENCE_MISSING","methodology_contract; minimum_history=1; freshness_policy=UNSPECIFIED; applicability=APPLICABLE","trendlyne_domains=4/4; retained_documents=1","TRENDLYNE_STRUCTURED_PLUS_PERIOD_SCOPE_OR_OFFICIAL_FILING","p7-ic2-materialize-readiness + v14 reviewed/numeric/history validators","contract-valid source metadata","RAW_PROVIDER_CAPTURE_AVAILABLE; NORMALIZATION_OR_REVIEW_PENDING"
"ba7b2673-39d9-47ec-b2b2-cd19922aec36","INFY","INE009A01021","820ab9cf-cae9-47b8-aa32-9427980d8563","IT_SERVICES","","IT_TECH_K4B_SCORING_V1","PORTFOLIOAI_P7_IC1_METHODOLOGY_R7_REGISTRY_V1","REVIEW_REQUIRED","NET_CASH_OR_LEVERAGE","","REQUIRED_EVIDENCE_MISSING","methodology_contract; minimum_history=1; freshness_policy=UNSPECIFIED; applicability=APPLICABLE","trendlyne_domains=4/4; retained_documents=1","TRENDLYNE_STRUCTURED_PLUS_PERIOD_SCOPE_OR_OFFICIAL_FILING","p7-ic2-materialize-readiness + v14 reviewed/numeric/history validators","contract-valid source metadata","RAW_PROVIDER_CAPTURE_AVAILABLE; NORMALIZATION_OR_REVIEW_PENDING"
"d6a4507e-86a5-4ea4-8033-465378b82cac","INOXWIND","INE066P01011","7f40c392-a1e0-427b-a316-e152c344a81c","CAPITAL_EQUIPMENT_ELECTRICAL","","INDUSTRIALS_CAPITAL_GOODS_K4B_SCORING_V1","PORTFOLIOAI_P7_IC1_METHODOLOGY_R7_REGISTRY_V1","REVIEW_REQUIRED","BUSINESS_DURABILITY","","REQUIRED_EVIDENCE_MISSING","methodology_contract; minimum_history=1; freshness_policy=UNSPECIFIED; applicability=APPLICABLE","trendlyne_domains=4/4; retained_documents=1","DOCUMENT_DISCOVERY_OFFICIAL_SOURCE_REVIEW","p7-ic2-materialize-readiness + v14 reviewed/numeric/history validators","source metadata and/or factual reviewer decision","RAW_PROVIDER_CAPTURE_AVAILABLE; NORMALIZATION_OR_REVIEW_PENDING"
"d6a4507e-86a5-4ea4-8033-465378b82cac","INOXWIND","INE066P01011","7f40c392-a1e0-427b-a316-e152c344a81c","CAPITAL_EQUIPMENT_ELECTRICAL","","INDUSTRIALS_CAPITAL_GOODS_K4B_SCORING_V1","PORTFOLIOAI_P7_IC1_METHODOLOGY_R7_REGISTRY_V1","REVIEW_REQUIRED","CFO_FCF_AND_WORKING_CAPITAL","","REQUIRED_EVIDENCE_MISSING","methodology_contract; minimum_history=1; freshness_policy=UNSPECIFIED; applicability=APPLICABLE","trendlyne_domains=4/4; retained_documents=1","TRENDLYNE_STRUCTURED_PLUS_PERIOD_SCOPE_OR_OFFICIAL_FILING","p7-ic2-materialize-readiness + v14 reviewed/numeric/history validators","contract-valid source metadata","RAW_PROVIDER_CAPTURE_AVAILABLE; NORMALIZATION_OR_REVIEW_PENDING"
"d6a4507e-86a5-4ea4-8033-465378b82cac","INOXWIND","INE066P01011","7f40c392-a1e0-427b-a316-e152c344a81c","CAPITAL_EQUIPMENT_ELECTRICAL","","INDUSTRIALS_CAPITAL_GOODS_K4B_SCORING_V1","PORTFOLIOAI_P7_IC1_METHODOLOGY_R7_REGISTRY_V1","REVIEW_REQUIRED","NET_DEBT_AND_INTEREST_COVERAGE","","REQUIRED_EVIDENCE_MISSING","methodology_contract; minimum_history=1; freshness_policy=UNSPECIFIED; applicability=APPLICABLE","trendlyne_domains=4/4; retained_documents=1","TRENDLYNE_STRUCTURED_PLUS_PERIOD_SCOPE_OR_OFFICIAL_FILING","p7-ic2-materialize-readiness + v14 reviewed/numeric/history validators","contract-valid source metadata","RAW_PROVIDER_CAPTURE_AVAILABLE; NORMALIZATION_OR_REVIEW_PENDING"
"d6a4507e-86a5-4ea4-8033-465378b82cac","INOXWIND","INE066P01011","7f40c392-a1e0-427b-a316-e152c344a81c","CAPITAL_EQUIPMENT_ELECTRICAL","","INDUSTRIALS_CAPITAL_GOODS_K4B_SCORING_V1","PORTFOLIOAI_P7_IC1_METHODOLOGY_R7_REGISTRY_V1","REVIEW_REQUIRED","OPERATING_MARGIN_HISTORY","","REQUIRED_EVIDENCE_MISSING","methodology_contract; minimum_history=1; freshness_policy=UNSPECIFIED; applicability=APPLICABLE","trendlyne_domains=4/4; retained_documents=1","DOCUMENT_DISCOVERY_OFFICIAL_SOURCE_REVIEW","p7-ic2-materialize-readiness + v14 reviewed/numeric/history validators","source metadata and/or factual reviewer decision","RAW_PROVIDER_CAPTURE_AVAILABLE; NORMALIZATION_OR_REVIEW_PENDING"
"d6a4507e-86a5-4ea4-8033-465378b82cac","INOXWIND","INE066P01011","7f40c392-a1e0-427b-a316-e152c344a81c","CAPITAL_EQUIPMENT_ELECTRICAL","","INDUSTRIALS_CAPITAL_GOODS_K4B_SCORING_V1","PORTFOLIOAI_P7_IC1_METHODOLOGY_R7_REGISTRY_V1","REVIEW_REQUIRED","OWNERSHIP_GOVERNANCE","","REQUIRED_EVIDENCE_MISSING","methodology_contract; minimum_history=4; freshness_policy=UNSPECIFIED; applicability=APPLICABLE","trendlyne_domains=4/4; retained_documents=1","TRENDLYNE_OWNERSHIP_REVIEW","p7-ic2-materialize-readiness + v14 reviewed/numeric/history validators","source metadata and/or factual reviewer decision","RAW_PROVIDER_CAPTURE_AVAILABLE; NORMALIZATION_OR_REVIEW_PENDING"
"d6a4507e-86a5-4ea4-8033-465378b82cac","INOXWIND","INE066P01011","7f40c392-a1e0-427b-a316-e152c344a81c","CAPITAL_EQUIPMENT_ELECTRICAL","","INDUSTRIALS_CAPITAL_GOODS_K4B_SCORING_V1","PORTFOLIOAI_P7_IC1_METHODOLOGY_R7_REGISTRY_V1","REVIEW_REQUIRED","REVENUE_AND_ORDER_GROWTH_MULTI_PERIOD","","REQUIRED_EVIDENCE_MISSING","methodology_contract; minimum_history=1; freshness_policy=UNSPECIFIED; applicability=APPLICABLE","trendlyne_domains=4/4; retained_documents=1","TRENDLYNE_STRUCTURED_PLUS_PERIOD_SCOPE_OR_OFFICIAL_FILING","p7-ic2-materialize-readiness + v14 reviewed/numeric/history validators","contract-valid source metadata","RAW_PROVIDER_CAPTURE_AVAILABLE; NORMALIZATION_OR_REVIEW_PENDING"
"d6a4507e-86a5-4ea4-8033-465378b82cac","INOXWIND","INE066P01011","7f40c392-a1e0-427b-a316-e152c344a81c","CAPITAL_EQUIPMENT_ELECTRICAL","","INDUSTRIALS_CAPITAL_GOODS_K4B_SCORING_V1","PORTFOLIOAI_P7_IC1_METHODOLOGY_R7_REGISTRY_V1","REVIEW_REQUIRED","ROCE_OR_ROIC","","REQUIRED_EVIDENCE_MISSING","methodology_contract; minimum_history=1; freshness_policy=UNSPECIFIED; applicability=APPLICABLE","trendlyne_domains=4/4; retained_documents=1","TRENDLYNE_STRUCTURED_PLUS_PERIOD_SCOPE_OR_OFFICIAL_FILING","p7-ic2-materialize-readiness + v14 reviewed/numeric/history validators","contract-valid source metadata","RAW_PROVIDER_CAPTURE_AVAILABLE; NORMALIZATION_OR_REVIEW_PENDING"
"d6a4507e-86a5-4ea4-8033-465378b82cac","INOXWIND","INE066P01011","7f40c392-a1e0-427b-a316-e152c344a81c","CAPITAL_EQUIPMENT_ELECTRICAL","","INDUSTRIALS_CAPITAL_GOODS_K4B_SCORING_V1","PORTFOLIOAI_P7_IC1_METHODOLOGY_R7_REGISTRY_V1","REVIEW_REQUIRED","VALUATION","","REQUIRED_EVIDENCE_MISSING","methodology_contract; minimum_history=1; freshness_policy=UNSPECIFIED; applicability=APPLICABLE","trendlyne_domains=4/4; retained_documents=1","TRENDLYNE_STRUCTURED_PLUS_PERIOD_SCOPE_OR_OFFICIAL_FILING","p7-ic2-materialize-readiness + v14 reviewed/numeric/history validators","contract-valid source metadata","RAW_PROVIDER_CAPTURE_AVAILABLE; NORMALIZATION_OR_REVIEW_PENDING"
"5639e7a2-275a-4c8c-be0b-3e0d59a1ecec","IONEXCHANG","INE570A01022","23e339a2-fbf5-4784-93a2-8e8bde7cb040","ENVIRONMENTAL_SERVICES","","P7_IC1_ENVIRONMENTAL_SERVICES_METHODOLOGY_V1","PORTFOLIOAI_P7_IC1_METHODOLOGY_R7_REGISTRY_V1","REVIEW_REQUIRED","CFO_FCF_RECEIVABLES","","REQUIRED_EVIDENCE_MISSING","methodology_contract; minimum_history=3; freshness_policy=FUNDAMENTAL_150_DAYS_ANNUAL_550_DAYS; applicability=APPLICABLE","trendlyne_domains=4/4; retained_documents=1","TRENDLYNE_STRUCTURED_PLUS_PERIOD_SCOPE_OR_OFFICIAL_FILING","p7-ic2-materialize-readiness + v14 reviewed/numeric/history validators","contract-valid source metadata","RAW_PROVIDER_CAPTURE_AVAILABLE; NORMALIZATION_OR_REVIEW_PENDING"
"5639e7a2-275a-4c8c-be0b-3e0d59a1ecec","IONEXCHANG","INE570A01022","23e339a2-fbf5-4784-93a2-8e8bde7cb040","ENVIRONMENTAL_SERVICES","","P7_IC1_ENVIRONMENTAL_SERVICES_METHODOLOGY_V1","PORTFOLIOAI_P7_IC1_METHODOLOGY_R7_REGISTRY_V1","REVIEW_REQUIRED","COLLECTION_OR_TREATMENT_EFFICIENCY","","REQUIRED_EVIDENCE_MISSING","methodology_contract; minimum_history=8; freshness_policy=FUNDAMENTAL_150_DAYS_ANNUAL_550_DAYS; applicability=APPLICABLE","trendlyne_domains=4/4; retained_documents=1","PROFILE_CONTRACT_PROVIDER_OR_DOCUMENT_REVIEW","p7-ic2-materialize-readiness + v14 reviewed/numeric/history validators","source metadata and/or factual reviewer decision","RAW_PROVIDER_CAPTURE_AVAILABLE; NORMALIZATION_OR_REVIEW_PENDING"
"5639e7a2-275a-4c8c-be0b-3e0d59a1ecec","IONEXCHANG","INE570A01022","23e339a2-fbf5-4784-93a2-8e8bde7cb040","ENVIRONMENTAL_SERVICES","","P7_IC1_ENVIRONMENTAL_SERVICES_METHODOLOGY_V1","PORTFOLIOAI_P7_IC1_METHODOLOGY_R7_REGISTRY_V1","REVIEW_REQUIRED","CONCESSION_CONTRACT_DURATION","","REQUIRED_EVIDENCE_MISSING","methodology_contract; minimum_history=3; freshness_policy=FUNDAMENTAL_150_DAYS_ANNUAL_550_DAYS; applicability=APPLICABLE","trendlyne_domains=4/4; retained_documents=1","PROFILE_CONTRACT_PROVIDER_OR_DOCUMENT_REVIEW","p7-ic2-materialize-readiness + v14 reviewed/numeric/history validators","source metadata and/or factual reviewer decision","RAW_PROVIDER_CAPTURE_AVAILABLE; NORMALIZATION_OR_REVIEW_PENDING"
"5639e7a2-275a-4c8c-be0b-3e0d59a1ecec","IONEXCHANG","INE570A01022","23e339a2-fbf5-4784-93a2-8e8bde7cb040","ENVIRONMENTAL_SERVICES","","P7_IC1_ENVIRONMENTAL_SERVICES_METHODOLOGY_V1","PORTFOLIOAI_P7_IC1_METHODOLOGY_R7_REGISTRY_V1","REVIEW_REQUIRED","EV_EBITDA","","REQUIRED_EVIDENCE_MISSING","methodology_contract; minimum_history=3; freshness_policy=FUNDAMENTAL_150_DAYS_ANNUAL_550_DAYS; applicability=APPLICABLE","trendlyne_domains=4/4; retained_documents=1","TRENDLYNE_STRUCTURED_PLUS_PERIOD_SCOPE_OR_OFFICIAL_FILING","p7-ic2-materialize-readiness + v14 reviewed/numeric/history validators","contract-valid source metadata","RAW_PROVIDER_CAPTURE_AVAILABLE; NORMALIZATION_OR_REVIEW_PENDING"
"5639e7a2-275a-4c8c-be0b-3e0d59a1ecec","IONEXCHANG","INE570A01022","23e339a2-fbf5-4784-93a2-8e8bde7cb040","ENVIRONMENTAL_SERVICES","","P7_IC1_ENVIRONMENTAL_SERVICES_METHODOLOGY_V1","PORTFOLIOAI_P7_IC1_METHODOLOGY_R7_REGISTRY_V1","REVIEW_REQUIRED","FCF_YIELD","","REQUIRED_EVIDENCE_MISSING","methodology_contract; minimum_history=3; freshness_policy=FUNDAMENTAL_150_DAYS_ANNUAL_550_DAYS; applicability=APPLICABLE","trendlyne_domains=4/4; retained_documents=1","TRENDLYNE_STRUCTURED_PLUS_PERIOD_SCOPE_OR_OFFICIAL_FILING","p7-ic2-materialize-readiness + v14 reviewed/numeric/history validators","contract-valid source metadata","RAW_PROVIDER_CAPTURE_AVAILABLE; NORMALIZATION_OR_REVIEW_PENDING"
"5639e7a2-275a-4c8c-be0b-3e0d59a1ecec","IONEXCHANG","INE570A01022","23e339a2-fbf5-4784-93a2-8e8bde7cb040","ENVIRONMENTAL_SERVICES","","P7_IC1_ENVIRONMENTAL_SERVICES_METHODOLOGY_V1","PORTFOLIOAI_P7_IC1_METHODOLOGY_R7_REGISTRY_V1","REVIEW_REQUIRED","GOVERNANCE_EVENT_REVIEW","","REQUIRED_EVIDENCE_MISSING","methodology_contract; minimum_history=4; freshness_policy=FUNDAMENTAL_150_DAYS_ANNUAL_550_DAYS; applicability=APPLICABLE","trendlyne_domains=4/4; retained_documents=1","DOCUMENT_DISCOVERY_OFFICIAL_SOURCE_REVIEW","p7-ic2-materialize-readiness + v14 reviewed/numeric/history validators","source metadata and/or factual reviewer decision","RAW_PROVIDER_CAPTURE_AVAILABLE; NORMALIZATION_OR_REVIEW_PENDING"
"5639e7a2-275a-4c8c-be0b-3e0d59a1ecec","IONEXCHANG","INE570A01022","23e339a2-fbf5-4784-93a2-8e8bde7cb040","ENVIRONMENTAL_SERVICES","","P7_IC1_ENVIRONMENTAL_SERVICES_METHODOLOGY_V1","PORTFOLIOAI_P7_IC1_METHODOLOGY_R7_REGISTRY_V1","REVIEW_REQUIRED","OPERATING_MARGIN_CONTRACT_QUALITY","","REQUIRED_EVIDENCE_MISSING","methodology_contract; minimum_history=8; freshness_policy=FUNDAMENTAL_150_DAYS_ANNUAL_550_DAYS; applicability=APPLICABLE","trendlyne_domains=4/4; retained_documents=1","DOCUMENT_DISCOVERY_OFFICIAL_SOURCE_REVIEW","p7-ic2-materialize-readiness + v14 reviewed/numeric/history validators","source metadata and/or factual reviewer decision","RAW_PROVIDER_CAPTURE_AVAILABLE; NORMALIZATION_OR_REVIEW_PENDING"
"7775968c-3fc7-4d59-8c28-ff8837bfc8d7","IPL","INE0D6701023","092dbcba-cf1d-484a-8102-1bd34ba79365","AGRO_FERTILISER","","CHEMICALS_V1_K4B_SCORING_V1","PORTFOLIOAI_P7_IC1_METHODOLOGY_R7_REGISTRY_V1","REVIEW_REQUIRED","REVENUE_AND_VOLUME_GROWTH_MULTI_PERIOD","","REQUIRED_EVIDENCE_MISSING","methodology_contract; minimum_history=1; freshness_policy=UNSPECIFIED; applicability=APPLICABLE","trendlyne_domains=4/4; retained_documents=1","TRENDLYNE_STRUCTURED_PLUS_PERIOD_SCOPE_OR_OFFICIAL_FILING","p7-ic2-materialize-readiness + v14 reviewed/numeric/history validators","contract-valid source metadata","RAW_PROVIDER_CAPTURE_AVAILABLE; NORMALIZATION_OR_REVIEW_PENDING"
"7775968c-3fc7-4d59-8c28-ff8837bfc8d7","IPL","INE0D6701023","092dbcba-cf1d-484a-8102-1bd34ba79365","AGRO_FERTILISER","","CHEMICALS_V1_K4B_SCORING_V1","PORTFOLIOAI_P7_IC1_METHODOLOGY_R7_REGISTRY_V1","REVIEW_REQUIRED","VALUATION","","REQUIRED_EVIDENCE_MISSING","methodology_contract; minimum_history=1; freshness_policy=UNSPECIFIED; applicability=APPLICABLE","trendlyne_domains=4/4; retained_documents=1","TRENDLYNE_STRUCTURED_PLUS_PERIOD_SCOPE_OR_OFFICIAL_FILING","p7-ic2-materialize-readiness + v14 reviewed/numeric/history validators","contract-valid source metadata","RAW_PROVIDER_CAPTURE_AVAILABLE; NORMALIZATION_OR_REVIEW_PENDING"
"ef6062bb-1e44-4c28-9d3b-a2b0397757e8","IREDA","INE202E01016","36396b30-b064-45d4-8170-cb96b5cc091d","NBFC_LENDING","","P7_IC1_NBFC_LENDING_METHODOLOGY_V1","PORTFOLIOAI_P7_IC1_METHODOLOGY_R7_REGISTRY_V1","REVIEW_REQUIRED","ALM_MISMATCH","","REQUIRED_EVIDENCE_MISSING","methodology_contract; minimum_history=252; freshness_policy=MARKET_5_TRADING_DAYS; applicability=APPLICABLE","trendlyne_domains=4/4; retained_documents=1","PROFILE_CONTRACT_PROVIDER_OR_DOCUMENT_REVIEW","p7-ic2-materialize-readiness + v14 reviewed/numeric/history validators","source metadata and/or factual reviewer decision","RAW_PROVIDER_CAPTURE_AVAILABLE; NORMALIZATION_OR_REVIEW_PENDING"
"ef6062bb-1e44-4c28-9d3b-a2b0397757e8","IREDA","INE202E01016","36396b30-b064-45d4-8170-cb96b5cc091d","NBFC_LENDING","","P7_IC1_NBFC_LENDING_METHODOLOGY_V1","PORTFOLIOAI_P7_IC1_METHODOLOGY_R7_REGISTRY_V1","REVIEW_REQUIRED","AUM_ADVANCES_DISBURSEMENT_GROWTH","","REQUIRED_EVIDENCE_MISSING","methodology_contract; minimum_history=8; freshness_policy=FUNDAMENTAL_150_DAYS_ANNUAL_550_DAYS; applicability=APPLICABLE","trendlyne_domains=4/4; retained_documents=1","TRENDLYNE_STRUCTURED_PLUS_PERIOD_SCOPE_OR_OFFICIAL_FILING","p7-ic2-materialize-readiness + v14 reviewed/numeric/history validators","contract-valid source metadata","RAW_PROVIDER_CAPTURE_AVAILABLE; NORMALIZATION_OR_REVIEW_PENDING"
"ef6062bb-1e44-4c28-9d3b-a2b0397757e8","IREDA","INE202E01016","36396b30-b064-45d4-8170-cb96b5cc091d","NBFC_LENDING","","P7_IC1_NBFC_LENDING_METHODOLOGY_V1","PORTFOLIOAI_P7_IC1_METHODOLOGY_R7_REGISTRY_V1","REVIEW_REQUIRED","BORROWER_OR_SEGMENT_GROWTH","","REQUIRED_EVIDENCE_MISSING","methodology_contract; minimum_history=8; freshness_policy=FUNDAMENTAL_150_DAYS_ANNUAL_550_DAYS; applicability=APPLICABLE","trendlyne_domains=4/4; retained_documents=1","PROFILE_CONTRACT_PROVIDER_OR_DOCUMENT_REVIEW","p7-ic2-materialize-readiness + v14 reviewed/numeric/history validators","source metadata and/or factual reviewer decision","RAW_PROVIDER_CAPTURE_AVAILABLE; NORMALIZATION_OR_REVIEW_PENDING"
"ef6062bb-1e44-4c28-9d3b-a2b0397757e8","IREDA","INE202E01016","36396b30-b064-45d4-8170-cb96b5cc091d","NBFC_LENDING","","P7_IC1_NBFC_LENDING_METHODOLOGY_V1","PORTFOLIOAI_P7_IC1_METHODOLOGY_R7_REGISTRY_V1","REVIEW_REQUIRED","CAPITAL_ADEQUACY","","REQUIRED_EVIDENCE_MISSING","methodology_contract; minimum_history=3; freshness_policy=FUNDAMENTAL_150_DAYS_ANNUAL_550_DAYS; applicability=APPLICABLE","trendlyne_domains=4/4; retained_documents=1","PROFILE_CONTRACT_PROVIDER_OR_DOCUMENT_REVIEW","p7-ic2-materialize-readiness + v14 reviewed/numeric/history validators","source metadata and/or factual reviewer decision","RAW_PROVIDER_CAPTURE_AVAILABLE; NORMALIZATION_OR_REVIEW_PENDING"
"ef6062bb-1e44-4c28-9d3b-a2b0397757e8","IREDA","INE202E01016","36396b30-b064-45d4-8170-cb96b5cc091d","NBFC_LENDING","","P7_IC1_NBFC_LENDING_METHODOLOGY_V1","PORTFOLIOAI_P7_IC1_METHODOLOGY_R7_REGISTRY_V1","REVIEW_REQUIRED","EV_AUM_OR_PRICE_AUM_WHEN_APPLICABLE","","REQUIRED_EVIDENCE_MISSING","methodology_contract; minimum_history=3; freshness_policy=FUNDAMENTAL_150_DAYS_ANNUAL_550_DAYS; applicability=APPLICABLE","trendlyne_domains=4/4; retained_documents=1","VALIDATED_HISTORY_BENCHMARK_PATH","p7-ic2-materialize-readiness + v14 reviewed/numeric/history validators","contract-valid source metadata","RAW_PROVIDER_CAPTURE_AVAILABLE; NORMALIZATION_OR_REVIEW_PENDING"
"ef6062bb-1e44-4c28-9d3b-a2b0397757e8","IREDA","INE202E01016","36396b30-b064-45d4-8170-cb96b5cc091d","NBFC_LENDING","","P7_IC1_NBFC_LENDING_METHODOLOGY_V1","PORTFOLIOAI_P7_IC1_METHODOLOGY_R7_REGISTRY_V1","REVIEW_REQUIRED","FUNDING_DIVERSIFICATION","","REQUIRED_EVIDENCE_MISSING","methodology_contract; minimum_history=3; freshness_policy=FUNDAMENTAL_150_DAYS_ANNUAL_550_DAYS; applicability=APPLICABLE","trendlyne_domains=4/4; retained_documents=1","PROFILE_CONTRACT_PROVIDER_OR_DOCUMENT_REVIEW","p7-ic2-materialize-readiness + v14 reviewed/numeric/history validators","source metadata and/or factual reviewer decision","RAW_PROVIDER_CAPTURE_AVAILABLE; NORMALIZATION_OR_REVIEW_PENDING"
"ef6062bb-1e44-4c28-9d3b-a2b0397757e8","IREDA","INE202E01016","36396b30-b064-45d4-8170-cb96b5cc091d","NBFC_LENDING","","P7_IC1_NBFC_LENDING_METHODOLOGY_V1","PORTFOLIOAI_P7_IC1_METHODOLOGY_R7_REGISTRY_V1","REVIEW_REQUIRED","LIQUIDITY_ALM","","REQUIRED_EVIDENCE_MISSING","methodology_contract; minimum_history=3; freshness_policy=FUNDAMENTAL_150_DAYS_ANNUAL_550_DAYS; applicability=APPLICABLE","trendlyne_domains=4/4; retained_documents=1","PROFILE_CONTRACT_PROVIDER_OR_DOCUMENT_REVIEW","p7-ic2-materialize-readiness + v14 reviewed/numeric/history validators","source metadata and/or factual reviewer decision","RAW_PROVIDER_CAPTURE_AVAILABLE; NORMALIZATION_OR_REVIEW_PENDING"
"ef6062bb-1e44-4c28-9d3b-a2b0397757e8","IREDA","INE202E01016","36396b30-b064-45d4-8170-cb96b5cc091d","NBFC_LENDING","","P7_IC1_NBFC_LENDING_METHODOLOGY_V1","PORTFOLIOAI_P7_IC1_METHODOLOGY_R7_REGISTRY_V1","REVIEW_REQUIRED","NIM_OR_SPREAD_HISTORY","","REQUIRED_EVIDENCE_MISSING","methodology_contract; minimum_history=8; freshness_policy=FUNDAMENTAL_150_DAYS_ANNUAL_550_DAYS; applicability=APPLICABLE","trendlyne_domains=4/4; retained_documents=1","VALIDATED_HISTORY_BENCHMARK_PATH","p7-ic2-materialize-readiness + v14 reviewed/numeric/history validators","contract-valid source metadata","RAW_PROVIDER_CAPTURE_AVAILABLE; NORMALIZATION_OR_REVIEW_PENDING"
"ef6062bb-1e44-4c28-9d3b-a2b0397757e8","IREDA","INE202E01016","36396b30-b064-45d4-8170-cb96b5cc091d","NBFC_LENDING","","P7_IC1_NBFC_LENDING_METHODOLOGY_V1","PORTFOLIOAI_P7_IC1_METHODOLOGY_R7_REGISTRY_V1","REVIEW_REQUIRED","PE_RELATIVE_TO_PEERS_AND_SELF_HISTORY","","REQUIRED_EVIDENCE_MISSING","methodology_contract; minimum_history=3; freshness_policy=FUNDAMENTAL_150_DAYS_ANNUAL_550_DAYS; applicability=APPLICABLE","trendlyne_domains=4/4; retained_documents=1","VALIDATED_HISTORY_BENCHMARK_PATH","p7-ic2-materialize-readiness + v14 reviewed/numeric/history validators","contract-valid source metadata","RAW_PROVIDER_CAPTURE_AVAILABLE; NORMALIZATION_OR_REVIEW_PENDING"
"ef6062bb-1e44-4c28-9d3b-a2b0397757e8","IREDA","INE202E01016","36396b30-b064-45d4-8170-cb96b5cc091d","NBFC_LENDING","","P7_IC1_NBFC_LENDING_METHODOLOGY_V1","PORTFOLIOAI_P7_IC1_METHODOLOGY_R7_REGISTRY_V1","REVIEW_REQUIRED","ROA_ROE_CAPITAL_ADEQUACY","","REQUIRED_EVIDENCE_MISSING","methodology_contract; minimum_history=3; freshness_policy=FUNDAMENTAL_150_DAYS_ANNUAL_550_DAYS; applicability=APPLICABLE","trendlyne_domains=4/4; retained_documents=1","TRENDLYNE_STRUCTURED_PLUS_PERIOD_SCOPE_OR_OFFICIAL_FILING","p7-ic2-materialize-readiness + v14 reviewed/numeric/history validators","contract-valid source metadata","RAW_PROVIDER_CAPTURE_AVAILABLE; NORMALIZATION_OR_REVIEW_PENDING"
"ef6062bb-1e44-4c28-9d3b-a2b0397757e8","IREDA","INE202E01016","36396b30-b064-45d4-8170-cb96b5cc091d","NBFC_LENDING","","P7_IC1_NBFC_LENDING_METHODOLOGY_V1","PORTFOLIOAI_P7_IC1_METHODOLOGY_R7_REGISTRY_V1","REVIEW_REQUIRED","UNDERWRITING_CYCLE_HISTORY","","REQUIRED_EVIDENCE_MISSING","methodology_contract; minimum_history=3; freshness_policy=FUNDAMENTAL_150_DAYS_ANNUAL_550_DAYS; applicability=APPLICABLE","trendlyne_domains=4/4; retained_documents=1","VALIDATED_HISTORY_BENCHMARK_PATH","p7-ic2-materialize-readiness + v14 reviewed/numeric/history validators","contract-valid source metadata","RAW_PROVIDER_CAPTURE_AVAILABLE; NORMALIZATION_OR_REVIEW_PENDING"
"bf46f902-d54b-4add-b470-70d5171773ba","IRMENERGY","INE07U701015","013285c1-e50a-4f83-8911-0dedafd512bd","MIDSTREAM_CITY_GAS","","OIL_GAS_V1_K4B_SCORING_V1","PORTFOLIOAI_P7_IC1_METHODOLOGY_R7_REGISTRY_V1","REVIEW_REQUIRED","CFO_OR_FCF_CONVERSION_THROUGH_CYCLE","","REQUIRED_EVIDENCE_MISSING","methodology_contract; minimum_history=1; freshness_policy=UNSPECIFIED; applicability=APPLICABLE","trendlyne_domains=4/4; retained_documents=1","TRENDLYNE_STRUCTURED_PLUS_PERIOD_SCOPE_OR_OFFICIAL_FILING","p7-ic2-materialize-readiness + v14 reviewed/numeric/history validators","contract-valid source metadata","RAW_PROVIDER_CAPTURE_AVAILABLE; NORMALIZATION_OR_REVIEW_PENDING"
"bf46f902-d54b-4add-b470-70d5171773ba","IRMENERGY","INE07U701015","013285c1-e50a-4f83-8911-0dedafd512bd","MIDSTREAM_CITY_GAS","","OIL_GAS_V1_K4B_SCORING_V1","PORTFOLIOAI_P7_IC1_METHODOLOGY_R7_REGISTRY_V1","REVIEW_REQUIRED","COMMODITY_POLICY_TRANSITION_RISK","","REQUIRED_EVIDENCE_MISSING","methodology_contract; minimum_history=1; freshness_policy=UNSPECIFIED; applicability=APPLICABLE","trendlyne_domains=4/4; retained_documents=1","DOCUMENT_DISCOVERY_OFFICIAL_SOURCE_REVIEW","p7-ic2-materialize-readiness + v14 reviewed/numeric/history validators","source metadata and/or factual reviewer decision","RAW_PROVIDER_CAPTURE_AVAILABLE; NORMALIZATION_OR_REVIEW_PENDING"
"bf46f902-d54b-4add-b470-70d5171773ba","IRMENERGY","INE07U701015","013285c1-e50a-4f83-8911-0dedafd512bd","MIDSTREAM_CITY_GAS","","OIL_GAS_V1_K4B_SCORING_V1","PORTFOLIOAI_P7_IC1_METHODOLOGY_R7_REGISTRY_V1","REVIEW_REQUIRED","CYCLE_NORMALIZED_EARNINGS_QUALITY","","REQUIRED_EVIDENCE_MISSING","methodology_contract; minimum_history=1; freshness_policy=UNSPECIFIED; applicability=APPLICABLE","trendlyne_domains=4/4; retained_documents=1","PROFILE_CONTRACT_PROVIDER_OR_DOCUMENT_REVIEW","p7-ic2-materialize-readiness + v14 reviewed/numeric/history validators","source metadata and/or factual reviewer decision","RAW_PROVIDER_CAPTURE_AVAILABLE; NORMALIZATION_OR_REVIEW_PENDING"
"bf46f902-d54b-4add-b470-70d5171773ba","IRMENERGY","INE07U701015","013285c1-e50a-4f83-8911-0dedafd512bd","MIDSTREAM_CITY_GAS","","OIL_GAS_V1_K4B_SCORING_V1","PORTFOLIOAI_P7_IC1_METHODOLOGY_R7_REGISTRY_V1","REVIEW_REQUIRED","NET_DEBT_AND_INTEREST_COVERAGE","","REQUIRED_EVIDENCE_MISSING","methodology_contract; minimum_history=1; freshness_policy=UNSPECIFIED; applicability=APPLICABLE","trendlyne_domains=4/4; retained_documents=1","TRENDLYNE_STRUCTURED_PLUS_PERIOD_SCOPE_OR_OFFICIAL_FILING","p7-ic2-materialize-readiness + v14 reviewed/numeric/history validators","contract-valid source metadata","RAW_PROVIDER_CAPTURE_AVAILABLE; NORMALIZATION_OR_REVIEW_PENDING"
"bf46f902-d54b-4add-b470-70d5171773ba","IRMENERGY","INE07U701015","013285c1-e50a-4f83-8911-0dedafd512bd","MIDSTREAM_CITY_GAS","","OIL_GAS_V1_K4B_SCORING_V1","PORTFOLIOAI_P7_IC1_METHODOLOGY_R7_REGISTRY_V1","REVIEW_REQUIRED","OIL_GAS_BUSINESS_DURABILITY","","REQUIRED_EVIDENCE_MISSING","methodology_contract; minimum_history=1; freshness_policy=UNSPECIFIED; applicability=APPLICABLE","trendlyne_domains=4/4; retained_documents=1","DOCUMENT_DISCOVERY_OFFICIAL_SOURCE_REVIEW","p7-ic2-materialize-readiness + v14 reviewed/numeric/history validators","source metadata and/or factual reviewer decision","RAW_PROVIDER_CAPTURE_AVAILABLE; NORMALIZATION_OR_REVIEW_PENDING"
"bf46f902-d54b-4add-b470-70d5171773ba","IRMENERGY","INE07U701015","013285c1-e50a-4f83-8911-0dedafd512bd","MIDSTREAM_CITY_GAS","","OIL_GAS_V1_K4B_SCORING_V1","PORTFOLIOAI_P7_IC1_METHODOLOGY_R7_REGISTRY_V1","REVIEW_REQUIRED","OWNERSHIP_GOVERNANCE","","REQUIRED_EVIDENCE_MISSING","methodology_contract; minimum_history=4; freshness_policy=UNSPECIFIED; applicability=APPLICABLE","trendlyne_domains=4/4; retained_documents=1","TRENDLYNE_OWNERSHIP_REVIEW","p7-ic2-materialize-readiness + v14 reviewed/numeric/history validators","source metadata and/or factual reviewer decision","RAW_PROVIDER_CAPTURE_AVAILABLE; NORMALIZATION_OR_REVIEW_PENDING"
"bf46f902-d54b-4add-b470-70d5171773ba","IRMENERGY","INE07U701015","013285c1-e50a-4f83-8911-0dedafd512bd","MIDSTREAM_CITY_GAS","","OIL_GAS_V1_K4B_SCORING_V1","PORTFOLIOAI_P7_IC1_METHODOLOGY_R7_REGISTRY_V1","REVIEW_REQUIRED","ROCE_OR_ROIC_THROUGH_CYCLE","","REQUIRED_EVIDENCE_MISSING","methodology_contract; minimum_history=1; freshness_policy=UNSPECIFIED; applicability=APPLICABLE","trendlyne_domains=4/4; retained_documents=1","TRENDLYNE_STRUCTURED_PLUS_PERIOD_SCOPE_OR_OFFICIAL_FILING","p7-ic2-materialize-readiness + v14 reviewed/numeric/history validators","contract-valid source metadata","RAW_PROVIDER_CAPTURE_AVAILABLE; NORMALIZATION_OR_REVIEW_PENDING"
"bf46f902-d54b-4add-b470-70d5171773ba","IRMENERGY","INE07U701015","013285c1-e50a-4f83-8911-0dedafd512bd","MIDSTREAM_CITY_GAS","","OIL_GAS_V1_K4B_SCORING_V1","PORTFOLIOAI_P7_IC1_METHODOLOGY_R7_REGISTRY_V1","REVIEW_REQUIRED","VALUATION_THROUGH_CYCLE","","REQUIRED_EVIDENCE_MISSING","methodology_contract; minimum_history=1; freshness_policy=UNSPECIFIED; applicability=APPLICABLE","trendlyne_domains=4/4; retained_documents=1","TRENDLYNE_STRUCTURED_PLUS_PERIOD_SCOPE_OR_OFFICIAL_FILING","p7-ic2-materialize-readiness + v14 reviewed/numeric/history validators","contract-valid source metadata","RAW_PROVIDER_CAPTURE_AVAILABLE; NORMALIZATION_OR_REVIEW_PENDING"
"bf46f902-d54b-4add-b470-70d5171773ba","IRMENERGY","INE07U701015","013285c1-e50a-4f83-8911-0dedafd512bd","MIDSTREAM_CITY_GAS","","OIL_GAS_V1_K4B_SCORING_V1","PORTFOLIOAI_P7_IC1_METHODOLOGY_R7_REGISTRY_V1","REVIEW_REQUIRED","VOLUME_THROUGHPUT_AND_NETWORK_GROWTH","","REQUIRED_EVIDENCE_MISSING","methodology_contract; minimum_history=1; freshness_policy=UNSPECIFIED; applicability=APPLICABLE","trendlyne_domains=4/4; retained_documents=1","TRENDLYNE_STRUCTURED_PLUS_PERIOD_SCOPE_OR_OFFICIAL_FILING","p7-ic2-materialize-readiness + v14 reviewed/numeric/history validators","contract-valid source metadata","RAW_PROVIDER_CAPTURE_AVAILABLE; NORMALIZATION_OR_REVIEW_PENDING"
"d8c32eab-90ce-4202-9d44-6534d4d13e5e","ITCHOTELS","INE379A01028","dc7d342e-8708-4c82-8d13-0bb3afd676f0","HOSPITALITY_LEISURE","","P7_IC1_HOSPITALITY_LEISURE_METHODOLOGY_V1","PORTFOLIOAI_P7_IC1_METHODOLOGY_R7_REGISTRY_V1","REVIEW_REQUIRED","DISCRETIONARY_DEMAND","","REQUIRED_EVIDENCE_MISSING","methodology_contract; minimum_history=252; freshness_policy=MARKET_5_TRADING_DAYS; applicability=APPLICABLE","trendlyne_domains=4/4; retained_documents=2","PROFILE_CONTRACT_PROVIDER_OR_DOCUMENT_REVIEW","p7-ic2-materialize-readiness + v14 reviewed/numeric/history validators","source metadata and/or factual reviewer decision","RAW_PROVIDER_CAPTURE_AVAILABLE; NORMALIZATION_OR_REVIEW_PENDING"
"d8c32eab-90ce-4202-9d44-6534d4d13e5e","ITCHOTELS","INE379A01028","dc7d342e-8708-4c82-8d13-0bb3afd676f0","HOSPITALITY_LEISURE","","P7_IC1_HOSPITALITY_LEISURE_METHODOLOGY_V1","PORTFOLIOAI_P7_IC1_METHODOLOGY_R7_REGISTRY_V1","REVIEW_REQUIRED","EV_EBITDA","","REQUIRED_EVIDENCE_MISSING","methodology_contract; minimum_history=3; freshness_policy=FUNDAMENTAL_150_DAYS_ANNUAL_550_DAYS; applicability=APPLICABLE","trendlyne_domains=4/4; retained_documents=2","TRENDLYNE_STRUCTURED_PLUS_PERIOD_SCOPE_OR_OFFICIAL_FILING","p7-ic2-materialize-readiness + v14 reviewed/numeric/history validators","contract-valid source metadata","RAW_PROVIDER_CAPTURE_AVAILABLE; NORMALIZATION_OR_REVIEW_PENDING"
"d8c32eab-90ce-4202-9d44-6534d4d13e5e","ITCHOTELS","INE379A01028","dc7d342e-8708-4c82-8d13-0bb3afd676f0","HOSPITALITY_LEISURE","","P7_IC1_HOSPITALITY_LEISURE_METHODOLOGY_V1","PORTFOLIOAI_P7_IC1_METHODOLOGY_R7_REGISTRY_V1","REVIEW_REQUIRED","FCF_YIELD","","REQUIRED_EVIDENCE_MISSING","methodology_contract; minimum_history=3; freshness_policy=FUNDAMENTAL_150_DAYS_ANNUAL_550_DAYS; applicability=APPLICABLE","trendlyne_domains=4/4; retained_documents=2","TRENDLYNE_STRUCTURED_PLUS_PERIOD_SCOPE_OR_OFFICIAL_FILING","p7-ic2-materialize-readiness + v14 reviewed/numeric/history validators","contract-valid source metadata","RAW_PROVIDER_CAPTURE_AVAILABLE; NORMALIZATION_OR_REVIEW_PENDING"
"d8c32eab-90ce-4202-9d44-6534d4d13e5e","ITCHOTELS","INE379A01028","dc7d342e-8708-4c82-8d13-0bb3afd676f0","HOSPITALITY_LEISURE","","P7_IC1_HOSPITALITY_LEISURE_METHODOLOGY_V1","PORTFOLIOAI_P7_IC1_METHODOLOGY_R7_REGISTRY_V1","REVIEW_REQUIRED","PE_WHEN_EARNINGS_POSITIVE","","REQUIRED_EVIDENCE_MISSING","methodology_contract; minimum_history=3; freshness_policy=FUNDAMENTAL_150_DAYS_ANNUAL_550_DAYS; applicability=APPLICABLE","trendlyne_domains=4/4; retained_documents=2","TRENDLYNE_STRUCTURED_PLUS_PERIOD_SCOPE_OR_OFFICIAL_FILING","p7-ic2-materialize-readiness + v14 reviewed/numeric/history validators","contract-valid source metadata","RAW_PROVIDER_CAPTURE_AVAILABLE; NORMALIZATION_OR_REVIEW_PENDING"
"d8c32eab-90ce-4202-9d44-6534d4d13e5e","ITCHOTELS","INE379A01028","dc7d342e-8708-4c82-8d13-0bb3afd676f0","HOSPITALITY_LEISURE","","P7_IC1_HOSPITALITY_LEISURE_METHODOLOGY_V1","PORTFOLIOAI_P7_IC1_METHODOLOGY_R7_REGISTRY_V1","REVIEW_REQUIRED","REVENUE_UNIT_NETWORK_BOOKING_GROWTH","","REQUIRED_EVIDENCE_MISSING","methodology_contract; minimum_history=8; freshness_policy=FUNDAMENTAL_150_DAYS_ANNUAL_550_DAYS; applicability=APPLICABLE","trendlyne_domains=4/4; retained_documents=2","TRENDLYNE_STRUCTURED_PLUS_PERIOD_SCOPE_OR_OFFICIAL_FILING","p7-ic2-materialize-readiness + v14 reviewed/numeric/history validators","contract-valid source metadata","RAW_PROVIDER_CAPTURE_AVAILABLE; NORMALIZATION_OR_REVIEW_PENDING"
"d8c32eab-90ce-4202-9d44-6534d4d13e5e","ITCHOTELS","INE379A01028","dc7d342e-8708-4c82-8d13-0bb3afd676f0","HOSPITALITY_LEISURE","","P7_IC1_HOSPITALITY_LEISURE_METHODOLOGY_V1","PORTFOLIOAI_P7_IC1_METHODOLOGY_R7_REGISTRY_V1","REVIEW_REQUIRED","SAME_STORE_REVPAR_OR_TRANSACTION_QUALITY","","REQUIRED_EVIDENCE_MISSING","methodology_contract; minimum_history=8; freshness_policy=FUNDAMENTAL_150_DAYS_ANNUAL_550_DAYS; applicability=APPLICABLE","trendlyne_domains=4/4; retained_documents=2","PROFILE_CONTRACT_PROVIDER_OR_DOCUMENT_REVIEW","p7-ic2-materialize-readiness + v14 reviewed/numeric/history validators","source metadata and/or factual reviewer decision","RAW_PROVIDER_CAPTURE_AVAILABLE; NORMALIZATION_OR_REVIEW_PENDING"
"d8c32eab-90ce-4202-9d44-6534d4d13e5e","ITCHOTELS","INE379A01028","dc7d342e-8708-4c82-8d13-0bb3afd676f0","HOSPITALITY_LEISURE","","P7_IC1_HOSPITALITY_LEISURE_METHODOLOGY_V1","PORTFOLIOAI_P7_IC1_METHODOLOGY_R7_REGISTRY_V1","REVIEW_REQUIRED","UNIT_LEVEL_MARGIN_OR_OPERATING_MARGIN","","REQUIRED_EVIDENCE_MISSING","methodology_contract; minimum_history=8; freshness_policy=FUNDAMENTAL_150_DAYS_ANNUAL_550_DAYS; applicability=APPLICABLE","trendlyne_domains=4/4; retained_documents=2","DOCUMENT_DISCOVERY_OFFICIAL_SOURCE_REVIEW","p7-ic2-materialize-readiness + v14 reviewed/numeric/history validators","source metadata and/or factual reviewer decision","RAW_PROVIDER_CAPTURE_AVAILABLE; NORMALIZATION_OR_REVIEW_PENDING"
"a9f819b2-d9bc-40e9-817e-d8d9d7d21505","JASH","INE039O01029","bf4f19f1-8356-409f-8b79-4fc1c9cdd546","INDUSTRIAL_PRODUCTS","","P7_IC1_INDUSTRIAL_PRODUCTS_METHODOLOGY_V1","PORTFOLIOAI_P7_IC1_METHODOLOGY_R7_REGISTRY_V1","REVIEW_REQUIRED","CAPACITY_DISCIPLINE","","REQUIRED_EVIDENCE_MISSING","methodology_contract; minimum_history=3; freshness_policy=FUNDAMENTAL_150_DAYS_ANNUAL_550_DAYS; applicability=APPLICABLE","trendlyne_domains=4/4; retained_documents=1","PROFILE_CONTRACT_PROVIDER_OR_DOCUMENT_REVIEW","p7-ic2-materialize-readiness + v14 reviewed/numeric/history validators","source metadata and/or factual reviewer decision","RAW_PROVIDER_CAPTURE_AVAILABLE; NORMALIZATION_OR_REVIEW_PENDING"
"a9f819b2-d9bc-40e9-817e-d8d9d7d21505","JASH","INE039O01029","bf4f19f1-8356-409f-8b79-4fc1c9cdd546","INDUSTRIAL_PRODUCTS","","P7_IC1_INDUSTRIAL_PRODUCTS_METHODOLOGY_V1","PORTFOLIOAI_P7_IC1_METHODOLOGY_R7_REGISTRY_V1","REVIEW_REQUIRED","CFO_FCF_WORKING_CAPITAL","","REQUIRED_EVIDENCE_MISSING","methodology_contract; minimum_history=3; freshness_policy=FUNDAMENTAL_150_DAYS_ANNUAL_550_DAYS; applicability=APPLICABLE","trendlyne_domains=4/4; retained_documents=1","TRENDLYNE_STRUCTURED_PLUS_PERIOD_SCOPE_OR_OFFICIAL_FILING","p7-ic2-materialize-readiness + v14 reviewed/numeric/history validators","contract-valid source metadata","RAW_PROVIDER_CAPTURE_AVAILABLE; NORMALIZATION_OR_REVIEW_PENDING"
"a9f819b2-d9bc-40e9-817e-d8d9d7d21505","JASH","INE039O01029","bf4f19f1-8356-409f-8b79-4fc1c9cdd546","INDUSTRIAL_PRODUCTS","","P7_IC1_INDUSTRIAL_PRODUCTS_METHODOLOGY_V1","PORTFOLIOAI_P7_IC1_METHODOLOGY_R7_REGISTRY_V1","REVIEW_REQUIRED","DISTRIBUTION_CUSTOMER_PRODUCT_MOAT","","REQUIRED_EVIDENCE_MISSING","methodology_contract; minimum_history=3; freshness_policy=FUNDAMENTAL_150_DAYS_ANNUAL_550_DAYS; applicability=APPLICABLE","trendlyne_domains=4/4; retained_documents=1","DOCUMENT_DISCOVERY_OFFICIAL_SOURCE_REVIEW","p7-ic2-materialize-readiness + v14 reviewed/numeric/history validators","source metadata and/or factual reviewer decision","RAW_PROVIDER_CAPTURE_AVAILABLE; NORMALIZATION_OR_REVIEW_PENDING"
"a9f819b2-d9bc-40e9-817e-d8d9d7d21505","JASH","INE039O01029","bf4f19f1-8356-409f-8b79-4fc1c9cdd546","INDUSTRIAL_PRODUCTS","","P7_IC1_INDUSTRIAL_PRODUCTS_METHODOLOGY_V1","PORTFOLIOAI_P7_IC1_METHODOLOGY_R7_REGISTRY_V1","REVIEW_REQUIRED","EV_EBITDA","","REQUIRED_EVIDENCE_MISSING","methodology_contract; minimum_history=3; freshness_policy=FUNDAMENTAL_150_DAYS_ANNUAL_550_DAYS; applicability=APPLICABLE","trendlyne_domains=4/4; retained_documents=1","TRENDLYNE_STRUCTURED_PLUS_PERIOD_SCOPE_OR_OFFICIAL_FILING","p7-ic2-materialize-readiness + v14 reviewed/numeric/history validators","contract-valid source metadata","RAW_PROVIDER_CAPTURE_AVAILABLE; NORMALIZATION_OR_REVIEW_PENDING"
"a9f819b2-d9bc-40e9-817e-d8d9d7d21505","JASH","INE039O01029","bf4f19f1-8356-409f-8b79-4fc1c9cdd546","INDUSTRIAL_PRODUCTS","","P7_IC1_INDUSTRIAL_PRODUCTS_METHODOLOGY_V1","PORTFOLIOAI_P7_IC1_METHODOLOGY_R7_REGISTRY_V1","REVIEW_REQUIRED","FCF_YIELD","","REQUIRED_EVIDENCE_MISSING","methodology_contract; minimum_history=3; freshness_policy=FUNDAMENTAL_150_DAYS_ANNUAL_550_DAYS; applicability=APPLICABLE","trendlyne_domains=4/4; retained_documents=1","TRENDLYNE_STRUCTURED_PLUS_PERIOD_SCOPE_OR_OFFICIAL_FILING","p7-ic2-materialize-readiness + v14 reviewed/numeric/history validators","contract-valid source metadata","RAW_PROVIDER_CAPTURE_AVAILABLE; NORMALIZATION_OR_REVIEW_PENDING"
"a9f819b2-d9bc-40e9-817e-d8d9d7d21505","JASH","INE039O01029","bf4f19f1-8356-409f-8b79-4fc1c9cdd546","INDUSTRIAL_PRODUCTS","","P7_IC1_INDUSTRIAL_PRODUCTS_METHODOLOGY_V1","PORTFOLIOAI_P7_IC1_METHODOLOGY_R7_REGISTRY_V1","REVIEW_REQUIRED","GOVERNANCE_EVENT_REVIEW","","REQUIRED_EVIDENCE_MISSING","methodology_contract; minimum_history=4; freshness_policy=FUNDAMENTAL_150_DAYS_ANNUAL_550_DAYS; applicability=APPLICABLE","trendlyne_domains=4/4; retained_documents=1","DOCUMENT_DISCOVERY_OFFICIAL_SOURCE_REVIEW","p7-ic2-materialize-readiness + v14 reviewed/numeric/history validators","source metadata and/or factual reviewer decision","RAW_PROVIDER_CAPTURE_AVAILABLE; NORMALIZATION_OR_REVIEW_PENDING"
"a9f819b2-d9bc-40e9-817e-d8d9d7d21505","JASH","INE039O01029","bf4f19f1-8356-409f-8b79-4fc1c9cdd546","INDUSTRIAL_PRODUCTS","","P7_IC1_INDUSTRIAL_PRODUCTS_METHODOLOGY_V1","PORTFOLIOAI_P7_IC1_METHODOLOGY_R7_REGISTRY_V1","REVIEW_REQUIRED","INPUT_COST_DEMAND_CAPEX","","REQUIRED_EVIDENCE_MISSING","methodology_contract; minimum_history=252; freshness_policy=MARKET_5_TRADING_DAYS; applicability=APPLICABLE","trendlyne_domains=4/4; retained_documents=1","TRENDLYNE_STRUCTURED_PLUS_PERIOD_SCOPE_OR_OFFICIAL_FILING","p7-ic2-materialize-readiness + v14 reviewed/numeric/history validators","contract-valid source metadata","RAW_PROVIDER_CAPTURE_AVAILABLE; NORMALIZATION_OR_REVIEW_PENDING"
"a9f819b2-d9bc-40e9-817e-d8d9d7d21505","JASH","INE039O01029","bf4f19f1-8356-409f-8b79-4fc1c9cdd546","INDUSTRIAL_PRODUCTS","","P7_IC1_INDUSTRIAL_PRODUCTS_METHODOLOGY_V1","PORTFOLIOAI_P7_IC1_METHODOLOGY_R7_REGISTRY_V1","REVIEW_REQUIRED","NET_DEBT_INTEREST_COVERAGE","","REQUIRED_EVIDENCE_MISSING","methodology_contract; minimum_history=3; freshness_policy=FUNDAMENTAL_150_DAYS_ANNUAL_550_DAYS; applicability=APPLICABLE","trendlyne_domains=4/4; retained_documents=1","TRENDLYNE_STRUCTURED_PLUS_PERIOD_SCOPE_OR_OFFICIAL_FILING","p7-ic2-materialize-readiness + v14 reviewed/numeric/history validators","contract-valid source metadata","RAW_PROVIDER_CAPTURE_AVAILABLE; NORMALIZATION_OR_REVIEW_PENDING"
"a9f819b2-d9bc-40e9-817e-d8d9d7d21505","JASH","INE039O01029","bf4f19f1-8356-409f-8b79-4fc1c9cdd546","INDUSTRIAL_PRODUCTS","","P7_IC1_INDUSTRIAL_PRODUCTS_METHODOLOGY_V1","PORTFOLIOAI_P7_IC1_METHODOLOGY_R7_REGISTRY_V1","REVIEW_REQUIRED","OPERATING_MARGIN_HISTORY","","REQUIRED_EVIDENCE_MISSING","methodology_contract; minimum_history=8; freshness_policy=FUNDAMENTAL_150_DAYS_ANNUAL_550_DAYS; applicability=APPLICABLE","trendlyne_domains=4/4; retained_documents=1","DOCUMENT_DISCOVERY_OFFICIAL_SOURCE_REVIEW","p7-ic2-materialize-readiness + v14 reviewed/numeric/history validators","source metadata and/or factual reviewer decision","RAW_PROVIDER_CAPTURE_AVAILABLE; NORMALIZATION_OR_REVIEW_PENDING"
"a9f819b2-d9bc-40e9-817e-d8d9d7d21505","JASH","INE039O01029","bf4f19f1-8356-409f-8b79-4fc1c9cdd546","INDUSTRIAL_PRODUCTS","","P7_IC1_INDUSTRIAL_PRODUCTS_METHODOLOGY_V1","PORTFOLIOAI_P7_IC1_METHODOLOGY_R7_REGISTRY_V1","REVIEW_REQUIRED","OWNERSHIP_TREND_4Q","","REQUIRED_EVIDENCE_MISSING","methodology_contract; minimum_history=4; freshness_policy=FUNDAMENTAL_150_DAYS_ANNUAL_550_DAYS; applicability=APPLICABLE","trendlyne_domains=4/4; retained_documents=1","TRENDLYNE_OWNERSHIP_REVIEW","p7-ic2-materialize-readiness + v14 reviewed/numeric/history validators","source metadata and/or factual reviewer decision","RAW_PROVIDER_CAPTURE_AVAILABLE; NORMALIZATION_OR_REVIEW_PENDING"
"a9f819b2-d9bc-40e9-817e-d8d9d7d21505","JASH","INE039O01029","bf4f19f1-8356-409f-8b79-4fc1c9cdd546","INDUSTRIAL_PRODUCTS","","P7_IC1_INDUSTRIAL_PRODUCTS_METHODOLOGY_V1","PORTFOLIOAI_P7_IC1_METHODOLOGY_R7_REGISTRY_V1","REVIEW_REQUIRED","PE","","REQUIRED_EVIDENCE_MISSING","methodology_contract; minimum_history=3; freshness_policy=FUNDAMENTAL_150_DAYS_ANNUAL_550_DAYS; applicability=APPLICABLE","trendlyne_domains=4/4; retained_documents=1","TRENDLYNE_STRUCTURED_PLUS_PERIOD_SCOPE_OR_OFFICIAL_FILING","p7-ic2-materialize-readiness + v14 reviewed/numeric/history validators","contract-valid source metadata","RAW_PROVIDER_CAPTURE_AVAILABLE; NORMALIZATION_OR_REVIEW_PENDING"
"a9f819b2-d9bc-40e9-817e-d8d9d7d21505","JASH","INE039O01029","bf4f19f1-8356-409f-8b79-4fc1c9cdd546","INDUSTRIAL_PRODUCTS","","P7_IC1_INDUSTRIAL_PRODUCTS_METHODOLOGY_V1","PORTFOLIOAI_P7_IC1_METHODOLOGY_R7_REGISTRY_V1","REVIEW_REQUIRED","PRODUCT_MIX_QUALITY","","REQUIRED_EVIDENCE_MISSING","methodology_contract; minimum_history=8; freshness_policy=FUNDAMENTAL_150_DAYS_ANNUAL_550_DAYS; applicability=APPLICABLE","trendlyne_domains=4/4; retained_documents=1","PROFILE_CONTRACT_PROVIDER_OR_DOCUMENT_REVIEW","p7-ic2-materialize-readiness + v14 reviewed/numeric/history validators","source metadata and/or factual reviewer decision","RAW_PROVIDER_CAPTURE_AVAILABLE; NORMALIZATION_OR_REVIEW_PENDING"
"a9f819b2-d9bc-40e9-817e-d8d9d7d21505","JASH","INE039O01029","bf4f19f1-8356-409f-8b79-4fc1c9cdd546","INDUSTRIAL_PRODUCTS","","P7_IC1_INDUSTRIAL_PRODUCTS_METHODOLOGY_V1","PORTFOLIOAI_P7_IC1_METHODOLOGY_R7_REGISTRY_V1","REVIEW_REQUIRED","REVENUE_VOLUME_ORDER_GROWTH","","REQUIRED_EVIDENCE_MISSING","methodology_contract; minimum_history=8; freshness_policy=FUNDAMENTAL_150_DAYS_ANNUAL_550_DAYS; applicability=APPLICABLE","trendlyne_domains=4/4; retained_documents=1","TRENDLYNE_STRUCTURED_PLUS_PERIOD_SCOPE_OR_OFFICIAL_FILING","p7-ic2-materialize-readiness + v14 reviewed/numeric/history validators","contract-valid source metadata","RAW_PROVIDER_CAPTURE_AVAILABLE; NORMALIZATION_OR_REVIEW_PENDING"
"a9f819b2-d9bc-40e9-817e-d8d9d7d21505","JASH","INE039O01029","bf4f19f1-8356-409f-8b79-4fc1c9cdd546","INDUSTRIAL_PRODUCTS","","P7_IC1_INDUSTRIAL_PRODUCTS_METHODOLOGY_V1","PORTFOLIOAI_P7_IC1_METHODOLOGY_R7_REGISTRY_V1","REVIEW_REQUIRED","ROCE_CONTEXT","","REQUIRED_EVIDENCE_MISSING","methodology_contract; minimum_history=3; freshness_policy=FUNDAMENTAL_150_DAYS_ANNUAL_550_DAYS; applicability=APPLICABLE","trendlyne_domains=4/4; retained_documents=1","TRENDLYNE_STRUCTURED_PLUS_PERIOD_SCOPE_OR_OFFICIAL_FILING","p7-ic2-materialize-readiness + v14 reviewed/numeric/history validators","contract-valid source metadata","RAW_PROVIDER_CAPTURE_AVAILABLE; NORMALIZATION_OR_REVIEW_PENDING"
"a9f819b2-d9bc-40e9-817e-d8d9d7d21505","JASH","INE039O01029","bf4f19f1-8356-409f-8b79-4fc1c9cdd546","INDUSTRIAL_PRODUCTS","","P7_IC1_INDUSTRIAL_PRODUCTS_METHODOLOGY_V1","PORTFOLIOAI_P7_IC1_METHODOLOGY_R7_REGISTRY_V1","REVIEW_REQUIRED","ROCE_OR_ROIC","","REQUIRED_EVIDENCE_MISSING","methodology_contract; minimum_history=3; freshness_policy=FUNDAMENTAL_150_DAYS_ANNUAL_550_DAYS; applicability=APPLICABLE","trendlyne_domains=4/4; retained_documents=1","TRENDLYNE_STRUCTURED_PLUS_PERIOD_SCOPE_OR_OFFICIAL_FILING","p7-ic2-materialize-readiness + v14 reviewed/numeric/history validators","contract-valid source metadata","RAW_PROVIDER_CAPTURE_AVAILABLE; NORMALIZATION_OR_REVIEW_PENDING"
"13582fb2-7c6c-4fcd-a2cd-253c86a79efb","JINDALSTEL","INE749A01030","b239e8ac-81ea-44ca-91ce-407f4cf98691","STEEL_FERROUS","","METALS_COMMODITIES_K4B_SCORING_V1","PORTFOLIOAI_P7_IC1_METHODOLOGY_R7_REGISTRY_V1","REVIEW_REQUIRED","VOLUME_REALIZATION_AND_SPREAD_GROWTH","","REQUIRED_EVIDENCE_MISSING","methodology_contract; minimum_history=1; freshness_policy=UNSPECIFIED; applicability=APPLICABLE","trendlyne_domains=4/4; retained_documents=1","TRENDLYNE_STRUCTURED_PLUS_PERIOD_SCOPE_OR_OFFICIAL_FILING","p7-ic2-materialize-readiness + v14 reviewed/numeric/history validators","contract-valid source metadata","RAW_PROVIDER_CAPTURE_AVAILABLE; NORMALIZATION_OR_REVIEW_PENDING"
"db90cabf-5c5d-44a8-9da3-798368e2b458","JIOFIN","INE758E01017","4e2b3100-8514-438c-92eb-f603a5b8f13e","FINANCIAL_HOLDING_COMPANY","","P7_IC1_FINANCIAL_HOLDING_COMPANY_METHODOLOGY_V1","PORTFOLIOAI_P7_IC1_METHODOLOGY_R7_REGISTRY_V1","REVIEW_REQUIRED","LOOK_THROUGH_EARNINGS_AUM_GROWTH","","REQUIRED_EVIDENCE_MISSING","methodology_contract; minimum_history=8; freshness_policy=FUNDAMENTAL_150_DAYS_ANNUAL_550_DAYS; applicability=APPLICABLE","trendlyne_domains=4/4; retained_documents=1","TRENDLYNE_STRUCTURED_PLUS_PERIOD_SCOPE_OR_OFFICIAL_FILING","p7-ic2-materialize-readiness + v14 reviewed/numeric/history validators","contract-valid source metadata","RAW_PROVIDER_CAPTURE_AVAILABLE; NORMALIZATION_OR_REVIEW_PENDING"
"db90cabf-5c5d-44a8-9da3-798368e2b458","JIOFIN","INE758E01017","4e2b3100-8514-438c-92eb-f603a5b8f13e","FINANCIAL_HOLDING_COMPANY","","P7_IC1_FINANCIAL_HOLDING_COMPANY_METHODOLOGY_V1","PORTFOLIOAI_P7_IC1_METHODOLOGY_R7_REGISTRY_V1","REVIEW_REQUIRED","LOOK_THROUGH_EARNINGS_YIELD","","REQUIRED_EVIDENCE_MISSING","methodology_contract; minimum_history=3; freshness_policy=FUNDAMENTAL_150_DAYS_ANNUAL_550_DAYS; applicability=APPLICABLE","trendlyne_domains=4/4; retained_documents=1","TRENDLYNE_STRUCTURED_PLUS_PERIOD_SCOPE_OR_OFFICIAL_FILING","p7-ic2-materialize-readiness + v14 reviewed/numeric/history validators","contract-valid source metadata","RAW_PROVIDER_CAPTURE_AVAILABLE; NORMALIZATION_OR_REVIEW_PENDING"
"db90cabf-5c5d-44a8-9da3-798368e2b458","JIOFIN","INE758E01017","4e2b3100-8514-438c-92eb-f603a5b8f13e","FINANCIAL_HOLDING_COMPANY","","P7_IC1_FINANCIAL_HOLDING_COMPANY_METHODOLOGY_V1","PORTFOLIOAI_P7_IC1_METHODOLOGY_R7_REGISTRY_V1","REVIEW_REQUIRED","SOTP_NAV_DISCOUNT","","REQUIRED_EVIDENCE_MISSING","methodology_contract; minimum_history=3; freshness_policy=FUNDAMENTAL_150_DAYS_ANNUAL_550_DAYS; applicability=APPLICABLE","trendlyne_domains=4/4; retained_documents=1","PROFILE_CONTRACT_PROVIDER_OR_DOCUMENT_REVIEW","p7-ic2-materialize-readiness + v14 reviewed/numeric/history validators","source metadata and/or factual reviewer decision","RAW_PROVIDER_CAPTURE_AVAILABLE; NORMALIZATION_OR_REVIEW_PENDING"
"db90cabf-5c5d-44a8-9da3-798368e2b458","JIOFIN","INE758E01017","4e2b3100-8514-438c-92eb-f603a5b8f13e","FINANCIAL_HOLDING_COMPANY","","P7_IC1_FINANCIAL_HOLDING_COMPANY_METHODOLOGY_V1","PORTFOLIOAI_P7_IC1_METHODOLOGY_R7_REGISTRY_V1","REVIEW_REQUIRED","SUBSIDIARY_EARNINGS_QUALITY","","REQUIRED_EVIDENCE_MISSING","methodology_contract; minimum_history=8; freshness_policy=FUNDAMENTAL_150_DAYS_ANNUAL_550_DAYS; applicability=APPLICABLE","trendlyne_domains=4/4; retained_documents=1","PROFILE_CONTRACT_PROVIDER_OR_DOCUMENT_REVIEW","p7-ic2-materialize-readiness + v14 reviewed/numeric/history validators","source metadata and/or factual reviewer decision","RAW_PROVIDER_CAPTURE_AVAILABLE; NORMALIZATION_OR_REVIEW_PENDING"
"fe076725-5b5a-4bf6-a76d-16211b5ebe2a","JKLAKSHMI","INE786A01032","54a8b026-98b6-461b-88f1-304de1023278","CEMENT_BUILDING_MATERIALS","","P7_IC1_CEMENT_BUILDING_MATERIALS_METHODOLOGY_V1","PORTFOLIOAI_P7_IC1_METHODOLOGY_R7_REGISTRY_V1","REVIEW_REQUIRED","CFO_FCF_CONVERSION","","REQUIRED_EVIDENCE_MISSING","methodology_contract; minimum_history=3; freshness_policy=FUNDAMENTAL_150_DAYS_ANNUAL_550_DAYS; applicability=APPLICABLE","trendlyne_domains=4/4; retained_documents=1","TRENDLYNE_STRUCTURED_PLUS_PERIOD_SCOPE_OR_OFFICIAL_FILING","p7-ic2-materialize-readiness + v14 reviewed/numeric/history validators","contract-valid source metadata","RAW_PROVIDER_CAPTURE_AVAILABLE; NORMALIZATION_OR_REVIEW_PENDING"
"fe076725-5b5a-4bf6-a76d-16211b5ebe2a","JKLAKSHMI","INE786A01032","54a8b026-98b6-461b-88f1-304de1023278","CEMENT_BUILDING_MATERIALS","","P7_IC1_CEMENT_BUILDING_MATERIALS_METHODOLOGY_V1","PORTFOLIOAI_P7_IC1_METHODOLOGY_R7_REGISTRY_V1","REVIEW_REQUIRED","COST_POSITION","","REQUIRED_EVIDENCE_MISSING","methodology_contract; minimum_history=8; freshness_policy=FUNDAMENTAL_150_DAYS_ANNUAL_550_DAYS; applicability=APPLICABLE","trendlyne_domains=4/4; retained_documents=1","PROFILE_CONTRACT_PROVIDER_OR_DOCUMENT_REVIEW","p7-ic2-materialize-readiness + v14 reviewed/numeric/history validators","source metadata and/or factual reviewer decision","RAW_PROVIDER_CAPTURE_AVAILABLE; NORMALIZATION_OR_REVIEW_PENDING"
"fe076725-5b5a-4bf6-a76d-16211b5ebe2a","JKLAKSHMI","INE786A01032","54a8b026-98b6-461b-88f1-304de1023278","CEMENT_BUILDING_MATERIALS","","P7_IC1_CEMENT_BUILDING_MATERIALS_METHODOLOGY_V1","PORTFOLIOAI_P7_IC1_METHODOLOGY_R7_REGISTRY_V1","REVIEW_REQUIRED","EBITDA_PER_TONNE_OR_MARGIN","","REQUIRED_EVIDENCE_MISSING","methodology_contract; minimum_history=8; freshness_policy=FUNDAMENTAL_150_DAYS_ANNUAL_550_DAYS; applicability=APPLICABLE","trendlyne_domains=4/4; retained_documents=1","TRENDLYNE_STRUCTURED_PLUS_PERIOD_SCOPE_OR_OFFICIAL_FILING","p7-ic2-materialize-readiness + v14 reviewed/numeric/history validators","contract-valid source metadata","RAW_PROVIDER_CAPTURE_AVAILABLE; NORMALIZATION_OR_REVIEW_PENDING"
"fe076725-5b5a-4bf6-a76d-16211b5ebe2a","JKLAKSHMI","INE786A01032","54a8b026-98b6-461b-88f1-304de1023278","CEMENT_BUILDING_MATERIALS","","P7_IC1_CEMENT_BUILDING_MATERIALS_METHODOLOGY_V1","PORTFOLIOAI_P7_IC1_METHODOLOGY_R7_REGISTRY_V1","REVIEW_REQUIRED","ENERGY_FREIGHT_CYCLE_CARBON","","REQUIRED_EVIDENCE_MISSING","methodology_contract; minimum_history=252; freshness_policy=MARKET_5_TRADING_DAYS; applicability=APPLICABLE","trendlyne_domains=4/4; retained_documents=1","PROFILE_CONTRACT_PROVIDER_OR_DOCUMENT_REVIEW","p7-ic2-materialize-readiness + v14 reviewed/numeric/history validators","source metadata and/or factual reviewer decision","RAW_PROVIDER_CAPTURE_AVAILABLE; NORMALIZATION_OR_REVIEW_PENDING"
"fe076725-5b5a-4bf6-a76d-16211b5ebe2a","JKLAKSHMI","INE786A01032","54a8b026-98b6-461b-88f1-304de1023278","CEMENT_BUILDING_MATERIALS","","P7_IC1_CEMENT_BUILDING_MATERIALS_METHODOLOGY_V1","PORTFOLIOAI_P7_IC1_METHODOLOGY_R7_REGISTRY_V1","REVIEW_REQUIRED","EV_EBITDA_NORMALIZED","","REQUIRED_EVIDENCE_MISSING","methodology_contract; minimum_history=3; freshness_policy=FUNDAMENTAL_150_DAYS_ANNUAL_550_DAYS; applicability=APPLICABLE","trendlyne_domains=4/4; retained_documents=1","TRENDLYNE_STRUCTURED_PLUS_PERIOD_SCOPE_OR_OFFICIAL_FILING","p7-ic2-materialize-readiness + v14 reviewed/numeric/history validators","contract-valid source metadata","RAW_PROVIDER_CAPTURE_AVAILABLE; NORMALIZATION_OR_REVIEW_PENDING"
"fe076725-5b5a-4bf6-a76d-16211b5ebe2a","JKLAKSHMI","INE786A01032","54a8b026-98b6-461b-88f1-304de1023278","CEMENT_BUILDING_MATERIALS","","P7_IC1_CEMENT_BUILDING_MATERIALS_METHODOLOGY_V1","PORTFOLIOAI_P7_IC1_METHODOLOGY_R7_REGISTRY_V1","REVIEW_REQUIRED","EV_EBITDA_PER_TONNE","","REQUIRED_EVIDENCE_MISSING","methodology_contract; minimum_history=3; freshness_policy=FUNDAMENTAL_150_DAYS_ANNUAL_550_DAYS; applicability=APPLICABLE","trendlyne_domains=4/4; retained_documents=1","TRENDLYNE_STRUCTURED_PLUS_PERIOD_SCOPE_OR_OFFICIAL_FILING","p7-ic2-materialize-readiness + v14 reviewed/numeric/history validators","contract-valid source metadata","RAW_PROVIDER_CAPTURE_AVAILABLE; NORMALIZATION_OR_REVIEW_PENDING"
"fe076725-5b5a-4bf6-a76d-16211b5ebe2a","JKLAKSHMI","INE786A01032","54a8b026-98b6-461b-88f1-304de1023278","CEMENT_BUILDING_MATERIALS","","P7_IC1_CEMENT_BUILDING_MATERIALS_METHODOLOGY_V1","PORTFOLIOAI_P7_IC1_METHODOLOGY_R7_REGISTRY_V1","REVIEW_REQUIRED","FCF_YIELD","","REQUIRED_EVIDENCE_MISSING","methodology_contract; minimum_history=3; freshness_policy=FUNDAMENTAL_150_DAYS_ANNUAL_550_DAYS; applicability=APPLICABLE","trendlyne_domains=4/4; retained_documents=1","TRENDLYNE_STRUCTURED_PLUS_PERIOD_SCOPE_OR_OFFICIAL_FILING","p7-ic2-materialize-readiness + v14 reviewed/numeric/history validators","contract-valid source metadata","RAW_PROVIDER_CAPTURE_AVAILABLE; NORMALIZATION_OR_REVIEW_PENDING"
"fe076725-5b5a-4bf6-a76d-16211b5ebe2a","JKLAKSHMI","INE786A01032","54a8b026-98b6-461b-88f1-304de1023278","CEMENT_BUILDING_MATERIALS","","P7_IC1_CEMENT_BUILDING_MATERIALS_METHODOLOGY_V1","PORTFOLIOAI_P7_IC1_METHODOLOGY_R7_REGISTRY_V1","REVIEW_REQUIRED","GOVERNANCE_EVENT_REVIEW","","REQUIRED_EVIDENCE_MISSING","methodology_contract; minimum_history=4; freshness_policy=FUNDAMENTAL_150_DAYS_ANNUAL_550_DAYS; applicability=APPLICABLE","trendlyne_domains=4/4; retained_documents=1","DOCUMENT_DISCOVERY_OFFICIAL_SOURCE_REVIEW","p7-ic2-materialize-readiness + v14 reviewed/numeric/history validators","source metadata and/or factual reviewer decision","RAW_PROVIDER_CAPTURE_AVAILABLE; NORMALIZATION_OR_REVIEW_PENDING"
"fe076725-5b5a-4bf6-a76d-16211b5ebe2a","JKLAKSHMI","INE786A01032","54a8b026-98b6-461b-88f1-304de1023278","CEMENT_BUILDING_MATERIALS","","P7_IC1_CEMENT_BUILDING_MATERIALS_METHODOLOGY_V1","PORTFOLIOAI_P7_IC1_METHODOLOGY_R7_REGISTRY_V1","REVIEW_REQUIRED","LIMESTONE_RESERVES_COST_POSITION_DISTRIBUTION","","REQUIRED_EVIDENCE_MISSING","methodology_contract; minimum_history=3; freshness_policy=FUNDAMENTAL_150_DAYS_ANNUAL_550_DAYS; applicability=APPLICABLE","trendlyne_domains=4/4; retained_documents=1","DOCUMENT_DISCOVERY_OFFICIAL_SOURCE_REVIEW","p7-ic2-materialize-readiness + v14 reviewed/numeric/history validators","source metadata and/or factual reviewer decision","RAW_PROVIDER_CAPTURE_AVAILABLE; NORMALIZATION_OR_REVIEW_PENDING"
"fe076725-5b5a-4bf6-a76d-16211b5ebe2a","JKLAKSHMI","INE786A01032","54a8b026-98b6-461b-88f1-304de1023278","CEMENT_BUILDING_MATERIALS","","P7_IC1_CEMENT_BUILDING_MATERIALS_METHODOLOGY_V1","PORTFOLIOAI_P7_IC1_METHODOLOGY_R7_REGISTRY_V1","REVIEW_REQUIRED","NET_DEBT_INTEREST_COVERAGE","","REQUIRED_EVIDENCE_MISSING","methodology_contract; minimum_history=3; freshness_policy=FUNDAMENTAL_150_DAYS_ANNUAL_550_DAYS; applicability=APPLICABLE","trendlyne_domains=4/4; retained_documents=1","TRENDLYNE_STRUCTURED_PLUS_PERIOD_SCOPE_OR_OFFICIAL_FILING","p7-ic2-materialize-readiness + v14 reviewed/numeric/history validators","contract-valid source metadata","RAW_PROVIDER_CAPTURE_AVAILABLE; NORMALIZATION_OR_REVIEW_PENDING"
"fe076725-5b5a-4bf6-a76d-16211b5ebe2a","JKLAKSHMI","INE786A01032","54a8b026-98b6-461b-88f1-304de1023278","CEMENT_BUILDING_MATERIALS","","P7_IC1_CEMENT_BUILDING_MATERIALS_METHODOLOGY_V1","PORTFOLIOAI_P7_IC1_METHODOLOGY_R7_REGISTRY_V1","REVIEW_REQUIRED","OWNERSHIP_TREND_4Q","","REQUIRED_EVIDENCE_MISSING","methodology_contract; minimum_history=4; freshness_policy=FUNDAMENTAL_150_DAYS_ANNUAL_550_DAYS; applicability=APPLICABLE","trendlyne_domains=4/4; retained_documents=1","TRENDLYNE_OWNERSHIP_REVIEW","p7-ic2-materialize-readiness + v14 reviewed/numeric/history validators","source metadata and/or factual reviewer decision","RAW_PROVIDER_CAPTURE_AVAILABLE; NORMALIZATION_OR_REVIEW_PENDING"
"fe076725-5b5a-4bf6-a76d-16211b5ebe2a","JKLAKSHMI","INE786A01032","54a8b026-98b6-461b-88f1-304de1023278","CEMENT_BUILDING_MATERIALS","","P7_IC1_CEMENT_BUILDING_MATERIALS_METHODOLOGY_V1","PORTFOLIOAI_P7_IC1_METHODOLOGY_R7_REGISTRY_V1","REVIEW_REQUIRED","REGIONAL_DIVERSIFICATION","","REQUIRED_EVIDENCE_MISSING","methodology_contract; minimum_history=3; freshness_policy=FUNDAMENTAL_150_DAYS_ANNUAL_550_DAYS; applicability=APPLICABLE","trendlyne_domains=4/4; retained_documents=1","PROFILE_CONTRACT_PROVIDER_OR_DOCUMENT_REVIEW","p7-ic2-materialize-readiness + v14 reviewed/numeric/history validators","source metadata and/or factual reviewer decision","RAW_PROVIDER_CAPTURE_AVAILABLE; NORMALIZATION_OR_REVIEW_PENDING"
"fe076725-5b5a-4bf6-a76d-16211b5ebe2a","JKLAKSHMI","INE786A01032","54a8b026-98b6-461b-88f1-304de1023278","CEMENT_BUILDING_MATERIALS","","P7_IC1_CEMENT_BUILDING_MATERIALS_METHODOLOGY_V1","PORTFOLIOAI_P7_IC1_METHODOLOGY_R7_REGISTRY_V1","REVIEW_REQUIRED","ROCE_OR_ROIC_THROUGH_CYCLE","","REQUIRED_EVIDENCE_MISSING","methodology_contract; minimum_history=3; freshness_policy=FUNDAMENTAL_150_DAYS_ANNUAL_550_DAYS; applicability=APPLICABLE","trendlyne_domains=4/4; retained_documents=1","TRENDLYNE_STRUCTURED_PLUS_PERIOD_SCOPE_OR_OFFICIAL_FILING","p7-ic2-materialize-readiness + v14 reviewed/numeric/history validators","contract-valid source metadata","RAW_PROVIDER_CAPTURE_AVAILABLE; NORMALIZATION_OR_REVIEW_PENDING"
"fe076725-5b5a-4bf6-a76d-16211b5ebe2a","JKLAKSHMI","INE786A01032","54a8b026-98b6-461b-88f1-304de1023278","CEMENT_BUILDING_MATERIALS","","P7_IC1_CEMENT_BUILDING_MATERIALS_METHODOLOGY_V1","PORTFOLIOAI_P7_IC1_METHODOLOGY_R7_REGISTRY_V1","REVIEW_REQUIRED","ROCE_THROUGH_CYCLE","","REQUIRED_EVIDENCE_MISSING","methodology_contract; minimum_history=3; freshness_policy=FUNDAMENTAL_150_DAYS_ANNUAL_550_DAYS; applicability=APPLICABLE","trendlyne_domains=4/4; retained_documents=1","TRENDLYNE_STRUCTURED_PLUS_PERIOD_SCOPE_OR_OFFICIAL_FILING","p7-ic2-materialize-readiness + v14 reviewed/numeric/history validators","contract-valid source metadata","RAW_PROVIDER_CAPTURE_AVAILABLE; NORMALIZATION_OR_REVIEW_PENDING"
"fe076725-5b5a-4bf6-a76d-16211b5ebe2a","JKLAKSHMI","INE786A01032","54a8b026-98b6-461b-88f1-304de1023278","CEMENT_BUILDING_MATERIALS","","P7_IC1_CEMENT_BUILDING_MATERIALS_METHODOLOGY_V1","PORTFOLIOAI_P7_IC1_METHODOLOGY_R7_REGISTRY_V1","REVIEW_REQUIRED","VOLUME_CAPACITY_UTILISATION_GROWTH","","REQUIRED_EVIDENCE_MISSING","methodology_contract; minimum_history=8; freshness_policy=FUNDAMENTAL_150_DAYS_ANNUAL_550_DAYS; applicability=APPLICABLE","trendlyne_domains=4/4; retained_documents=1","TRENDLYNE_STRUCTURED_PLUS_PERIOD_SCOPE_OR_OFFICIAL_FILING","p7-ic2-materialize-readiness + v14 reviewed/numeric/history validators","contract-valid source metadata","RAW_PROVIDER_CAPTURE_AVAILABLE; NORMALIZATION_OR_REVIEW_PENDING"
"819fde8b-75bc-4327-b456-bce1a8b7a63f","JSWENERGY","INE121E01018","ecba389c-274a-430f-b2ed-eb4d5489cbee","GENERATION_INTEGRATED_UTILITY","","POWER_RENEWABLES_V1_K4B_SCORING_V1","PORTFOLIOAI_P7_IC1_METHODOLOGY_R7_REGISTRY_V1","REVIEW_REQUIRED","OPERATING_QUALITY_AND_AVAILABILITY","","REQUIRED_EVIDENCE_MISSING","methodology_contract; minimum_history=1; freshness_policy=UNSPECIFIED; applicability=APPLICABLE","trendlyne_domains=4/4; retained_documents=1","DOCUMENT_DISCOVERY_OFFICIAL_SOURCE_REVIEW","p7-ic2-materialize-readiness + v14 reviewed/numeric/history validators","source metadata and/or factual reviewer decision","RAW_PROVIDER_CAPTURE_AVAILABLE; NORMALIZATION_OR_REVIEW_PENDING"
"819fde8b-75bc-4327-b456-bce1a8b7a63f","JSWENERGY","INE121E01018","ecba389c-274a-430f-b2ed-eb4d5489cbee","GENERATION_INTEGRATED_UTILITY","","POWER_RENEWABLES_V1_K4B_SCORING_V1","PORTFOLIOAI_P7_IC1_METHODOLOGY_R7_REGISTRY_V1","REVIEW_REQUIRED","TARIFF_OFFTAKER_GRID_AND_RESOURCE_RISK","","REQUIRED_EVIDENCE_MISSING","methodology_contract; minimum_history=1; freshness_policy=UNSPECIFIED; applicability=APPLICABLE","trendlyne_domains=4/4; retained_documents=1","DOCUMENT_DISCOVERY_OFFICIAL_SOURCE_REVIEW","p7-ic2-materialize-readiness + v14 reviewed/numeric/history validators","source metadata and/or factual reviewer decision","RAW_PROVIDER_CAPTURE_AVAILABLE; NORMALIZATION_OR_REVIEW_PENDING"
"80aa69b4-1b40-476d-a8f2-ac509a129300","JTLIND","INE391J01032","5fa549c1-2d25-44b1-9873-ddec05f1aae6","INDUSTRIAL_PRODUCTS","","P7_IC1_INDUSTRIAL_PRODUCTS_METHODOLOGY_V1","PORTFOLIOAI_P7_IC1_METHODOLOGY_R7_REGISTRY_V1","REVIEW_REQUIRED","CFO_FCF_WORKING_CAPITAL","","REQUIRED_EVIDENCE_MISSING","methodology_contract; minimum_history=3; freshness_policy=FUNDAMENTAL_150_DAYS_ANNUAL_550_DAYS; applicability=APPLICABLE","trendlyne_domains=4/4; retained_documents=1","TRENDLYNE_STRUCTURED_PLUS_PERIOD_SCOPE_OR_OFFICIAL_FILING","p7-ic2-materialize-readiness + v14 reviewed/numeric/history validators","contract-valid source metadata","RAW_PROVIDER_CAPTURE_AVAILABLE; NORMALIZATION_OR_REVIEW_PENDING"
"80aa69b4-1b40-476d-a8f2-ac509a129300","JTLIND","INE391J01032","5fa549c1-2d25-44b1-9873-ddec05f1aae6","INDUSTRIAL_PRODUCTS","","P7_IC1_INDUSTRIAL_PRODUCTS_METHODOLOGY_V1","PORTFOLIOAI_P7_IC1_METHODOLOGY_R7_REGISTRY_V1","REVIEW_REQUIRED","EV_EBITDA","","REQUIRED_EVIDENCE_MISSING","methodology_contract; minimum_history=3; freshness_policy=FUNDAMENTAL_150_DAYS_ANNUAL_550_DAYS; applicability=APPLICABLE","trendlyne_domains=4/4; retained_documents=1","TRENDLYNE_STRUCTURED_PLUS_PERIOD_SCOPE_OR_OFFICIAL_FILING","p7-ic2-materialize-readiness + v14 reviewed/numeric/history validators","contract-valid source metadata","RAW_PROVIDER_CAPTURE_AVAILABLE; NORMALIZATION_OR_REVIEW_PENDING"
"80aa69b4-1b40-476d-a8f2-ac509a129300","JTLIND","INE391J01032","5fa549c1-2d25-44b1-9873-ddec05f1aae6","INDUSTRIAL_PRODUCTS","","P7_IC1_INDUSTRIAL_PRODUCTS_METHODOLOGY_V1","PORTFOLIOAI_P7_IC1_METHODOLOGY_R7_REGISTRY_V1","REVIEW_REQUIRED","FCF_YIELD","","REQUIRED_EVIDENCE_MISSING","methodology_contract; minimum_history=3; freshness_policy=FUNDAMENTAL_150_DAYS_ANNUAL_550_DAYS; applicability=APPLICABLE","trendlyne_domains=4/4; retained_documents=1","TRENDLYNE_STRUCTURED_PLUS_PERIOD_SCOPE_OR_OFFICIAL_FILING","p7-ic2-materialize-readiness + v14 reviewed/numeric/history validators","contract-valid source metadata","RAW_PROVIDER_CAPTURE_AVAILABLE; NORMALIZATION_OR_REVIEW_PENDING"
"80aa69b4-1b40-476d-a8f2-ac509a129300","JTLIND","INE391J01032","5fa549c1-2d25-44b1-9873-ddec05f1aae6","INDUSTRIAL_PRODUCTS","","P7_IC1_INDUSTRIAL_PRODUCTS_METHODOLOGY_V1","PORTFOLIOAI_P7_IC1_METHODOLOGY_R7_REGISTRY_V1","REVIEW_REQUIRED","REVENUE_VOLUME_ORDER_GROWTH","","REQUIRED_EVIDENCE_MISSING","methodology_contract; minimum_history=8; freshness_policy=FUNDAMENTAL_150_DAYS_ANNUAL_550_DAYS; applicability=APPLICABLE","trendlyne_domains=4/4; retained_documents=1","TRENDLYNE_STRUCTURED_PLUS_PERIOD_SCOPE_OR_OFFICIAL_FILING","p7-ic2-materialize-readiness + v14 reviewed/numeric/history validators","contract-valid source metadata","RAW_PROVIDER_CAPTURE_AVAILABLE; NORMALIZATION_OR_REVIEW_PENDING"
"8874186e-a6bc-49eb-9163-28cae2b31dd6","JUBLFOOD","INE797F01020","fc317d37-930e-455e-bbb5-45bba5d66ad2","HOSPITALITY_LEISURE","","P7_IC1_HOSPITALITY_LEISURE_METHODOLOGY_V1","PORTFOLIOAI_P7_IC1_METHODOLOGY_R7_REGISTRY_V1","REVIEW_REQUIRED","CFO_FCF_CONVERSION","","REQUIRED_EVIDENCE_MISSING","methodology_contract; minimum_history=3; freshness_policy=FUNDAMENTAL_150_DAYS_ANNUAL_550_DAYS; applicability=APPLICABLE","trendlyne_domains=4/4; retained_documents=2","TRENDLYNE_STRUCTURED_PLUS_PERIOD_SCOPE_OR_OFFICIAL_FILING","p7-ic2-materialize-readiness + v14 reviewed/numeric/history validators","contract-valid source metadata","RAW_PROVIDER_CAPTURE_AVAILABLE; NORMALIZATION_OR_REVIEW_PENDING"
"8874186e-a6bc-49eb-9163-28cae2b31dd6","JUBLFOOD","INE797F01020","fc317d37-930e-455e-bbb5-45bba5d66ad2","HOSPITALITY_LEISURE","","P7_IC1_HOSPITALITY_LEISURE_METHODOLOGY_V1","PORTFOLIOAI_P7_IC1_METHODOLOGY_R7_REGISTRY_V1","REVIEW_REQUIRED","DISCRETIONARY_DEMAND","","REQUIRED_EVIDENCE_MISSING","methodology_contract; minimum_history=252; freshness_policy=MARKET_5_TRADING_DAYS; applicability=APPLICABLE","trendlyne_domains=4/4; retained_documents=2","PROFILE_CONTRACT_PROVIDER_OR_DOCUMENT_REVIEW","p7-ic2-materialize-readiness + v14 reviewed/numeric/history validators","source metadata and/or factual reviewer decision","RAW_PROVIDER_CAPTURE_AVAILABLE; NORMALIZATION_OR_REVIEW_PENDING"
"8874186e-a6bc-49eb-9163-28cae2b31dd6","JUBLFOOD","INE797F01020","fc317d37-930e-455e-bbb5-45bba5d66ad2","HOSPITALITY_LEISURE","","P7_IC1_HOSPITALITY_LEISURE_METHODOLOGY_V1","PORTFOLIOAI_P7_IC1_METHODOLOGY_R7_REGISTRY_V1","REVIEW_REQUIRED","EV_EBITDA","","REQUIRED_EVIDENCE_MISSING","methodology_contract; minimum_history=3; freshness_policy=FUNDAMENTAL_150_DAYS_ANNUAL_550_DAYS; applicability=APPLICABLE","trendlyne_domains=4/4; retained_documents=2","TRENDLYNE_STRUCTURED_PLUS_PERIOD_SCOPE_OR_OFFICIAL_FILING","p7-ic2-materialize-readiness + v14 reviewed/numeric/history validators","contract-valid source metadata","RAW_PROVIDER_CAPTURE_AVAILABLE; NORMALIZATION_OR_REVIEW_PENDING"
"8874186e-a6bc-49eb-9163-28cae2b31dd6","JUBLFOOD","INE797F01020","fc317d37-930e-455e-bbb5-45bba5d66ad2","HOSPITALITY_LEISURE","","P7_IC1_HOSPITALITY_LEISURE_METHODOLOGY_V1","PORTFOLIOAI_P7_IC1_METHODOLOGY_R7_REGISTRY_V1","REVIEW_REQUIRED","FCF_YIELD","","REQUIRED_EVIDENCE_MISSING","methodology_contract; minimum_history=3; freshness_policy=FUNDAMENTAL_150_DAYS_ANNUAL_550_DAYS; applicability=APPLICABLE","trendlyne_domains=4/4; retained_documents=2","TRENDLYNE_STRUCTURED_PLUS_PERIOD_SCOPE_OR_OFFICIAL_FILING","p7-ic2-materialize-readiness + v14 reviewed/numeric/history validators","contract-valid source metadata","RAW_PROVIDER_CAPTURE_AVAILABLE; NORMALIZATION_OR_REVIEW_PENDING"
"8874186e-a6bc-49eb-9163-28cae2b31dd6","JUBLFOOD","INE797F01020","fc317d37-930e-455e-bbb5-45bba5d66ad2","HOSPITALITY_LEISURE","","P7_IC1_HOSPITALITY_LEISURE_METHODOLOGY_V1","PORTFOLIOAI_P7_IC1_METHODOLOGY_R7_REGISTRY_V1","REVIEW_REQUIRED","REVENUE_UNIT_NETWORK_BOOKING_GROWTH","","REQUIRED_EVIDENCE_MISSING","methodology_contract; minimum_history=8; freshness_policy=FUNDAMENTAL_150_DAYS_ANNUAL_550_DAYS; applicability=APPLICABLE","trendlyne_domains=4/4; retained_documents=2","TRENDLYNE_STRUCTURED_PLUS_PERIOD_SCOPE_OR_OFFICIAL_FILING","p7-ic2-materialize-readiness + v14 reviewed/numeric/history validators","contract-valid source metadata","RAW_PROVIDER_CAPTURE_AVAILABLE; NORMALIZATION_OR_REVIEW_PENDING"
"8874186e-a6bc-49eb-9163-28cae2b31dd6","JUBLFOOD","INE797F01020","fc317d37-930e-455e-bbb5-45bba5d66ad2","HOSPITALITY_LEISURE","","P7_IC1_HOSPITALITY_LEISURE_METHODOLOGY_V1","PORTFOLIOAI_P7_IC1_METHODOLOGY_R7_REGISTRY_V1","REVIEW_REQUIRED","SAME_STORE_REVPAR_OR_TRANSACTION_QUALITY","","REQUIRED_EVIDENCE_MISSING","methodology_contract; minimum_history=8; freshness_policy=FUNDAMENTAL_150_DAYS_ANNUAL_550_DAYS; applicability=APPLICABLE","trendlyne_domains=4/4; retained_documents=2","PROFILE_CONTRACT_PROVIDER_OR_DOCUMENT_REVIEW","p7-ic2-materialize-readiness + v14 reviewed/numeric/history validators","source metadata and/or factual reviewer decision","RAW_PROVIDER_CAPTURE_AVAILABLE; NORMALIZATION_OR_REVIEW_PENDING"
"8874186e-a6bc-49eb-9163-28cae2b31dd6","JUBLFOOD","INE797F01020","fc317d37-930e-455e-bbb5-45bba5d66ad2","HOSPITALITY_LEISURE","","P7_IC1_HOSPITALITY_LEISURE_METHODOLOGY_V1","PORTFOLIOAI_P7_IC1_METHODOLOGY_R7_REGISTRY_V1","REVIEW_REQUIRED","UNIT_LEVEL_MARGIN_OR_OPERATING_MARGIN","","REQUIRED_EVIDENCE_MISSING","methodology_contract; minimum_history=8; freshness_policy=FUNDAMENTAL_150_DAYS_ANNUAL_550_DAYS; applicability=APPLICABLE","trendlyne_domains=4/4; retained_documents=2","DOCUMENT_DISCOVERY_OFFICIAL_SOURCE_REVIEW","p7-ic2-materialize-readiness + v14 reviewed/numeric/history validators","source metadata and/or factual reviewer decision","RAW_PROVIDER_CAPTURE_AVAILABLE; NORMALIZATION_OR_REVIEW_PENDING"
"91520c5a-60a2-4719-9a5e-eeb3da6df18c","JUBLPHARMA","INE700A01033","4942d915-7b53-4bf9-9f50-73412f4640eb","PHARMA","CDMO_CRAMS","PHARMA_V1_PLUS_REVIEWED_PRIMARY_SUBPROFILE","PORTFOLIOAI_P7_IC1_METHODOLOGY_R7_REGISTRY_V1","REVIEW_REQUIRED","CAPEX","","REQUIRED_EVIDENCE_MISSING","methodology_contract; minimum_history=3; freshness_policy=UNSPECIFIED; applicability=APPLICABLE","trendlyne_domains=4/4; retained_documents=1","TRENDLYNE_STRUCTURED_PLUS_PERIOD_SCOPE_OR_OFFICIAL_FILING","p7-ic2-materialize-readiness + v14 reviewed/numeric/history validators","contract-valid source metadata","RAW_PROVIDER_CAPTURE_AVAILABLE; NORMALIZATION_OR_REVIEW_PENDING"
"91520c5a-60a2-4719-9a5e-eeb3da6df18c","JUBLPHARMA","INE700A01033","4942d915-7b53-4bf9-9f50-73412f4640eb","PHARMA","CDMO_CRAMS","PHARMA_V1_PLUS_REVIEWED_PRIMARY_SUBPROFILE","PORTFOLIOAI_P7_IC1_METHODOLOGY_R7_REGISTRY_V1","REVIEW_REQUIRED","EV_EBITDA","","REQUIRED_EVIDENCE_MISSING","methodology_contract; minimum_history=3; freshness_policy=UNSPECIFIED; applicability=APPLICABLE","trendlyne_domains=4/4; retained_documents=1","TRENDLYNE_STRUCTURED_PLUS_PERIOD_SCOPE_OR_OFFICIAL_FILING","p7-ic2-materialize-readiness + v14 reviewed/numeric/history validators","contract-valid source metadata","RAW_PROVIDER_CAPTURE_AVAILABLE; NORMALIZATION_OR_REVIEW_PENDING"
"91520c5a-60a2-4719-9a5e-eeb3da6df18c","JUBLPHARMA","INE700A01033","4942d915-7b53-4bf9-9f50-73412f4640eb","PHARMA","CDMO_CRAMS","PHARMA_V1_PLUS_REVIEWED_PRIMARY_SUBPROFILE","PORTFOLIOAI_P7_IC1_METHODOLOGY_R7_REGISTRY_V1","REVIEW_REQUIRED","FCF_YIELD","","REQUIRED_EVIDENCE_MISSING","methodology_contract; minimum_history=3; freshness_policy=UNSPECIFIED; applicability=APPLICABLE","trendlyne_domains=4/4; retained_documents=1","TRENDLYNE_STRUCTURED_PLUS_PERIOD_SCOPE_OR_OFFICIAL_FILING","p7-ic2-materialize-readiness + v14 reviewed/numeric/history validators","contract-valid source metadata","RAW_PROVIDER_CAPTURE_AVAILABLE; NORMALIZATION_OR_REVIEW_PENDING"
"08939466-a3bb-4a59-8605-8917d6a547de","JYOTHYLAB","INE668F01031","9498ab96-03be-4247-8399-d7007c811482","BRANDED_CONSUMER_FMCG","","CONSUMER_FMCG_K4B_SCORING_V1","PORTFOLIOAI_P7_IC1_METHODOLOGY_R7_REGISTRY_V1","REVIEW_REQUIRED","CATEGORY_AND_MARKET_RISK","","REQUIRED_EVIDENCE_MISSING","methodology_contract; minimum_history=1; freshness_policy=UNSPECIFIED; applicability=APPLICABLE","trendlyne_domains=4/4; retained_documents=1","DOCUMENT_DISCOVERY_OFFICIAL_SOURCE_REVIEW","p7-ic2-materialize-readiness + v14 reviewed/numeric/history validators","source metadata and/or factual reviewer decision","RAW_PROVIDER_CAPTURE_AVAILABLE; NORMALIZATION_OR_REVIEW_PENDING"
"08939466-a3bb-4a59-8605-8917d6a547de","JYOTHYLAB","INE668F01031","9498ab96-03be-4247-8399-d7007c811482","BRANDED_CONSUMER_FMCG","","CONSUMER_FMCG_K4B_SCORING_V1","PORTFOLIOAI_P7_IC1_METHODOLOGY_R7_REGISTRY_V1","REVIEW_REQUIRED","REVENUE_AND_VOLUME_PRICE_MIX_GROWTH","","REQUIRED_EVIDENCE_MISSING","methodology_contract; minimum_history=1; freshness_policy=UNSPECIFIED; applicability=APPLICABLE","trendlyne_domains=4/4; retained_documents=1","VALIDATED_HISTORY_BENCHMARK_PATH","p7-ic2-materialize-readiness + v14 reviewed/numeric/history validators","contract-valid source metadata","RAW_PROVIDER_CAPTURE_AVAILABLE; NORMALIZATION_OR_REVIEW_PENDING"
