job_id,security_id,symbol,requirement,minimum_periods,known_periods,mode,blocker,provider,tool,request_json,write_ceiling
"3833b30d-f007-486a-afd4-d44d313f8e99:SUBSIDIARY_EARNINGS_QUALITY","3833b30d-f007-486a-afd4-d44d313f8e99","ABCAPITAL","SUBSIDIARY_EARNINGS_QUALITY","8","[]","BLOCKED_CONTRACT","EXACT_FIELD_PERIOD_OR_SCOPE_CONTRACT_NOT_PROVEN","","","","0"
"3833b30d-f007-486a-afd4-d44d313f8e99:CAPITAL_ALLOCATION","3833b30d-f007-486a-afd4-d44d313f8e99","ABCAPITAL","CAPITAL_ALLOCATION","8","[]","CACHE_EXCERPT_REVIEW","CITED_DOCUMENT_REVIEW_AND_REQUIREMENT_FACT_CONTRACT_REQUIRED","","","","0"
"3833b30d-f007-486a-afd4-d44d313f8e99:LOOK_THROUGH_EARNINGS_AUM_GROWTH","3833b30d-f007-486a-afd4-d44d313f8e99","ABCAPITAL","LOOK_THROUGH_EARNINGS_AUM_GROWTH","8","[]","BLOCKED_CONTRACT","EXACT_FIELD_PERIOD_OR_SCOPE_CONTRACT_NOT_PROVEN","","","","0"
"3833b30d-f007-486a-afd4-d44d313f8e99:LOOK_THROUGH_ROE_ROIC","3833b30d-f007-486a-afd4-d44d313f8e99","ABCAPITAL","LOOK_THROUGH_ROE_ROIC","3","[]","BLOCKED_CONTRACT","EXACT_FIELD_PERIOD_OR_SCOPE_CONTRACT_NOT_PROVEN","","","","0"
"3833b30d-f007-486a-afd4-d44d313f8e99:HOLDCO_CASH_DIVIDEND_COVERAGE","3833b30d-f007-486a-afd4-d44d313f8e99","ABCAPITAL","HOLDCO_CASH_DIVIDEND_COVERAGE","3","[]","CACHE_EXCERPT_REVIEW","CITED_DOCUMENT_REVIEW_AND_REQUIREMENT_FACT_CONTRACT_REQUIRED","","","","0"
"3833b30d-f007-486a-afd4-d44d313f8e99:HOLDCO_NET_DEBT_AND_LIQUIDITY","3833b30d-f007-486a-afd4-d44d313f8e99","ABCAPITAL","HOLDCO_NET_DEBT_AND_LIQUIDITY","3","[]","CACHE_EXCERPT_REVIEW","CITED_DOCUMENT_REVIEW_AND_REQUIREMENT_FACT_CONTRACT_REQUIRED","","","","0"
"3833b30d-f007-486a-afd4-d44d313f8e99:FRANCHISE_DIVERSIFICATION","3833b30d-f007-486a-afd4-d44d313f8e99","ABCAPITAL","FRANCHISE_DIVERSIFICATION","3","[]","CACHE_EXCERPT_REVIEW","CITED_DOCUMENT_REVIEW_AND_REQUIREMENT_FACT_CONTRACT_REQUIRED","","","","0"
"3833b30d-f007-486a-afd4-d44d313f8e99:CAPITAL_ACCESS","3833b30d-f007-486a-afd4-d44d313f8e99","ABCAPITAL","CAPITAL_ACCESS","3","[]","CACHE_EXCERPT_REVIEW","CITED_DOCUMENT_REVIEW_AND_REQUIREMENT_FACT_CONTRACT_REQUIRED","","","","0"
"3833b30d-f007-486a-afd4-d44d313f8e99:SUBSIDIARY_QUALITY","3833b30d-f007-486a-afd4-d44d313f8e99","ABCAPITAL","SUBSIDIARY_QUALITY","3","[]","CACHE_EXCERPT_REVIEW","CITED_DOCUMENT_REVIEW_AND_REQUIREMENT_FACT_CONTRACT_REQUIRED","","","","0"
"3833b30d-f007-486a-afd4-d44d313f8e99:SOTP_NAV_DISCOUNT","3833b30d-f007-486a-afd4-d44d313f8e99","ABCAPITAL","SOTP_NAV_DISCOUNT","3","[]","BLOCKED_CONTRACT","EXACT_FIELD_PERIOD_OR_SCOPE_CONTRACT_NOT_PROVEN","","","","0"
"3833b30d-f007-486a-afd4-d44d313f8e99:PB_ROE_CONTEXT","3833b30d-f007-486a-afd4-d44d313f8e99","ABCAPITAL","PB_ROE_CONTEXT","3","[]","BLOCKED_CONTRACT","EXACT_FIELD_PERIOD_OR_SCOPE_CONTRACT_NOT_PROVEN","","","","0"
"3833b30d-f007-486a-afd4-d44d313f8e99:LOOK_THROUGH_EARNINGS_YIELD","3833b30d-f007-486a-afd4-d44d313f8e99","ABCAPITAL","LOOK_THROUGH_EARNINGS_YIELD","3","[]","BLOCKED_CONTRACT","EXACT_FIELD_PERIOD_OR_SCOPE_CONTRACT_NOT_PROVEN","","","","0"
"3833b30d-f007-486a-afd4-d44d313f8e99:PRICE_HISTORY_252D","3833b30d-f007-486a-afd4-d44d313f8e99","ABCAPITAL","PRICE_HISTORY_252D","252","[]","BLOCKED_HISTORY_AUTHORITY","REVIEWED_SESSION_CALENDAR_AND_ADJUSTMENT_COVERAGE_REQUIRED","","","","0"
"3833b30d-f007-486a-afd4-d44d313f8e99:APPROVED_BENCHMARK_HISTORY_252D","3833b30d-f007-486a-afd4-d44d313f8e99","ABCAPITAL","APPROVED_BENCHMARK_HISTORY_252D","252","[]","BLOCKED_HISTORY_AUTHORITY","REVIEWED_SESSION_CALENDAR_AND_ADJUSTMENT_COVERAGE_REQUIRED","","","","0"
"3833b30d-f007-486a-afd4-d44d313f8e99:HOLDCO_DISCOUNT_LEVERAGE_COMPLEXITY","3833b30d-f007-486a-afd4-d44d313f8e99","ABCAPITAL","HOLDCO_DISCOUNT_LEVERAGE_COMPLEXITY","252","[]","CACHE_EXCERPT_REVIEW","CITED_DOCUMENT_REVIEW_AND_REQUIREMENT_FACT_CONTRACT_REQUIRED","","","","0"
"3833b30d-f007-486a-afd4-d44d313f8e99:MARKET_DRAWDOWN","3833b30d-f007-486a-afd4-d44d313f8e99","ABCAPITAL","MARKET_DRAWDOWN","252","[]","BLOCKED_HISTORY_AUTHORITY","REVIEWED_SESSION_CALENDAR_AND_ADJUSTMENT_COVERAGE_REQUIRED","","","","0"
"3833b30d-f007-486a-afd4-d44d313f8e99:OWNERSHIP_TREND_4Q","3833b30d-f007-486a-afd4-d44d313f8e99","ABCAPITAL","OWNERSHIP_TREND_4Q","4","[]","CACHE_QUARTER_REVIEW","OWNERSHIP_SERIES_DEFINITION_AND_BASIS_REVIEW_REQUIRED","","","","0"
"3833b30d-f007-486a-afd4-d44d313f8e99:GOVERNANCE_EVENT_REVIEW","3833b30d-f007-486a-afd4-d44d313f8e99","ABCAPITAL","GOVERNANCE_EVENT_REVIEW","4","[]","CACHE_EXCERPT_REVIEW","CITED_DOCUMENT_REVIEW_AND_REQUIREMENT_FACT_CONTRACT_REQUIRED","","","","0"
"5b9171f3-d8cb-4b24-8432-1905b214915a:OPERATING_QUALITY_AND_AVAILABILITY","5b9171f3-d8cb-4b24-8432-1905b214915a","ACMESOLAR","OPERATING_QUALITY_AND_AVAILABILITY","1","[]","BLOCKED_CONTRACT","EXACT_FIELD_PERIOD_OR_SCOPE_CONTRACT_NOT_PROVEN","","","","0"
"5b9171f3-d8cb-4b24-8432-1905b214915a:OPERATING_AND_PIPELINE_CAPACITY_GROWTH","5b9171f3-d8cb-4b24-8432-1905b214915a","ACMESOLAR","OPERATING_AND_PIPELINE_CAPACITY_GROWTH","1","[]","CACHE_EXCERPT_REVIEW","CITED_DOCUMENT_REVIEW_AND_REQUIREMENT_FACT_CONTRACT_REQUIRED","","","","0"
"5b9171f3-d8cb-4b24-8432-1905b214915a:ROCE_OR_ROIC_WITH_ASSET_CONTEXT","5b9171f3-d8cb-4b24-8432-1905b214915a","ACMESOLAR","ROCE_OR_ROIC_WITH_ASSET_CONTEXT","1","[]","BLOCKED_CONTRACT","EXACT_FIELD_PERIOD_OR_SCOPE_CONTRACT_NOT_PROVEN","","","","0"
"5b9171f3-d8cb-4b24-8432-1905b214915a:CFO_OR_FCF_AND_PROJECT_CASH_CONVERSION","5b9171f3-d8cb-4b24-8432-1905b214915a","ACMESOLAR","CFO_OR_FCF_AND_PROJECT_CASH_CONVERSION","1","[]","BLOCKED_CONTRACT","EXACT_FIELD_PERIOD_OR_SCOPE_CONTRACT_NOT_PROVEN","","","","0"
"5b9171f3-d8cb-4b24-8432-1905b214915a:NET_DEBT_INTEREST_COVERAGE_AND_REFINANCING","5b9171f3-d8cb-4b24-8432-1905b214915a","ACMESOLAR","NET_DEBT_INTEREST_COVERAGE_AND_REFINANCING","1","[]","BLOCKED_CONTRACT","EXACT_FIELD_PERIOD_OR_SCOPE_CONTRACT_NOT_PROVEN","","","","0"
"5b9171f3-d8cb-4b24-8432-1905b214915a:POWER_ASSET_DURABILITY","5b9171f3-d8cb-4b24-8432-1905b214915a","ACMESOLAR","POWER_ASSET_DURABILITY","1","[]","CACHE_EXCERPT_REVIEW","CITED_DOCUMENT_REVIEW_AND_REQUIREMENT_FACT_CONTRACT_REQUIRED","","","","0"
"5b9171f3-d8cb-4b24-8432-1905b214915a:VALUATION_ASSET_AND_CASH_FLOW_CONTEXT","5b9171f3-d8cb-4b24-8432-1905b214915a","ACMESOLAR","VALUATION_ASSET_AND_CASH_FLOW_CONTEXT","1","[]","BLOCKED_CONTRACT","EXACT_FIELD_PERIOD_OR_SCOPE_CONTRACT_NOT_PROVEN","","","","0"
"5b9171f3-d8cb-4b24-8432-1905b214915a:MOMENTUM_12M_RELATIVE","5b9171f3-d8cb-4b24-8432-1905b214915a","ACMESOLAR","MOMENTUM_12M_RELATIVE","252","[]","BLOCKED_HISTORY_AUTHORITY","REVIEWED_SESSION_CALENDAR_AND_ADJUSTMENT_COVERAGE_REQUIRED","","","","0"
"5b9171f3-d8cb-4b24-8432-1905b214915a:TARIFF_OFFTAKER_GRID_AND_RESOURCE_RISK","5b9171f3-d8cb-4b24-8432-1905b214915a","ACMESOLAR","TARIFF_OFFTAKER_GRID_AND_RESOURCE_RISK","1","[]","BLOCKED_CONTRACT","EXACT_FIELD_PERIOD_OR_SCOPE_CONTRACT_NOT_PROVEN","","","","0"
"5b9171f3-d8cb-4b24-8432-1905b214915a:OWNERSHIP_GOVERNANCE","5b9171f3-d8cb-4b24-8432-1905b214915a","ACMESOLAR","OWNERSHIP_GOVERNANCE","4","[]","CACHE_QUARTER_REVIEW","OWNERSHIP_SERIES_DEFINITION_AND_BASIS_REVIEW_REQUIRED","","","","0"
"89d94355-8c96-4d21-8bb7-1e3bcf096a93:OPERATING_MARGIN_HISTORY","89d94355-8c96-4d21-8bb7-1e3bcf096a93","AKUMS","OPERATING_MARGIN_HISTORY","8","[]","CACHE_FIELD_METADATA_REVIEW","REPORTING_PERIOD_INVALID","","","","0"
"89d94355-8c96-4d21-8bb7-1e3bcf096a93:ROCE_OR_ROIC","89d94355-8c96-4d21-8bb7-1e3bcf096a93","AKUMS","ROCE_OR_ROIC","3","[]","ACQUIRE_RAW_THEN_REVIEW","EXACT_FIELD_MISSING_AND_RESPONSE_METADATA_UNPROVEN","TRENDLYNE","get_parameter_values_multi_stock","{""type"":""stock"",""query"":""AKUMS AKUMS instrument 2471889 ROCE Ann. % as of 2026-10-05; supply 3 distinct dated YEAR reporting periods, period start/end, unit/scale, currency, consolidated/standalone scope, publication dates and source field labels; no relative-year labels as period proof""}","1"
"89d94355-8c96-4d21-8bb7-1e3bcf096a93:REVENUE_GROWTH_MULTI_PERIOD","89d94355-8c96-4d21-8bb7-1e3bcf096a93","AKUMS","REVENUE_GROWTH_MULTI_PERIOD","3","[]","CACHE_FIELD_METADATA_REVIEW","METRIC_CONTRACT_NOT_REVIEWED","","","","0"
"89d94355-8c96-4d21-8bb7-1e3bcf096a93:NET_PROFIT_GROWTH_MULTI_PERIOD","89d94355-8c96-4d21-8bb7-1e3bcf096a93","AKUMS","NET_PROFIT_GROWTH_MULTI_PERIOD","3","[]","CACHE_FIELD_METADATA_REVIEW","REPORTING_PERIOD_TYPE_NOT_PROVEN","","","","0"
"89d94355-8c96-4d21-8bb7-1e3bcf096a93:EPS_GROWTH_MULTI_PERIOD","89d94355-8c96-4d21-8bb7-1e3bcf096a93","AKUMS","EPS_GROWTH_MULTI_PERIOD","3","[]","BLOCKED_CONTRACT","EXACT_FIELD_PERIOD_OR_SCOPE_CONTRACT_NOT_PROVEN","","","","0"
"89d94355-8c96-4d21-8bb7-1e3bcf096a93:CFO_OR_FCF_CONVERSION","89d94355-8c96-4d21-8bb7-1e3bcf096a93","AKUMS","CFO_OR_FCF_CONVERSION","3","[]","CACHE_FIELD_METADATA_REVIEW","METRIC_CONTRACT_NOT_REVIEWED","","","","0"
"89d94355-8c96-4d21-8bb7-1e3bcf096a93:CAPEX","89d94355-8c96-4d21-8bb7-1e3bcf096a93","AKUMS","CAPEX","3","[]","BLOCKED_CONTRACT","EXACT_FIELD_PERIOD_OR_SCOPE_CONTRACT_NOT_PROVEN","","","","0"
"89d94355-8c96-4d21-8bb7-1e3bcf096a93:NET_CASH_OR_LEVERAGE","89d94355-8c96-4d21-8bb7-1e3bcf096a93","AKUMS","NET_CASH_OR_LEVERAGE","3","[]","BLOCKED_CONTRACT","EXACT_FIELD_PERIOD_OR_SCOPE_CONTRACT_NOT_PROVEN","","","","0"
"89d94355-8c96-4d21-8bb7-1e3bcf096a93:PE","89d94355-8c96-4d21-8bb7-1e3bcf096a93","AKUMS","PE","3","[]","CACHE_FIELD_METADATA_REVIEW","REPORTING_PERIOD_TYPE_NOT_PROVEN","","","","0"
"89d94355-8c96-4d21-8bb7-1e3bcf096a93:EV_EBITDA","89d94355-8c96-4d21-8bb7-1e3bcf096a93","AKUMS","EV_EBITDA","3","[]","BLOCKED_CONTRACT","EXACT_FIELD_PERIOD_OR_SCOPE_CONTRACT_NOT_PROVEN","","","","0"
"89d94355-8c96-4d21-8bb7-1e3bcf096a93:FCF_YIELD","89d94355-8c96-4d21-8bb7-1e3bcf096a93","AKUMS","FCF_YIELD","3","[]","BLOCKED_CONTRACT","EXACT_FIELD_PERIOD_OR_SCOPE_CONTRACT_NOT_PROVEN","","","","0"
"89d94355-8c96-4d21-8bb7-1e3bcf096a93:PRICE_HISTORY_252D","89d94355-8c96-4d21-8bb7-1e3bcf096a93","AKUMS","PRICE_HISTORY_252D","252","[]","BLOCKED_HISTORY_AUTHORITY","REVIEWED_SESSION_CALENDAR_AND_ADJUSTMENT_COVERAGE_REQUIRED","","","","0"
"89d94355-8c96-4d21-8bb7-1e3bcf096a93:APPROVED_BENCHMARK_HISTORY_252D","89d94355-8c96-4d21-8bb7-1e3bcf096a93","AKUMS","APPROVED_BENCHMARK_HISTORY_252D","252","[]","BLOCKED_HISTORY_AUTHORITY","EXACT_BENCHMARK_AUTHORITY_OR_TOKEN_REQUIRED","","","","0"
"89d94355-8c96-4d21-8bb7-1e3bcf096a93:MARKET_DRAWDOWN","89d94355-8c96-4d21-8bb7-1e3bcf096a93","AKUMS","MARKET_DRAWDOWN","252","[]","BLOCKED_HISTORY_AUTHORITY","REVIEWED_SESSION_CALENDAR_AND_ADJUSTMENT_COVERAGE_REQUIRED","","","","0"
"89d94355-8c96-4d21-8bb7-1e3bcf096a93:VOLATILITY_252D","89d94355-8c96-4d21-8bb7-1e3bcf096a93","AKUMS","VOLATILITY_252D","252","[]","BLOCKED_HISTORY_AUTHORITY","REVIEWED_SESSION_CALENDAR_AND_ADJUSTMENT_COVERAGE_REQUIRED","","","","0"
"89d94355-8c96-4d21-8bb7-1e3bcf096a93:REGULATORY_RISK","89d94355-8c96-4d21-8bb7-1e3bcf096a93","AKUMS","REGULATORY_RISK","252","[]","CACHE_EXCERPT_REVIEW","CITED_DOCUMENT_REVIEW_AND_REQUIREMENT_FACT_CONTRACT_REQUIRED","","","","0"
"89d94355-8c96-4d21-8bb7-1e3bcf096a93:OWNERSHIP_TREND_4Q","89d94355-8c96-4d21-8bb7-1e3bcf096a93","AKUMS","OWNERSHIP_TREND_4Q","4","[]","CACHE_QUARTER_REVIEW","OWNERSHIP_SERIES_DEFINITION_AND_BASIS_REVIEW_REQUIRED","","","","0"
"89d94355-8c96-4d21-8bb7-1e3bcf096a93:GOVERNANCE_EVENT_REVIEW","89d94355-8c96-4d21-8bb7-1e3bcf096a93","AKUMS","GOVERNANCE_EVENT_REVIEW","4","[]","CACHE_EXCERPT_REVIEW","CITED_DOCUMENT_REVIEW_AND_REQUIREMENT_FACT_CONTRACT_REQUIRED","","","","0"
"b2d907e5-f8a1-4755-9fec-0cbbbd0e247f:PRE_SALES_COLLECTION_EXECUTION_QUALITY","b2d907e5-f8a1-4755-9fec-0cbbbd0e247f","ANANTRAJ","PRE_SALES_COLLECTION_EXECUTION_QUALITY","8","[]","CACHE_EXCERPT_REVIEW","CITED_DOCUMENT_REVIEW_AND_REQUIREMENT_FACT_CONTRACT_REQUIRED","","","","0"
"b2d907e5-f8a1-4755-9fec-0cbbbd0e247f:RENTAL_OCCUPANCY_WHEN_APPLICABLE","b2d907e5-f8a1-4755-9fec-0cbbbd0e247f","ANANTRAJ","RENTAL_OCCUPANCY_WHEN_APPLICABLE","8","[]","CACHE_EXCERPT_REVIEW","CITED_DOCUMENT_REVIEW_AND_REQUIREMENT_FACT_CONTRACT_REQUIRED","","","","0"
"b2d907e5-f8a1-4755-9fec-0cbbbd0e247f:PRE_SALES_COLLECTIONS_AREA_RENTAL_GROWTH","b2d907e5-f8a1-4755-9fec-0cbbbd0e247f","ANANTRAJ","PRE_SALES_COLLECTIONS_AREA_RENTAL_GROWTH","8","[]","CACHE_EXCERPT_REVIEW","CITED_DOCUMENT_REVIEW_AND_REQUIREMENT_FACT_CONTRACT_REQUIRED","","","","0"
"b2d907e5-f8a1-4755-9fec-0cbbbd0e247f:ROCE_OR_ROIC_PROJECT_CONTEXT","b2d907e5-f8a1-4755-9fec-0cbbbd0e247f","ANANTRAJ","ROCE_OR_ROIC_PROJECT_CONTEXT","3","[]","BLOCKED_CONTRACT","EXACT_FIELD_PERIOD_OR_SCOPE_CONTRACT_NOT_PROVEN","","","","0"
"b2d907e5-f8a1-4755-9fec-0cbbbd0e247f:OPERATING_CASH_FLOW_COLLECTIONS_LAND_CAPEX","b2d907e5-f8a1-4755-9fec-0cbbbd0e247f","ANANTRAJ","OPERATING_CASH_FLOW_COLLECTIONS_LAND_CAPEX","3","[]","BLOCKED_CONTRACT","EXACT_FIELD_PERIOD_OR_SCOPE_CONTRACT_NOT_PROVEN","","","","0"
"b2d907e5-f8a1-4755-9fec-0cbbbd0e247f:NET_DEBT_TO_EQUITY_INTEREST_COVERAGE_LIQUIDITY","b2d907e5-f8a1-4755-9fec-0cbbbd0e247f","ANANTRAJ","NET_DEBT_TO_EQUITY_INTEREST_COVERAGE_LIQUIDITY","3","[]","BLOCKED_CONTRACT","EXACT_FIELD_PERIOD_OR_SCOPE_CONTRACT_NOT_PROVEN","","","","0"
"b2d907e5-f8a1-4755-9fec-0cbbbd0e247f:LAND_BANK_LOCATION_BRAND_EXECUTION","b2d907e5-f8a1-4755-9fec-0cbbbd0e247f","ANANTRAJ","LAND_BANK_LOCATION_BRAND_EXECUTION","3","[]","CACHE_EXCERPT_REVIEW","CITED_DOCUMENT_REVIEW_AND_REQUIREMENT_FACT_CONTRACT_REQUIRED","","","","0"
"b2d907e5-f8a1-4755-9fec-0cbbbd0e247f:RENTAL_ANNUITY_WHEN_APPLICABLE","b2d907e5-f8a1-4755-9fec-0cbbbd0e247f","ANANTRAJ","RENTAL_ANNUITY_WHEN_APPLICABLE","3","[]","BLOCKED_CONTRACT","EXACT_FIELD_PERIOD_OR_SCOPE_CONTRACT_NOT_PROVEN","","","","0"
"b2d907e5-f8a1-4755-9fec-0cbbbd0e247f:NAV_DISCOUNT_PREMIUM","b2d907e5-f8a1-4755-9fec-0cbbbd0e247f","ANANTRAJ","NAV_DISCOUNT_PREMIUM","3","[]","BLOCKED_CONTRACT","EXACT_FIELD_PERIOD_OR_SCOPE_CONTRACT_NOT_PROVEN","","","","0"
"b2d907e5-f8a1-4755-9fec-0cbbbd0e247f:EV_EBITDA_FOR_RENTAL","b2d907e5-f8a1-4755-9fec-0cbbbd0e247f","ANANTRAJ","EV_EBITDA_FOR_RENTAL","3","[]","BLOCKED_CONTRACT","EXACT_FIELD_PERIOD_OR_SCOPE_CONTRACT_NOT_PROVEN","","","","0"
"b2d907e5-f8a1-4755-9fec-0cbbbd0e247f:FCF_YIELD_NORMALIZED","b2d907e5-f8a1-4755-9fec-0cbbbd0e247f","ANANTRAJ","FCF_YIELD_NORMALIZED","3","[]","BLOCKED_CONTRACT","EXACT_FIELD_PERIOD_OR_SCOPE_CONTRACT_NOT_PROVEN","","","","0"
"b2d907e5-f8a1-4755-9fec-0cbbbd0e247f:PB_ROE_CONTEXT","b2d907e5-f8a1-4755-9fec-0cbbbd0e247f","ANANTRAJ","PB_ROE_CONTEXT","3","[]","BLOCKED_CONTRACT","EXACT_FIELD_PERIOD_OR_SCOPE_CONTRACT_NOT_PROVEN","","","","0"
"b2d907e5-f8a1-4755-9fec-0cbbbd0e247f:PRICE_HISTORY_252D","b2d907e5-f8a1-4755-9fec-0cbbbd0e247f","ANANTRAJ","PRICE_HISTORY_252D","252","[]","BLOCKED_HISTORY_AUTHORITY","REVIEWED_SESSION_CALENDAR_AND_ADJUSTMENT_COVERAGE_REQUIRED","","","","0"
"b2d907e5-f8a1-4755-9fec-0cbbbd0e247f:APPROVED_BENCHMARK_HISTORY_252D","b2d907e5-f8a1-4755-9fec-0cbbbd0e247f","ANANTRAJ","APPROVED_BENCHMARK_HISTORY_252D","252","[]","BLOCKED_HISTORY_AUTHORITY","REVIEWED_SESSION_CALENDAR_AND_ADJUSTMENT_COVERAGE_REQUIRED","","","","0"
"b2d907e5-f8a1-4755-9fec-0cbbbd0e247f:LEVERAGE_APPROVAL_EXECUTION_CYCLE","b2d907e5-f8a1-4755-9fec-0cbbbd0e247f","ANANTRAJ","LEVERAGE_APPROVAL_EXECUTION_CYCLE","252","[]","BLOCKED_CONTRACT","EXACT_FIELD_PERIOD_OR_SCOPE_CONTRACT_NOT_PROVEN","","","","0"
"b2d907e5-f8a1-4755-9fec-0cbbbd0e247f:MARKET_DRAWDOWN","b2d907e5-f8a1-4755-9fec-0cbbbd0e247f","ANANTRAJ","MARKET_DRAWDOWN","252","[]","BLOCKED_HISTORY_AUTHORITY","REVIEWED_SESSION_CALENDAR_AND_ADJUSTMENT_COVERAGE_REQUIRED","","","","0"
"b2d907e5-f8a1-4755-9fec-0cbbbd0e247f:OWNERSHIP_TREND_4Q","b2d907e5-f8a1-4755-9fec-0cbbbd0e247f","ANANTRAJ","OWNERSHIP_TREND_4Q","4","[]","CACHE_QUARTER_REVIEW","OWNERSHIP_SERIES_DEFINITION_AND_BASIS_REVIEW_REQUIRED","","","","0"
"b2d907e5-f8a1-4755-9fec-0cbbbd0e247f:GOVERNANCE_EVENT_REVIEW","b2d907e5-f8a1-4755-9fec-0cbbbd0e247f","ANANTRAJ","GOVERNANCE_EVENT_REVIEW","4","[]","CACHE_EXCERPT_REVIEW","CITED_DOCUMENT_REVIEW_AND_REQUIREMENT_FACT_CONTRACT_REQUIRED","","","","0"
"9e54e6a0-b1ba-46ca-91d2-8eddcb85a5ec:OPERATING_MARGIN_HISTORY","9e54e6a0-b1ba-46ca-91d2-8eddcb85a5ec","APLAPOLLO","OPERATING_MARGIN_HISTORY","1","[]","CACHE_FIELD_METADATA_REVIEW","REPORTING_PERIOD_INVALID","","","","0"
"9e54e6a0-b1ba-46ca-91d2-8eddcb85a5ec:REVENUE_AND_ORDER_GROWTH_MULTI_PERIOD","9e54e6a0-b1ba-46ca-91d2-8eddcb85a5ec","APLAPOLLO","REVENUE_AND_ORDER_GROWTH_MULTI_PERIOD","1","[]","BLOCKED_CONTRACT","EXACT_FIELD_PERIOD_OR_SCOPE_CONTRACT_NOT_PROVEN","","","","0"
"9e54e6a0-b1ba-46ca-91d2-8eddcb85a5ec:ROCE_OR_ROIC","9e54e6a0-b1ba-46ca-91d2-8eddcb85a5ec","APLAPOLLO","ROCE_OR_ROIC","1","[]","ACQUIRE_RAW_THEN_REVIEW","EXACT_FIELD_MISSING_AND_RESPONSE_METADATA_UNPROVEN","TRENDLYNE","get_parameter_values_multi_stock","{""type"":""stock"",""query"":""APLAPOLLO APLAPOLLO instrument 91 ROCE Ann. % as of 2026-10-05; supply 1 distinct dated YEAR reporting periods, period start/end, unit/scale, currency, consolidated/standalone scope, publication dates and source field labels; no relative-year labels as period proof""}","1"
"9e54e6a0-b1ba-46ca-91d2-8eddcb85a5ec:CFO_FCF_AND_WORKING_CAPITAL","9e54e6a0-b1ba-46ca-91d2-8eddcb85a5ec","APLAPOLLO","CFO_FCF_AND_WORKING_CAPITAL","1","[]","BLOCKED_CONTRACT","EXACT_FIELD_PERIOD_OR_SCOPE_CONTRACT_NOT_PROVEN","","","","0"
"9e54e6a0-b1ba-46ca-91d2-8eddcb85a5ec:NET_DEBT_AND_INTEREST_COVERAGE","9e54e6a0-b1ba-46ca-91d2-8eddcb85a5ec","APLAPOLLO","NET_DEBT_AND_INTEREST_COVERAGE","1","[]","BLOCKED_CONTRACT","EXACT_FIELD_PERIOD_OR_SCOPE_CONTRACT_NOT_PROVEN","","","","0"
"9e54e6a0-b1ba-46ca-91d2-8eddcb85a5ec:BUSINESS_DURABILITY","9e54e6a0-b1ba-46ca-91d2-8eddcb85a5ec","APLAPOLLO","BUSINESS_DURABILITY","1","[]","CACHE_EXCERPT_REVIEW","CITED_DOCUMENT_REVIEW_AND_REQUIREMENT_FACT_CONTRACT_REQUIRED","","","","0"
"9e54e6a0-b1ba-46ca-91d2-8eddcb85a5ec:VALUATION","9e54e6a0-b1ba-46ca-91d2-8eddcb85a5ec","APLAPOLLO","VALUATION","1","[]","BLOCKED_CONTRACT","EXACT_FIELD_PERIOD_OR_SCOPE_CONTRACT_NOT_PROVEN","","","","0"
"9e54e6a0-b1ba-46ca-91d2-8eddcb85a5ec:MOMENTUM_12M_RELATIVE","9e54e6a0-b1ba-46ca-91d2-8eddcb85a5ec","APLAPOLLO","MOMENTUM_12M_RELATIVE","252","[]","BLOCKED_HISTORY_AUTHORITY","REVIEWED_SESSION_CALENDAR_AND_ADJUSTMENT_COVERAGE_REQUIRED","","","","0"
"9e54e6a0-b1ba-46ca-91d2-8eddcb85a5ec:DRAWDOWN_VOLATILITY_RISK","9e54e6a0-b1ba-46ca-91d2-8eddcb85a5ec","APLAPOLLO","DRAWDOWN_VOLATILITY_RISK","252","[]","BLOCKED_HISTORY_AUTHORITY","REVIEWED_SESSION_CALENDAR_AND_ADJUSTMENT_COVERAGE_REQUIRED","","","","0"
"9e54e6a0-b1ba-46ca-91d2-8eddcb85a5ec:OWNERSHIP_GOVERNANCE","9e54e6a0-b1ba-46ca-91d2-8eddcb85a5ec","APLAPOLLO","OWNERSHIP_GOVERNANCE","4","[]","CACHE_QUARTER_REVIEW","OWNERSHIP_SERIES_DEFINITION_AND_BASIS_REVIEW_REQUIRED","","","","0"
"b034a0c0-27bc-46fd-a0eb-c038004a31aa:OPERATING_MARGIN_HISTORY","b034a0c0-27bc-46fd-a0eb-c038004a31aa","ARVIND","OPERATING_MARGIN_HISTORY","8","[]","CACHE_FIELD_METADATA_REVIEW","REPORTING_PERIOD_INVALID","","","","0"
"b034a0c0-27bc-46fd-a0eb-c038004a31aa:REALIZATION_PRODUCT_MIX","b034a0c0-27bc-46fd-a0eb-c038004a31aa","ARVIND","REALIZATION_PRODUCT_MIX","8","[]","CACHE_EXCERPT_REVIEW","CITED_DOCUMENT_REVIEW_AND_REQUIREMENT_FACT_CONTRACT_REQUIRED","","","","0"
"b034a0c0-27bc-46fd-a0eb-c038004a31aa:REVENUE_VOLUME_EXPORT_GROWTH","b034a0c0-27bc-46fd-a0eb-c038004a31aa","ARVIND","REVENUE_VOLUME_EXPORT_GROWTH","8","[]","BLOCKED_CONTRACT","EXACT_FIELD_PERIOD_OR_SCOPE_CONTRACT_NOT_PROVEN","","","","0"
"b034a0c0-27bc-46fd-a0eb-c038004a31aa:ROCE_OR_ROIC","b034a0c0-27bc-46fd-a0eb-c038004a31aa","ARVIND","ROCE_OR_ROIC","3","[]","ACQUIRE_RAW_THEN_REVIEW","EXACT_FIELD_MISSING_AND_RESPONSE_METADATA_UNPROVEN","TRENDLYNE","get_parameter_values_multi_stock","{""type"":""stock"",""query"":""ARVIND ARVIND instrument 105 ROCE Ann. % as of 2026-10-05; supply 3 distinct dated YEAR reporting periods, period start/end, unit/scale, currency, consolidated/standalone scope, publication dates and source field labels; no relative-year labels as period proof""}","1"
"b034a0c0-27bc-46fd-a0eb-c038004a31aa:CFO_FCF_WORKING_CAPITAL","b034a0c0-27bc-46fd-a0eb-c038004a31aa","ARVIND","CFO_FCF_WORKING_CAPITAL","3","[]","BLOCKED_CONTRACT","EXACT_FIELD_PERIOD_OR_SCOPE_CONTRACT_NOT_PROVEN","","","","0"
"b034a0c0-27bc-46fd-a0eb-c038004a31aa:NET_DEBT_INTEREST_COVERAGE","b034a0c0-27bc-46fd-a0eb-c038004a31aa","ARVIND","NET_DEBT_INTEREST_COVERAGE","3","[]","BLOCKED_CONTRACT","EXACT_FIELD_PERIOD_OR_SCOPE_CONTRACT_NOT_PROVEN","","","","0"
"b034a0c0-27bc-46fd-a0eb-c038004a31aa:CUSTOMER_DIVERSIFICATION","b034a0c0-27bc-46fd-a0eb-c038004a31aa","ARVIND","CUSTOMER_DIVERSIFICATION","3","[]","CACHE_EXCERPT_REVIEW","CITED_DOCUMENT_REVIEW_AND_REQUIREMENT_FACT_CONTRACT_REQUIRED","","","","0"
"b034a0c0-27bc-46fd-a0eb-c038004a31aa:BRAND_OR_HOME_TEXTILE_POSITION","b034a0c0-27bc-46fd-a0eb-c038004a31aa","ARVIND","BRAND_OR_HOME_TEXTILE_POSITION","3","[]","CACHE_EXCERPT_REVIEW","CITED_DOCUMENT_REVIEW_AND_REQUIREMENT_FACT_CONTRACT_REQUIRED","","","","0"
"b034a0c0-27bc-46fd-a0eb-c038004a31aa:CAPACITY_UTILISATION","b034a0c0-27bc-46fd-a0eb-c038004a31aa","ARVIND","CAPACITY_UTILISATION","3","[]","CACHE_EXCERPT_REVIEW","CITED_DOCUMENT_REVIEW_AND_REQUIREMENT_FACT_CONTRACT_REQUIRED","","","","0"
"b034a0c0-27bc-46fd-a0eb-c038004a31aa:EV_EBITDA_NORMALIZED","b034a0c0-27bc-46fd-a0eb-c038004a31aa","ARVIND","EV_EBITDA_NORMALIZED","3","[]","BLOCKED_CONTRACT","EXACT_FIELD_PERIOD_OR_SCOPE_CONTRACT_NOT_PROVEN","","","","0"
"b034a0c0-27bc-46fd-a0eb-c038004a31aa:PE_WITH_CYCLE_CONTEXT","b034a0c0-27bc-46fd-a0eb-c038004a31aa","ARVIND","PE_WITH_CYCLE_CONTEXT","3","[]","BLOCKED_CONTRACT","EXACT_FIELD_PERIOD_OR_SCOPE_CONTRACT_NOT_PROVEN","","","","0"
"b034a0c0-27bc-46fd-a0eb-c038004a31aa:FCF_YIELD","b034a0c0-27bc-46fd-a0eb-c038004a31aa","ARVIND","FCF_YIELD","3","[]","BLOCKED_CONTRACT","EXACT_FIELD_PERIOD_OR_SCOPE_CONTRACT_NOT_PROVEN","","","","0"
"b034a0c0-27bc-46fd-a0eb-c038004a31aa:PB_ROCE_CONTEXT","b034a0c0-27bc-46fd-a0eb-c038004a31aa","ARVIND","PB_ROCE_CONTEXT","3","[]","BLOCKED_CONTRACT","EXACT_FIELD_PERIOD_OR_SCOPE_CONTRACT_NOT_PROVEN","","","","0"
"b034a0c0-27bc-46fd-a0eb-c038004a31aa:PRICE_HISTORY_252D","b034a0c0-27bc-46fd-a0eb-c038004a31aa","ARVIND","PRICE_HISTORY_252D","252","[]","BLOCKED_HISTORY_AUTHORITY","REVIEWED_SESSION_CALENDAR_AND_ADJUSTMENT_COVERAGE_REQUIRED","","","","0"
"b034a0c0-27bc-46fd-a0eb-c038004a31aa:APPROVED_BENCHMARK_HISTORY_252D","b034a0c0-27bc-46fd-a0eb-c038004a31aa","ARVIND","APPROVED_BENCHMARK_HISTORY_252D","252","[]","BLOCKED_HISTORY_AUTHORITY","REVIEWED_SESSION_CALENDAR_AND_ADJUSTMENT_COVERAGE_REQUIRED","","","","0"
"b034a0c0-27bc-46fd-a0eb-c038004a31aa:COTTON_INPUT_FX_DEMAND_CYCLE","b034a0c0-27bc-46fd-a0eb-c038004a31aa","ARVIND","COTTON_INPUT_FX_DEMAND_CYCLE","252","[]","CACHE_EXCERPT_REVIEW","CITED_DOCUMENT_REVIEW_AND_REQUIREMENT_FACT_CONTRACT_REQUIRED","","","","0"
"b034a0c0-27bc-46fd-a0eb-c038004a31aa:MARKET_DRAWDOWN","b034a0c0-27bc-46fd-a0eb-c038004a31aa","ARVIND","MARKET_DRAWDOWN","252","[]","BLOCKED_HISTORY_AUTHORITY","REVIEWED_SESSION_CALENDAR_AND_ADJUSTMENT_COVERAGE_REQUIRED","","","","0"
"b034a0c0-27bc-46fd-a0eb-c038004a31aa:OWNERSHIP_TREND_4Q","b034a0c0-27bc-46fd-a0eb-c038004a31aa","ARVIND","OWNERSHIP_TREND_4Q","4","[]","CACHE_QUARTER_REVIEW","OWNERSHIP_SERIES_DEFINITION_AND_BASIS_REVIEW_REQUIRED","","","","0"
"b034a0c0-27bc-46fd-a0eb-c038004a31aa:GOVERNANCE_EVENT_REVIEW","b034a0c0-27bc-46fd-a0eb-c038004a31aa","ARVIND","GOVERNANCE_EVENT_REVIEW","4","[]","CACHE_EXCERPT_REVIEW","CITED_DOCUMENT_REVIEW_AND_REQUIREMENT_FACT_CONTRACT_REQUIRED","","","","0"
"a9520a7e-e19d-461c-a819-f08e16022c28:OPERATING_MARGIN_HISTORY","a9520a7e-e19d-461c-a819-f08e16022c28","ASTRAL","OPERATING_MARGIN_HISTORY","1","[]","CACHE_FIELD_METADATA_REVIEW","REPORTING_PERIOD_INVALID","","","","0"
"a9520a7e-e19d-461c-a819-f08e16022c28:REVENUE_AND_ORDER_GROWTH_MULTI_PERIOD","a9520a7e-e19d-461c-a819-f08e16022c28","ASTRAL","REVENUE_AND_ORDER_GROWTH_MULTI_PERIOD","1","[]","BLOCKED_CONTRACT","EXACT_FIELD_PERIOD_OR_SCOPE_CONTRACT_NOT_PROVEN","","","","0"
"a9520a7e-e19d-461c-a819-f08e16022c28:ROCE_OR_ROIC","a9520a7e-e19d-461c-a819-f08e16022c28","ASTRAL","ROCE_OR_ROIC","1","[]","ACQUIRE_RAW_THEN_REVIEW","EXACT_FIELD_MISSING_AND_RESPONSE_METADATA_UNPROVEN","TRENDLYNE","get_parameter_values_multi_stock","{""type"":""stock"",""query"":""ASTRAL ASTRAL instrument 122 ROCE Ann. % as of 2026-10-05; supply 1 distinct dated YEAR reporting periods, period start/end, unit/scale, currency, consolidated/standalone scope, publication dates and source field labels; no relative-year labels as period proof""}","1"
"a9520a7e-e19d-461c-a819-f08e16022c28:CFO_FCF_AND_WORKING_CAPITAL","a9520a7e-e19d-461c-a819-f08e16022c28","ASTRAL","CFO_FCF_AND_WORKING_CAPITAL","1","[]","BLOCKED_CONTRACT","EXACT_FIELD_PERIOD_OR_SCOPE_CONTRACT_NOT_PROVEN","","","","0"
"a9520a7e-e19d-461c-a819-f08e16022c28:NET_DEBT_AND_INTEREST_COVERAGE","a9520a7e-e19d-461c-a819-f08e16022c28","ASTRAL","NET_DEBT_AND_INTEREST_COVERAGE","1","[]","BLOCKED_CONTRACT","EXACT_FIELD_PERIOD_OR_SCOPE_CONTRACT_NOT_PROVEN","","","","0"
"a9520a7e-e19d-461c-a819-f08e16022c28:BUSINESS_DURABILITY","a9520a7e-e19d-461c-a819-f08e16022c28","ASTRAL","BUSINESS_DURABILITY","1","[]","CACHE_EXCERPT_REVIEW","CITED_DOCUMENT_REVIEW_AND_REQUIREMENT_FACT_CONTRACT_REQUIRED","","","","0"
"a9520a7e-e19d-461c-a819-f08e16022c28:VALUATION","a9520a7e-e19d-461c-a819-f08e16022c28","ASTRAL","VALUATION","1","[]","BLOCKED_CONTRACT","EXACT_FIELD_PERIOD_OR_SCOPE_CONTRACT_NOT_PROVEN","","","","0"
"a9520a7e-e19d-461c-a819-f08e16022c28:MOMENTUM_12M_RELATIVE","a9520a7e-e19d-461c-a819-f08e16022c28","ASTRAL","MOMENTUM_12M_RELATIVE","252","[]","BLOCKED_HISTORY_AUTHORITY","REVIEWED_SESSION_CALENDAR_AND_ADJUSTMENT_COVERAGE_REQUIRED","","","","0"
"a9520a7e-e19d-461c-a819-f08e16022c28:DRAWDOWN_VOLATILITY_RISK","a9520a7e-e19d-461c-a819-f08e16022c28","ASTRAL","DRAWDOWN_VOLATILITY_RISK","252","[]","BLOCKED_HISTORY_AUTHORITY","REVIEWED_SESSION_CALENDAR_AND_ADJUSTMENT_COVERAGE_REQUIRED","","","","0"
"a9520a7e-e19d-461c-a819-f08e16022c28:OWNERSHIP_GOVERNANCE","a9520a7e-e19d-461c-a819-f08e16022c28","ASTRAL","OWNERSHIP_GOVERNANCE","4","[]","CACHE_QUARTER_REVIEW","OWNERSHIP_SERIES_DEFINITION_AND_BASIS_REVIEW_REQUIRED","","","","0"
"eb3bc12d-6d21-40ec-8bcc-054713ee91b6:OPERATING_MARGIN_HISTORY","eb3bc12d-6d21-40ec-8bcc-054713ee91b6","ASTRAMICRO","OPERATING_MARGIN_HISTORY","1","[]","CACHE_FIELD_METADATA_REVIEW","REPORTING_PERIOD_INVALID","","","","0"
"eb3bc12d-6d21-40ec-8bcc-054713ee91b6:ORDER_BOOK_AND_EXECUTION_GROWTH","eb3bc12d-6d21-40ec-8bcc-054713ee91b6","ASTRAMICRO","ORDER_BOOK_AND_EXECUTION_GROWTH","1","[]","CACHE_EXCERPT_REVIEW","CITED_DOCUMENT_REVIEW_AND_REQUIREMENT_FACT_CONTRACT_REQUIRED","","","","0"
"eb3bc12d-6d21-40ec-8bcc-054713ee91b6:ROCE_OR_ROIC","eb3bc12d-6d21-40ec-8bcc-054713ee91b6","ASTRAMICRO","ROCE_OR_ROIC","1","[]","ACQUIRE_RAW_THEN_REVIEW","EXACT_FIELD_MISSING_AND_RESPONSE_METADATA_UNPROVEN","TRENDLYNE","get_parameter_values_multi_stock","{""type"":""stock"",""query"":""ASTRAMICRO ASTRAMICRO instrument 123 ROCE Ann. % as of 2026-10-05; supply 1 distinct dated YEAR reporting periods, period start/end, unit/scale, currency, consolidated/standalone scope, publication dates and source field labels; no relative-year labels as period proof""}","1"
"eb3bc12d-6d21-40ec-8bcc-054713ee91b6:CFO_FCF_CONVERSION","eb3bc12d-6d21-40ec-8bcc-054713ee91b6","ASTRAMICRO","CFO_FCF_CONVERSION","1","[]","BLOCKED_CONTRACT","EXACT_FIELD_PERIOD_OR_SCOPE_CONTRACT_NOT_PROVEN","","","","0"
"eb3bc12d-6d21-40ec-8bcc-054713ee91b6:NET_DEBT_AND_INTEREST_COVERAGE","eb3bc12d-6d21-40ec-8bcc-054713ee91b6","ASTRAMICRO","NET_DEBT_AND_INTEREST_COVERAGE","1","[]","BLOCKED_CONTRACT","EXACT_FIELD_PERIOD_OR_SCOPE_CONTRACT_NOT_PROVEN","","","","0"
"eb3bc12d-6d21-40ec-8bcc-054713ee91b6:BUSINESS_DURABILITY","eb3bc12d-6d21-40ec-8bcc-054713ee91b6","ASTRAMICRO","BUSINESS_DURABILITY","1","[]","CACHE_EXCERPT_REVIEW","CITED_DOCUMENT_REVIEW_AND_REQUIREMENT_FACT_CONTRACT_REQUIRED","","","","0"
"eb3bc12d-6d21-40ec-8bcc-054713ee91b6:VALUATION","eb3bc12d-6d21-40ec-8bcc-054713ee91b6","ASTRAMICRO","VALUATION","1","[]","BLOCKED_CONTRACT","EXACT_FIELD_PERIOD_OR_SCOPE_CONTRACT_NOT_PROVEN","","","","0"
"eb3bc12d-6d21-40ec-8bcc-054713ee91b6:MOMENTUM_12M_RELATIVE","eb3bc12d-6d21-40ec-8bcc-054713ee91b6","ASTRAMICRO","MOMENTUM_12M_RELATIVE","252","[]","BLOCKED_HISTORY_AUTHORITY","REVIEWED_SESSION_CALENDAR_AND_ADJUSTMENT_COVERAGE_REQUIRED","","","","0"
"eb3bc12d-6d21-40ec-8bcc-054713ee91b6:DRAWDOWN_VOLATILITY_RISK","eb3bc12d-6d21-40ec-8bcc-054713ee91b6","ASTRAMICRO","DRAWDOWN_VOLATILITY_RISK","252","[]","BLOCKED_HISTORY_AUTHORITY","REVIEWED_SESSION_CALENDAR_AND_ADJUSTMENT_COVERAGE_REQUIRED","","","","0"
"eb3bc12d-6d21-40ec-8bcc-054713ee91b6:OWNERSHIP_GOVERNANCE","eb3bc12d-6d21-40ec-8bcc-054713ee91b6","ASTRAMICRO","OWNERSHIP_GOVERNANCE","4","[]","CACHE_QUARTER_REVIEW","OWNERSHIP_SERIES_DEFINITION_AND_BASIS_REVIEW_REQUIRED","","","","0"
"f5c47463-3c6d-4db0-a815-e4301e990213:ROE_ANNUAL","f5c47463-3c6d-4db0-a815-e4301e990213","AUBANK","ROE_ANNUAL","1","[]","BLOCKED_CONTRACT","EXACT_FIELD_PERIOD_OR_SCOPE_CONTRACT_NOT_PROVEN","","","","0"
"f5c47463-3c6d-4db0-a815-e4301e990213:NIM_TTM","f5c47463-3c6d-4db0-a815-e4301e990213","AUBANK","NIM_TTM","1","[]","BLOCKED_CONTRACT","EXACT_FIELD_PERIOD_OR_SCOPE_CONTRACT_NOT_PROVEN","","","","0"
"f5c47463-3c6d-4db0-a815-e4301e990213:GROSS_NPA","f5c47463-3c6d-4db0-a815-e4301e990213","AUBANK","GROSS_NPA","1","[]","BLOCKED_CONTRACT","EXACT_FIELD_PERIOD_OR_SCOPE_CONTRACT_NOT_PROVEN","","","","0"
"f5c47463-3c6d-4db0-a815-e4301e990213:NET_NPA","f5c47463-3c6d-4db0-a815-e4301e990213","AUBANK","NET_NPA","1","[]","BLOCKED_CONTRACT","EXACT_FIELD_PERIOD_OR_SCOPE_CONTRACT_NOT_PROVEN","","","","0"
"f5c47463-3c6d-4db0-a815-e4301e990213:ADVANCES_GROWTH_YOY","f5c47463-3c6d-4db0-a815-e4301e990213","AUBANK","ADVANCES_GROWTH_YOY","1","[]","BLOCKED_CONTRACT","EXACT_FIELD_PERIOD_OR_SCOPE_CONTRACT_NOT_PROVEN","","","","0"
"f5c47463-3c6d-4db0-a815-e4301e990213:DEPOSITS_GROWTH_YOY","f5c47463-3c6d-4db0-a815-e4301e990213","AUBANK","DEPOSITS_GROWTH_YOY","1","[]","BLOCKED_CONTRACT","EXACT_FIELD_PERIOD_OR_SCOPE_CONTRACT_NOT_PROVEN","","","","0"
"f5c47463-3c6d-4db0-a815-e4301e990213:EPS_GROWTH_YOY","f5c47463-3c6d-4db0-a815-e4301e990213","AUBANK","EPS_GROWTH_YOY","1","[]","CACHE_FIELD_METADATA_REVIEW","REQUIRED_EVIDENCE_MISSING","","","","0"
"f5c47463-3c6d-4db0-a815-e4301e990213:ROA_ANNUAL","f5c47463-3c6d-4db0-a815-e4301e990213","AUBANK","ROA_ANNUAL","1","[]","BLOCKED_CONTRACT","EXACT_FIELD_PERIOD_OR_SCOPE_CONTRACT_NOT_PROVEN","","","","0"
"f5c47463-3c6d-4db0-a815-e4301e990213:CET1_RATIO","f5c47463-3c6d-4db0-a815-e4301e990213","AUBANK","CET1_RATIO","1","[]","BLOCKED_CONTRACT","EXACT_FIELD_PERIOD_OR_SCOPE_CONTRACT_NOT_PROVEN","","","","0"
"f5c47463-3c6d-4db0-a815-e4301e990213:CAPITAL_ADEQUACY_RATIO","f5c47463-3c6d-4db0-a815-e4301e990213","AUBANK","CAPITAL_ADEQUACY_RATIO","1","[]","BLOCKED_CONTRACT","EXACT_FIELD_PERIOD_OR_SCOPE_CONTRACT_NOT_PROVEN","","","","0"
"f5c47463-3c6d-4db0-a815-e4301e990213:EXTERNAL_LONG_TERM_RATING","f5c47463-3c6d-4db0-a815-e4301e990213","AUBANK","EXTERNAL_LONG_TERM_RATING","1","[]","CACHE_EXCERPT_REVIEW","CITED_DOCUMENT_REVIEW_AND_REQUIREMENT_FACT_CONTRACT_REQUIRED","","","","0"
"f5c47463-3c6d-4db0-a815-e4301e990213:PE_TTM_RELATIVE","f5c47463-3c6d-4db0-a815-e4301e990213","AUBANK","PE_TTM_RELATIVE","1","[]","BLOCKED_CONTRACT","EXACT_FIELD_PERIOD_OR_SCOPE_CONTRACT_NOT_PROVEN","","","","0"
"f5c47463-3c6d-4db0-a815-e4301e990213:PB_RELATIVE","f5c47463-3c6d-4db0-a815-e4301e990213","AUBANK","PB_RELATIVE","1","[]","BLOCKED_CONTRACT","EXACT_FIELD_PERIOD_OR_SCOPE_CONTRACT_NOT_PROVEN","","","","0"
"f5c47463-3c6d-4db0-a815-e4301e990213:PB_ADJUSTED_FOR_ROE","f5c47463-3c6d-4db0-a815-e4301e990213","AUBANK","PB_ADJUSTED_FOR_ROE","1","[]","BLOCKED_CONTRACT","EXACT_FIELD_PERIOD_OR_SCOPE_CONTRACT_NOT_PROVEN","","","","0"
"f5c47463-3c6d-4db0-a815-e4301e990213:PRICE_MOMENTUM_12M","f5c47463-3c6d-4db0-a815-e4301e990213","AUBANK","PRICE_MOMENTUM_12M","252","[]","BLOCKED_HISTORY_AUTHORITY","REVIEWED_SESSION_CALENDAR_AND_ADJUSTMENT_COVERAGE_REQUIRED","","","","0"
"f5c47463-3c6d-4db0-a815-e4301e990213:PRICE_MOMENTUM_6M","f5c47463-3c6d-4db0-a815-e4301e990213","AUBANK","PRICE_MOMENTUM_6M","252","[]","BLOCKED_HISTORY_AUTHORITY","REVIEWED_SESSION_CALENDAR_AND_ADJUSTMENT_COVERAGE_REQUIRED","","","","0"
"f5c47463-3c6d-4db0-a815-e4301e990213:RELATIVE_STRENGTH_12M","f5c47463-3c6d-4db0-a815-e4301e990213","AUBANK","RELATIVE_STRENGTH_12M","252","[]","BLOCKED_HISTORY_AUTHORITY","REVIEWED_SESSION_CALENDAR_AND_ADJUSTMENT_COVERAGE_REQUIRED","","","","0"
"f5c47463-3c6d-4db0-a815-e4301e990213:INSTITUTIONAL_OWNERSHIP_TREND_4Q","f5c47463-3c6d-4db0-a815-e4301e990213","AUBANK","INSTITUTIONAL_OWNERSHIP_TREND_4Q","4","[]","CACHE_QUARTER_REVIEW","OWNERSHIP_SERIES_DEFINITION_AND_BASIS_REVIEW_REQUIRED","","","","0"
"f5c47463-3c6d-4db0-a815-e4301e990213:GOVERNANCE_EVENT_SIGNAL","f5c47463-3c6d-4db0-a815-e4301e990213","AUBANK","GOVERNANCE_EVENT_SIGNAL","1","[]","CACHE_EXCERPT_REVIEW","CITED_DOCUMENT_REVIEW_AND_REQUIREMENT_FACT_CONTRACT_REQUIRED","","","","0"
"f5c47463-3c6d-4db0-a815-e4301e990213:MAX_DRAWDOWN_1Y","f5c47463-3c6d-4db0-a815-e4301e990213","AUBANK","MAX_DRAWDOWN_1Y","252","[]","BLOCKED_HISTORY_AUTHORITY","REVIEWED_SESSION_CALENDAR_AND_ADJUSTMENT_COVERAGE_REQUIRED","","","","0"
"f5c47463-3c6d-4db0-a815-e4301e990213:VOLATILITY_RELATIVE","f5c47463-3c6d-4db0-a815-e4301e990213","AUBANK","VOLATILITY_RELATIVE","252","[]","BLOCKED_HISTORY_AUTHORITY","REVIEWED_SESSION_CALENDAR_AND_ADJUSTMENT_COVERAGE_REQUIRED","","","","0"
"f5c47463-3c6d-4db0-a815-e4301e990213:RATING_TREND","f5c47463-3c6d-4db0-a815-e4301e990213","AUBANK","RATING_TREND","1","[]","CACHE_EXCERPT_REVIEW","CITED_DOCUMENT_REVIEW_AND_REQUIREMENT_FACT_CONTRACT_REQUIRED","","","","0"
"3268daa2-a50a-4333-8f5e-9ce78d3e5270:OPERATING_MARGIN_HISTORY","3268daa2-a50a-4333-8f5e-9ce78d3e5270","AUROPHARMA","OPERATING_MARGIN_HISTORY","8","[]","CACHE_FIELD_METADATA_REVIEW","REPORTING_PERIOD_INVALID","","","","0"
"3268daa2-a50a-4333-8f5e-9ce78d3e5270:ROCE_OR_ROIC","3268daa2-a50a-4333-8f5e-9ce78d3e5270","AUROPHARMA","ROCE_OR_ROIC","3","[]","ACQUIRE_RAW_THEN_REVIEW","EXACT_FIELD_MISSING_AND_RESPONSE_METADATA_UNPROVEN","TRENDLYNE","get_parameter_values_multi_stock","{""type"":""stock"",""query"":""AUROPHARMA AUROPHARMA instrument 132 ROCE Ann. % as of 2026-10-05; supply 3 distinct dated YEAR reporting periods, period start/end, unit/scale, currency, consolidated/standalone scope, publication dates and source field labels; no relative-year labels as period proof""}","1"
"3268daa2-a50a-4333-8f5e-9ce78d3e5270:REVENUE_GROWTH_MULTI_PERIOD","3268daa2-a50a-4333-8f5e-9ce78d3e5270","AUROPHARMA","REVENUE_GROWTH_MULTI_PERIOD","3","[]","CACHE_FIELD_METADATA_REVIEW","METRIC_CONTRACT_NOT_REVIEWED","","","","0"
"3268daa2-a50a-4333-8f5e-9ce78d3e5270:NET_PROFIT_GROWTH_MULTI_PERIOD","3268daa2-a50a-4333-8f5e-9ce78d3e5270","AUROPHARMA","NET_PROFIT_GROWTH_MULTI_PERIOD","3","[]","CACHE_FIELD_METADATA_REVIEW","REPORTING_PERIOD_TYPE_NOT_PROVEN","","","","0"
"3268daa2-a50a-4333-8f5e-9ce78d3e5270:EPS_GROWTH_MULTI_PERIOD","3268daa2-a50a-4333-8f5e-9ce78d3e5270","AUROPHARMA","EPS_GROWTH_MULTI_PERIOD","3","[]","BLOCKED_CONTRACT","EXACT_FIELD_PERIOD_OR_SCOPE_CONTRACT_NOT_PROVEN","","","","0"
"3268daa2-a50a-4333-8f5e-9ce78d3e5270:CFO_OR_FCF_CONVERSION","3268daa2-a50a-4333-8f5e-9ce78d3e5270","AUROPHARMA","CFO_OR_FCF_CONVERSION","3","[]","CACHE_FIELD_METADATA_REVIEW","METRIC_CONTRACT_NOT_REVIEWED","","","","0"
"3268daa2-a50a-4333-8f5e-9ce78d3e5270:CAPEX","3268daa2-a50a-4333-8f5e-9ce78d3e5270","AUROPHARMA","CAPEX","3","[]","BLOCKED_CONTRACT","EXACT_FIELD_PERIOD_OR_SCOPE_CONTRACT_NOT_PROVEN","","","","0"
"3268daa2-a50a-4333-8f5e-9ce78d3e5270:NET_CASH_OR_LEVERAGE","3268daa2-a50a-4333-8f5e-9ce78d3e5270","AUROPHARMA","NET_CASH_OR_LEVERAGE","3","[]","BLOCKED_CONTRACT","EXACT_FIELD_PERIOD_OR_SCOPE_CONTRACT_NOT_PROVEN","","","","0"
"3268daa2-a50a-4333-8f5e-9ce78d3e5270:PE","3268daa2-a50a-4333-8f5e-9ce78d3e5270","AUROPHARMA","PE","3","[]","CACHE_FIELD_METADATA_REVIEW","REPORTING_PERIOD_TYPE_NOT_PROVEN","","","","0"
"3268daa2-a50a-4333-8f5e-9ce78d3e5270:EV_EBITDA","3268daa2-a50a-4333-8f5e-9ce78d3e5270","AUROPHARMA","EV_EBITDA","3","[]","BLOCKED_CONTRACT","EXACT_FIELD_PERIOD_OR_SCOPE_CONTRACT_NOT_PROVEN","","","","0"
"3268daa2-a50a-4333-8f5e-9ce78d3e5270:FCF_YIELD","3268daa2-a50a-4333-8f5e-9ce78d3e5270","AUROPHARMA","FCF_YIELD","3","[]","BLOCKED_CONTRACT","EXACT_FIELD_PERIOD_OR_SCOPE_CONTRACT_NOT_PROVEN","","","","0"
"3268daa2-a50a-4333-8f5e-9ce78d3e5270:PRICE_HISTORY_252D","3268daa2-a50a-4333-8f5e-9ce78d3e5270","AUROPHARMA","PRICE_HISTORY_252D","252","[]","BLOCKED_HISTORY_AUTHORITY","REVIEWED_SESSION_CALENDAR_AND_ADJUSTMENT_COVERAGE_REQUIRED","","","","0"
"3268daa2-a50a-4333-8f5e-9ce78d3e5270:APPROVED_BENCHMARK_HISTORY_252D","3268daa2-a50a-4333-8f5e-9ce78d3e5270","AUROPHARMA","APPROVED_BENCHMARK_HISTORY_252D","252","[]","BLOCKED_HISTORY_AUTHORITY","EXACT_BENCHMARK_AUTHORITY_OR_TOKEN_REQUIRED","","","","0"
"3268daa2-a50a-4333-8f5e-9ce78d3e5270:MARKET_DRAWDOWN","3268daa2-a50a-4333-8f5e-9ce78d3e5270","AUROPHARMA","MARKET_DRAWDOWN","252","[]","BLOCKED_HISTORY_AUTHORITY","REVIEWED_SESSION_CALENDAR_AND_ADJUSTMENT_COVERAGE_REQUIRED","","","","0"
"3268daa2-a50a-4333-8f5e-9ce78d3e5270:VOLATILITY_252D","3268daa2-a50a-4333-8f5e-9ce78d3e5270","AUROPHARMA","VOLATILITY_252D","252","[]","BLOCKED_HISTORY_AUTHORITY","REVIEWED_SESSION_CALENDAR_AND_ADJUSTMENT_COVERAGE_REQUIRED","","","","0"
"3268daa2-a50a-4333-8f5e-9ce78d3e5270:REGULATORY_RISK","3268daa2-a50a-4333-8f5e-9ce78d3e5270","AUROPHARMA","REGULATORY_RISK","252","[]","CACHE_EXCERPT_REVIEW","CITED_DOCUMENT_REVIEW_AND_REQUIREMENT_FACT_CONTRACT_REQUIRED","","","","0"
"3268daa2-a50a-4333-8f5e-9ce78d3e5270:OWNERSHIP_TREND_4Q","3268daa2-a50a-4333-8f5e-9ce78d3e5270","AUROPHARMA","OWNERSHIP_TREND_4Q","4","[]","CACHE_QUARTER_REVIEW","OWNERSHIP_SERIES_DEFINITION_AND_BASIS_REVIEW_REQUIRED","","","","0"
"3268daa2-a50a-4333-8f5e-9ce78d3e5270:GOVERNANCE_EVENT_REVIEW","3268daa2-a50a-4333-8f5e-9ce78d3e5270","AUROPHARMA","GOVERNANCE_EVENT_REVIEW","4","[]","CACHE_EXCERPT_REVIEW","CITED_DOCUMENT_REVIEW_AND_REQUIREMENT_FACT_CONTRACT_REQUIRED","","","","0"
"87132afb-e054-4ba2-adae-dc325637c001:OPERATING_MARGIN_HISTORY","87132afb-e054-4ba2-adae-dc325637c001","AVALON","OPERATING_MARGIN_HISTORY","1","[]","CACHE_FIELD_METADATA_REVIEW","REPORTING_PERIOD_INVALID","","","","0"
"87132afb-e054-4ba2-adae-dc325637c001:REVENUE_AND_ORDER_GROWTH_MULTI_PERIOD","87132afb-e054-4ba2-adae-dc325637c001","AVALON","REVENUE_AND_ORDER_GROWTH_MULTI_PERIOD","1","[]","BLOCKED_CONTRACT","EXACT_FIELD_PERIOD_OR_SCOPE_CONTRACT_NOT_PROVEN","","","","0"
"87132afb-e054-4ba2-adae-dc325637c001:ROCE_OR_ROIC","87132afb-e054-4ba2-adae-dc325637c001","AVALON","ROCE_OR_ROIC","1","[]","ACQUIRE_RAW_THEN_REVIEW","EXACT_FIELD_MISSING_AND_RESPONSE_METADATA_UNPROVEN","TRENDLYNE","get_parameter_values_multi_stock","{""type"":""stock"",""query"":""AVALON AVALON instrument 1416031 ROCE Ann. % as of 2026-10-05; supply 1 distinct dated YEAR reporting periods, period start/end, unit/scale, currency, consolidated/standalone scope, publication dates and source field labels; no relative-year labels as period proof""}","1"
"87132afb-e054-4ba2-adae-dc325637c001:CFO_FCF_AND_WORKING_CAPITAL","87132afb-e054-4ba2-adae-dc325637c001","AVALON","CFO_FCF_AND_WORKING_CAPITAL","1","[]","BLOCKED_CONTRACT","EXACT_FIELD_PERIOD_OR_SCOPE_CONTRACT_NOT_PROVEN","","","","0"
"87132afb-e054-4ba2-adae-dc325637c001:NET_DEBT_AND_INTEREST_COVERAGE","87132afb-e054-4ba2-adae-dc325637c001","AVALON","NET_DEBT_AND_INTEREST_COVERAGE","1","[]","BLOCKED_CONTRACT","EXACT_FIELD_PERIOD_OR_SCOPE_CONTRACT_NOT_PROVEN","","","","0"
"87132afb-e054-4ba2-adae-dc325637c001:BUSINESS_DURABILITY","87132afb-e054-4ba2-adae-dc325637c001","AVALON","BUSINESS_DURABILITY","1","[]","CACHE_EXCERPT_REVIEW","CITED_DOCUMENT_REVIEW_AND_REQUIREMENT_FACT_CONTRACT_REQUIRED","","","","0"
"87132afb-e054-4ba2-adae-dc325637c001:VALUATION","87132afb-e054-4ba2-adae-dc325637c001","AVALON","VALUATION","1","[]","BLOCKED_CONTRACT","EXACT_FIELD_PERIOD_OR_SCOPE_CONTRACT_NOT_PROVEN","","","","0"
"87132afb-e054-4ba2-adae-dc325637c001:MOMENTUM_12M_RELATIVE","87132afb-e054-4ba2-adae-dc325637c001","AVALON","MOMENTUM_12M_RELATIVE","252","[]","BLOCKED_HISTORY_AUTHORITY","REVIEWED_SESSION_CALENDAR_AND_ADJUSTMENT_COVERAGE_REQUIRED","","","","0"
"87132afb-e054-4ba2-adae-dc325637c001:DRAWDOWN_VOLATILITY_RISK","87132afb-e054-4ba2-adae-dc325637c001","AVALON","DRAWDOWN_VOLATILITY_RISK","252","[]","BLOCKED_HISTORY_AUTHORITY","REVIEWED_SESSION_CALENDAR_AND_ADJUSTMENT_COVERAGE_REQUIRED","","","","0"
"87132afb-e054-4ba2-adae-dc325637c001:OWNERSHIP_GOVERNANCE","87132afb-e054-4ba2-adae-dc325637c001","AVALON","OWNERSHIP_GOVERNANCE","4","[]","CACHE_QUARTER_REVIEW","OWNERSHIP_SERIES_DEFINITION_AND_BASIS_REVIEW_REQUIRED","","","","0"
"b330c9fe-ae35-469a-9975-d5af26843b1c:ROE_ANNUAL","b330c9fe-ae35-469a-9975-d5af26843b1c","AXISBANK","ROE_ANNUAL","1","[]","BLOCKED_CONTRACT","EXACT_FIELD_PERIOD_OR_SCOPE_CONTRACT_NOT_PROVEN","","","","0"
"b330c9fe-ae35-469a-9975-d5af26843b1c:NIM_TTM","b330c9fe-ae35-469a-9975-d5af26843b1c","AXISBANK","NIM_TTM","1","[]","BLOCKED_CONTRACT","EXACT_FIELD_PERIOD_OR_SCOPE_CONTRACT_NOT_PROVEN","","","","0"
"b330c9fe-ae35-469a-9975-d5af26843b1c:GROSS_NPA","b330c9fe-ae35-469a-9975-d5af26843b1c","AXISBANK","GROSS_NPA","1","[]","BLOCKED_CONTRACT","EXACT_FIELD_PERIOD_OR_SCOPE_CONTRACT_NOT_PROVEN","","","","0"
"b330c9fe-ae35-469a-9975-d5af26843b1c:NET_NPA","b330c9fe-ae35-469a-9975-d5af26843b1c","AXISBANK","NET_NPA","1","[]","BLOCKED_CONTRACT","EXACT_FIELD_PERIOD_OR_SCOPE_CONTRACT_NOT_PROVEN","","","","0"
"b330c9fe-ae35-469a-9975-d5af26843b1c:ADVANCES_GROWTH_YOY","b330c9fe-ae35-469a-9975-d5af26843b1c","AXISBANK","ADVANCES_GROWTH_YOY","1","[]","BLOCKED_CONTRACT","EXACT_FIELD_PERIOD_OR_SCOPE_CONTRACT_NOT_PROVEN","","","","0"
"b330c9fe-ae35-469a-9975-d5af26843b1c:DEPOSITS_GROWTH_YOY","b330c9fe-ae35-469a-9975-d5af26843b1c","AXISBANK","DEPOSITS_GROWTH_YOY","1","[]","BLOCKED_CONTRACT","EXACT_FIELD_PERIOD_OR_SCOPE_CONTRACT_NOT_PROVEN","","","","0"
"b330c9fe-ae35-469a-9975-d5af26843b1c:EPS_GROWTH_YOY","b330c9fe-ae35-469a-9975-d5af26843b1c","AXISBANK","EPS_GROWTH_YOY","1","[]","CACHE_FIELD_METADATA_REVIEW","REQUIRED_EVIDENCE_MISSING","","","","0"
"b330c9fe-ae35-469a-9975-d5af26843b1c:ROA_ANNUAL","b330c9fe-ae35-469a-9975-d5af26843b1c","AXISBANK","ROA_ANNUAL","1","[]","BLOCKED_CONTRACT","EXACT_FIELD_PERIOD_OR_SCOPE_CONTRACT_NOT_PROVEN","","","","0"
"b330c9fe-ae35-469a-9975-d5af26843b1c:CET1_RATIO","b330c9fe-ae35-469a-9975-d5af26843b1c","AXISBANK","CET1_RATIO","1","[]","BLOCKED_CONTRACT","EXACT_FIELD_PERIOD_OR_SCOPE_CONTRACT_NOT_PROVEN","","","","0"
"b330c9fe-ae35-469a-9975-d5af26843b1c:CAPITAL_ADEQUACY_RATIO","b330c9fe-ae35-469a-9975-d5af26843b1c","AXISBANK","CAPITAL_ADEQUACY_RATIO","1","[]","BLOCKED_CONTRACT","EXACT_FIELD_PERIOD_OR_SCOPE_CONTRACT_NOT_PROVEN","","","","0"
"b330c9fe-ae35-469a-9975-d5af26843b1c:EXTERNAL_LONG_TERM_RATING","b330c9fe-ae35-469a-9975-d5af26843b1c","AXISBANK","EXTERNAL_LONG_TERM_RATING","1","[]","CACHE_EXCERPT_REVIEW","CITED_DOCUMENT_REVIEW_AND_REQUIREMENT_FACT_CONTRACT_REQUIRED","","","","0"
"b330c9fe-ae35-469a-9975-d5af26843b1c:PE_TTM_RELATIVE","b330c9fe-ae35-469a-9975-d5af26843b1c","AXISBANK","PE_TTM_RELATIVE","1","[]","BLOCKED_CONTRACT","EXACT_FIELD_PERIOD_OR_SCOPE_CONTRACT_NOT_PROVEN","","","","0"
"b330c9fe-ae35-469a-9975-d5af26843b1c:PB_RELATIVE","b330c9fe-ae35-469a-9975-d5af26843b1c","AXISBANK","PB_RELATIVE","1","[]","BLOCKED_CONTRACT","EXACT_FIELD_PERIOD_OR_SCOPE_CONTRACT_NOT_PROVEN","","","","0"
"b330c9fe-ae35-469a-9975-d5af26843b1c:PB_ADJUSTED_FOR_ROE","b330c9fe-ae35-469a-9975-d5af26843b1c","AXISBANK","PB_ADJUSTED_FOR_ROE","1","[]","BLOCKED_CONTRACT","EXACT_FIELD_PERIOD_OR_SCOPE_CONTRACT_NOT_PROVEN","","","","0"
"b330c9fe-ae35-469a-9975-d5af26843b1c:PRICE_MOMENTUM_12M","b330c9fe-ae35-469a-9975-d5af26843b1c","AXISBANK","PRICE_MOMENTUM_12M","252","[]","BLOCKED_HISTORY_AUTHORITY","REVIEWED_SESSION_CALENDAR_AND_ADJUSTMENT_COVERAGE_REQUIRED","","","","0"
"b330c9fe-ae35-469a-9975-d5af26843b1c:PRICE_MOMENTUM_6M","b330c9fe-ae35-469a-9975-d5af26843b1c","AXISBANK","PRICE_MOMENTUM_6M","252","[]","BLOCKED_HISTORY_AUTHORITY","REVIEWED_SESSION_CALENDAR_AND_ADJUSTMENT_COVERAGE_REQUIRED","","","","0"
"b330c9fe-ae35-469a-9975-d5af26843b1c:RELATIVE_STRENGTH_12M","b330c9fe-ae35-469a-9975-d5af26843b1c","AXISBANK","RELATIVE_STRENGTH_12M","252","[]","BLOCKED_HISTORY_AUTHORITY","REVIEWED_SESSION_CALENDAR_AND_ADJUSTMENT_COVERAGE_REQUIRED","","","","0"
"b330c9fe-ae35-469a-9975-d5af26843b1c:INSTITUTIONAL_OWNERSHIP_TREND_4Q","b330c9fe-ae35-469a-9975-d5af26843b1c","AXISBANK","INSTITUTIONAL_OWNERSHIP_TREND_4Q","4","[]","CACHE_QUARTER_REVIEW","OWNERSHIP_SERIES_DEFINITION_AND_BASIS_REVIEW_REQUIRED","","","","0"
"b330c9fe-ae35-469a-9975-d5af26843b1c:GOVERNANCE_EVENT_SIGNAL","b330c9fe-ae35-469a-9975-d5af26843b1c","AXISBANK","GOVERNANCE_EVENT_SIGNAL","1","[]","CACHE_EXCERPT_REVIEW","CITED_DOCUMENT_REVIEW_AND_REQUIREMENT_FACT_CONTRACT_REQUIRED","","","","0"
"b330c9fe-ae35-469a-9975-d5af26843b1c:MAX_DRAWDOWN_1Y","b330c9fe-ae35-469a-9975-d5af26843b1c","AXISBANK","MAX_DRAWDOWN_1Y","252","[]","BLOCKED_HISTORY_AUTHORITY","REVIEWED_SESSION_CALENDAR_AND_ADJUSTMENT_COVERAGE_REQUIRED","","","","0"
"b330c9fe-ae35-469a-9975-d5af26843b1c:VOLATILITY_RELATIVE","b330c9fe-ae35-469a-9975-d5af26843b1c","AXISBANK","VOLATILITY_RELATIVE","252","[]","BLOCKED_HISTORY_AUTHORITY","REVIEWED_SESSION_CALENDAR_AND_ADJUSTMENT_COVERAGE_REQUIRED","","","","0"
"b330c9fe-ae35-469a-9975-d5af26843b1c:RATING_TREND","b330c9fe-ae35-469a-9975-d5af26843b1c","AXISBANK","RATING_TREND","1","[]","CACHE_EXCERPT_REVIEW","CITED_DOCUMENT_REVIEW_AND_REQUIREMENT_FACT_CONTRACT_REQUIRED","","","","0"
"30ce066a-6410-4b11-9b85-e41324971261:ROE_ANNUAL","30ce066a-6410-4b11-9b85-e41324971261","BANDHANBNK","ROE_ANNUAL","1","[]","BLOCKED_CONTRACT","EXACT_FIELD_PERIOD_OR_SCOPE_CONTRACT_NOT_PROVEN","","","","0"
"30ce066a-6410-4b11-9b85-e41324971261:NIM_TTM","30ce066a-6410-4b11-9b85-e41324971261","BANDHANBNK","NIM_TTM","1","[]","BLOCKED_CONTRACT","EXACT_FIELD_PERIOD_OR_SCOPE_CONTRACT_NOT_PROVEN","","","","0"
"30ce066a-6410-4b11-9b85-e41324971261:GROSS_NPA","30ce066a-6410-4b11-9b85-e41324971261","BANDHANBNK","GROSS_NPA","1","[]","BLOCKED_CONTRACT","EXACT_FIELD_PERIOD_OR_SCOPE_CONTRACT_NOT_PROVEN","","","","0"
"30ce066a-6410-4b11-9b85-e41324971261:NET_NPA","30ce066a-6410-4b11-9b85-e41324971261","BANDHANBNK","NET_NPA","1","[]","BLOCKED_CONTRACT","EXACT_FIELD_PERIOD_OR_SCOPE_CONTRACT_NOT_PROVEN","","","","0"
"30ce066a-6410-4b11-9b85-e41324971261:ADVANCES_GROWTH_YOY","30ce066a-6410-4b11-9b85-e41324971261","BANDHANBNK","ADVANCES_GROWTH_YOY","1","[]","BLOCKED_CONTRACT","EXACT_FIELD_PERIOD_OR_SCOPE_CONTRACT_NOT_PROVEN","","","","0"
"30ce066a-6410-4b11-9b85-e41324971261:DEPOSITS_GROWTH_YOY","30ce066a-6410-4b11-9b85-e41324971261","BANDHANBNK","DEPOSITS_GROWTH_YOY","1","[]","BLOCKED_CONTRACT","EXACT_FIELD_PERIOD_OR_SCOPE_CONTRACT_NOT_PROVEN","","","","0"
"30ce066a-6410-4b11-9b85-e41324971261:EPS_GROWTH_YOY","30ce066a-6410-4b11-9b85-e41324971261","BANDHANBNK","EPS_GROWTH_YOY","1","[]","CACHE_FIELD_METADATA_REVIEW","REPORTING_PERIOD_INVALID","","","","0"
"30ce066a-6410-4b11-9b85-e41324971261:ROA_ANNUAL","30ce066a-6410-4b11-9b85-e41324971261","BANDHANBNK","ROA_ANNUAL","1","[]","BLOCKED_CONTRACT","EXACT_FIELD_PERIOD_OR_SCOPE_CONTRACT_NOT_PROVEN","","","","0"
"30ce066a-6410-4b11-9b85-e41324971261:CET1_RATIO","30ce066a-6410-4b11-9b85-e41324971261","BANDHANBNK","CET1_RATIO","1","[]","BLOCKED_CONTRACT","EXACT_FIELD_PERIOD_OR_SCOPE_CONTRACT_NOT_PROVEN","","","","0"
"30ce066a-6410-4b11-9b85-e41324971261:CAPITAL_ADEQUACY_RATIO","30ce066a-6410-4b11-9b85-e41324971261","BANDHANBNK","CAPITAL_ADEQUACY_RATIO","1","[]","BLOCKED_CONTRACT","EXACT_FIELD_PERIOD_OR_SCOPE_CONTRACT_NOT_PROVEN","","","","0"
"30ce066a-6410-4b11-9b85-e41324971261:EXTERNAL_LONG_TERM_RATING","30ce066a-6410-4b11-9b85-e41324971261","BANDHANBNK","EXTERNAL_LONG_TERM_RATING","1","[]","CACHE_EXCERPT_REVIEW","CITED_DOCUMENT_REVIEW_AND_REQUIREMENT_FACT_CONTRACT_REQUIRED","","","","0"
"30ce066a-6410-4b11-9b85-e41324971261:PE_TTM_RELATIVE","30ce066a-6410-4b11-9b85-e41324971261","BANDHANBNK","PE_TTM_RELATIVE","1","[]","BLOCKED_CONTRACT","EXACT_FIELD_PERIOD_OR_SCOPE_CONTRACT_NOT_PROVEN","","","","0"
"30ce066a-6410-4b11-9b85-e41324971261:PB_RELATIVE","30ce066a-6410-4b11-9b85-e41324971261","BANDHANBNK","PB_RELATIVE","1","[]","BLOCKED_CONTRACT","EXACT_FIELD_PERIOD_OR_SCOPE_CONTRACT_NOT_PROVEN","","","","0"
"30ce066a-6410-4b11-9b85-e41324971261:PB_ADJUSTED_FOR_ROE","30ce066a-6410-4b11-9b85-e41324971261","BANDHANBNK","PB_ADJUSTED_FOR_ROE","1","[]","BLOCKED_CONTRACT","EXACT_FIELD_PERIOD_OR_SCOPE_CONTRACT_NOT_PROVEN","","","","0"
"30ce066a-6410-4b11-9b85-e41324971261:PRICE_MOMENTUM_12M","30ce066a-6410-4b11-9b85-e41324971261","BANDHANBNK","PRICE_MOMENTUM_12M","252","[]","BLOCKED_HISTORY_AUTHORITY","REVIEWED_SESSION_CALENDAR_AND_ADJUSTMENT_COVERAGE_REQUIRED","","","","0"
"30ce066a-6410-4b11-9b85-e41324971261:PRICE_MOMENTUM_6M","30ce066a-6410-4b11-9b85-e41324971261","BANDHANBNK","PRICE_MOMENTUM_6M","252","[]","BLOCKED_HISTORY_AUTHORITY","REVIEWED_SESSION_CALENDAR_AND_ADJUSTMENT_COVERAGE_REQUIRED","","","","0"
"30ce066a-6410-4b11-9b85-e41324971261:RELATIVE_STRENGTH_12M","30ce066a-6410-4b11-9b85-e41324971261","BANDHANBNK","RELATIVE_STRENGTH_12M","252","[]","BLOCKED_HISTORY_AUTHORITY","REVIEWED_SESSION_CALENDAR_AND_ADJUSTMENT_COVERAGE_REQUIRED","","","","0"
"30ce066a-6410-4b11-9b85-e41324971261:INSTITUTIONAL_OWNERSHIP_TREND_4Q","30ce066a-6410-4b11-9b85-e41324971261","BANDHANBNK","INSTITUTIONAL_OWNERSHIP_TREND_4Q","4","[]","CACHE_QUARTER_REVIEW","OWNERSHIP_SERIES_DEFINITION_AND_BASIS_REVIEW_REQUIRED","","","","0"
"30ce066a-6410-4b11-9b85-e41324971261:GOVERNANCE_EVENT_SIGNAL","30ce066a-6410-4b11-9b85-e41324971261","BANDHANBNK","GOVERNANCE_EVENT_SIGNAL","1","[]","CACHE_EXCERPT_REVIEW","CITED_DOCUMENT_REVIEW_AND_REQUIREMENT_FACT_CONTRACT_REQUIRED","","","","0"
"30ce066a-6410-4b11-9b85-e41324971261:MAX_DRAWDOWN_1Y","30ce066a-6410-4b11-9b85-e41324971261","BANDHANBNK","MAX_DRAWDOWN_1Y","252","[]","BLOCKED_HISTORY_AUTHORITY","REVIEWED_SESSION_CALENDAR_AND_ADJUSTMENT_COVERAGE_REQUIRED","","","","0"
"30ce066a-6410-4b11-9b85-e41324971261:VOLATILITY_RELATIVE","30ce066a-6410-4b11-9b85-e41324971261","BANDHANBNK","VOLATILITY_RELATIVE","252","[]","BLOCKED_HISTORY_AUTHORITY","REVIEWED_SESSION_CALENDAR_AND_ADJUSTMENT_COVERAGE_REQUIRED","","","","0"
"30ce066a-6410-4b11-9b85-e41324971261:RATING_TREND","30ce066a-6410-4b11-9b85-e41324971261","BANDHANBNK","RATING_TREND","1","[]","CACHE_EXCERPT_REVIEW","CITED_DOCUMENT_REVIEW_AND_REQUIREMENT_FACT_CONTRACT_REQUIRED","","","","0"
"6771f493-c29a-477e-8cc8-2bede0941e44:ROE_ANNUAL","6771f493-c29a-477e-8cc8-2bede0941e44","BANKBARODA","ROE_ANNUAL","1","[]","BLOCKED_CONTRACT","EXACT_FIELD_PERIOD_OR_SCOPE_CONTRACT_NOT_PROVEN","","","","0"
"6771f493-c29a-477e-8cc8-2bede0941e44:NIM_TTM","6771f493-c29a-477e-8cc8-2bede0941e44","BANKBARODA","NIM_TTM","1","[]","BLOCKED_CONTRACT","EXACT_FIELD_PERIOD_OR_SCOPE_CONTRACT_NOT_PROVEN","","","","0"
"6771f493-c29a-477e-8cc8-2bede0941e44:GROSS_NPA","6771f493-c29a-477e-8cc8-2bede0941e44","BANKBARODA","GROSS_NPA","1","[]","BLOCKED_CONTRACT","EXACT_FIELD_PERIOD_OR_SCOPE_CONTRACT_NOT_PROVEN","","","","0"
"6771f493-c29a-477e-8cc8-2bede0941e44:NET_NPA","6771f493-c29a-477e-8cc8-2bede0941e44","BANKBARODA","NET_NPA","1","[]","BLOCKED_CONTRACT","EXACT_FIELD_PERIOD_OR_SCOPE_CONTRACT_NOT_PROVEN","","","","0"
"6771f493-c29a-477e-8cc8-2bede0941e44:ADVANCES_GROWTH_YOY","6771f493-c29a-477e-8cc8-2bede0941e44","BANKBARODA","ADVANCES_GROWTH_YOY","1","[]","BLOCKED_CONTRACT","EXACT_FIELD_PERIOD_OR_SCOPE_CONTRACT_NOT_PROVEN","","","","0"
"6771f493-c29a-477e-8cc8-2bede0941e44:DEPOSITS_GROWTH_YOY","6771f493-c29a-477e-8cc8-2bede0941e44","BANKBARODA","DEPOSITS_GROWTH_YOY","1","[]","BLOCKED_CONTRACT","EXACT_FIELD_PERIOD_OR_SCOPE_CONTRACT_NOT_PROVEN","","","","0"
"6771f493-c29a-477e-8cc8-2bede0941e44:EPS_GROWTH_YOY","6771f493-c29a-477e-8cc8-2bede0941e44","BANKBARODA","EPS_GROWTH_YOY","1","[]","CACHE_FIELD_METADATA_REVIEW","REQUIRED_EVIDENCE_MISSING","","","","0"
"6771f493-c29a-477e-8cc8-2bede0941e44:ROA_ANNUAL","6771f493-c29a-477e-8cc8-2bede0941e44","BANKBARODA","ROA_ANNUAL","1","[]","BLOCKED_CONTRACT","EXACT_FIELD_PERIOD_OR_SCOPE_CONTRACT_NOT_PROVEN","","","","0"
"6771f493-c29a-477e-8cc8-2bede0941e44:CET1_RATIO","6771f493-c29a-477e-8cc8-2bede0941e44","BANKBARODA","CET1_RATIO","1","[]","BLOCKED_CONTRACT","EXACT_FIELD_PERIOD_OR_SCOPE_CONTRACT_NOT_PROVEN","","","","0"
"6771f493-c29a-477e-8cc8-2bede0941e44:CAPITAL_ADEQUACY_RATIO","6771f493-c29a-477e-8cc8-2bede0941e44","BANKBARODA","CAPITAL_ADEQUACY_RATIO","1","[]","BLOCKED_CONTRACT","EXACT_FIELD_PERIOD_OR_SCOPE_CONTRACT_NOT_PROVEN","","","","0"
"6771f493-c29a-477e-8cc8-2bede0941e44:EXTERNAL_LONG_TERM_RATING","6771f493-c29a-477e-8cc8-2bede0941e44","BANKBARODA","EXTERNAL_LONG_TERM_RATING","1","[]","CACHE_EXCERPT_REVIEW","CITED_DOCUMENT_REVIEW_AND_REQUIREMENT_FACT_CONTRACT_REQUIRED","","","","0"
"6771f493-c29a-477e-8cc8-2bede0941e44:PE_TTM_RELATIVE","6771f493-c29a-477e-8cc8-2bede0941e44","BANKBARODA","PE_TTM_RELATIVE","1","[]","BLOCKED_CONTRACT","EXACT_FIELD_PERIOD_OR_SCOPE_CONTRACT_NOT_PROVEN","","","","0"
"6771f493-c29a-477e-8cc8-2bede0941e44:PB_RELATIVE","6771f493-c29a-477e-8cc8-2bede0941e44","BANKBARODA","PB_RELATIVE","1","[]","BLOCKED_CONTRACT","EXACT_FIELD_PERIOD_OR_SCOPE_CONTRACT_NOT_PROVEN","","","","0"
"6771f493-c29a-477e-8cc8-2bede0941e44:PB_ADJUSTED_FOR_ROE","6771f493-c29a-477e-8cc8-2bede0941e44","BANKBARODA","PB_ADJUSTED_FOR_ROE","1","[]","BLOCKED_CONTRACT","EXACT_FIELD_PERIOD_OR_SCOPE_CONTRACT_NOT_PROVEN","","","","0"
"6771f493-c29a-477e-8cc8-2bede0941e44:PRICE_MOMENTUM_12M","6771f493-c29a-477e-8cc8-2bede0941e44","BANKBARODA","PRICE_MOMENTUM_12M","252","[]","BLOCKED_HISTORY_AUTHORITY","REVIEWED_SESSION_CALENDAR_AND_ADJUSTMENT_COVERAGE_REQUIRED","","","","0"
"6771f493-c29a-477e-8cc8-2bede0941e44:PRICE_MOMENTUM_6M","6771f493-c29a-477e-8cc8-2bede0941e44","BANKBARODA","PRICE_MOMENTUM_6M","252","[]","BLOCKED_HISTORY_AUTHORITY","REVIEWED_SESSION_CALENDAR_AND_ADJUSTMENT_COVERAGE_REQUIRED","","","","0"
"6771f493-c29a-477e-8cc8-2bede0941e44:RELATIVE_STRENGTH_12M","6771f493-c29a-477e-8cc8-2bede0941e44","BANKBARODA","RELATIVE_STRENGTH_12M","252","[]","BLOCKED_HISTORY_AUTHORITY","REVIEWED_SESSION_CALENDAR_AND_ADJUSTMENT_COVERAGE_REQUIRED","","","","0"
"6771f493-c29a-477e-8cc8-2bede0941e44:INSTITUTIONAL_OWNERSHIP_TREND_4Q","6771f493-c29a-477e-8cc8-2bede0941e44","BANKBARODA","INSTITUTIONAL_OWNERSHIP_TREND_4Q","4","[]","CACHE_QUARTER_REVIEW","OWNERSHIP_SERIES_DEFINITION_AND_BASIS_REVIEW_REQUIRED","","","","0"
"6771f493-c29a-477e-8cc8-2bede0941e44:GOVERNANCE_EVENT_SIGNAL","6771f493-c29a-477e-8cc8-2bede0941e44","BANKBARODA","GOVERNANCE_EVENT_SIGNAL","1","[]","CACHE_EXCERPT_REVIEW","CITED_DOCUMENT_REVIEW_AND_REQUIREMENT_FACT_CONTRACT_REQUIRED","","","","0"
"6771f493-c29a-477e-8cc8-2bede0941e44:MAX_DRAWDOWN_1Y","6771f493-c29a-477e-8cc8-2bede0941e44","BANKBARODA","MAX_DRAWDOWN_1Y","252","[]","BLOCKED_HISTORY_AUTHORITY","REVIEWED_SESSION_CALENDAR_AND_ADJUSTMENT_COVERAGE_REQUIRED","","","","0"
"6771f493-c29a-477e-8cc8-2bede0941e44:VOLATILITY_RELATIVE","6771f493-c29a-477e-8cc8-2bede0941e44","BANKBARODA","VOLATILITY_RELATIVE","252","[]","BLOCKED_HISTORY_AUTHORITY","REVIEWED_SESSION_CALENDAR_AND_ADJUSTMENT_COVERAGE_REQUIRED","","","","0"
"6771f493-c29a-477e-8cc8-2bede0941e44:RATING_TREND","6771f493-c29a-477e-8cc8-2bede0941e44","BANKBARODA","RATING_TREND","1","[]","CACHE_EXCERPT_REVIEW","CITED_DOCUMENT_REVIEW_AND_REQUIREMENT_FACT_CONTRACT_REQUIRED","","","","0"
"5aa0fc8f-da21-4468-aac8-c0b5bec17669:REVENUE_GROWTH_MULTI_PERIOD","5aa0fc8f-da21-4468-aac8-c0b5bec17669","BBOX","REVENUE_GROWTH_MULTI_PERIOD","1","[]","CACHE_FIELD_METADATA_REVIEW","METRIC_CONTRACT_NOT_REVIEWED","","","","0"
"5aa0fc8f-da21-4468-aac8-c0b5bec17669:OPERATING_MARGIN_HISTORY","5aa0fc8f-da21-4468-aac8-c0b5bec17669","BBOX","OPERATING_MARGIN_HISTORY","1","[]","CACHE_FIELD_METADATA_REVIEW","REPORTING_PERIOD_INVALID","","","","0"
"5aa0fc8f-da21-4468-aac8-c0b5bec17669:ROCE_OR_ROIC","5aa0fc8f-da21-4468-aac8-c0b5bec17669","BBOX","ROCE_OR_ROIC","1","[]","CACHE_FIELD_METADATA_REVIEW","REPORTING_PERIOD_INVALID","","","","0"
"5aa0fc8f-da21-4468-aac8-c0b5bec17669:FCF_CONVERSION","5aa0fc8f-da21-4468-aac8-c0b5bec17669","BBOX","FCF_CONVERSION","1","[]","BLOCKED_CONTRACT","EXACT_FIELD_PERIOD_OR_SCOPE_CONTRACT_NOT_PROVEN","","","","0"
"5aa0fc8f-da21-4468-aac8-c0b5bec17669:NET_CASH_OR_LEVERAGE","5aa0fc8f-da21-4468-aac8-c0b5bec17669","BBOX","NET_CASH_OR_LEVERAGE","1","[]","BLOCKED_CONTRACT","EXACT_FIELD_PERIOD_OR_SCOPE_CONTRACT_NOT_PROVEN","","","","0"
"5aa0fc8f-da21-4468-aac8-c0b5bec17669:BUSINESS_DURABILITY","5aa0fc8f-da21-4468-aac8-c0b5bec17669","BBOX","BUSINESS_DURABILITY","1","[]","CACHE_EXCERPT_REVIEW","CITED_DOCUMENT_REVIEW_AND_REQUIREMENT_FACT_CONTRACT_REQUIRED","","","","0"
"5aa0fc8f-da21-4468-aac8-c0b5bec17669:VALUATION","5aa0fc8f-da21-4468-aac8-c0b5bec17669","BBOX","VALUATION","1","[]","BLOCKED_CONTRACT","EXACT_FIELD_PERIOD_OR_SCOPE_CONTRACT_NOT_PROVEN","","","","0"
"5aa0fc8f-da21-4468-aac8-c0b5bec17669:MOMENTUM_12M_RELATIVE","5aa0fc8f-da21-4468-aac8-c0b5bec17669","BBOX","MOMENTUM_12M_RELATIVE","252","[]","BLOCKED_HISTORY_AUTHORITY","REVIEWED_SESSION_CALENDAR_AND_ADJUSTMENT_COVERAGE_REQUIRED","","","","0"
"5aa0fc8f-da21-4468-aac8-c0b5bec17669:DRAWDOWN_VOLATILITY_RISK","5aa0fc8f-da21-4468-aac8-c0b5bec17669","BBOX","DRAWDOWN_VOLATILITY_RISK","252","[]","BLOCKED_HISTORY_AUTHORITY","REVIEWED_SESSION_CALENDAR_AND_ADJUSTMENT_COVERAGE_REQUIRED","","","","0"
"5aa0fc8f-da21-4468-aac8-c0b5bec17669:OWNERSHIP_GOVERNANCE","5aa0fc8f-da21-4468-aac8-c0b5bec17669","BBOX","OWNERSHIP_GOVERNANCE","4","[]","CACHE_QUARTER_REVIEW","OWNERSHIP_SERIES_DEFINITION_AND_BASIS_REVIEW_REQUIRED","","","","0"
"fdec39e9-08a7-418d-ae96-9d8ce834d26c:OPERATING_MARGIN_HISTORY","fdec39e9-08a7-418d-ae96-9d8ce834d26c","BEL","OPERATING_MARGIN_HISTORY","1","[]","CACHE_FIELD_METADATA_REVIEW","REPORTING_PERIOD_INVALID","","","","0"
"fdec39e9-08a7-418d-ae96-9d8ce834d26c:ORDER_BOOK_AND_EXECUTION_GROWTH","fdec39e9-08a7-418d-ae96-9d8ce834d26c","BEL","ORDER_BOOK_AND_EXECUTION_GROWTH","1","[]","CACHE_EXCERPT_REVIEW","CITED_DOCUMENT_REVIEW_AND_REQUIREMENT_FACT_CONTRACT_REQUIRED","","","","0"
"fdec39e9-08a7-418d-ae96-9d8ce834d26c:ROCE_OR_ROIC","fdec39e9-08a7-418d-ae96-9d8ce834d26c","BEL","ROCE_OR_ROIC","1","[]","CACHE_FIELD_METADATA_REVIEW","REPORTING_PERIOD_INVALID","","","","0"
"fdec39e9-08a7-418d-ae96-9d8ce834d26c:CFO_FCF_CONVERSION","fdec39e9-08a7-418d-ae96-9d8ce834d26c","BEL","CFO_FCF_CONVERSION","1","[]","BLOCKED_CONTRACT","EXACT_FIELD_PERIOD_OR_SCOPE_CONTRACT_NOT_PROVEN","","","","0"
"fdec39e9-08a7-418d-ae96-9d8ce834d26c:NET_DEBT_AND_INTEREST_COVERAGE","fdec39e9-08a7-418d-ae96-9d8ce834d26c","BEL","NET_DEBT_AND_INTEREST_COVERAGE","1","[]","BLOCKED_CONTRACT","EXACT_FIELD_PERIOD_OR_SCOPE_CONTRACT_NOT_PROVEN","","","","0"
"fdec39e9-08a7-418d-ae96-9d8ce834d26c:BUSINESS_DURABILITY","fdec39e9-08a7-418d-ae96-9d8ce834d26c","BEL","BUSINESS_DURABILITY","1","[]","CACHE_EXCERPT_REVIEW","CITED_DOCUMENT_REVIEW_AND_REQUIREMENT_FACT_CONTRACT_REQUIRED","","","","0"
"fdec39e9-08a7-418d-ae96-9d8ce834d26c:VALUATION","fdec39e9-08a7-418d-ae96-9d8ce834d26c","BEL","VALUATION","1","[]","BLOCKED_CONTRACT","EXACT_FIELD_PERIOD_OR_SCOPE_CONTRACT_NOT_PROVEN","","","","0"
"fdec39e9-08a7-418d-ae96-9d8ce834d26c:MOMENTUM_12M_RELATIVE","fdec39e9-08a7-418d-ae96-9d8ce834d26c","BEL","MOMENTUM_12M_RELATIVE","252","[]","BLOCKED_HISTORY_AUTHORITY","REVIEWED_SESSION_CALENDAR_AND_ADJUSTMENT_COVERAGE_REQUIRED","","","","0"
"fdec39e9-08a7-418d-ae96-9d8ce834d26c:DRAWDOWN_VOLATILITY_RISK","fdec39e9-08a7-418d-ae96-9d8ce834d26c","BEL","DRAWDOWN_VOLATILITY_RISK","252","[]","BLOCKED_HISTORY_AUTHORITY","REVIEWED_SESSION_CALENDAR_AND_ADJUSTMENT_COVERAGE_REQUIRED","","","","0"
"fdec39e9-08a7-418d-ae96-9d8ce834d26c:OWNERSHIP_GOVERNANCE","fdec39e9-08a7-418d-ae96-9d8ce834d26c","BEL","OWNERSHIP_GOVERNANCE","4","[]","CACHE_QUARTER_REVIEW","OWNERSHIP_SERIES_DEFINITION_AND_BASIS_REVIEW_REQUIRED","","","","0"
"25ae050e-8ce0-4c17-9dfc-56fb8202e7b0:GROSS_AND_OPERATING_MARGIN_HISTORY","25ae050e-8ce0-4c17-9dfc-56fb8202e7b0","BIKAJI","GROSS_AND_OPERATING_MARGIN_HISTORY","1","[]","BLOCKED_CONTRACT","EXACT_FIELD_PERIOD_OR_SCOPE_CONTRACT_NOT_PROVEN","","","","0"
"25ae050e-8ce0-4c17-9dfc-56fb8202e7b0:REVENUE_AND_VOLUME_PRICE_MIX_GROWTH","25ae050e-8ce0-4c17-9dfc-56fb8202e7b0","BIKAJI","REVENUE_AND_VOLUME_PRICE_MIX_GROWTH","1","[]","BLOCKED_CONTRACT","EXACT_FIELD_PERIOD_OR_SCOPE_CONTRACT_NOT_PROVEN","","","","0"
"25ae050e-8ce0-4c17-9dfc-56fb8202e7b0:ROCE_OR_ROIC","25ae050e-8ce0-4c17-9dfc-56fb8202e7b0","BIKAJI","ROCE_OR_ROIC","1","[]","CACHE_FIELD_METADATA_REVIEW","REPORTING_PERIOD_INVALID","","","","0"
"25ae050e-8ce0-4c17-9dfc-56fb8202e7b0:CFO_OR_FCF_CONVERSION_AND_WORKING_CAPITAL","25ae050e-8ce0-4c17-9dfc-56fb8202e7b0","BIKAJI","CFO_OR_FCF_CONVERSION_AND_WORKING_CAPITAL","1","[]","BLOCKED_CONTRACT","EXACT_FIELD_PERIOD_OR_SCOPE_CONTRACT_NOT_PROVEN","","","","0"
"25ae050e-8ce0-4c17-9dfc-56fb8202e7b0:NET_CASH_OR_LEVERAGE","25ae050e-8ce0-4c17-9dfc-56fb8202e7b0","BIKAJI","NET_CASH_OR_LEVERAGE","1","[]","BLOCKED_CONTRACT","EXACT_FIELD_PERIOD_OR_SCOPE_CONTRACT_NOT_PROVEN","","","","0"
"25ae050e-8ce0-4c17-9dfc-56fb8202e7b0:BRAND_DISTRIBUTION_CATEGORY_DURABILITY","25ae050e-8ce0-4c17-9dfc-56fb8202e7b0","BIKAJI","BRAND_DISTRIBUTION_CATEGORY_DURABILITY","1","[]","CACHE_EXCERPT_REVIEW","CITED_DOCUMENT_REVIEW_AND_REQUIREMENT_FACT_CONTRACT_REQUIRED","","","","0"
"25ae050e-8ce0-4c17-9dfc-56fb8202e7b0:VALUATION","25ae050e-8ce0-4c17-9dfc-56fb8202e7b0","BIKAJI","VALUATION","1","[]","BLOCKED_CONTRACT","EXACT_FIELD_PERIOD_OR_SCOPE_CONTRACT_NOT_PROVEN","","","","0"
"25ae050e-8ce0-4c17-9dfc-56fb8202e7b0:MOMENTUM_12M_RELATIVE","25ae050e-8ce0-4c17-9dfc-56fb8202e7b0","BIKAJI","MOMENTUM_12M_RELATIVE","252","[]","BLOCKED_HISTORY_AUTHORITY","REVIEWED_SESSION_CALENDAR_AND_ADJUSTMENT_COVERAGE_REQUIRED","","","","0"
"25ae050e-8ce0-4c17-9dfc-56fb8202e7b0:CATEGORY_AND_MARKET_RISK","25ae050e-8ce0-4c17-9dfc-56fb8202e7b0","BIKAJI","CATEGORY_AND_MARKET_RISK","1","[]","BLOCKED_CONTRACT","EXACT_FIELD_PERIOD_OR_SCOPE_CONTRACT_NOT_PROVEN","","","","0"
"25ae050e-8ce0-4c17-9dfc-56fb8202e7b0:OWNERSHIP_GOVERNANCE","25ae050e-8ce0-4c17-9dfc-56fb8202e7b0","BIKAJI","OWNERSHIP_GOVERNANCE","4","[]","CACHE_QUARTER_REVIEW","OWNERSHIP_SERIES_DEFINITION_AND_BASIS_REVIEW_REQUIRED","","","","0"
"bfc9de73-b3a2-42d9-9d25-a7f871890ccd:OPERATING_MARGIN_HISTORY","bfc9de73-b3a2-42d9-9d25-a7f871890ccd","BIOCON","OPERATING_MARGIN_HISTORY","8","[]","CACHE_FIELD_METADATA_REVIEW","REPORTING_PERIOD_INVALID","","","","0"
"bfc9de73-b3a2-42d9-9d25-a7f871890ccd:ROCE_OR_ROIC","bfc9de73-b3a2-42d9-9d25-a7f871890ccd","BIOCON","ROCE_OR_ROIC","3","[]","CACHE_FIELD_METADATA_REVIEW","REPORTING_PERIOD_INVALID","","","","0"
"bfc9de73-b3a2-42d9-9d25-a7f871890ccd:REVENUE_GROWTH_MULTI_PERIOD","bfc9de73-b3a2-42d9-9d25-a7f871890ccd","BIOCON","REVENUE_GROWTH_MULTI_PERIOD","3","[]","CACHE_FIELD_METADATA_REVIEW","METRIC_CONTRACT_NOT_REVIEWED","","","","0"
"bfc9de73-b3a2-42d9-9d25-a7f871890ccd:NET_PROFIT_GROWTH_MULTI_PERIOD","bfc9de73-b3a2-42d9-9d25-a7f871890ccd","BIOCON","NET_PROFIT_GROWTH_MULTI_PERIOD","3","[]","CACHE_FIELD_METADATA_REVIEW","REPORTING_PERIOD_TYPE_NOT_PROVEN","","","","0"
"bfc9de73-b3a2-42d9-9d25-a7f871890ccd:EPS_GROWTH_MULTI_PERIOD","bfc9de73-b3a2-42d9-9d25-a7f871890ccd","BIOCON","EPS_GROWTH_MULTI_PERIOD","3","[]","BLOCKED_CONTRACT","EXACT_FIELD_PERIOD_OR_SCOPE_CONTRACT_NOT_PROVEN","","","","0"
"bfc9de73-b3a2-42d9-9d25-a7f871890ccd:CFO_OR_FCF_CONVERSION","bfc9de73-b3a2-42d9-9d25-a7f871890ccd","BIOCON","CFO_OR_FCF_CONVERSION","3","[]","CACHE_FIELD_METADATA_REVIEW","METRIC_CONTRACT_NOT_REVIEWED","","","","0"
"bfc9de73-b3a2-42d9-9d25-a7f871890ccd:CAPEX","bfc9de73-b3a2-42d9-9d25-a7f871890ccd","BIOCON","CAPEX","3","[]","BLOCKED_CONTRACT","EXACT_FIELD_PERIOD_OR_SCOPE_CONTRACT_NOT_PROVEN","","","","0"
"bfc9de73-b3a2-42d9-9d25-a7f871890ccd:NET_CASH_OR_LEVERAGE","bfc9de73-b3a2-42d9-9d25-a7f871890ccd","BIOCON","NET_CASH_OR_LEVERAGE","3","[]","BLOCKED_CONTRACT","EXACT_FIELD_PERIOD_OR_SCOPE_CONTRACT_NOT_PROVEN","","","","0"
"bfc9de73-b3a2-42d9-9d25-a7f871890ccd:PE","bfc9de73-b3a2-42d9-9d25-a7f871890ccd","BIOCON","PE","3","[]","CACHE_FIELD_METADATA_REVIEW","REPORTING_PERIOD_TYPE_NOT_PROVEN","","","","0"
"bfc9de73-b3a2-42d9-9d25-a7f871890ccd:EV_EBITDA","bfc9de73-b3a2-42d9-9d25-a7f871890ccd","BIOCON","EV_EBITDA","3","[]","BLOCKED_CONTRACT","EXACT_FIELD_PERIOD_OR_SCOPE_CONTRACT_NOT_PROVEN","","","","0"
"bfc9de73-b3a2-42d9-9d25-a7f871890ccd:FCF_YIELD","bfc9de73-b3a2-42d9-9d25-a7f871890ccd","BIOCON","FCF_YIELD","3","[]","BLOCKED_CONTRACT","EXACT_FIELD_PERIOD_OR_SCOPE_CONTRACT_NOT_PROVEN","","","","0"
"bfc9de73-b3a2-42d9-9d25-a7f871890ccd:PRICE_HISTORY_252D","bfc9de73-b3a2-42d9-9d25-a7f871890ccd","BIOCON","PRICE_HISTORY_252D","252","[]","BLOCKED_HISTORY_AUTHORITY","REVIEWED_SESSION_CALENDAR_AND_ADJUSTMENT_COVERAGE_REQUIRED","","","","0"
"bfc9de73-b3a2-42d9-9d25-a7f871890ccd:APPROVED_BENCHMARK_HISTORY_252D","bfc9de73-b3a2-42d9-9d25-a7f871890ccd","BIOCON","APPROVED_BENCHMARK_HISTORY_252D","252","[]","BLOCKED_HISTORY_AUTHORITY","EXACT_BENCHMARK_AUTHORITY_OR_TOKEN_REQUIRED","","","","0"
"bfc9de73-b3a2-42d9-9d25-a7f871890ccd:MARKET_DRAWDOWN","bfc9de73-b3a2-42d9-9d25-a7f871890ccd","BIOCON","MARKET_DRAWDOWN","252","[]","BLOCKED_HISTORY_AUTHORITY","REVIEWED_SESSION_CALENDAR_AND_ADJUSTMENT_COVERAGE_REQUIRED","","","","0"
"bfc9de73-b3a2-42d9-9d25-a7f871890ccd:VOLATILITY_252D","bfc9de73-b3a2-42d9-9d25-a7f871890ccd","BIOCON","VOLATILITY_252D","252","[]","BLOCKED_HISTORY_AUTHORITY","REVIEWED_SESSION_CALENDAR_AND_ADJUSTMENT_COVERAGE_REQUIRED","","","","0"
"bfc9de73-b3a2-42d9-9d25-a7f871890ccd:REGULATORY_RISK","bfc9de73-b3a2-42d9-9d25-a7f871890ccd","BIOCON","REGULATORY_RISK","252","[]","CACHE_EXCERPT_REVIEW","CITED_DOCUMENT_REVIEW_AND_REQUIREMENT_FACT_CONTRACT_REQUIRED","","","","0"
"bfc9de73-b3a2-42d9-9d25-a7f871890ccd:OWNERSHIP_TREND_4Q","bfc9de73-b3a2-42d9-9d25-a7f871890ccd","BIOCON","OWNERSHIP_TREND_4Q","4","[]","CACHE_QUARTER_REVIEW","OWNERSHIP_SERIES_DEFINITION_AND_BASIS_REVIEW_REQUIRED","","","","0"
"bfc9de73-b3a2-42d9-9d25-a7f871890ccd:GOVERNANCE_EVENT_REVIEW","bfc9de73-b3a2-42d9-9d25-a7f871890ccd","BIOCON","GOVERNANCE_EVENT_REVIEW","4","[]","CACHE_EXCERPT_REVIEW","CITED_DOCUMENT_REVIEW_AND_REQUIREMENT_FACT_CONTRACT_REQUIRED","","","","0"
"c9b5f6f8-76be-435d-bba0-c4432e8441df:METHODOLOGY_ASSIGNMENT","c9b5f6f8-76be-435d-bba0-c4432e8441df","BLUEJET","METHODOLOGY_ASSIGNMENT","1","[]","BLOCKED_CONTRACT","FACTUAL_SUBPROFILE_REVIEW_REQUIRED_NO_PROVIDER_SUBSTITUTION","","","","0"
"062e06db-2e81-4698-86f0-aa6b90f83853:GROSS_OPERATING_MARGIN_HISTORY","062e06db-2e81-4698-86f0-aa6b90f83853","BLUESTARCO","GROSS_OPERATING_MARGIN_HISTORY","8","[]","CACHE_FIELD_METADATA_REVIEW","REPORTING_PERIOD_INVALID","","","","0"
"062e06db-2e81-4698-86f0-aa6b90f83853:PRODUCT_MIX","062e06db-2e81-4698-86f0-aa6b90f83853","BLUESTARCO","PRODUCT_MIX","8","[]","CACHE_EXCERPT_REVIEW","CITED_DOCUMENT_REVIEW_AND_REQUIREMENT_FACT_CONTRACT_REQUIRED","","","","0"
"062e06db-2e81-4698-86f0-aa6b90f83853:REVENUE_VOLUME_CATEGORY_GROWTH","062e06db-2e81-4698-86f0-aa6b90f83853","BLUESTARCO","REVENUE_VOLUME_CATEGORY_GROWTH","8","[]","BLOCKED_CONTRACT","EXACT_FIELD_PERIOD_OR_SCOPE_CONTRACT_NOT_PROVEN","","","","0"
"062e06db-2e81-4698-86f0-aa6b90f83853:ROCE_OR_ROIC","062e06db-2e81-4698-86f0-aa6b90f83853","BLUESTARCO","ROCE_OR_ROIC","3","[]","ACQUIRE_RAW_THEN_REVIEW","EXACT_FIELD_MISSING_AND_RESPONSE_METADATA_UNPROVEN","TRENDLYNE","get_parameter_values_multi_stock","{""type"":""stock"",""query"":""BLUESTARCO BLUESTARCO instrument 209 ROCE Ann. % as of 2026-10-05; supply 3 distinct dated YEAR reporting periods, period start/end, unit/scale, currency, consolidated/standalone scope, publication dates and source field labels; no relative-year labels as period proof""}","1"
"062e06db-2e81-4698-86f0-aa6b90f83853:CFO_FCF_WORKING_CAPITAL","062e06db-2e81-4698-86f0-aa6b90f83853","BLUESTARCO","CFO_FCF_WORKING_CAPITAL","3","[]","BLOCKED_CONTRACT","EXACT_FIELD_PERIOD_OR_SCOPE_CONTRACT_NOT_PROVEN","","","","0"
"062e06db-2e81-4698-86f0-aa6b90f83853:NET_CASH_OR_LEVERAGE","062e06db-2e81-4698-86f0-aa6b90f83853","BLUESTARCO","NET_CASH_OR_LEVERAGE","3","[]","BLOCKED_CONTRACT","EXACT_FIELD_PERIOD_OR_SCOPE_CONTRACT_NOT_PROVEN","","","","0"
"062e06db-2e81-4698-86f0-aa6b90f83853:BRAND_DISTRIBUTION_AFTERSALES","062e06db-2e81-4698-86f0-aa6b90f83853","BLUESTARCO","BRAND_DISTRIBUTION_AFTERSALES","3","[]","CACHE_EXCERPT_REVIEW","CITED_DOCUMENT_REVIEW_AND_REQUIREMENT_FACT_CONTRACT_REQUIRED","","","","0"
"062e06db-2e81-4698-86f0-aa6b90f83853:CATEGORY_POSITION","062e06db-2e81-4698-86f0-aa6b90f83853","BLUESTARCO","CATEGORY_POSITION","3","[]","BLOCKED_CONTRACT","EXACT_FIELD_PERIOD_OR_SCOPE_CONTRACT_NOT_PROVEN","","","","0"
"062e06db-2e81-4698-86f0-aa6b90f83853:PE_SELF_AND_PEER","062e06db-2e81-4698-86f0-aa6b90f83853","BLUESTARCO","PE_SELF_AND_PEER","3","[]","BLOCKED_CONTRACT","EXACT_FIELD_PERIOD_OR_SCOPE_CONTRACT_NOT_PROVEN","","","","0"
"062e06db-2e81-4698-86f0-aa6b90f83853:EV_EBITDA","062e06db-2e81-4698-86f0-aa6b90f83853","BLUESTARCO","EV_EBITDA","3","[]","BLOCKED_CONTRACT","EXACT_FIELD_PERIOD_OR_SCOPE_CONTRACT_NOT_PROVEN","","","","0"
"062e06db-2e81-4698-86f0-aa6b90f83853:FCF_YIELD","062e06db-2e81-4698-86f0-aa6b90f83853","BLUESTARCO","FCF_YIELD","3","[]","BLOCKED_CONTRACT","EXACT_FIELD_PERIOD_OR_SCOPE_CONTRACT_NOT_PROVEN","","","","0"
"062e06db-2e81-4698-86f0-aa6b90f83853:ROCE_CONTEXT","062e06db-2e81-4698-86f0-aa6b90f83853","BLUESTARCO","ROCE_CONTEXT","3","[]","BLOCKED_CONTRACT","EXACT_FIELD_PERIOD_OR_SCOPE_CONTRACT_NOT_PROVEN","","","","0"
"062e06db-2e81-4698-86f0-aa6b90f83853:PRICE_HISTORY_252D","062e06db-2e81-4698-86f0-aa6b90f83853","BLUESTARCO","PRICE_HISTORY_252D","252","[]","BLOCKED_HISTORY_AUTHORITY","REVIEWED_SESSION_CALENDAR_AND_ADJUSTMENT_COVERAGE_REQUIRED","","","","0"
"062e06db-2e81-4698-86f0-aa6b90f83853:APPROVED_BENCHMARK_HISTORY_252D","062e06db-2e81-4698-86f0-aa6b90f83853","BLUESTARCO","APPROVED_BENCHMARK_HISTORY_252D","252","[]","BLOCKED_HISTORY_AUTHORITY","EXACT_BENCHMARK_AUTHORITY_OR_TOKEN_REQUIRED","","","","0"
"062e06db-2e81-4698-86f0-aa6b90f83853:INPUT_COST_DEMAND_COMPETITION","062e06db-2e81-4698-86f0-aa6b90f83853","BLUESTARCO","INPUT_COST_DEMAND_COMPETITION","252","[]","CACHE_EXCERPT_REVIEW","CITED_DOCUMENT_REVIEW_AND_REQUIREMENT_FACT_CONTRACT_REQUIRED","","","","0"
"062e06db-2e81-4698-86f0-aa6b90f83853:MARKET_DRAWDOWN","062e06db-2e81-4698-86f0-aa6b90f83853","BLUESTARCO","MARKET_DRAWDOWN","252","[]","BLOCKED_HISTORY_AUTHORITY","REVIEWED_SESSION_CALENDAR_AND_ADJUSTMENT_COVERAGE_REQUIRED","","","","0"
"062e06db-2e81-4698-86f0-aa6b90f83853:OWNERSHIP_TREND_4Q","062e06db-2e81-4698-86f0-aa6b90f83853","BLUESTARCO","OWNERSHIP_TREND_4Q","4","[]","CACHE_QUARTER_REVIEW","OWNERSHIP_SERIES_DEFINITION_AND_BASIS_REVIEW_REQUIRED","","","","0"
"062e06db-2e81-4698-86f0-aa6b90f83853:GOVERNANCE_EVENT_REVIEW","062e06db-2e81-4698-86f0-aa6b90f83853","BLUESTARCO","GOVERNANCE_EVENT_REVIEW","4","[]","CACHE_EXCERPT_REVIEW","CITED_DOCUMENT_REVIEW_AND_REQUIREMENT_FACT_CONTRACT_REQUIRED","","","","0"
"e08c0b9e-a2d9-45b4-97b1-49e078869d3b:OPERATING_MARGIN_REVENUE_QUALITY","e08c0b9e-a2d9-45b4-97b1-49e078869d3b","BLUSPRING","OPERATING_MARGIN_REVENUE_QUALITY","8","[]","BLOCKED_CONTRACT","EXACT_FIELD_PERIOD_OR_SCOPE_CONTRACT_NOT_PROVEN","","","","0"
"e08c0b9e-a2d9-45b4-97b1-49e078869d3b:CLIENT_RETENTION","e08c0b9e-a2d9-45b4-97b1-49e078869d3b","BLUSPRING","CLIENT_RETENTION","8","[]","CACHE_EXCERPT_REVIEW","CITED_DOCUMENT_REVIEW_AND_REQUIREMENT_FACT_CONTRACT_REQUIRED","","","","0"
"e08c0b9e-a2d9-45b4-97b1-49e078869d3b:REVENUE_CLIENT_HEADCOUNT_OR_VOLUME_GROWTH","e08c0b9e-a2d9-45b4-97b1-49e078869d3b","BLUSPRING","REVENUE_CLIENT_HEADCOUNT_OR_VOLUME_GROWTH","8","[]","BLOCKED_CONTRACT","EXACT_FIELD_PERIOD_OR_SCOPE_CONTRACT_NOT_PROVEN","","","","0"
"e08c0b9e-a2d9-45b4-97b1-49e078869d3b:ROCE_OR_ROIC","e08c0b9e-a2d9-45b4-97b1-49e078869d3b","BLUSPRING","ROCE_OR_ROIC","3","[]","ACQUIRE_RAW_THEN_REVIEW","EXACT_FIELD_MISSING_AND_RESPONSE_METADATA_UNPROVEN","TRENDLYNE","get_parameter_values_multi_stock","{""type"":""stock"",""query"":""BLUSPRING BLUSPRING instrument 3135583 ROCE Ann. % as of 2026-10-05; supply 3 distinct dated YEAR reporting periods, period start/end, unit/scale, currency, consolidated/standalone scope, publication dates and source field labels; no relative-year labels as period proof""}","1"
"e08c0b9e-a2d9-45b4-97b1-49e078869d3b:CFO_FCF_CONVERSION","e08c0b9e-a2d9-45b4-97b1-49e078869d3b","BLUSPRING","CFO_FCF_CONVERSION","3","[]","BLOCKED_CONTRACT","EXACT_FIELD_PERIOD_OR_SCOPE_CONTRACT_NOT_PROVEN","","","","0"
"e08c0b9e-a2d9-45b4-97b1-49e078869d3b:NET_CASH_OR_LEVERAGE","e08c0b9e-a2d9-45b4-97b1-49e078869d3b","BLUSPRING","NET_CASH_OR_LEVERAGE","3","[]","BLOCKED_CONTRACT","EXACT_FIELD_PERIOD_OR_SCOPE_CONTRACT_NOT_PROVEN","","","","0"
"e08c0b9e-a2d9-45b4-97b1-49e078869d3b:CLIENT_DIVERSIFICATION","e08c0b9e-a2d9-45b4-97b1-49e078869d3b","BLUSPRING","CLIENT_DIVERSIFICATION","3","[]","BLOCKED_CONTRACT","EXACT_FIELD_PERIOD_OR_SCOPE_CONTRACT_NOT_PROVEN","","","","0"
"e08c0b9e-a2d9-45b4-97b1-49e078869d3b:CONTRACT_RENEWAL","e08c0b9e-a2d9-45b4-97b1-49e078869d3b","BLUSPRING","CONTRACT_RENEWAL","3","[]","CACHE_EXCERPT_REVIEW","CITED_DOCUMENT_REVIEW_AND_REQUIREMENT_FACT_CONTRACT_REQUIRED","","","","0"
"e08c0b9e-a2d9-45b4-97b1-49e078869d3b:SERVICE_DEPTH","e08c0b9e-a2d9-45b4-97b1-49e078869d3b","BLUSPRING","SERVICE_DEPTH","3","[]","CACHE_EXCERPT_REVIEW","CITED_DOCUMENT_REVIEW_AND_REQUIREMENT_FACT_CONTRACT_REQUIRED","","","","0"
"e08c0b9e-a2d9-45b4-97b1-49e078869d3b:PE","e08c0b9e-a2d9-45b4-97b1-49e078869d3b","BLUSPRING","PE","3","[]","CACHE_FIELD_METADATA_REVIEW","REPORTING_PERIOD_TYPE_NOT_PROVEN","","","","0"
"e08c0b9e-a2d9-45b4-97b1-49e078869d3b:EV_EBITDA","e08c0b9e-a2d9-45b4-97b1-49e078869d3b","BLUSPRING","EV_EBITDA","3","[]","BLOCKED_CONTRACT","EXACT_FIELD_PERIOD_OR_SCOPE_CONTRACT_NOT_PROVEN","","","","0"
"e08c0b9e-a2d9-45b4-97b1-49e078869d3b:FCF_YIELD","e08c0b9e-a2d9-45b4-97b1-49e078869d3b","BLUSPRING","FCF_YIELD","3","[]","BLOCKED_CONTRACT","EXACT_FIELD_PERIOD_OR_SCOPE_CONTRACT_NOT_PROVEN","","","","0"
"e08c0b9e-a2d9-45b4-97b1-49e078869d3b:ROIC_CONTEXT","e08c0b9e-a2d9-45b4-97b1-49e078869d3b","BLUSPRING","ROIC_CONTEXT","3","[]","BLOCKED_CONTRACT","EXACT_FIELD_PERIOD_OR_SCOPE_CONTRACT_NOT_PROVEN","","","","0"
"e08c0b9e-a2d9-45b4-97b1-49e078869d3b:PRICE_HISTORY_252D","e08c0b9e-a2d9-45b4-97b1-49e078869d3b","BLUSPRING","PRICE_HISTORY_252D","252","[]","BLOCKED_HISTORY_AUTHORITY","REVIEWED_SESSION_CALENDAR_AND_ADJUSTMENT_COVERAGE_REQUIRED","","","","0"
"e08c0b9e-a2d9-45b4-97b1-49e078869d3b:APPROVED_BENCHMARK_HISTORY_252D","e08c0b9e-a2d9-45b4-97b1-49e078869d3b","BLUSPRING","APPROVED_BENCHMARK_HISTORY_252D","252","[]","BLOCKED_HISTORY_AUTHORITY","EXACT_BENCHMARK_AUTHORITY_OR_TOKEN_REQUIRED","","","","0"
"e08c0b9e-a2d9-45b4-97b1-49e078869d3b:CLIENT_CONCENTRATION_LABOUR_REGULATION","e08c0b9e-a2d9-45b4-97b1-49e078869d3b","BLUSPRING","CLIENT_CONCENTRATION_LABOUR_REGULATION","252","[]","CACHE_EXCERPT_REVIEW","CITED_DOCUMENT_REVIEW_AND_REQUIREMENT_FACT_CONTRACT_REQUIRED","","","","0"
"e08c0b9e-a2d9-45b4-97b1-49e078869d3b:MARKET_DRAWDOWN","e08c0b9e-a2d9-45b4-97b1-49e078869d3b","BLUSPRING","MARKET_DRAWDOWN","252","[]","BLOCKED_HISTORY_AUTHORITY","REVIEWED_SESSION_CALENDAR_AND_ADJUSTMENT_COVERAGE_REQUIRED","","","","0"
"e08c0b9e-a2d9-45b4-97b1-49e078869d3b:OWNERSHIP_TREND_4Q","e08c0b9e-a2d9-45b4-97b1-49e078869d3b","BLUSPRING","OWNERSHIP_TREND_4Q","4","[]","CACHE_QUARTER_REVIEW","OWNERSHIP_SERIES_DEFINITION_AND_BASIS_REVIEW_REQUIRED","","","","0"
"e08c0b9e-a2d9-45b4-97b1-49e078869d3b:GOVERNANCE_EVENT_REVIEW","e08c0b9e-a2d9-45b4-97b1-49e078869d3b","BLUSPRING","GOVERNANCE_EVENT_REVIEW","4","[]","CACHE_EXCERPT_REVIEW","CITED_DOCUMENT_REVIEW_AND_REQUIREMENT_FACT_CONTRACT_REQUIRED","","","","0"
"dd22c8e2-bb46-4176-a308-fab7afccf3e3:OPERATING_MARGIN_HISTORY","dd22c8e2-bb46-4176-a308-fab7afccf3e3","CAMS","OPERATING_MARGIN_HISTORY","1","[]","CACHE_FIELD_METADATA_REVIEW","REPORTING_PERIOD_INVALID","","","","0"
"dd22c8e2-bb46-4176-a308-fab7afccf3e3:AUM_CLIENT_ASSET_AND_EARNINGS_GROWTH","dd22c8e2-bb46-4176-a308-fab7afccf3e3","CAMS","AUM_CLIENT_ASSET_AND_EARNINGS_GROWTH","1","[]","BLOCKED_CONTRACT","EXACT_FIELD_PERIOD_OR_SCOPE_CONTRACT_NOT_PROVEN","","","","0"
"dd22c8e2-bb46-4176-a308-fab7afccf3e3:ROE_OR_ROIC","dd22c8e2-bb46-4176-a308-fab7afccf3e3","CAMS","ROE_OR_ROIC","1","[]","BLOCKED_CONTRACT","EXACT_FIELD_PERIOD_OR_SCOPE_CONTRACT_NOT_PROVEN","","","","0"
"dd22c8e2-bb46-4176-a308-fab7afccf3e3:CFO_OR_FCF_CONVERSION","dd22c8e2-bb46-4176-a308-fab7afccf3e3","CAMS","CFO_OR_FCF_CONVERSION","1","[]","CACHE_FIELD_METADATA_REVIEW","METRIC_CONTRACT_NOT_REVIEWED","","","","0"
"dd22c8e2-bb46-4176-a308-fab7afccf3e3:NET_CASH_OR_LEVERAGE","dd22c8e2-bb46-4176-a308-fab7afccf3e3","CAMS","NET_CASH_OR_LEVERAGE","1","[]","BLOCKED_CONTRACT","EXACT_FIELD_PERIOD_OR_SCOPE_CONTRACT_NOT_PROVEN","","","","0"
"dd22c8e2-bb46-4176-a308-fab7afccf3e3:CAPITAL_MARKETS_DURABILITY","dd22c8e2-bb46-4176-a308-fab7afccf3e3","CAMS","CAPITAL_MARKETS_DURABILITY","1","[]","CACHE_EXCERPT_REVIEW","CITED_DOCUMENT_REVIEW_AND_REQUIREMENT_FACT_CONTRACT_REQUIRED","","","","0"
"dd22c8e2-bb46-4176-a308-fab7afccf3e3:VALUATION","dd22c8e2-bb46-4176-a308-fab7afccf3e3","CAMS","VALUATION","1","[]","BLOCKED_CONTRACT","EXACT_FIELD_PERIOD_OR_SCOPE_CONTRACT_NOT_PROVEN","","","","0"
"dd22c8e2-bb46-4176-a308-fab7afccf3e3:MOMENTUM_12M_RELATIVE","dd22c8e2-bb46-4176-a308-fab7afccf3e3","CAMS","MOMENTUM_12M_RELATIVE","252","[]","BLOCKED_HISTORY_AUTHORITY","REVIEWED_SESSION_CALENDAR_AND_ADJUSTMENT_COVERAGE_REQUIRED","","","","0"
"dd22c8e2-bb46-4176-a308-fab7afccf3e3:DRAWDOWN_VOLATILITY_RISK","dd22c8e2-bb46-4176-a308-fab7afccf3e3","CAMS","DRAWDOWN_VOLATILITY_RISK","252","[]","BLOCKED_HISTORY_AUTHORITY","REVIEWED_SESSION_CALENDAR_AND_ADJUSTMENT_COVERAGE_REQUIRED","","","","0"
"dd22c8e2-bb46-4176-a308-fab7afccf3e3:OWNERSHIP_GOVERNANCE","dd22c8e2-bb46-4176-a308-fab7afccf3e3","CAMS","OWNERSHIP_GOVERNANCE","4","[]","CACHE_QUARTER_REVIEW","OWNERSHIP_SERIES_DEFINITION_AND_BASIS_REVIEW_REQUIRED","","","","0"
"af35913f-9aa6-44b0-b50f-1f35902ffac2:OPERATING_MARGIN_HISTORY","af35913f-9aa6-44b0-b50f-1f35902ffac2","CAPLIPOINT","OPERATING_MARGIN_HISTORY","8","[]","CACHE_FIELD_METADATA_REVIEW","REPORTING_PERIOD_INVALID","","","","0"
"af35913f-9aa6-44b0-b50f-1f35902ffac2:ROCE_OR_ROIC","af35913f-9aa6-44b0-b50f-1f35902ffac2","CAPLIPOINT","ROCE_OR_ROIC","3","[]","ACQUIRE_RAW_THEN_REVIEW","EXACT_FIELD_MISSING_AND_RESPONSE_METADATA_UNPROVEN","TRENDLYNE","get_parameter_values_multi_stock","{""type"":""stock"",""query"":""CAPLIPOINT CAPLIPOINT instrument 237 ROCE Ann. % as of 2026-10-05; supply 3 distinct dated YEAR reporting periods, period start/end, unit/scale, currency, consolidated/standalone scope, publication dates and source field labels; no relative-year labels as period proof""}","1"
"af35913f-9aa6-44b0-b50f-1f35902ffac2:REVENUE_GROWTH_MULTI_PERIOD","af35913f-9aa6-44b0-b50f-1f35902ffac2","CAPLIPOINT","REVENUE_GROWTH_MULTI_PERIOD","3","[]","CACHE_FIELD_METADATA_REVIEW","METRIC_CONTRACT_NOT_REVIEWED","","","","0"
"af35913f-9aa6-44b0-b50f-1f35902ffac2:NET_PROFIT_GROWTH_MULTI_PERIOD","af35913f-9aa6-44b0-b50f-1f35902ffac2","CAPLIPOINT","NET_PROFIT_GROWTH_MULTI_PERIOD","3","[]","CACHE_FIELD_METADATA_REVIEW","REPORTING_PERIOD_TYPE_NOT_PROVEN","","","","0"
"af35913f-9aa6-44b0-b50f-1f35902ffac2:EPS_GROWTH_MULTI_PERIOD","af35913f-9aa6-44b0-b50f-1f35902ffac2","CAPLIPOINT","EPS_GROWTH_MULTI_PERIOD","3","[]","BLOCKED_CONTRACT","EXACT_FIELD_PERIOD_OR_SCOPE_CONTRACT_NOT_PROVEN","","","","0"
"af35913f-9aa6-44b0-b50f-1f35902ffac2:CFO_OR_FCF_CONVERSION","af35913f-9aa6-44b0-b50f-1f35902ffac2","CAPLIPOINT","CFO_OR_FCF_CONVERSION","3","[]","CACHE_FIELD_METADATA_REVIEW","METRIC_CONTRACT_NOT_REVIEWED","","","","0"
"af35913f-9aa6-44b0-b50f-1f35902ffac2:CAPEX","af35913f-9aa6-44b0-b50f-1f35902ffac2","CAPLIPOINT","CAPEX","3","[]","BLOCKED_CONTRACT","EXACT_FIELD_PERIOD_OR_SCOPE_CONTRACT_NOT_PROVEN","","","","0"
"af35913f-9aa6-44b0-b50f-1f35902ffac2:NET_CASH_OR_LEVERAGE","af35913f-9aa6-44b0-b50f-1f35902ffac2","CAPLIPOINT","NET_CASH_OR_LEVERAGE","3","[]","BLOCKED_CONTRACT","EXACT_FIELD_PERIOD_OR_SCOPE_CONTRACT_NOT_PROVEN","","","","0"
"af35913f-9aa6-44b0-b50f-1f35902ffac2:PE","af35913f-9aa6-44b0-b50f-1f35902ffac2","CAPLIPOINT","PE","3","[]","CACHE_FIELD_METADATA_REVIEW","REPORTING_PERIOD_TYPE_NOT_PROVEN","","","","0"
"af35913f-9aa6-44b0-b50f-1f35902ffac2:EV_EBITDA","af35913f-9aa6-44b0-b50f-1f35902ffac2","CAPLIPOINT","EV_EBITDA","3","[]","BLOCKED_CONTRACT","EXACT_FIELD_PERIOD_OR_SCOPE_CONTRACT_NOT_PROVEN","","","","0"
"af35913f-9aa6-44b0-b50f-1f35902ffac2:FCF_YIELD","af35913f-9aa6-44b0-b50f-1f35902ffac2","CAPLIPOINT","FCF_YIELD","3","[]","BLOCKED_CONTRACT","EXACT_FIELD_PERIOD_OR_SCOPE_CONTRACT_NOT_PROVEN","","","","0"
"af35913f-9aa6-44b0-b50f-1f35902ffac2:PRICE_HISTORY_252D","af35913f-9aa6-44b0-b50f-1f35902ffac2","CAPLIPOINT","PRICE_HISTORY_252D","252","[]","BLOCKED_HISTORY_AUTHORITY","REVIEWED_SESSION_CALENDAR_AND_ADJUSTMENT_COVERAGE_REQUIRED","","","","0"
"af35913f-9aa6-44b0-b50f-1f35902ffac2:APPROVED_BENCHMARK_HISTORY_252D","af35913f-9aa6-44b0-b50f-1f35902ffac2","CAPLIPOINT","APPROVED_BENCHMARK_HISTORY_252D","252","[]","BLOCKED_HISTORY_AUTHORITY","EXACT_BENCHMARK_AUTHORITY_OR_TOKEN_REQUIRED","","","","0"
"af35913f-9aa6-44b0-b50f-1f35902ffac2:MARKET_DRAWDOWN","af35913f-9aa6-44b0-b50f-1f35902ffac2","CAPLIPOINT","MARKET_DRAWDOWN","252","[]","BLOCKED_HISTORY_AUTHORITY","REVIEWED_SESSION_CALENDAR_AND_ADJUSTMENT_COVERAGE_REQUIRED","","","","0"
"af35913f-9aa6-44b0-b50f-1f35902ffac2:VOLATILITY_252D","af35913f-9aa6-44b0-b50f-1f35902ffac2","CAPLIPOINT","VOLATILITY_252D","252","[]","BLOCKED_HISTORY_AUTHORITY","REVIEWED_SESSION_CALENDAR_AND_ADJUSTMENT_COVERAGE_REQUIRED","","","","0"
"af35913f-9aa6-44b0-b50f-1f35902ffac2:REGULATORY_RISK","af35913f-9aa6-44b0-b50f-1f35902ffac2","CAPLIPOINT","REGULATORY_RISK","252","[]","CACHE_EXCERPT_REVIEW","CITED_DOCUMENT_REVIEW_AND_REQUIREMENT_FACT_CONTRACT_REQUIRED","","","","0"
"af35913f-9aa6-44b0-b50f-1f35902ffac2:OWNERSHIP_TREND_4Q","af35913f-9aa6-44b0-b50f-1f35902ffac2","CAPLIPOINT","OWNERSHIP_TREND_4Q","4","[]","CACHE_QUARTER_REVIEW","OWNERSHIP_SERIES_DEFINITION_AND_BASIS_REVIEW_REQUIRED","","","","0"
"af35913f-9aa6-44b0-b50f-1f35902ffac2:GOVERNANCE_EVENT_REVIEW","af35913f-9aa6-44b0-b50f-1f35902ffac2","CAPLIPOINT","GOVERNANCE_EVENT_REVIEW","4","[]","CACHE_EXCERPT_REVIEW","CITED_DOCUMENT_REVIEW_AND_REQUIREMENT_FACT_CONTRACT_REQUIRED","","","","0"
"6ba09398-e18c-41d5-af2f-db6fe3d9e591:GROSS_AND_OPERATING_MARGIN_HISTORY","6ba09398-e18c-41d5-af2f-db6fe3d9e591","CCL","GROSS_AND_OPERATING_MARGIN_HISTORY","1","[]","BLOCKED_CONTRACT","EXACT_FIELD_PERIOD_OR_SCOPE_CONTRACT_NOT_PROVEN","","","","0"
"6ba09398-e18c-41d5-af2f-db6fe3d9e591:REVENUE_AND_VOLUME_PRICE_MIX_GROWTH","6ba09398-e18c-41d5-af2f-db6fe3d9e591","CCL","REVENUE_AND_VOLUME_PRICE_MIX_GROWTH","1","[]","BLOCKED_CONTRACT","EXACT_FIELD_PERIOD_OR_SCOPE_CONTRACT_NOT_PROVEN","","","","0"
"6ba09398-e18c-41d5-af2f-db6fe3d9e591:ROCE_OR_ROIC","6ba09398-e18c-41d5-af2f-db6fe3d9e591","CCL","ROCE_OR_ROIC","1","[]","CACHE_FIELD_METADATA_REVIEW","REPORTING_PERIOD_INVALID","","","","0"
"6ba09398-e18c-41d5-af2f-db6fe3d9e591:CFO_OR_FCF_CONVERSION_AND_WORKING_CAPITAL","6ba09398-e18c-41d5-af2f-db6fe3d9e591","CCL","CFO_OR_FCF_CONVERSION_AND_WORKING_CAPITAL","1","[]","BLOCKED_CONTRACT","EXACT_FIELD_PERIOD_OR_SCOPE_CONTRACT_NOT_PROVEN","","","","0"
"6ba09398-e18c-41d5-af2f-db6fe3d9e591:NET_CASH_OR_LEVERAGE","6ba09398-e18c-41d5-af2f-db6fe3d9e591","CCL","NET_CASH_OR_LEVERAGE","1","[]","BLOCKED_CONTRACT","EXACT_FIELD_PERIOD_OR_SCOPE_CONTRACT_NOT_PROVEN","","","","0"
"6ba09398-e18c-41d5-af2f-db6fe3d9e591:BRAND_DISTRIBUTION_CATEGORY_DURABILITY","6ba09398-e18c-41d5-af2f-db6fe3d9e591","CCL","BRAND_DISTRIBUTION_CATEGORY_DURABILITY","1","[]","CACHE_EXCERPT_REVIEW","CITED_DOCUMENT_REVIEW_AND_REQUIREMENT_FACT_CONTRACT_REQUIRED","","","","0"
"6ba09398-e18c-41d5-af2f-db6fe3d9e591:VALUATION","6ba09398-e18c-41d5-af2f-db6fe3d9e591","CCL","VALUATION","1","[]","BLOCKED_CONTRACT","EXACT_FIELD_PERIOD_OR_SCOPE_CONTRACT_NOT_PROVEN","","","","0"
"6ba09398-e18c-41d5-af2f-db6fe3d9e591:MOMENTUM_12M_RELATIVE","6ba09398-e18c-41d5-af2f-db6fe3d9e591","CCL","MOMENTUM_12M_RELATIVE","252","[]","BLOCKED_HISTORY_AUTHORITY","REVIEWED_SESSION_CALENDAR_AND_ADJUSTMENT_COVERAGE_REQUIRED","","","","0"
"6ba09398-e18c-41d5-af2f-db6fe3d9e591:CATEGORY_AND_MARKET_RISK","6ba09398-e18c-41d5-af2f-db6fe3d9e591","CCL","CATEGORY_AND_MARKET_RISK","1","[]","BLOCKED_CONTRACT","EXACT_FIELD_PERIOD_OR_SCOPE_CONTRACT_NOT_PROVEN","","","","0"
"6ba09398-e18c-41d5-af2f-db6fe3d9e591:OWNERSHIP_GOVERNANCE","6ba09398-e18c-41d5-af2f-db6fe3d9e591","CCL","OWNERSHIP_GOVERNANCE","4","[]","CACHE_QUARTER_REVIEW","OWNERSHIP_SERIES_DEFINITION_AND_BASIS_REVIEW_REQUIRED","","","","0"
"80a64fe7-8dcd-4c6c-8093-fd6b6ee1606a:NIM_OR_SPREAD_HISTORY","80a64fe7-8dcd-4c6c-8093-fd6b6ee1606a","CGCL","NIM_OR_SPREAD_HISTORY","8","[]","BLOCKED_CONTRACT","EXACT_FIELD_PERIOD_OR_SCOPE_CONTRACT_NOT_PROVEN","","","","0"
"80a64fe7-8dcd-4c6c-8093-fd6b6ee1606a:GNPA_NNPA_CREDIT_COST","80a64fe7-8dcd-4c6c-8093-fd6b6ee1606a","CGCL","GNPA_NNPA_CREDIT_COST","8","[]","BLOCKED_CONTRACT","EXACT_FIELD_PERIOD_OR_SCOPE_CONTRACT_NOT_PROVEN","","","","0"
"80a64fe7-8dcd-4c6c-8093-fd6b6ee1606a:AUM_ADVANCES_DISBURSEMENT_GROWTH","80a64fe7-8dcd-4c6c-8093-fd6b6ee1606a","CGCL","AUM_ADVANCES_DISBURSEMENT_GROWTH","8","[]","BLOCKED_CONTRACT","EXACT_FIELD_PERIOD_OR_SCOPE_CONTRACT_NOT_PROVEN","","","","0"
"80a64fe7-8dcd-4c6c-8093-fd6b6ee1606a:BORROWER_OR_SEGMENT_GROWTH","80a64fe7-8dcd-4c6c-8093-fd6b6ee1606a","CGCL","BORROWER_OR_SEGMENT_GROWTH","8","[]","BLOCKED_CONTRACT","EXACT_FIELD_PERIOD_OR_SCOPE_CONTRACT_NOT_PROVEN","","","","0"
"80a64fe7-8dcd-4c6c-8093-fd6b6ee1606a:ROA_ROE_CAPITAL_ADEQUACY","80a64fe7-8dcd-4c6c-8093-fd6b6ee1606a","CGCL","ROA_ROE_CAPITAL_ADEQUACY","3","[]","BLOCKED_CONTRACT","EXACT_FIELD_PERIOD_OR_SCOPE_CONTRACT_NOT_PROVEN","","","","0"
"80a64fe7-8dcd-4c6c-8093-fd6b6ee1606a:CAPITAL_ADEQUACY","80a64fe7-8dcd-4c6c-8093-fd6b6ee1606a","CGCL","CAPITAL_ADEQUACY","3","[]","BLOCKED_CONTRACT","EXACT_FIELD_PERIOD_OR_SCOPE_CONTRACT_NOT_PROVEN","","","","0"
"80a64fe7-8dcd-4c6c-8093-fd6b6ee1606a:LIQUIDITY_ALM","80a64fe7-8dcd-4c6c-8093-fd6b6ee1606a","CGCL","LIQUIDITY_ALM","3","[]","BLOCKED_CONTRACT","EXACT_FIELD_PERIOD_OR_SCOPE_CONTRACT_NOT_PROVEN","","","","0"
"80a64fe7-8dcd-4c6c-8093-fd6b6ee1606a:LEVERAGE","80a64fe7-8dcd-4c6c-8093-fd6b6ee1606a","CGCL","LEVERAGE","3","[]","BLOCKED_CONTRACT","EXACT_FIELD_PERIOD_OR_SCOPE_CONTRACT_NOT_PROVEN","","","","0"
"80a64fe7-8dcd-4c6c-8093-fd6b6ee1606a:EXTERNAL_RATING","80a64fe7-8dcd-4c6c-8093-fd6b6ee1606a","CGCL","EXTERNAL_RATING","3","[]","CACHE_EXCERPT_REVIEW","CITED_DOCUMENT_REVIEW_AND_REQUIREMENT_FACT_CONTRACT_REQUIRED","","","","0"
"80a64fe7-8dcd-4c6c-8093-fd6b6ee1606a:FUNDING_DIVERSIFICATION","80a64fe7-8dcd-4c6c-8093-fd6b6ee1606a","CGCL","FUNDING_DIVERSIFICATION","3","[]","BLOCKED_CONTRACT","EXACT_FIELD_PERIOD_OR_SCOPE_CONTRACT_NOT_PROVEN","","","","0"
"80a64fe7-8dcd-4c6c-8093-fd6b6ee1606a:FRANCHISE_OR_DISTRIBUTION","80a64fe7-8dcd-4c6c-8093-fd6b6ee1606a","CGCL","FRANCHISE_OR_DISTRIBUTION","3","[]","CACHE_EXCERPT_REVIEW","CITED_DOCUMENT_REVIEW_AND_REQUIREMENT_FACT_CONTRACT_REQUIRED","","","","0"
"80a64fe7-8dcd-4c6c-8093-fd6b6ee1606a:UNDERWRITING_CYCLE_HISTORY","80a64fe7-8dcd-4c6c-8093-fd6b6ee1606a","CGCL","UNDERWRITING_CYCLE_HISTORY","3","[]","CACHE_EXCERPT_REVIEW","CITED_DOCUMENT_REVIEW_AND_REQUIREMENT_FACT_CONTRACT_REQUIRED","","","","0"
"80a64fe7-8dcd-4c6c-8093-fd6b6ee1606a:PB_RELATIVE_TO_ROE","80a64fe7-8dcd-4c6c-8093-fd6b6ee1606a","CGCL","PB_RELATIVE_TO_ROE","3","[]","BLOCKED_CONTRACT","EXACT_FIELD_PERIOD_OR_SCOPE_CONTRACT_NOT_PROVEN","","","","0"
"80a64fe7-8dcd-4c6c-8093-fd6b6ee1606a:PE_RELATIVE_TO_PEERS_AND_SELF_HISTORY","80a64fe7-8dcd-4c6c-8093-fd6b6ee1606a","CGCL","PE_RELATIVE_TO_PEERS_AND_SELF_HISTORY","3","[]","BLOCKED_CONTRACT","EXACT_FIELD_PERIOD_OR_SCOPE_CONTRACT_NOT_PROVEN","","","","0"
"80a64fe7-8dcd-4c6c-8093-fd6b6ee1606a:EV_AUM_OR_PRICE_AUM_WHEN_APPLICABLE","80a64fe7-8dcd-4c6c-8093-fd6b6ee1606a","CGCL","EV_AUM_OR_PRICE_AUM_WHEN_APPLICABLE","3","[]","BLOCKED_CONTRACT","EXACT_FIELD_PERIOD_OR_SCOPE_CONTRACT_NOT_PROVEN","","","","0"
"80a64fe7-8dcd-4c6c-8093-fd6b6ee1606a:PRICE_HISTORY_252D","80a64fe7-8dcd-4c6c-8093-fd6b6ee1606a","CGCL","PRICE_HISTORY_252D","252","[]","BLOCKED_HISTORY_AUTHORITY","REVIEWED_SESSION_CALENDAR_AND_ADJUSTMENT_COVERAGE_REQUIRED","","","","0"
"80a64fe7-8dcd-4c6c-8093-fd6b6ee1606a:APPROVED_BENCHMARK_HISTORY_252D","80a64fe7-8dcd-4c6c-8093-fd6b6ee1606a","CGCL","APPROVED_BENCHMARK_HISTORY_252D","252","[]","BLOCKED_HISTORY_AUTHORITY","EXACT_BENCHMARK_AUTHORITY_OR_TOKEN_REQUIRED","","","","0"
"80a64fe7-8dcd-4c6c-8093-fd6b6ee1606a:ASSET_QUALITY","80a64fe7-8dcd-4c6c-8093-fd6b6ee1606a","CGCL","ASSET_QUALITY","252","[]","BLOCKED_CONTRACT","EXACT_FIELD_PERIOD_OR_SCOPE_CONTRACT_NOT_PROVEN","","","","0"
"80a64fe7-8dcd-4c6c-8093-fd6b6ee1606a:ALM_MISMATCH","80a64fe7-8dcd-4c6c-8093-fd6b6ee1606a","CGCL","ALM_MISMATCH","252","[]","BLOCKED_CONTRACT","EXACT_FIELD_PERIOD_OR_SCOPE_CONTRACT_NOT_PROVEN","","","","0"
"80a64fe7-8dcd-4c6c-8093-fd6b6ee1606a:RATING_TREND","80a64fe7-8dcd-4c6c-8093-fd6b6ee1606a","CGCL","RATING_TREND","252","[]","CACHE_EXCERPT_REVIEW","CITED_DOCUMENT_REVIEW_AND_REQUIREMENT_FACT_CONTRACT_REQUIRED","","","","0"
"80a64fe7-8dcd-4c6c-8093-fd6b6ee1606a:MARKET_DRAWDOWN","80a64fe7-8dcd-4c6c-8093-fd6b6ee1606a","CGCL","MARKET_DRAWDOWN","252","[]","BLOCKED_HISTORY_AUTHORITY","REVIEWED_SESSION_CALENDAR_AND_ADJUSTMENT_COVERAGE_REQUIRED","","","","0"
"80a64fe7-8dcd-4c6c-8093-fd6b6ee1606a:OWNERSHIP_TREND_4Q","80a64fe7-8dcd-4c6c-8093-fd6b6ee1606a","CGCL","OWNERSHIP_TREND_4Q","4","[]","CACHE_QUARTER_REVIEW","OWNERSHIP_SERIES_DEFINITION_AND_BASIS_REVIEW_REQUIRED","","","","0"
"80a64fe7-8dcd-4c6c-8093-fd6b6ee1606a:GOVERNANCE_EVENT_REVIEW","80a64fe7-8dcd-4c6c-8093-fd6b6ee1606a","CGCL","GOVERNANCE_EVENT_REVIEW","4","[]","CACHE_EXCERPT_REVIEW","CITED_DOCUMENT_REVIEW_AND_REQUIREMENT_FACT_CONTRACT_REQUIRED","","","","0"
"5643737c-3c55-472d-af20-59d3121d6b9c:OPERATING_MARGIN_HISTORY","5643737c-3c55-472d-af20-59d3121d6b9c","CGPOWER","OPERATING_MARGIN_HISTORY","1","[]","ACQUIRE_RAW_THEN_REVIEW","EXACT_FIELD_MISSING_AND_RESPONSE_METADATA_UNPROVEN","TRENDLYNE","get_parameter_values_multi_stock","{""type"":""stock"",""query"":""CGPOWER CGPOWER instrument 293 OPM TTM % as of 2026-10-05; supply 1 distinct dated TTM reporting periods, period start/end, unit/scale, currency, consolidated/standalone scope, publication dates and source field labels; no relative-year labels as period proof""}","1"
"5643737c-3c55-472d-af20-59d3121d6b9c:REVENUE_AND_ORDER_GROWTH_MULTI_PERIOD","5643737c-3c55-472d-af20-59d3121d6b9c","CGPOWER","REVENUE_AND_ORDER_GROWTH_MULTI_PERIOD","1","[]","BLOCKED_CONTRACT","EXACT_FIELD_PERIOD_OR_SCOPE_CONTRACT_NOT_PROVEN","","","","0"
"5643737c-3c55-472d-af20-59d3121d6b9c:ROCE_OR_ROIC","5643737c-3c55-472d-af20-59d3121d6b9c","CGPOWER","ROCE_OR_ROIC","1","[]","CACHE_FIELD_METADATA_REVIEW","REPORTING_PERIOD_INVALID","","","","0"
"5643737c-3c55-472d-af20-59d3121d6b9c:CFO_FCF_AND_WORKING_CAPITAL","5643737c-3c55-472d-af20-59d3121d6b9c","CGPOWER","CFO_FCF_AND_WORKING_CAPITAL","1","[]","BLOCKED_CONTRACT","EXACT_FIELD_PERIOD_OR_SCOPE_CONTRACT_NOT_PROVEN","","","","0"
"5643737c-3c55-472d-af20-59d3121d6b9c:NET_DEBT_AND_INTEREST_COVERAGE","5643737c-3c55-472d-af20-59d3121d6b9c","CGPOWER","NET_DEBT_AND_INTEREST_COVERAGE","1","[]","BLOCKED_CONTRACT","EXACT_FIELD_PERIOD_OR_SCOPE_CONTRACT_NOT_PROVEN","","","","0"
"5643737c-3c55-472d-af20-59d3121d6b9c:BUSINESS_DURABILITY","5643737c-3c55-472d-af20-59d3121d6b9c","CGPOWER","BUSINESS_DURABILITY","1","[]","CACHE_EXCERPT_REVIEW","CITED_DOCUMENT_REVIEW_AND_REQUIREMENT_FACT_CONTRACT_REQUIRED","","","","0"
"5643737c-3c55-472d-af20-59d3121d6b9c:VALUATION","5643737c-3c55-472d-af20-59d3121d6b9c","CGPOWER","VALUATION","1","[]","BLOCKED_CONTRACT","EXACT_FIELD_PERIOD_OR_SCOPE_CONTRACT_NOT_PROVEN","","","","0"
"5643737c-3c55-472d-af20-59d3121d6b9c:MOMENTUM_12M_RELATIVE","5643737c-3c55-472d-af20-59d3121d6b9c","CGPOWER","MOMENTUM_12M_RELATIVE","252","[]","BLOCKED_HISTORY_AUTHORITY","REVIEWED_SESSION_CALENDAR_AND_ADJUSTMENT_COVERAGE_REQUIRED","","","","0"
"5643737c-3c55-472d-af20-59d3121d6b9c:DRAWDOWN_VOLATILITY_RISK","5643737c-3c55-472d-af20-59d3121d6b9c","CGPOWER","DRAWDOWN_VOLATILITY_RISK","252","[]","BLOCKED_HISTORY_AUTHORITY","REVIEWED_SESSION_CALENDAR_AND_ADJUSTMENT_COVERAGE_REQUIRED","","","","0"
"5643737c-3c55-472d-af20-59d3121d6b9c:OWNERSHIP_GOVERNANCE","5643737c-3c55-472d-af20-59d3121d6b9c","CGPOWER","OWNERSHIP_GOVERNANCE","4","[]","CACHE_QUARTER_REVIEW","OWNERSHIP_SERIES_DEFINITION_AND_BASIS_REVIEW_REQUIRED","","","","0"
"8a9e5286-a857-4cd9-8eda-e82378482ff6:OPERATING_MARGIN_HISTORY","8a9e5286-a857-4cd9-8eda-e82378482ff6","CIPLA","OPERATING_MARGIN_HISTORY","8","[]","CACHE_FIELD_METADATA_REVIEW","REPORTING_PERIOD_INVALID","","","","0"
"8a9e5286-a857-4cd9-8eda-e82378482ff6:ROCE_OR_ROIC","8a9e5286-a857-4cd9-8eda-e82378482ff6","CIPLA","ROCE_OR_ROIC","3","[]","CACHE_FIELD_METADATA_REVIEW","REPORTING_PERIOD_INVALID","","","","0"
"8a9e5286-a857-4cd9-8eda-e82378482ff6:REVENUE_GROWTH_MULTI_PERIOD","8a9e5286-a857-4cd9-8eda-e82378482ff6","CIPLA","REVENUE_GROWTH_MULTI_PERIOD","3","[]","CACHE_FIELD_METADATA_REVIEW","METRIC_CONTRACT_NOT_REVIEWED","","","","0"
"8a9e5286-a857-4cd9-8eda-e82378482ff6:NET_PROFIT_GROWTH_MULTI_PERIOD","8a9e5286-a857-4cd9-8eda-e82378482ff6","CIPLA","NET_PROFIT_GROWTH_MULTI_PERIOD","3","[]","CACHE_FIELD_METADATA_REVIEW","REPORTING_PERIOD_TYPE_NOT_PROVEN","","","","0"
"8a9e5286-a857-4cd9-8eda-e82378482ff6:EPS_GROWTH_MULTI_PERIOD","8a9e5286-a857-4cd9-8eda-e82378482ff6","CIPLA","EPS_GROWTH_MULTI_PERIOD","3","[]","BLOCKED_CONTRACT","EXACT_FIELD_PERIOD_OR_SCOPE_CONTRACT_NOT_PROVEN","","","","0"
"8a9e5286-a857-4cd9-8eda-e82378482ff6:CFO_OR_FCF_CONVERSION","8a9e5286-a857-4cd9-8eda-e82378482ff6","CIPLA","CFO_OR_FCF_CONVERSION","3","[]","CACHE_FIELD_METADATA_REVIEW","METRIC_CONTRACT_NOT_REVIEWED","","","","0"
"8a9e5286-a857-4cd9-8eda-e82378482ff6:CAPEX","8a9e5286-a857-4cd9-8eda-e82378482ff6","CIPLA","CAPEX","3","[]","BLOCKED_CONTRACT","EXACT_FIELD_PERIOD_OR_SCOPE_CONTRACT_NOT_PROVEN","","","","0"
"8a9e5286-a857-4cd9-8eda-e82378482ff6:NET_CASH_OR_LEVERAGE","8a9e5286-a857-4cd9-8eda-e82378482ff6","CIPLA","NET_CASH_OR_LEVERAGE","3","[]","BLOCKED_CONTRACT","EXACT_FIELD_PERIOD_OR_SCOPE_CONTRACT_NOT_PROVEN","","","","0"
"8a9e5286-a857-4cd9-8eda-e82378482ff6:PE","8a9e5286-a857-4cd9-8eda-e82378482ff6","CIPLA","PE","3","[]","CACHE_FIELD_METADATA_REVIEW","REPORTING_PERIOD_TYPE_NOT_PROVEN","","","","0"
"8a9e5286-a857-4cd9-8eda-e82378482ff6:EV_EBITDA","8a9e5286-a857-4cd9-8eda-e82378482ff6","CIPLA","EV_EBITDA","3","[]","BLOCKED_CONTRACT","EXACT_FIELD_PERIOD_OR_SCOPE_CONTRACT_NOT_PROVEN","","","","0"
"8a9e5286-a857-4cd9-8eda-e82378482ff6:FCF_YIELD","8a9e5286-a857-4cd9-8eda-e82378482ff6","CIPLA","FCF_YIELD","3","[]","BLOCKED_CONTRACT","EXACT_FIELD_PERIOD_OR_SCOPE_CONTRACT_NOT_PROVEN","","","","0"
"8a9e5286-a857-4cd9-8eda-e82378482ff6:PRICE_HISTORY_252D","8a9e5286-a857-4cd9-8eda-e82378482ff6","CIPLA","PRICE_HISTORY_252D","252","[]","BLOCKED_HISTORY_AUTHORITY","REVIEWED_SESSION_CALENDAR_AND_ADJUSTMENT_COVERAGE_REQUIRED","","","","0"
"8a9e5286-a857-4cd9-8eda-e82378482ff6:APPROVED_BENCHMARK_HISTORY_252D","8a9e5286-a857-4cd9-8eda-e82378482ff6","CIPLA","APPROVED_BENCHMARK_HISTORY_252D","252","[]","BLOCKED_HISTORY_AUTHORITY","EXACT_BENCHMARK_AUTHORITY_OR_TOKEN_REQUIRED","","","","0"
"8a9e5286-a857-4cd9-8eda-e82378482ff6:MARKET_DRAWDOWN","8a9e5286-a857-4cd9-8eda-e82378482ff6","CIPLA","MARKET_DRAWDOWN","252","[]","BLOCKED_HISTORY_AUTHORITY","REVIEWED_SESSION_CALENDAR_AND_ADJUSTMENT_COVERAGE_REQUIRED","","","","0"
"8a9e5286-a857-4cd9-8eda-e82378482ff6:VOLATILITY_252D","8a9e5286-a857-4cd9-8eda-e82378482ff6","CIPLA","VOLATILITY_252D","252","[]","BLOCKED_HISTORY_AUTHORITY","REVIEWED_SESSION_CALENDAR_AND_ADJUSTMENT_COVERAGE_REQUIRED","","","","0"
"8a9e5286-a857-4cd9-8eda-e82378482ff6:REGULATORY_RISK","8a9e5286-a857-4cd9-8eda-e82378482ff6","CIPLA","REGULATORY_RISK","252","[]","CACHE_EXCERPT_REVIEW","CITED_DOCUMENT_REVIEW_AND_REQUIREMENT_FACT_CONTRACT_REQUIRED","","","","0"
"8a9e5286-a857-4cd9-8eda-e82378482ff6:OWNERSHIP_TREND_4Q","8a9e5286-a857-4cd9-8eda-e82378482ff6","CIPLA","OWNERSHIP_TREND_4Q","4","[]","CACHE_QUARTER_REVIEW","OWNERSHIP_SERIES_DEFINITION_AND_BASIS_REVIEW_REQUIRED","","","","0"
"8a9e5286-a857-4cd9-8eda-e82378482ff6:GOVERNANCE_EVENT_REVIEW","8a9e5286-a857-4cd9-8eda-e82378482ff6","CIPLA","GOVERNANCE_EVENT_REVIEW","4","[]","CACHE_EXCERPT_REVIEW","CITED_DOCUMENT_REVIEW_AND_REQUIREMENT_FACT_CONTRACT_REQUIRED","","","","0"
"b9ec22c1-bb74-4206-8d14-45b1f4b10293:THROUGH_CYCLE_MARGIN_COST_QUALITY","b9ec22c1-bb74-4206-8d14-45b1f4b10293","COALINDIA","THROUGH_CYCLE_MARGIN_COST_QUALITY","8","[]","BLOCKED_CONTRACT","EXACT_FIELD_PERIOD_OR_SCOPE_CONTRACT_NOT_PROVEN","","","","0"
"b9ec22c1-bb74-4206-8d14-45b1f4b10293:REALIZATION_COST_POSITION","b9ec22c1-bb74-4206-8d14-45b1f4b10293","COALINDIA","REALIZATION_COST_POSITION","8","[]","BLOCKED_CONTRACT","EXACT_FIELD_PERIOD_OR_SCOPE_CONTRACT_NOT_PROVEN","","","","0"
"b9ec22c1-bb74-4206-8d14-45b1f4b10293:PRODUCTION_OFFTAKE_REALIZATION_GROWTH","b9ec22c1-bb74-4206-8d14-45b1f4b10293","COALINDIA","PRODUCTION_OFFTAKE_REALIZATION_GROWTH","8","[]","BLOCKED_CONTRACT","EXACT_FIELD_PERIOD_OR_SCOPE_CONTRACT_NOT_PROVEN","","","","0"
"b9ec22c1-bb74-4206-8d14-45b1f4b10293:ROCE_OR_ROIC_THROUGH_CYCLE","b9ec22c1-bb74-4206-8d14-45b1f4b10293","COALINDIA","ROCE_OR_ROIC_THROUGH_CYCLE","3","[]","BLOCKED_CONTRACT","EXACT_FIELD_PERIOD_OR_SCOPE_CONTRACT_NOT_PROVEN","","","","0"
"b9ec22c1-bb74-4206-8d14-45b1f4b10293:CFO_OR_FCF_CONVERSION_THROUGH_CYCLE","b9ec22c1-bb74-4206-8d14-45b1f4b10293","COALINDIA","CFO_OR_FCF_CONVERSION_THROUGH_CYCLE","3","[]","BLOCKED_CONTRACT","EXACT_FIELD_PERIOD_OR_SCOPE_CONTRACT_NOT_PROVEN","","","","0"
"b9ec22c1-bb74-4206-8d14-45b1f4b10293:NET_CASH_OR_LEVERAGE","b9ec22c1-bb74-4206-8d14-45b1f4b10293","COALINDIA","NET_CASH_OR_LEVERAGE","3","[]","BLOCKED_CONTRACT","EXACT_FIELD_PERIOD_OR_SCOPE_CONTRACT_NOT_PROVEN","","","","0"
"b9ec22c1-bb74-4206-8d14-45b1f4b10293:RESERVES_COST_POSITION_OFFTAKE","b9ec22c1-bb74-4206-8d14-45b1f4b10293","COALINDIA","RESERVES_COST_POSITION_OFFTAKE","3","[]","CACHE_EXCERPT_REVIEW","CITED_DOCUMENT_REVIEW_AND_REQUIREMENT_FACT_CONTRACT_REQUIRED","","","","0"
"b9ec22c1-bb74-4206-8d14-45b1f4b10293:SCALE","b9ec22c1-bb74-4206-8d14-45b1f4b10293","COALINDIA","SCALE","3","[]","BLOCKED_CONTRACT","EXACT_FIELD_PERIOD_OR_SCOPE_CONTRACT_NOT_PROVEN","","","","0"
"b9ec22c1-bb74-4206-8d14-45b1f4b10293:EV_EBITDA_NORMALIZED","b9ec22c1-bb74-4206-8d14-45b1f4b10293","COALINDIA","EV_EBITDA_NORMALIZED","3","[]","BLOCKED_CONTRACT","EXACT_FIELD_PERIOD_OR_SCOPE_CONTRACT_NOT_PROVEN","","","","0"
"b9ec22c1-bb74-4206-8d14-45b1f4b10293:FCF_YIELD_NORMALIZED","b9ec22c1-bb74-4206-8d14-45b1f4b10293","COALINDIA","FCF_YIELD_NORMALIZED","3","[]","BLOCKED_CONTRACT","EXACT_FIELD_PERIOD_OR_SCOPE_CONTRACT_NOT_PROVEN","","","","0"
"b9ec22c1-bb74-4206-8d14-45b1f4b10293:PB_ROCE_CONTEXT","b9ec22c1-bb74-4206-8d14-45b1f4b10293","COALINDIA","PB_ROCE_CONTEXT","3","[]","BLOCKED_CONTRACT","EXACT_FIELD_PERIOD_OR_SCOPE_CONTRACT_NOT_PROVEN","","","","0"
"b9ec22c1-bb74-4206-8d14-45b1f4b10293:DIVIDEND_YIELD_CONTEXT","b9ec22c1-bb74-4206-8d14-45b1f4b10293","COALINDIA","DIVIDEND_YIELD_CONTEXT","3","[]","BLOCKED_CONTRACT","EXACT_FIELD_PERIOD_OR_SCOPE_CONTRACT_NOT_PROVEN","","","","0"
"b9ec22c1-bb74-4206-8d14-45b1f4b10293:PRICE_HISTORY_252D","b9ec22c1-bb74-4206-8d14-45b1f4b10293","COALINDIA","PRICE_HISTORY_252D","252","[]","BLOCKED_HISTORY_AUTHORITY","REVIEWED_SESSION_CALENDAR_AND_ADJUSTMENT_COVERAGE_REQUIRED","","","","0"
"b9ec22c1-bb74-4206-8d14-45b1f4b10293:APPROVED_BENCHMARK_HISTORY_252D","b9ec22c1-bb74-4206-8d14-45b1f4b10293","COALINDIA","APPROVED_BENCHMARK_HISTORY_252D","252","[]","BLOCKED_HISTORY_AUTHORITY","EXACT_BENCHMARK_AUTHORITY_OR_TOKEN_REQUIRED","","","","0"
"b9ec22c1-bb74-4206-8d14-45b1f4b10293:COMMODITY_POLICY_ENERGY_TRANSITION_MINING","b9ec22c1-bb74-4206-8d14-45b1f4b10293","COALINDIA","COMMODITY_POLICY_ENERGY_TRANSITION_MINING","252","[]","CACHE_EXCERPT_REVIEW","CITED_DOCUMENT_REVIEW_AND_REQUIREMENT_FACT_CONTRACT_REQUIRED","","","","0"
"b9ec22c1-bb74-4206-8d14-45b1f4b10293:MARKET_DRAWDOWN","b9ec22c1-bb74-4206-8d14-45b1f4b10293","COALINDIA","MARKET_DRAWDOWN","252","[]","BLOCKED_HISTORY_AUTHORITY","REVIEWED_SESSION_CALENDAR_AND_ADJUSTMENT_COVERAGE_REQUIRED","","","","0"
"b9ec22c1-bb74-4206-8d14-45b1f4b10293:OWNERSHIP_TREND_4Q","b9ec22c1-bb74-4206-8d14-45b1f4b10293","COALINDIA","OWNERSHIP_TREND_4Q","4","[]","CACHE_QUARTER_REVIEW","OWNERSHIP_SERIES_DEFINITION_AND_BASIS_REVIEW_REQUIRED","","","","0"
"b9ec22c1-bb74-4206-8d14-45b1f4b10293:GOVERNANCE_EVENT_REVIEW","b9ec22c1-bb74-4206-8d14-45b1f4b10293","COALINDIA","GOVERNANCE_EVENT_REVIEW","4","[]","CACHE_EXCERPT_REVIEW","CITED_DOCUMENT_REVIEW_AND_REQUIREMENT_FACT_CONTRACT_REQUIRED","","","","0"
"1c205f01-6864-4628-8613-8580e5211fb9:OPERATING_MARGIN_HISTORY","1c205f01-6864-4628-8613-8580e5211fb9","COROMANDEL","OPERATING_MARGIN_HISTORY","1","[]","CACHE_FIELD_METADATA_REVIEW","REPORTING_PERIOD_INVALID","","","","0"
"1c205f01-6864-4628-8613-8580e5211fb9:REVENUE_AND_VOLUME_GROWTH_MULTI_PERIOD","1c205f01-6864-4628-8613-8580e5211fb9","COROMANDEL","REVENUE_AND_VOLUME_GROWTH_MULTI_PERIOD","1","[]","BLOCKED_CONTRACT","EXACT_FIELD_PERIOD_OR_SCOPE_CONTRACT_NOT_PROVEN","","","","0"
"1c205f01-6864-4628-8613-8580e5211fb9:ROCE_OR_ROIC","1c205f01-6864-4628-8613-8580e5211fb9","COROMANDEL","ROCE_OR_ROIC","1","[]","ACQUIRE_RAW_THEN_REVIEW","EXACT_FIELD_MISSING_AND_RESPONSE_METADATA_UNPROVEN","TRENDLYNE","get_parameter_values_multi_stock","{""type"":""stock"",""query"":""COROMANDEL COROMANDEL instrument 284 ROCE Ann. % as of 2026-10-05; supply 1 distinct dated YEAR reporting periods, period start/end, unit/scale, currency, consolidated/standalone scope, publication dates and source field labels; no relative-year labels as period proof""}","1"
"1c205f01-6864-4628-8613-8580e5211fb9:CFO_OR_FCF_CONVERSION","1c205f01-6864-4628-8613-8580e5211fb9","COROMANDEL","CFO_OR_FCF_CONVERSION","1","[]","CACHE_FIELD_METADATA_REVIEW","METRIC_CONTRACT_NOT_REVIEWED","","","","0"
"1c205f01-6864-4628-8613-8580e5211fb9:NET_CASH_OR_LEVERAGE","1c205f01-6864-4628-8613-8580e5211fb9","COROMANDEL","NET_CASH_OR_LEVERAGE","1","[]","BLOCKED_CONTRACT","EXACT_FIELD_PERIOD_OR_SCOPE_CONTRACT_NOT_PROVEN","","","","0"
"1c205f01-6864-4628-8613-8580e5211fb9:BUSINESS_DURABILITY","1c205f01-6864-4628-8613-8580e5211fb9","COROMANDEL","BUSINESS_DURABILITY","1","[]","CACHE_EXCERPT_REVIEW","CITED_DOCUMENT_REVIEW_AND_REQUIREMENT_FACT_CONTRACT_REQUIRED","","","","0"
"1c205f01-6864-4628-8613-8580e5211fb9:VALUATION","1c205f01-6864-4628-8613-8580e5211fb9","COROMANDEL","VALUATION","1","[]","BLOCKED_CONTRACT","EXACT_FIELD_PERIOD_OR_SCOPE_CONTRACT_NOT_PROVEN","","","","0"
"1c205f01-6864-4628-8613-8580e5211fb9:MOMENTUM_12M_RELATIVE","1c205f01-6864-4628-8613-8580e5211fb9","COROMANDEL","MOMENTUM_12M_RELATIVE","252","[]","BLOCKED_HISTORY_AUTHORITY","REVIEWED_SESSION_CALENDAR_AND_ADJUSTMENT_COVERAGE_REQUIRED","","","","0"
"1c205f01-6864-4628-8613-8580e5211fb9:DRAWDOWN_VOLATILITY_RISK","1c205f01-6864-4628-8613-8580e5211fb9","COROMANDEL","DRAWDOWN_VOLATILITY_RISK","252","[]","BLOCKED_HISTORY_AUTHORITY","REVIEWED_SESSION_CALENDAR_AND_ADJUSTMENT_COVERAGE_REQUIRED","","","","0"
"1c205f01-6864-4628-8613-8580e5211fb9:OWNERSHIP_GOVERNANCE","1c205f01-6864-4628-8613-8580e5211fb9","COROMANDEL","OWNERSHIP_GOVERNANCE","4","[]","CACHE_QUARTER_REVIEW","OWNERSHIP_SERIES_DEFINITION_AND_BASIS_REVIEW_REQUIRED","","","","0"
"4b5237ea-28d4-4320-be0e-3ea0cc5da04a:GROSS_OPERATING_MARGIN_HISTORY","4b5237ea-28d4-4320-be0e-3ea0cc5da04a","CROMPTON","GROSS_OPERATING_MARGIN_HISTORY","8","[]","CACHE_FIELD_METADATA_REVIEW","REPORTING_PERIOD_INVALID","","","","0"
"4b5237ea-28d4-4320-be0e-3ea0cc5da04a:PRODUCT_MIX","4b5237ea-28d4-4320-be0e-3ea0cc5da04a","CROMPTON","PRODUCT_MIX","8","[]","CACHE_EXCERPT_REVIEW","CITED_DOCUMENT_REVIEW_AND_REQUIREMENT_FACT_CONTRACT_REQUIRED","","","","0"
"4b5237ea-28d4-4320-be0e-3ea0cc5da04a:REVENUE_VOLUME_CATEGORY_GROWTH","4b5237ea-28d4-4320-be0e-3ea0cc5da04a","CROMPTON","REVENUE_VOLUME_CATEGORY_GROWTH","8","[]","BLOCKED_CONTRACT","EXACT_FIELD_PERIOD_OR_SCOPE_CONTRACT_NOT_PROVEN","","","","0"
"4b5237ea-28d4-4320-be0e-3ea0cc5da04a:ROCE_OR_ROIC","4b5237ea-28d4-4320-be0e-3ea0cc5da04a","CROMPTON","ROCE_OR_ROIC","3","[]","ACQUIRE_RAW_THEN_REVIEW","EXACT_FIELD_MISSING_AND_RESPONSE_METADATA_UNPROVEN","TRENDLYNE","get_parameter_values_multi_stock","{""type"":""stock"",""query"":""CROMPTON CROMPTON instrument 2020 ROCE Ann. % as of 2026-10-05; supply 3 distinct dated YEAR reporting periods, period start/end, unit/scale, currency, consolidated/standalone scope, publication dates and source field labels; no relative-year labels as period proof""}","1"
"4b5237ea-28d4-4320-be0e-3ea0cc5da04a:CFO_FCF_WORKING_CAPITAL","4b5237ea-28d4-4320-be0e-3ea0cc5da04a","CROMPTON","CFO_FCF_WORKING_CAPITAL","3","[]","BLOCKED_CONTRACT","EXACT_FIELD_PERIOD_OR_SCOPE_CONTRACT_NOT_PROVEN","","","","0"
"4b5237ea-28d4-4320-be0e-3ea0cc5da04a:NET_CASH_OR_LEVERAGE","4b5237ea-28d4-4320-be0e-3ea0cc5da04a","CROMPTON","NET_CASH_OR_LEVERAGE","3","[]","BLOCKED_CONTRACT","EXACT_FIELD_PERIOD_OR_SCOPE_CONTRACT_NOT_PROVEN","","","","0"
"4b5237ea-28d4-4320-be0e-3ea0cc5da04a:BRAND_DISTRIBUTION_AFTERSALES","4b5237ea-28d4-4320-be0e-3ea0cc5da04a","CROMPTON","BRAND_DISTRIBUTION_AFTERSALES","3","[]","CACHE_EXCERPT_REVIEW","CITED_DOCUMENT_REVIEW_AND_REQUIREMENT_FACT_CONTRACT_REQUIRED","","","","0"
"4b5237ea-28d4-4320-be0e-3ea0cc5da04a:CATEGORY_POSITION","4b5237ea-28d4-4320-be0e-3ea0cc5da04a","CROMPTON","CATEGORY_POSITION","3","[]","BLOCKED_CONTRACT","EXACT_FIELD_PERIOD_OR_SCOPE_CONTRACT_NOT_PROVEN","","","","0"
"4b5237ea-28d4-4320-be0e-3ea0cc5da04a:PE_SELF_AND_PEER","4b5237ea-28d4-4320-be0e-3ea0cc5da04a","CROMPTON","PE_SELF_AND_PEER","3","[]","BLOCKED_CONTRACT","EXACT_FIELD_PERIOD_OR_SCOPE_CONTRACT_NOT_PROVEN","","","","0"
"4b5237ea-28d4-4320-be0e-3ea0cc5da04a:EV_EBITDA","4b5237ea-28d4-4320-be0e-3ea0cc5da04a","CROMPTON","EV_EBITDA","3","[]","BLOCKED_CONTRACT","EXACT_FIELD_PERIOD_OR_SCOPE_CONTRACT_NOT_PROVEN","","","","0"
"4b5237ea-28d4-4320-be0e-3ea0cc5da04a:FCF_YIELD","4b5237ea-28d4-4320-be0e-3ea0cc5da04a","CROMPTON","FCF_YIELD","3","[]","BLOCKED_CONTRACT","EXACT_FIELD_PERIOD_OR_SCOPE_CONTRACT_NOT_PROVEN","","","","0"
"4b5237ea-28d4-4320-be0e-3ea0cc5da04a:ROCE_CONTEXT","4b5237ea-28d4-4320-be0e-3ea0cc5da04a","CROMPTON","ROCE_CONTEXT","3","[]","BLOCKED_CONTRACT","EXACT_FIELD_PERIOD_OR_SCOPE_CONTRACT_NOT_PROVEN","","","","0"
"4b5237ea-28d4-4320-be0e-3ea0cc5da04a:PRICE_HISTORY_252D","4b5237ea-28d4-4320-be0e-3ea0cc5da04a","CROMPTON","PRICE_HISTORY_252D","252","[]","BLOCKED_HISTORY_AUTHORITY","REVIEWED_SESSION_CALENDAR_AND_ADJUSTMENT_COVERAGE_REQUIRED","","","","0"
"4b5237ea-28d4-4320-be0e-3ea0cc5da04a:APPROVED_BENCHMARK_HISTORY_252D","4b5237ea-28d4-4320-be0e-3ea0cc5da04a","CROMPTON","APPROVED_BENCHMARK_HISTORY_252D","252","[]","BLOCKED_HISTORY_AUTHORITY","EXACT_BENCHMARK_AUTHORITY_OR_TOKEN_REQUIRED","","","","0"
"4b5237ea-28d4-4320-be0e-3ea0cc5da04a:INPUT_COST_DEMAND_COMPETITION","4b5237ea-28d4-4320-be0e-3ea0cc5da04a","CROMPTON","INPUT_COST_DEMAND_COMPETITION","252","[]","CACHE_EXCERPT_REVIEW","CITED_DOCUMENT_REVIEW_AND_REQUIREMENT_FACT_CONTRACT_REQUIRED","","","","0"
"4b5237ea-28d4-4320-be0e-3ea0cc5da04a:MARKET_DRAWDOWN","4b5237ea-28d4-4320-be0e-3ea0cc5da04a","CROMPTON","MARKET_DRAWDOWN","252","[]","BLOCKED_HISTORY_AUTHORITY","REVIEWED_SESSION_CALENDAR_AND_ADJUSTMENT_COVERAGE_REQUIRED","","","","0"
"4b5237ea-28d4-4320-be0e-3ea0cc5da04a:OWNERSHIP_TREND_4Q","4b5237ea-28d4-4320-be0e-3ea0cc5da04a","CROMPTON","OWNERSHIP_TREND_4Q","4","[]","CACHE_QUARTER_REVIEW","OWNERSHIP_SERIES_DEFINITION_AND_BASIS_REVIEW_REQUIRED","","","","0"
"4b5237ea-28d4-4320-be0e-3ea0cc5da04a:GOVERNANCE_EVENT_REVIEW","4b5237ea-28d4-4320-be0e-3ea0cc5da04a","CROMPTON","GOVERNANCE_EVENT_REVIEW","4","[]","CACHE_EXCERPT_REVIEW","CITED_DOCUMENT_REVIEW_AND_REQUIREMENT_FACT_CONTRACT_REQUIRED","","","","0"
"4cd44d45-e5c6-4696-9744-25c19f44ac8e:OPERATING_MARGIN_HISTORY","4cd44d45-e5c6-4696-9744-25c19f44ac8e","DATAPATTNS","OPERATING_MARGIN_HISTORY","1","[]","CACHE_FIELD_METADATA_REVIEW","REPORTING_PERIOD_INVALID","","","","0"
"4cd44d45-e5c6-4696-9744-25c19f44ac8e:ORDER_BOOK_AND_EXECUTION_GROWTH","4cd44d45-e5c6-4696-9744-25c19f44ac8e","DATAPATTNS","ORDER_BOOK_AND_EXECUTION_GROWTH","1","[]","CACHE_EXCERPT_REVIEW","CITED_DOCUMENT_REVIEW_AND_REQUIREMENT_FACT_CONTRACT_REQUIRED","","","","0"
"4cd44d45-e5c6-4696-9744-25c19f44ac8e:ROCE_OR_ROIC","4cd44d45-e5c6-4696-9744-25c19f44ac8e","DATAPATTNS","ROCE_OR_ROIC","1","[]","CACHE_FIELD_METADATA_REVIEW","REPORTING_PERIOD_INVALID","","","","0"
"4cd44d45-e5c6-4696-9744-25c19f44ac8e:CFO_FCF_CONVERSION","4cd44d45-e5c6-4696-9744-25c19f44ac8e","DATAPATTNS","CFO_FCF_CONVERSION","1","[]","BLOCKED_CONTRACT","EXACT_FIELD_PERIOD_OR_SCOPE_CONTRACT_NOT_PROVEN","","","","0"
"4cd44d45-e5c6-4696-9744-25c19f44ac8e:NET_DEBT_AND_INTEREST_COVERAGE","4cd44d45-e5c6-4696-9744-25c19f44ac8e","DATAPATTNS","NET_DEBT_AND_INTEREST_COVERAGE","1","[]","BLOCKED_CONTRACT","EXACT_FIELD_PERIOD_OR_SCOPE_CONTRACT_NOT_PROVEN","","","","0"
"4cd44d45-e5c6-4696-9744-25c19f44ac8e:BUSINESS_DURABILITY","4cd44d45-e5c6-4696-9744-25c19f44ac8e","DATAPATTNS","BUSINESS_DURABILITY","1","[]","CACHE_EXCERPT_REVIEW","CITED_DOCUMENT_REVIEW_AND_REQUIREMENT_FACT_CONTRACT_REQUIRED","","","","0"
"4cd44d45-e5c6-4696-9744-25c19f44ac8e:VALUATION","4cd44d45-e5c6-4696-9744-25c19f44ac8e","DATAPATTNS","VALUATION","1","[]","BLOCKED_CONTRACT","EXACT_FIELD_PERIOD_OR_SCOPE_CONTRACT_NOT_PROVEN","","","","0"
"4cd44d45-e5c6-4696-9744-25c19f44ac8e:MOMENTUM_12M_RELATIVE","4cd44d45-e5c6-4696-9744-25c19f44ac8e","DATAPATTNS","MOMENTUM_12M_RELATIVE","252","[]","BLOCKED_HISTORY_AUTHORITY","REVIEWED_SESSION_CALENDAR_AND_ADJUSTMENT_COVERAGE_REQUIRED","","","","0"
"4cd44d45-e5c6-4696-9744-25c19f44ac8e:DRAWDOWN_VOLATILITY_RISK","4cd44d45-e5c6-4696-9744-25c19f44ac8e","DATAPATTNS","DRAWDOWN_VOLATILITY_RISK","252","[]","BLOCKED_HISTORY_AUTHORITY","REVIEWED_SESSION_CALENDAR_AND_ADJUSTMENT_COVERAGE_REQUIRED","","","","0"
"4cd44d45-e5c6-4696-9744-25c19f44ac8e:OWNERSHIP_GOVERNANCE","4cd44d45-e5c6-4696-9744-25c19f44ac8e","DATAPATTNS","OWNERSHIP_GOVERNANCE","4","[]","CACHE_QUARTER_REVIEW","OWNERSHIP_SERIES_DEFINITION_AND_BASIS_REVIEW_REQUIRED","","","","0"
"142f3023-ca8d-4f46-a42d-ba0d06c7a4c7:OPERATING_MARGIN_HISTORY","142f3023-ca8d-4f46-a42d-ba0d06c7a4c7","DEEPAKFERT","OPERATING_MARGIN_HISTORY","1","[]","ACQUIRE_RAW_THEN_REVIEW","EXACT_FIELD_MISSING_AND_RESPONSE_METADATA_UNPROVEN","TRENDLYNE","get_parameter_values_multi_stock","{""type"":""stock"",""query"":""DEEPAKFERT DEEPAKFERT instrument 317 OPM TTM % as of 2026-10-05; supply 1 distinct dated TTM reporting periods, period start/end, unit/scale, currency, consolidated/standalone scope, publication dates and source field labels; no relative-year labels as period proof""}","1"
"142f3023-ca8d-4f46-a42d-ba0d06c7a4c7:VOLUME_PRICE_MIX_GROWTH","142f3023-ca8d-4f46-a42d-ba0d06c7a4c7","DEEPAKFERT","VOLUME_PRICE_MIX_GROWTH","1","[]","BLOCKED_CONTRACT","EXACT_FIELD_PERIOD_OR_SCOPE_CONTRACT_NOT_PROVEN","","","","0"
"142f3023-ca8d-4f46-a42d-ba0d06c7a4c7:ROCE_OR_ROIC","142f3023-ca8d-4f46-a42d-ba0d06c7a4c7","DEEPAKFERT","ROCE_OR_ROIC","1","[]","CACHE_FIELD_METADATA_REVIEW","REPORTING_PERIOD_INVALID","","","","0"
"142f3023-ca8d-4f46-a42d-ba0d06c7a4c7:CFO_OR_FCF_CONVERSION","142f3023-ca8d-4f46-a42d-ba0d06c7a4c7","DEEPAKFERT","CFO_OR_FCF_CONVERSION","1","[]","CACHE_FIELD_METADATA_REVIEW","METRIC_CONTRACT_NOT_REVIEWED","","","","0"
"142f3023-ca8d-4f46-a42d-ba0d06c7a4c7:NET_CASH_OR_LEVERAGE","142f3023-ca8d-4f46-a42d-ba0d06c7a4c7","DEEPAKFERT","NET_CASH_OR_LEVERAGE","1","[]","BLOCKED_CONTRACT","EXACT_FIELD_PERIOD_OR_SCOPE_CONTRACT_NOT_PROVEN","","","","0"
"142f3023-ca8d-4f46-a42d-ba0d06c7a4c7:BUSINESS_DURABILITY","142f3023-ca8d-4f46-a42d-ba0d06c7a4c7","DEEPAKFERT","BUSINESS_DURABILITY","1","[]","CACHE_EXCERPT_REVIEW","CITED_DOCUMENT_REVIEW_AND_REQUIREMENT_FACT_CONTRACT_REQUIRED","","","","0"
"142f3023-ca8d-4f46-a42d-ba0d06c7a4c7:VALUATION","142f3023-ca8d-4f46-a42d-ba0d06c7a4c7","DEEPAKFERT","VALUATION","1","[]","BLOCKED_CONTRACT","EXACT_FIELD_PERIOD_OR_SCOPE_CONTRACT_NOT_PROVEN","","","","0"
"142f3023-ca8d-4f46-a42d-ba0d06c7a4c7:MOMENTUM_12M_RELATIVE","142f3023-ca8d-4f46-a42d-ba0d06c7a4c7","DEEPAKFERT","MOMENTUM_12M_RELATIVE","252","[]","BLOCKED_HISTORY_AUTHORITY","REVIEWED_SESSION_CALENDAR_AND_ADJUSTMENT_COVERAGE_REQUIRED","","","","0"
"142f3023-ca8d-4f46-a42d-ba0d06c7a4c7:DRAWDOWN_VOLATILITY_RISK","142f3023-ca8d-4f46-a42d-ba0d06c7a4c7","DEEPAKFERT","DRAWDOWN_VOLATILITY_RISK","252","[]","BLOCKED_HISTORY_AUTHORITY","REVIEWED_SESSION_CALENDAR_AND_ADJUSTMENT_COVERAGE_REQUIRED","","","","0"
"142f3023-ca8d-4f46-a42d-ba0d06c7a4c7:OWNERSHIP_GOVERNANCE","142f3023-ca8d-4f46-a42d-ba0d06c7a4c7","DEEPAKFERT","OWNERSHIP_GOVERNANCE","4","[]","CACHE_QUARTER_REVIEW","OWNERSHIP_SERIES_DEFINITION_AND_BASIS_REVIEW_REQUIRED","","","","0"
"01922190-3635-4057-b6b6-36bab37637cb:CYCLE_NORMALIZED_EARNINGS_QUALITY","01922190-3635-4057-b6b6-36bab37637cb","DEEPINDS","CYCLE_NORMALIZED_EARNINGS_QUALITY","8","[]","BLOCKED_CONTRACT","EXACT_FIELD_PERIOD_OR_SCOPE_CONTRACT_NOT_PROVEN","","","","0"
"01922190-3635-4057-b6b6-36bab37637cb:ASSET_SERVICE_MARGIN_QUALITY","01922190-3635-4057-b6b6-36bab37637cb","DEEPINDS","ASSET_SERVICE_MARGIN_QUALITY","8","[]","BLOCKED_CONTRACT","EXACT_FIELD_PERIOD_OR_SCOPE_CONTRACT_NOT_PROVEN","","","","0"
"01922190-3635-4057-b6b6-36bab37637cb:PRODUCTION_ORDER_REVENUE_GROWTH_BY_BUSINESS_MODEL","01922190-3635-4057-b6b6-36bab37637cb","DEEPINDS","PRODUCTION_ORDER_REVENUE_GROWTH_BY_BUSINESS_MODEL","8","[]","CACHE_EXCERPT_REVIEW","CITED_DOCUMENT_REVIEW_AND_REQUIREMENT_FACT_CONTRACT_REQUIRED","","","","0"
"01922190-3635-4057-b6b6-36bab37637cb:ROCE_OR_ROIC_THROUGH_CYCLE","01922190-3635-4057-b6b6-36bab37637cb","DEEPINDS","ROCE_OR_ROIC_THROUGH_CYCLE","3","[]","BLOCKED_CONTRACT","EXACT_FIELD_PERIOD_OR_SCOPE_CONTRACT_NOT_PROVEN","","","","0"
"01922190-3635-4057-b6b6-36bab37637cb:CFO_OR_FCF_CONVERSION_THROUGH_CYCLE","01922190-3635-4057-b6b6-36bab37637cb","DEEPINDS","CFO_OR_FCF_CONVERSION_THROUGH_CYCLE","3","[]","BLOCKED_CONTRACT","EXACT_FIELD_PERIOD_OR_SCOPE_CONTRACT_NOT_PROVEN","","","","0"
"01922190-3635-4057-b6b6-36bab37637cb:NET_DEBT_AND_INTEREST_COVERAGE","01922190-3635-4057-b6b6-36bab37637cb","DEEPINDS","NET_DEBT_AND_INTEREST_COVERAGE","3","[]","BLOCKED_CONTRACT","EXACT_FIELD_PERIOD_OR_SCOPE_CONTRACT_NOT_PROVEN","","","","0"
"01922190-3635-4057-b6b6-36bab37637cb:RESERVES_CONTRACT_VISIBILITY_ASSET_OR_SERVICE_DEPTH","01922190-3635-4057-b6b6-36bab37637cb","DEEPINDS","RESERVES_CONTRACT_VISIBILITY_ASSET_OR_SERVICE_DEPTH","3","[]","CACHE_EXCERPT_REVIEW","CITED_DOCUMENT_REVIEW_AND_REQUIREMENT_FACT_CONTRACT_REQUIRED","","","","0"
"01922190-3635-4057-b6b6-36bab37637cb:EV_EBITDA_NORMALIZED","01922190-3635-4057-b6b6-36bab37637cb","DEEPINDS","EV_EBITDA_NORMALIZED","3","[]","BLOCKED_CONTRACT","EXACT_FIELD_PERIOD_OR_SCOPE_CONTRACT_NOT_PROVEN","","","","0"
"01922190-3635-4057-b6b6-36bab37637cb:FCF_YIELD_NORMALIZED","01922190-3635-4057-b6b6-36bab37637cb","DEEPINDS","FCF_YIELD_NORMALIZED","3","[]","BLOCKED_CONTRACT","EXACT_FIELD_PERIOD_OR_SCOPE_CONTRACT_NOT_PROVEN","","","","0"
"01922190-3635-4057-b6b6-36bab37637cb:PB_ROCE_CONTEXT","01922190-3635-4057-b6b6-36bab37637cb","DEEPINDS","PB_ROCE_CONTEXT","3","[]","BLOCKED_CONTRACT","EXACT_FIELD_PERIOD_OR_SCOPE_CONTRACT_NOT_PROVEN","","","","0"
"01922190-3635-4057-b6b6-36bab37637cb:SOTP_WHEN_DIVERSIFIED","01922190-3635-4057-b6b6-36bab37637cb","DEEPINDS","SOTP_WHEN_DIVERSIFIED","3","[]","BLOCKED_CONTRACT","EXACT_FIELD_PERIOD_OR_SCOPE_CONTRACT_NOT_PROVEN","","","","0"
"01922190-3635-4057-b6b6-36bab37637cb:PRICE_HISTORY_252D","01922190-3635-4057-b6b6-36bab37637cb","DEEPINDS","PRICE_HISTORY_252D","252","[]","BLOCKED_HISTORY_AUTHORITY","REVIEWED_SESSION_CALENDAR_AND_ADJUSTMENT_COVERAGE_REQUIRED","","","","0"
"01922190-3635-4057-b6b6-36bab37637cb:APPROVED_BENCHMARK_HISTORY_252D","01922190-3635-4057-b6b6-36bab37637cb","DEEPINDS","APPROVED_BENCHMARK_HISTORY_252D","252","[]","BLOCKED_HISTORY_AUTHORITY","EXACT_BENCHMARK_AUTHORITY_OR_TOKEN_REQUIRED","","","","0"
"01922190-3635-4057-b6b6-36bab37637cb:COMMODITY_POLICY_COUNTERPARTY_TRANSITION","01922190-3635-4057-b6b6-36bab37637cb","DEEPINDS","COMMODITY_POLICY_COUNTERPARTY_TRANSITION","252","[]","CACHE_EXCERPT_REVIEW","CITED_DOCUMENT_REVIEW_AND_REQUIREMENT_FACT_CONTRACT_REQUIRED","","","","0"
"01922190-3635-4057-b6b6-36bab37637cb:MARKET_DRAWDOWN","01922190-3635-4057-b6b6-36bab37637cb","DEEPINDS","MARKET_DRAWDOWN","252","[]","BLOCKED_HISTORY_AUTHORITY","REVIEWED_SESSION_CALENDAR_AND_ADJUSTMENT_COVERAGE_REQUIRED","","","","0"
"01922190-3635-4057-b6b6-36bab37637cb:OWNERSHIP_TREND_4Q","01922190-3635-4057-b6b6-36bab37637cb","DEEPINDS","OWNERSHIP_TREND_4Q","4","[]","CACHE_QUARTER_REVIEW","OWNERSHIP_SERIES_DEFINITION_AND_BASIS_REVIEW_REQUIRED","","","","0"
"01922190-3635-4057-b6b6-36bab37637cb:GOVERNANCE_EVENT_REVIEW","01922190-3635-4057-b6b6-36bab37637cb","DEEPINDS","GOVERNANCE_EVENT_REVIEW","4","[]","CACHE_EXCERPT_REVIEW","CITED_DOCUMENT_REVIEW_AND_REQUIREMENT_FACT_CONTRACT_REQUIRED","","","","0"
"eaa32fc2-c081-4565-8836-26017cbaf1bd:CONTRIBUTION_OPERATING_MARGIN_NETWORK_EFFICIENCY","eaa32fc2-c081-4565-8836-26017cbaf1bd","DELHIVERY","CONTRIBUTION_OPERATING_MARGIN_NETWORK_EFFICIENCY","8","[]","BLOCKED_CONTRACT","EXACT_FIELD_PERIOD_OR_SCOPE_CONTRACT_NOT_PROVEN","","","","0"
"eaa32fc2-c081-4565-8836-26017cbaf1bd:SERVICE_QUALITY","eaa32fc2-c081-4565-8836-26017cbaf1bd","DELHIVERY","SERVICE_QUALITY","8","[]","BLOCKED_CONTRACT","EXACT_FIELD_PERIOD_OR_SCOPE_CONTRACT_NOT_PROVEN","","","","0"
"eaa32fc2-c081-4565-8836-26017cbaf1bd:SHIPMENT_REVENUE_CLIENT_NETWORK_GROWTH","eaa32fc2-c081-4565-8836-26017cbaf1bd","DELHIVERY","SHIPMENT_REVENUE_CLIENT_NETWORK_GROWTH","8","[]","BLOCKED_CONTRACT","EXACT_FIELD_PERIOD_OR_SCOPE_CONTRACT_NOT_PROVEN","","","","0"
"eaa32fc2-c081-4565-8836-26017cbaf1bd:ROCE_OR_ROIC_ASSET_LIGHT_CONTEXT","eaa32fc2-c081-4565-8836-26017cbaf1bd","DELHIVERY","ROCE_OR_ROIC_ASSET_LIGHT_CONTEXT","3","[]","BLOCKED_CONTRACT","EXACT_FIELD_PERIOD_OR_SCOPE_CONTRACT_NOT_PROVEN","","","","0"
"eaa32fc2-c081-4565-8836-26017cbaf1bd:CFO_FCF_CONVERSION","eaa32fc2-c081-4565-8836-26017cbaf1bd","DELHIVERY","CFO_FCF_CONVERSION","3","[]","BLOCKED_CONTRACT","EXACT_FIELD_PERIOD_OR_SCOPE_CONTRACT_NOT_PROVEN","","","","0"
"eaa32fc2-c081-4565-8836-26017cbaf1bd:NET_CASH_OR_LEVERAGE","eaa32fc2-c081-4565-8836-26017cbaf1bd","DELHIVERY","NET_CASH_OR_LEVERAGE","3","[]","BLOCKED_CONTRACT","EXACT_FIELD_PERIOD_OR_SCOPE_CONTRACT_NOT_PROVEN","","","","0"
"eaa32fc2-c081-4565-8836-26017cbaf1bd:NETWORK_DENSITY_CLIENT_DIVERSIFICATION_TECH","eaa32fc2-c081-4565-8836-26017cbaf1bd","DELHIVERY","NETWORK_DENSITY_CLIENT_DIVERSIFICATION_TECH","3","[]","CACHE_EXCERPT_REVIEW","CITED_DOCUMENT_REVIEW_AND_REQUIREMENT_FACT_CONTRACT_REQUIRED","","","","0"
"eaa32fc2-c081-4565-8836-26017cbaf1bd:SCALE","eaa32fc2-c081-4565-8836-26017cbaf1bd","DELHIVERY","SCALE","3","[]","BLOCKED_CONTRACT","EXACT_FIELD_PERIOD_OR_SCOPE_CONTRACT_NOT_PROVEN","","","","0"
"eaa32fc2-c081-4565-8836-26017cbaf1bd:EV_EBITDA","eaa32fc2-c081-4565-8836-26017cbaf1bd","DELHIVERY","EV_EBITDA","3","[]","BLOCKED_CONTRACT","EXACT_FIELD_PERIOD_OR_SCOPE_CONTRACT_NOT_PROVEN","","","","0"
"eaa32fc2-c081-4565-8836-26017cbaf1bd:PE_WHEN_POSITIVE","eaa32fc2-c081-4565-8836-26017cbaf1bd","DELHIVERY","PE_WHEN_POSITIVE","3","[]","BLOCKED_CONTRACT","EXACT_FIELD_PERIOD_OR_SCOPE_CONTRACT_NOT_PROVEN","","","","0"
"eaa32fc2-c081-4565-8836-26017cbaf1bd:FCF_YIELD","eaa32fc2-c081-4565-8836-26017cbaf1bd","DELHIVERY","FCF_YIELD","3","[]","BLOCKED_CONTRACT","EXACT_FIELD_PERIOD_OR_SCOPE_CONTRACT_NOT_PROVEN","","","","0"
"eaa32fc2-c081-4565-8836-26017cbaf1bd:ROIC_NETWORK_CONTEXT","eaa32fc2-c081-4565-8836-26017cbaf1bd","DELHIVERY","ROIC_NETWORK_CONTEXT","3","[]","BLOCKED_CONTRACT","EXACT_FIELD_PERIOD_OR_SCOPE_CONTRACT_NOT_PROVEN","","","","0"
"eaa32fc2-c081-4565-8836-26017cbaf1bd:PRICE_HISTORY_252D","eaa32fc2-c081-4565-8836-26017cbaf1bd","DELHIVERY","PRICE_HISTORY_252D","252","[]","BLOCKED_HISTORY_AUTHORITY","REVIEWED_SESSION_CALENDAR_AND_ADJUSTMENT_COVERAGE_REQUIRED","","","","0"
"eaa32fc2-c081-4565-8836-26017cbaf1bd:APPROVED_BENCHMARK_HISTORY_252D","eaa32fc2-c081-4565-8836-26017cbaf1bd","DELHIVERY","APPROVED_BENCHMARK_HISTORY_252D","252","[]","BLOCKED_HISTORY_AUTHORITY","EXACT_BENCHMARK_AUTHORITY_OR_TOKEN_REQUIRED","","","","0"
"eaa32fc2-c081-4565-8836-26017cbaf1bd:FUEL_COMPETITION_CLIENT_CONCENTRATION","eaa32fc2-c081-4565-8836-26017cbaf1bd","DELHIVERY","FUEL_COMPETITION_CLIENT_CONCENTRATION","252","[]","CACHE_EXCERPT_REVIEW","CITED_DOCUMENT_REVIEW_AND_REQUIREMENT_FACT_CONTRACT_REQUIRED","","","","0"
"eaa32fc2-c081-4565-8836-26017cbaf1bd:MARKET_DRAWDOWN","eaa32fc2-c081-4565-8836-26017cbaf1bd","DELHIVERY","MARKET_DRAWDOWN","252","[]","BLOCKED_HISTORY_AUTHORITY","REVIEWED_SESSION_CALENDAR_AND_ADJUSTMENT_COVERAGE_REQUIRED","","","","0"
"eaa32fc2-c081-4565-8836-26017cbaf1bd:OWNERSHIP_TREND_4Q","eaa32fc2-c081-4565-8836-26017cbaf1bd","DELHIVERY","OWNERSHIP_TREND_4Q","4","[]","CACHE_QUARTER_REVIEW","OWNERSHIP_SERIES_DEFINITION_AND_BASIS_REVIEW_REQUIRED","","","","0"
"eaa32fc2-c081-4565-8836-26017cbaf1bd:GOVERNANCE_EVENT_REVIEW","eaa32fc2-c081-4565-8836-26017cbaf1bd","DELHIVERY","GOVERNANCE_EVENT_REVIEW","4","[]","CACHE_EXCERPT_REVIEW","CITED_DOCUMENT_REVIEW_AND_REQUIREMENT_FACT_CONTRACT_REQUIRED","","","","0"
"00e60a7c-0bb1-4c04-8eea-e5e0fc039bdb:GROSS_CONTRIBUTION_OPERATING_MARGIN_HISTORY","00e60a7c-0bb1-4c04-8eea-e5e0fc039bdb","DMART","GROSS_CONTRIBUTION_OPERATING_MARGIN_HISTORY","8","[]","BLOCKED_CONTRACT","EXACT_FIELD_PERIOD_OR_SCOPE_CONTRACT_NOT_PROVEN","","","","0"
"00e60a7c-0bb1-4c04-8eea-e5e0fc039bdb:UNIT_ECONOMICS","00e60a7c-0bb1-4c04-8eea-e5e0fc039bdb","DMART","UNIT_ECONOMICS","8","[]","CACHE_EXCERPT_REVIEW","CITED_DOCUMENT_REVIEW_AND_REQUIREMENT_FACT_CONTRACT_REQUIRED","","","","0"
"00e60a7c-0bb1-4c04-8eea-e5e0fc039bdb:REVENUE_GMV_SSSG_NETWORK_GROWTH","00e60a7c-0bb1-4c04-8eea-e5e0fc039bdb","DMART","REVENUE_GMV_SSSG_NETWORK_GROWTH","8","[]","BLOCKED_CONTRACT","EXACT_FIELD_PERIOD_OR_SCOPE_CONTRACT_NOT_PROVEN","","","","0"
"00e60a7c-0bb1-4c04-8eea-e5e0fc039bdb:ROIC_STORE_PLATFORM_CAPITAL_EFFICIENCY","00e60a7c-0bb1-4c04-8eea-e5e0fc039bdb","DMART","ROIC_STORE_PLATFORM_CAPITAL_EFFICIENCY","3","[]","BLOCKED_CONTRACT","EXACT_FIELD_PERIOD_OR_SCOPE_CONTRACT_NOT_PROVEN","","","","0"
"00e60a7c-0bb1-4c04-8eea-e5e0fc039bdb:CFO_FCF_WORKING_CAPITAL_OR_BURN","00e60a7c-0bb1-4c04-8eea-e5e0fc039bdb","DMART","CFO_FCF_WORKING_CAPITAL_OR_BURN","3","[]","BLOCKED_CONTRACT","EXACT_FIELD_PERIOD_OR_SCOPE_CONTRACT_NOT_PROVEN","","","","0"
"00e60a7c-0bb1-4c04-8eea-e5e0fc039bdb:NET_CASH_LEVERAGE_FUNDING_RUNWAY","00e60a7c-0bb1-4c04-8eea-e5e0fc039bdb","DMART","NET_CASH_LEVERAGE_FUNDING_RUNWAY","3","[]","BLOCKED_CONTRACT","EXACT_FIELD_PERIOD_OR_SCOPE_CONTRACT_NOT_PROVEN","","","","0"
"00e60a7c-0bb1-4c04-8eea-e5e0fc039bdb:CUSTOMER_RETENTION","00e60a7c-0bb1-4c04-8eea-e5e0fc039bdb","DMART","CUSTOMER_RETENTION","3","[]","CACHE_EXCERPT_REVIEW","CITED_DOCUMENT_REVIEW_AND_REQUIREMENT_FACT_CONTRACT_REQUIRED","","","","0"
"00e60a7c-0bb1-4c04-8eea-e5e0fc039bdb:BRAND_NETWORK_DENSITY","00e60a7c-0bb1-4c04-8eea-e5e0fc039bdb","DMART","BRAND_NETWORK_DENSITY","3","[]","CACHE_EXCERPT_REVIEW","CITED_DOCUMENT_REVIEW_AND_REQUIREMENT_FACT_CONTRACT_REQUIRED","","","","0"
"00e60a7c-0bb1-4c04-8eea-e5e0fc039bdb:OMNICHANNEL_OR_PLATFORM_MOAT","00e60a7c-0bb1-4c04-8eea-e5e0fc039bdb","DMART","OMNICHANNEL_OR_PLATFORM_MOAT","3","[]","CACHE_EXCERPT_REVIEW","CITED_DOCUMENT_REVIEW_AND_REQUIREMENT_FACT_CONTRACT_REQUIRED","","","","0"
"00e60a7c-0bb1-4c04-8eea-e5e0fc039bdb:EV_EBITDA_OR_EV_SALES_BY_MATURITY","00e60a7c-0bb1-4c04-8eea-e5e0fc039bdb","DMART","EV_EBITDA_OR_EV_SALES_BY_MATURITY","3","[]","BLOCKED_CONTRACT","EXACT_FIELD_PERIOD_OR_SCOPE_CONTRACT_NOT_PROVEN","","","","0"
"00e60a7c-0bb1-4c04-8eea-e5e0fc039bdb:PE_WHEN_POSITIVE","00e60a7c-0bb1-4c04-8eea-e5e0fc039bdb","DMART","PE_WHEN_POSITIVE","3","[]","BLOCKED_CONTRACT","EXACT_FIELD_PERIOD_OR_SCOPE_CONTRACT_NOT_PROVEN","","","","0"
"00e60a7c-0bb1-4c04-8eea-e5e0fc039bdb:FCF_YIELD","00e60a7c-0bb1-4c04-8eea-e5e0fc039bdb","DMART","FCF_YIELD","3","[]","BLOCKED_CONTRACT","EXACT_FIELD_PERIOD_OR_SCOPE_CONTRACT_NOT_PROVEN","","","","0"
"00e60a7c-0bb1-4c04-8eea-e5e0fc039bdb:ROIC_STORE_OR_PLATFORM_CONTEXT","00e60a7c-0bb1-4c04-8eea-e5e0fc039bdb","DMART","ROIC_STORE_OR_PLATFORM_CONTEXT","3","[]","BLOCKED_CONTRACT","EXACT_FIELD_PERIOD_OR_SCOPE_CONTRACT_NOT_PROVEN","","","","0"
"00e60a7c-0bb1-4c04-8eea-e5e0fc039bdb:PRICE_HISTORY_252D","00e60a7c-0bb1-4c04-8eea-e5e0fc039bdb","DMART","PRICE_HISTORY_252D","252","[]","BLOCKED_HISTORY_AUTHORITY","REVIEWED_SESSION_CALENDAR_AND_ADJUSTMENT_COVERAGE_REQUIRED","","","","0"
"00e60a7c-0bb1-4c04-8eea-e5e0fc039bdb:APPROVED_BENCHMARK_HISTORY_252D","00e60a7c-0bb1-4c04-8eea-e5e0fc039bdb","DMART","APPROVED_BENCHMARK_HISTORY_252D","252","[]","BLOCKED_HISTORY_AUTHORITY","EXACT_BENCHMARK_AUTHORITY_OR_TOKEN_REQUIRED","","","","0"
"00e60a7c-0bb1-4c04-8eea-e5e0fc039bdb:INVENTORY_COMPETITION_UNIT_ECONOMICS","00e60a7c-0bb1-4c04-8eea-e5e0fc039bdb","DMART","INVENTORY_COMPETITION_UNIT_ECONOMICS","252","[]","CACHE_EXCERPT_REVIEW","CITED_DOCUMENT_REVIEW_AND_REQUIREMENT_FACT_CONTRACT_REQUIRED","","","","0"
"00e60a7c-0bb1-4c04-8eea-e5e0fc039bdb:MARKET_DRAWDOWN","00e60a7c-0bb1-4c04-8eea-e5e0fc039bdb","DMART","MARKET_DRAWDOWN","252","[]","BLOCKED_HISTORY_AUTHORITY","REVIEWED_SESSION_CALENDAR_AND_ADJUSTMENT_COVERAGE_REQUIRED","","","","0"
"00e60a7c-0bb1-4c04-8eea-e5e0fc039bdb:OWNERSHIP_TREND_4Q","00e60a7c-0bb1-4c04-8eea-e5e0fc039bdb","DMART","OWNERSHIP_TREND_4Q","4","[]","CACHE_QUARTER_REVIEW","OWNERSHIP_SERIES_DEFINITION_AND_BASIS_REVIEW_REQUIRED","","","","0"
"00e60a7c-0bb1-4c04-8eea-e5e0fc039bdb:GOVERNANCE_EVENT_REVIEW","00e60a7c-0bb1-4c04-8eea-e5e0fc039bdb","DMART","GOVERNANCE_EVENT_REVIEW","4","[]","CACHE_EXCERPT_REVIEW","CITED_DOCUMENT_REVIEW_AND_REQUIREMENT_FACT_CONTRACT_REQUIRED","","","","0"
"9503c7f0-33f1-42aa-a804-134c848c18fb:REVENUE_GROWTH_MULTI_PERIOD","9503c7f0-33f1-42aa-a804-134c848c18fb","EBGNG","REVENUE_GROWTH_MULTI_PERIOD","1","[]","CACHE_FIELD_METADATA_REVIEW","METRIC_CONTRACT_NOT_REVIEWED","","","","0"
"9503c7f0-33f1-42aa-a804-134c848c18fb:OPERATING_MARGIN_HISTORY","9503c7f0-33f1-42aa-a804-134c848c18fb","EBGNG","OPERATING_MARGIN_HISTORY","1","[]","ACQUIRE_RAW_THEN_REVIEW","EXACT_FIELD_MISSING_AND_RESPONSE_METADATA_UNPROVEN","TRENDLYNE","get_parameter_values_multi_stock","{""type"":""stock"",""query"":""EBGNG EBGNG instrument 3187136 OPM TTM % as of 2026-10-05; supply 1 distinct dated TTM reporting periods, period start/end, unit/scale, currency, consolidated/standalone scope, publication dates and source field labels; no relative-year labels as period proof; EBGNG EBGNG instrument 3187136 ROCE Ann. % as of 2026-10-05; supply 1 distinct dated YEAR reporting periods, period start/end, unit/scale, currency, consolidated/standalone scope, publication dates and source field labels; no relative-year labels as period proof""}","1"
"9503c7f0-33f1-42aa-a804-134c848c18fb:ROCE_OR_ROIC","9503c7f0-33f1-42aa-a804-134c848c18fb","EBGNG","ROCE_OR_ROIC","1","[]","ACQUIRE_RAW_THEN_REVIEW","EXACT_FIELD_MISSING_AND_RESPONSE_METADATA_UNPROVEN","TRENDLYNE","get_parameter_values_multi_stock","{""type"":""stock"",""query"":""EBGNG EBGNG instrument 3187136 OPM TTM % as of 2026-10-05; supply 1 distinct dated TTM reporting periods, period start/end, unit/scale, currency, consolidated/standalone scope, publication dates and source field labels; no relative-year labels as period proof; EBGNG EBGNG instrument 3187136 ROCE Ann. % as of 2026-10-05; supply 1 distinct dated YEAR reporting periods, period start/end, unit/scale, currency, consolidated/standalone scope, publication dates and source field labels; no relative-year labels as period proof""}","1"
"9503c7f0-33f1-42aa-a804-134c848c18fb:WORKING_CAPITAL_AND_CASH_CONVERSION","9503c7f0-33f1-42aa-a804-134c848c18fb","EBGNG","WORKING_CAPITAL_AND_CASH_CONVERSION","1","[]","BLOCKED_CONTRACT","EXACT_FIELD_PERIOD_OR_SCOPE_CONTRACT_NOT_PROVEN","","","","0"
"9503c7f0-33f1-42aa-a804-134c848c18fb:NET_CASH_OR_LEVERAGE","9503c7f0-33f1-42aa-a804-134c848c18fb","EBGNG","NET_CASH_OR_LEVERAGE","1","[]","BLOCKED_CONTRACT","EXACT_FIELD_PERIOD_OR_SCOPE_CONTRACT_NOT_PROVEN","","","","0"
"9503c7f0-33f1-42aa-a804-134c848c18fb:BUSINESS_DURABILITY","9503c7f0-33f1-42aa-a804-134c848c18fb","EBGNG","BUSINESS_DURABILITY","1","[]","CACHE_EXCERPT_REVIEW","CITED_DOCUMENT_REVIEW_AND_REQUIREMENT_FACT_CONTRACT_REQUIRED","","","","0"
"9503c7f0-33f1-42aa-a804-134c848c18fb:VALUATION","9503c7f0-33f1-42aa-a804-134c848c18fb","EBGNG","VALUATION","1","[]","BLOCKED_CONTRACT","EXACT_FIELD_PERIOD_OR_SCOPE_CONTRACT_NOT_PROVEN","","","","0"
"9503c7f0-33f1-42aa-a804-134c848c18fb:MOMENTUM_12M_RELATIVE","9503c7f0-33f1-42aa-a804-134c848c18fb","EBGNG","MOMENTUM_12M_RELATIVE","252","[]","BLOCKED_HISTORY_AUTHORITY","REVIEWED_SESSION_CALENDAR_AND_ADJUSTMENT_COVERAGE_REQUIRED","","","","0"
"9503c7f0-33f1-42aa-a804-134c848c18fb:DRAWDOWN_VOLATILITY_RISK","9503c7f0-33f1-42aa-a804-134c848c18fb","EBGNG","DRAWDOWN_VOLATILITY_RISK","252","[]","BLOCKED_HISTORY_AUTHORITY","REVIEWED_SESSION_CALENDAR_AND_ADJUSTMENT_COVERAGE_REQUIRED","","","","0"
"9503c7f0-33f1-42aa-a804-134c848c18fb:OWNERSHIP_GOVERNANCE","9503c7f0-33f1-42aa-a804-134c848c18fb","EBGNG","OWNERSHIP_GOVERNANCE","4","[]","CACHE_QUARTER_REVIEW","OWNERSHIP_SERIES_DEFINITION_AND_BASIS_REVIEW_REQUIRED","","","","0"
"39844b75-4a2e-4aca-a8c9-9f9ce078734a:OPERATING_MARGIN_HISTORY","39844b75-4a2e-4aca-a8c9-9f9ce078734a","ECLERX","OPERATING_MARGIN_HISTORY","8","[]","CACHE_FIELD_METADATA_REVIEW","REPORTING_PERIOD_INVALID","","","","0"
"39844b75-4a2e-4aca-a8c9-9f9ce078734a:REVENUE_PER_EMPLOYEE_OR_DELIVERY_EFFICIENCY","39844b75-4a2e-4aca-a8c9-9f9ce078734a","ECLERX","REVENUE_PER_EMPLOYEE_OR_DELIVERY_EFFICIENCY","8","[]","BLOCKED_CONTRACT","EXACT_FIELD_PERIOD_OR_SCOPE_CONTRACT_NOT_PROVEN","","","","0"
"39844b75-4a2e-4aca-a8c9-9f9ce078734a:REVENUE_CLIENT_GROWTH_MULTI_PERIOD","39844b75-4a2e-4aca-a8c9-9f9ce078734a","ECLERX","REVENUE_CLIENT_GROWTH_MULTI_PERIOD","8","[]","BLOCKED_CONTRACT","EXACT_FIELD_PERIOD_OR_SCOPE_CONTRACT_NOT_PROVEN","","","","0"
"39844b75-4a2e-4aca-a8c9-9f9ce078734a:ROCE_OR_ROIC","39844b75-4a2e-4aca-a8c9-9f9ce078734a","ECLERX","ROCE_OR_ROIC","3","[]","CACHE_FIELD_METADATA_REVIEW","REPORTING_PERIOD_INVALID","","","","0"
"39844b75-4a2e-4aca-a8c9-9f9ce078734a:FCF_CONVERSION","39844b75-4a2e-4aca-a8c9-9f9ce078734a","ECLERX","FCF_CONVERSION","3","[]","BLOCKED_CONTRACT","EXACT_FIELD_PERIOD_OR_SCOPE_CONTRACT_NOT_PROVEN","","","","0"
"39844b75-4a2e-4aca-a8c9-9f9ce078734a:NET_CASH_OR_LEVERAGE","39844b75-4a2e-4aca-a8c9-9f9ce078734a","ECLERX","NET_CASH_OR_LEVERAGE","3","[]","BLOCKED_CONTRACT","EXACT_FIELD_PERIOD_OR_SCOPE_CONTRACT_NOT_PROVEN","","","","0"
"39844b75-4a2e-4aca-a8c9-9f9ce078734a:CLIENT_RETENTION","39844b75-4a2e-4aca-a8c9-9f9ce078734a","ECLERX","CLIENT_RETENTION","3","[]","CACHE_EXCERPT_REVIEW","CITED_DOCUMENT_REVIEW_AND_REQUIREMENT_FACT_CONTRACT_REQUIRED","","","","0"
"39844b75-4a2e-4aca-a8c9-9f9ce078734a:DOMAIN_DEPTH","39844b75-4a2e-4aca-a8c9-9f9ce078734a","ECLERX","DOMAIN_DEPTH","3","[]","CACHE_EXCERPT_REVIEW","CITED_DOCUMENT_REVIEW_AND_REQUIREMENT_FACT_CONTRACT_REQUIRED","","","","0"
"39844b75-4a2e-4aca-a8c9-9f9ce078734a:DELIVERY_SCALE","39844b75-4a2e-4aca-a8c9-9f9ce078734a","ECLERX","DELIVERY_SCALE","3","[]","CACHE_EXCERPT_REVIEW","CITED_DOCUMENT_REVIEW_AND_REQUIREMENT_FACT_CONTRACT_REQUIRED","","","","0"
"39844b75-4a2e-4aca-a8c9-9f9ce078734a:PE","39844b75-4a2e-4aca-a8c9-9f9ce078734a","ECLERX","PE","3","[]","CACHE_FIELD_METADATA_REVIEW","REPORTING_PERIOD_TYPE_NOT_PROVEN","","","","0"
"39844b75-4a2e-4aca-a8c9-9f9ce078734a:EV_EBITDA","39844b75-4a2e-4aca-a8c9-9f9ce078734a","ECLERX","EV_EBITDA","3","[]","BLOCKED_CONTRACT","EXACT_FIELD_PERIOD_OR_SCOPE_CONTRACT_NOT_PROVEN","","","","0"
"39844b75-4a2e-4aca-a8c9-9f9ce078734a:FCF_YIELD","39844b75-4a2e-4aca-a8c9-9f9ce078734a","ECLERX","FCF_YIELD","3","[]","BLOCKED_CONTRACT","EXACT_FIELD_PERIOD_OR_SCOPE_CONTRACT_NOT_PROVEN","","","","0"
"39844b75-4a2e-4aca-a8c9-9f9ce078734a:ROCE_CONTEXT","39844b75-4a2e-4aca-a8c9-9f9ce078734a","ECLERX","ROCE_CONTEXT","3","[]","BLOCKED_CONTRACT","EXACT_FIELD_PERIOD_OR_SCOPE_CONTRACT_NOT_PROVEN","","","","0"
"39844b75-4a2e-4aca-a8c9-9f9ce078734a:PRICE_HISTORY_252D","39844b75-4a2e-4aca-a8c9-9f9ce078734a","ECLERX","PRICE_HISTORY_252D","252","[]","BLOCKED_HISTORY_AUTHORITY","REVIEWED_SESSION_CALENDAR_AND_ADJUSTMENT_COVERAGE_REQUIRED","","","","0"
"39844b75-4a2e-4aca-a8c9-9f9ce078734a:APPROVED_BENCHMARK_HISTORY_252D","39844b75-4a2e-4aca-a8c9-9f9ce078734a","ECLERX","APPROVED_BENCHMARK_HISTORY_252D","252","[]","BLOCKED_HISTORY_AUTHORITY","REVIEWED_SESSION_CALENDAR_AND_ADJUSTMENT_COVERAGE_REQUIRED","","","","0"
"39844b75-4a2e-4aca-a8c9-9f9ce078734a:CLIENT_CONCENTRATION_WAGE_FX_AUTOMATION","39844b75-4a2e-4aca-a8c9-9f9ce078734a","ECLERX","CLIENT_CONCENTRATION_WAGE_FX_AUTOMATION","252","[]","CACHE_EXCERPT_REVIEW","CITED_DOCUMENT_REVIEW_AND_REQUIREMENT_FACT_CONTRACT_REQUIRED","","","","0"
"39844b75-4a2e-4aca-a8c9-9f9ce078734a:MARKET_DRAWDOWN","39844b75-4a2e-4aca-a8c9-9f9ce078734a","ECLERX","MARKET_DRAWDOWN","252","[]","BLOCKED_HISTORY_AUTHORITY","REVIEWED_SESSION_CALENDAR_AND_ADJUSTMENT_COVERAGE_REQUIRED","","","","0"
"39844b75-4a2e-4aca-a8c9-9f9ce078734a:OWNERSHIP_TREND_4Q","39844b75-4a2e-4aca-a8c9-9f9ce078734a","ECLERX","OWNERSHIP_TREND_4Q","4","[]","CACHE_QUARTER_REVIEW","OWNERSHIP_SERIES_DEFINITION_AND_BASIS_REVIEW_REQUIRED","","","","0"
"39844b75-4a2e-4aca-a8c9-9f9ce078734a:GOVERNANCE_EVENT_REVIEW","39844b75-4a2e-4aca-a8c9-9f9ce078734a","ECLERX","GOVERNANCE_EVENT_REVIEW","4","[]","CACHE_EXCERPT_REVIEW","CITED_DOCUMENT_REVIEW_AND_REQUIREMENT_FACT_CONTRACT_REQUIRED","","","","0"
"61d141a2-b37b-473f-b912-bf2ba373e5c7:OPERATING_MARGIN_HISTORY","61d141a2-b37b-473f-b912-bf2ba373e5c7","EMCURE","OPERATING_MARGIN_HISTORY","8","[]","CACHE_FIELD_METADATA_REVIEW","REPORTING_PERIOD_INVALID","","","","0"
"61d141a2-b37b-473f-b912-bf2ba373e5c7:ROCE_OR_ROIC","61d141a2-b37b-473f-b912-bf2ba373e5c7","EMCURE","ROCE_OR_ROIC","3","[]","CACHE_FIELD_METADATA_REVIEW","REPORTING_PERIOD_INVALID","","","","0"
"61d141a2-b37b-473f-b912-bf2ba373e5c7:REVENUE_GROWTH_MULTI_PERIOD","61d141a2-b37b-473f-b912-bf2ba373e5c7","EMCURE","REVENUE_GROWTH_MULTI_PERIOD","3","[]","CACHE_FIELD_METADATA_REVIEW","METRIC_CONTRACT_NOT_REVIEWED","","","","0"
"61d141a2-b37b-473f-b912-bf2ba373e5c7:NET_PROFIT_GROWTH_MULTI_PERIOD","61d141a2-b37b-473f-b912-bf2ba373e5c7","EMCURE","NET_PROFIT_GROWTH_MULTI_PERIOD","3","[]","CACHE_FIELD_METADATA_REVIEW","REPORTING_PERIOD_TYPE_NOT_PROVEN","","","","0"
"61d141a2-b37b-473f-b912-bf2ba373e5c7:EPS_GROWTH_MULTI_PERIOD","61d141a2-b37b-473f-b912-bf2ba373e5c7","EMCURE","EPS_GROWTH_MULTI_PERIOD","3","[]","BLOCKED_CONTRACT","EXACT_FIELD_PERIOD_OR_SCOPE_CONTRACT_NOT_PROVEN","","","","0"
"61d141a2-b37b-473f-b912-bf2ba373e5c7:CFO_OR_FCF_CONVERSION","61d141a2-b37b-473f-b912-bf2ba373e5c7","EMCURE","CFO_OR_FCF_CONVERSION","3","[]","CACHE_FIELD_METADATA_REVIEW","METRIC_CONTRACT_NOT_REVIEWED","","","","0"
"61d141a2-b37b-473f-b912-bf2ba373e5c7:CAPEX","61d141a2-b37b-473f-b912-bf2ba373e5c7","EMCURE","CAPEX","3","[]","BLOCKED_CONTRACT","EXACT_FIELD_PERIOD_OR_SCOPE_CONTRACT_NOT_PROVEN","","","","0"
"61d141a2-b37b-473f-b912-bf2ba373e5c7:NET_CASH_OR_LEVERAGE","61d141a2-b37b-473f-b912-bf2ba373e5c7","EMCURE","NET_CASH_OR_LEVERAGE","3","[]","BLOCKED_CONTRACT","EXACT_FIELD_PERIOD_OR_SCOPE_CONTRACT_NOT_PROVEN","","","","0"
"61d141a2-b37b-473f-b912-bf2ba373e5c7:PE","61d141a2-b37b-473f-b912-bf2ba373e5c7","EMCURE","PE","3","[]","CACHE_FIELD_METADATA_REVIEW","REPORTING_PERIOD_TYPE_NOT_PROVEN","","","","0"
"61d141a2-b37b-473f-b912-bf2ba373e5c7:EV_EBITDA","61d141a2-b37b-473f-b912-bf2ba373e5c7","EMCURE","EV_EBITDA","3","[]","BLOCKED_CONTRACT","EXACT_FIELD_PERIOD_OR_SCOPE_CONTRACT_NOT_PROVEN","","","","0"
"61d141a2-b37b-473f-b912-bf2ba373e5c7:FCF_YIELD","61d141a2-b37b-473f-b912-bf2ba373e5c7","EMCURE","FCF_YIELD","3","[]","BLOCKED_CONTRACT","EXACT_FIELD_PERIOD_OR_SCOPE_CONTRACT_NOT_PROVEN","","","","0"
"61d141a2-b37b-473f-b912-bf2ba373e5c7:PRICE_HISTORY_252D","61d141a2-b37b-473f-b912-bf2ba373e5c7","EMCURE","PRICE_HISTORY_252D","252","[]","BLOCKED_HISTORY_AUTHORITY","REVIEWED_SESSION_CALENDAR_AND_ADJUSTMENT_COVERAGE_REQUIRED","","","","0"
"61d141a2-b37b-473f-b912-bf2ba373e5c7:APPROVED_BENCHMARK_HISTORY_252D","61d141a2-b37b-473f-b912-bf2ba373e5c7","EMCURE","APPROVED_BENCHMARK_HISTORY_252D","252","[]","BLOCKED_HISTORY_AUTHORITY","EXACT_BENCHMARK_AUTHORITY_OR_TOKEN_REQUIRED","","","","0"
"61d141a2-b37b-473f-b912-bf2ba373e5c7:MARKET_DRAWDOWN","61d141a2-b37b-473f-b912-bf2ba373e5c7","EMCURE","MARKET_DRAWDOWN","252","[]","BLOCKED_HISTORY_AUTHORITY","REVIEWED_SESSION_CALENDAR_AND_ADJUSTMENT_COVERAGE_REQUIRED","","","","0"
"61d141a2-b37b-473f-b912-bf2ba373e5c7:VOLATILITY_252D","61d141a2-b37b-473f-b912-bf2ba373e5c7","EMCURE","VOLATILITY_252D","252","[]","BLOCKED_HISTORY_AUTHORITY","REVIEWED_SESSION_CALENDAR_AND_ADJUSTMENT_COVERAGE_REQUIRED","","","","0"
"61d141a2-b37b-473f-b912-bf2ba373e5c7:REGULATORY_RISK","61d141a2-b37b-473f-b912-bf2ba373e5c7","EMCURE","REGULATORY_RISK","252","[]","CACHE_EXCERPT_REVIEW","CITED_DOCUMENT_REVIEW_AND_REQUIREMENT_FACT_CONTRACT_REQUIRED","","","","0"
"61d141a2-b37b-473f-b912-bf2ba373e5c7:OWNERSHIP_TREND_4Q","61d141a2-b37b-473f-b912-bf2ba373e5c7","EMCURE","OWNERSHIP_TREND_4Q","4","[]","CACHE_QUARTER_REVIEW","OWNERSHIP_SERIES_DEFINITION_AND_BASIS_REVIEW_REQUIRED","","","","0"
"61d141a2-b37b-473f-b912-bf2ba373e5c7:GOVERNANCE_EVENT_REVIEW","61d141a2-b37b-473f-b912-bf2ba373e5c7","EMCURE","GOVERNANCE_EVENT_REVIEW","4","[]","CACHE_EXCERPT_REVIEW","CITED_DOCUMENT_REVIEW_AND_REQUIREMENT_FACT_CONTRACT_REQUIRED","","","","0"
"348077cc-8eaa-4bdd-9251-e168d7e9c5ed:OPERATING_MARGIN_HISTORY","348077cc-8eaa-4bdd-9251-e168d7e9c5ed","ENDURANCE","OPERATING_MARGIN_HISTORY","1","[]","ACQUIRE_RAW_THEN_REVIEW","EXACT_FIELD_MISSING_AND_RESPONSE_METADATA_UNPROVEN","TRENDLYNE","get_parameter_values_multi_stock","{""type"":""stock"",""query"":""ENDURANCE ENDURANCE instrument 4797 OPM TTM % as of 2026-10-05; supply 1 distinct dated TTM reporting periods, period start/end, unit/scale, currency, consolidated/standalone scope, publication dates and source field labels; no relative-year labels as period proof""}","1"
"348077cc-8eaa-4bdd-9251-e168d7e9c5ed:REVENUE_GROWTH_MULTI_PERIOD","348077cc-8eaa-4bdd-9251-e168d7e9c5ed","ENDURANCE","REVENUE_GROWTH_MULTI_PERIOD","1","[]","CACHE_FIELD_METADATA_REVIEW","METRIC_CONTRACT_NOT_REVIEWED","","","","0"
"348077cc-8eaa-4bdd-9251-e168d7e9c5ed:ROCE_OR_ROIC","348077cc-8eaa-4bdd-9251-e168d7e9c5ed","ENDURANCE","ROCE_OR_ROIC","1","[]","CACHE_FIELD_METADATA_REVIEW","REPORTING_PERIOD_INVALID","","","","0"
"348077cc-8eaa-4bdd-9251-e168d7e9c5ed:CFO_OR_FCF_CONVERSION","348077cc-8eaa-4bdd-9251-e168d7e9c5ed","ENDURANCE","CFO_OR_FCF_CONVERSION","1","[]","CACHE_FIELD_METADATA_REVIEW","METRIC_CONTRACT_NOT_REVIEWED","","","","0"
"348077cc-8eaa-4bdd-9251-e168d7e9c5ed:NET_CASH_OR_LEVERAGE","348077cc-8eaa-4bdd-9251-e168d7e9c5ed","ENDURANCE","NET_CASH_OR_LEVERAGE","1","[]","BLOCKED_CONTRACT","EXACT_FIELD_PERIOD_OR_SCOPE_CONTRACT_NOT_PROVEN","","","","0"
"348077cc-8eaa-4bdd-9251-e168d7e9c5ed:BUSINESS_DURABILITY","348077cc-8eaa-4bdd-9251-e168d7e9c5ed","ENDURANCE","BUSINESS_DURABILITY","1","[]","CACHE_EXCERPT_REVIEW","CITED_DOCUMENT_REVIEW_AND_REQUIREMENT_FACT_CONTRACT_REQUIRED","","","","0"
"348077cc-8eaa-4bdd-9251-e168d7e9c5ed:VALUATION","348077cc-8eaa-4bdd-9251-e168d7e9c5ed","ENDURANCE","VALUATION","1","[]","BLOCKED_CONTRACT","EXACT_FIELD_PERIOD_OR_SCOPE_CONTRACT_NOT_PROVEN","","","","0"
"348077cc-8eaa-4bdd-9251-e168d7e9c5ed:MOMENTUM_12M_RELATIVE","348077cc-8eaa-4bdd-9251-e168d7e9c5ed","ENDURANCE","MOMENTUM_12M_RELATIVE","252","[]","BLOCKED_HISTORY_AUTHORITY","REVIEWED_SESSION_CALENDAR_AND_ADJUSTMENT_COVERAGE_REQUIRED","","","","0"
"348077cc-8eaa-4bdd-9251-e168d7e9c5ed:DRAWDOWN_VOLATILITY_RISK","348077cc-8eaa-4bdd-9251-e168d7e9c5ed","ENDURANCE","DRAWDOWN_VOLATILITY_RISK","252","[]","BLOCKED_HISTORY_AUTHORITY","REVIEWED_SESSION_CALENDAR_AND_ADJUSTMENT_COVERAGE_REQUIRED","","","","0"
"348077cc-8eaa-4bdd-9251-e168d7e9c5ed:OWNERSHIP_GOVERNANCE","348077cc-8eaa-4bdd-9251-e168d7e9c5ed","ENDURANCE","OWNERSHIP_GOVERNANCE","4","[]","CACHE_QUARTER_REVIEW","OWNERSHIP_SERIES_DEFINITION_AND_BASIS_REVIEW_REQUIRED","","","","0"
"536a43df-2b25-420c-b307-0cad6d62c7d0:OPERATING_MARGIN_HISTORY","536a43df-2b25-420c-b307-0cad6d62c7d0","EPL","OPERATING_MARGIN_HISTORY","1","[]","CACHE_FIELD_METADATA_REVIEW","REPORTING_PERIOD_INVALID","","","","0"
"536a43df-2b25-420c-b307-0cad6d62c7d0:REVENUE_AND_ORDER_GROWTH_MULTI_PERIOD","536a43df-2b25-420c-b307-0cad6d62c7d0","EPL","REVENUE_AND_ORDER_GROWTH_MULTI_PERIOD","1","[]","BLOCKED_CONTRACT","EXACT_FIELD_PERIOD_OR_SCOPE_CONTRACT_NOT_PROVEN","","","","0"
"536a43df-2b25-420c-b307-0cad6d62c7d0:ROCE_OR_ROIC","536a43df-2b25-420c-b307-0cad6d62c7d0","EPL","ROCE_OR_ROIC","1","[]","ACQUIRE_RAW_THEN_REVIEW","EXACT_FIELD_MISSING_AND_RESPONSE_METADATA_UNPROVEN","TRENDLYNE","get_parameter_values_multi_stock","{""type"":""stock"",""query"":""EPL EPL instrument 393 ROCE Ann. % as of 2026-10-05; supply 1 distinct dated YEAR reporting periods, period start/end, unit/scale, currency, consolidated/standalone scope, publication dates and source field labels; no relative-year labels as period proof""}","1"
"536a43df-2b25-420c-b307-0cad6d62c7d0:CFO_FCF_AND_WORKING_CAPITAL","536a43df-2b25-420c-b307-0cad6d62c7d0","EPL","CFO_FCF_AND_WORKING_CAPITAL","1","[]","BLOCKED_CONTRACT","EXACT_FIELD_PERIOD_OR_SCOPE_CONTRACT_NOT_PROVEN","","","","0"
"536a43df-2b25-420c-b307-0cad6d62c7d0:NET_DEBT_AND_INTEREST_COVERAGE","536a43df-2b25-420c-b307-0cad6d62c7d0","EPL","NET_DEBT_AND_INTEREST_COVERAGE","1","[]","BLOCKED_CONTRACT","EXACT_FIELD_PERIOD_OR_SCOPE_CONTRACT_NOT_PROVEN","","","","0"
"536a43df-2b25-420c-b307-0cad6d62c7d0:BUSINESS_DURABILITY","536a43df-2b25-420c-b307-0cad6d62c7d0","EPL","BUSINESS_DURABILITY","1","[]","CACHE_EXCERPT_REVIEW","CITED_DOCUMENT_REVIEW_AND_REQUIREMENT_FACT_CONTRACT_REQUIRED","","","","0"
"536a43df-2b25-420c-b307-0cad6d62c7d0:VALUATION","536a43df-2b25-420c-b307-0cad6d62c7d0","EPL","VALUATION","1","[]","BLOCKED_CONTRACT","EXACT_FIELD_PERIOD_OR_SCOPE_CONTRACT_NOT_PROVEN","","","","0"
"536a43df-2b25-420c-b307-0cad6d62c7d0:MOMENTUM_12M_RELATIVE","536a43df-2b25-420c-b307-0cad6d62c7d0","EPL","MOMENTUM_12M_RELATIVE","252","[]","BLOCKED_HISTORY_AUTHORITY","REVIEWED_SESSION_CALENDAR_AND_ADJUSTMENT_COVERAGE_REQUIRED","","","","0"
"536a43df-2b25-420c-b307-0cad6d62c7d0:DRAWDOWN_VOLATILITY_RISK","536a43df-2b25-420c-b307-0cad6d62c7d0","EPL","DRAWDOWN_VOLATILITY_RISK","252","[]","BLOCKED_HISTORY_AUTHORITY","REVIEWED_SESSION_CALENDAR_AND_ADJUSTMENT_COVERAGE_REQUIRED","","","","0"
"536a43df-2b25-420c-b307-0cad6d62c7d0:OWNERSHIP_GOVERNANCE","536a43df-2b25-420c-b307-0cad6d62c7d0","EPL","OWNERSHIP_GOVERNANCE","4","[]","CACHE_QUARTER_REVIEW","OWNERSHIP_SERIES_DEFINITION_AND_BASIS_REVIEW_REQUIRED","","","","0"
"af7fdb13-3ed4-489c-800d-5ab12e08c1c0:GROSS_CONTRIBUTION_OPERATING_MARGIN_HISTORY","af7fdb13-3ed4-489c-800d-5ab12e08c1c0","ETERNAL","GROSS_CONTRIBUTION_OPERATING_MARGIN_HISTORY","8","[]","BLOCKED_CONTRACT","EXACT_FIELD_PERIOD_OR_SCOPE_CONTRACT_NOT_PROVEN","","","","0"
"af7fdb13-3ed4-489c-800d-5ab12e08c1c0:UNIT_ECONOMICS","af7fdb13-3ed4-489c-800d-5ab12e08c1c0","ETERNAL","UNIT_ECONOMICS","8","[]","CACHE_EXCERPT_REVIEW","CITED_DOCUMENT_REVIEW_AND_REQUIREMENT_FACT_CONTRACT_REQUIRED","","","","0"
"af7fdb13-3ed4-489c-800d-5ab12e08c1c0:REVENUE_GMV_SSSG_NETWORK_GROWTH","af7fdb13-3ed4-489c-800d-5ab12e08c1c0","ETERNAL","REVENUE_GMV_SSSG_NETWORK_GROWTH","8","[]","BLOCKED_CONTRACT","EXACT_FIELD_PERIOD_OR_SCOPE_CONTRACT_NOT_PROVEN","","","","0"
"af7fdb13-3ed4-489c-800d-5ab12e08c1c0:ROIC_STORE_PLATFORM_CAPITAL_EFFICIENCY","af7fdb13-3ed4-489c-800d-5ab12e08c1c0","ETERNAL","ROIC_STORE_PLATFORM_CAPITAL_EFFICIENCY","3","[]","BLOCKED_CONTRACT","EXACT_FIELD_PERIOD_OR_SCOPE_CONTRACT_NOT_PROVEN","","","","0"
"af7fdb13-3ed4-489c-800d-5ab12e08c1c0:CFO_FCF_WORKING_CAPITAL_OR_BURN","af7fdb13-3ed4-489c-800d-5ab12e08c1c0","ETERNAL","CFO_FCF_WORKING_CAPITAL_OR_BURN","3","[]","BLOCKED_CONTRACT","EXACT_FIELD_PERIOD_OR_SCOPE_CONTRACT_NOT_PROVEN","","","","0"
"af7fdb13-3ed4-489c-800d-5ab12e08c1c0:NET_CASH_LEVERAGE_FUNDING_RUNWAY","af7fdb13-3ed4-489c-800d-5ab12e08c1c0","ETERNAL","NET_CASH_LEVERAGE_FUNDING_RUNWAY","3","[]","BLOCKED_CONTRACT","EXACT_FIELD_PERIOD_OR_SCOPE_CONTRACT_NOT_PROVEN","","","","0"
"af7fdb13-3ed4-489c-800d-5ab12e08c1c0:CUSTOMER_RETENTION","af7fdb13-3ed4-489c-800d-5ab12e08c1c0","ETERNAL","CUSTOMER_RETENTION","3","[]","CACHE_EXCERPT_REVIEW","CITED_DOCUMENT_REVIEW_AND_REQUIREMENT_FACT_CONTRACT_REQUIRED","","","","0"
"af7fdb13-3ed4-489c-800d-5ab12e08c1c0:BRAND_NETWORK_DENSITY","af7fdb13-3ed4-489c-800d-5ab12e08c1c0","ETERNAL","BRAND_NETWORK_DENSITY","3","[]","CACHE_EXCERPT_REVIEW","CITED_DOCUMENT_REVIEW_AND_REQUIREMENT_FACT_CONTRACT_REQUIRED","","","","0"
"af7fdb13-3ed4-489c-800d-5ab12e08c1c0:OMNICHANNEL_OR_PLATFORM_MOAT","af7fdb13-3ed4-489c-800d-5ab12e08c1c0","ETERNAL","OMNICHANNEL_OR_PLATFORM_MOAT","3","[]","CACHE_EXCERPT_REVIEW","CITED_DOCUMENT_REVIEW_AND_REQUIREMENT_FACT_CONTRACT_REQUIRED","","","","0"
"af7fdb13-3ed4-489c-800d-5ab12e08c1c0:EV_EBITDA_OR_EV_SALES_BY_MATURITY","af7fdb13-3ed4-489c-800d-5ab12e08c1c0","ETERNAL","EV_EBITDA_OR_EV_SALES_BY_MATURITY","3","[]","BLOCKED_CONTRACT","EXACT_FIELD_PERIOD_OR_SCOPE_CONTRACT_NOT_PROVEN","","","","0"
"af7fdb13-3ed4-489c-800d-5ab12e08c1c0:PE_WHEN_POSITIVE","af7fdb13-3ed4-489c-800d-5ab12e08c1c0","ETERNAL","PE_WHEN_POSITIVE","3","[]","BLOCKED_CONTRACT","EXACT_FIELD_PERIOD_OR_SCOPE_CONTRACT_NOT_PROVEN","","","","0"
"af7fdb13-3ed4-489c-800d-5ab12e08c1c0:FCF_YIELD","af7fdb13-3ed4-489c-800d-5ab12e08c1c0","ETERNAL","FCF_YIELD","3","[]","BLOCKED_CONTRACT","EXACT_FIELD_PERIOD_OR_SCOPE_CONTRACT_NOT_PROVEN","","","","0"
"af7fdb13-3ed4-489c-800d-5ab12e08c1c0:ROIC_STORE_OR_PLATFORM_CONTEXT","af7fdb13-3ed4-489c-800d-5ab12e08c1c0","ETERNAL","ROIC_STORE_OR_PLATFORM_CONTEXT","3","[]","BLOCKED_CONTRACT","EXACT_FIELD_PERIOD_OR_SCOPE_CONTRACT_NOT_PROVEN","","","","0"
"af7fdb13-3ed4-489c-800d-5ab12e08c1c0:PRICE_HISTORY_252D","af7fdb13-3ed4-489c-800d-5ab12e08c1c0","ETERNAL","PRICE_HISTORY_252D","252","[]","BLOCKED_HISTORY_AUTHORITY","REVIEWED_SESSION_CALENDAR_AND_ADJUSTMENT_COVERAGE_REQUIRED","","","","0"
"af7fdb13-3ed4-489c-800d-5ab12e08c1c0:APPROVED_BENCHMARK_HISTORY_252D","af7fdb13-3ed4-489c-800d-5ab12e08c1c0","ETERNAL","APPROVED_BENCHMARK_HISTORY_252D","252","[]","BLOCKED_HISTORY_AUTHORITY","EXACT_BENCHMARK_AUTHORITY_OR_TOKEN_REQUIRED","","","","0"
"af7fdb13-3ed4-489c-800d-5ab12e08c1c0:INVENTORY_COMPETITION_UNIT_ECONOMICS","af7fdb13-3ed4-489c-800d-5ab12e08c1c0","ETERNAL","INVENTORY_COMPETITION_UNIT_ECONOMICS","252","[]","CACHE_EXCERPT_REVIEW","CITED_DOCUMENT_REVIEW_AND_REQUIREMENT_FACT_CONTRACT_REQUIRED","","","","0"
"af7fdb13-3ed4-489c-800d-5ab12e08c1c0:MARKET_DRAWDOWN","af7fdb13-3ed4-489c-800d-5ab12e08c1c0","ETERNAL","MARKET_DRAWDOWN","252","[]","BLOCKED_HISTORY_AUTHORITY","REVIEWED_SESSION_CALENDAR_AND_ADJUSTMENT_COVERAGE_REQUIRED","","","","0"
"af7fdb13-3ed4-489c-800d-5ab12e08c1c0:OWNERSHIP_TREND_4Q","af7fdb13-3ed4-489c-800d-5ab12e08c1c0","ETERNAL","OWNERSHIP_TREND_4Q","4","[]","CACHE_QUARTER_REVIEW","OWNERSHIP_SERIES_DEFINITION_AND_BASIS_REVIEW_REQUIRED","","","","0"
"af7fdb13-3ed4-489c-800d-5ab12e08c1c0:GOVERNANCE_EVENT_REVIEW","af7fdb13-3ed4-489c-800d-5ab12e08c1c0","ETERNAL","GOVERNANCE_EVENT_REVIEW","4","[]","CACHE_EXCERPT_REVIEW","CITED_DOCUMENT_REVIEW_AND_REQUIREMENT_FACT_CONTRACT_REQUIRED","","","","0"
"f77a3b26-13a4-4935-b051-ea5fa61a1d70:OPERATING_MARGIN_HISTORY","f77a3b26-13a4-4935-b051-ea5fa61a1d70","EXIDEIND","OPERATING_MARGIN_HISTORY","1","[]","ACQUIRE_RAW_THEN_REVIEW","EXACT_FIELD_MISSING_AND_RESPONSE_METADATA_UNPROVEN","TRENDLYNE","get_parameter_values_multi_stock","{""type"":""stock"",""query"":""EXIDEIND EXIDEIND instrument 404 OPM TTM % as of 2026-10-05; supply 1 distinct dated TTM reporting periods, period start/end, unit/scale, currency, consolidated/standalone scope, publication dates and source field labels; no relative-year labels as period proof""}","1"
"f77a3b26-13a4-4935-b051-ea5fa61a1d70:REVENUE_GROWTH_MULTI_PERIOD","f77a3b26-13a4-4935-b051-ea5fa61a1d70","EXIDEIND","REVENUE_GROWTH_MULTI_PERIOD","1","[]","CACHE_FIELD_METADATA_REVIEW","METRIC_CONTRACT_NOT_REVIEWED","","","","0"
"f77a3b26-13a4-4935-b051-ea5fa61a1d70:ROCE_OR_ROIC","f77a3b26-13a4-4935-b051-ea5fa61a1d70","EXIDEIND","ROCE_OR_ROIC","1","[]","CACHE_FIELD_METADATA_REVIEW","REPORTING_PERIOD_INVALID","","","","0"
"f77a3b26-13a4-4935-b051-ea5fa61a1d70:CFO_OR_FCF_CONVERSION","f77a3b26-13a4-4935-b051-ea5fa61a1d70","EXIDEIND","CFO_OR_FCF_CONVERSION","1","[]","CACHE_FIELD_METADATA_REVIEW","METRIC_CONTRACT_NOT_REVIEWED","","","","0"
"f77a3b26-13a4-4935-b051-ea5fa61a1d70:NET_CASH_OR_LEVERAGE","f77a3b26-13a4-4935-b051-ea5fa61a1d70","EXIDEIND","NET_CASH_OR_LEVERAGE","1","[]","BLOCKED_CONTRACT","EXACT_FIELD_PERIOD_OR_SCOPE_CONTRACT_NOT_PROVEN","","","","0"
"f77a3b26-13a4-4935-b051-ea5fa61a1d70:BUSINESS_DURABILITY","f77a3b26-13a4-4935-b051-ea5fa61a1d70","EXIDEIND","BUSINESS_DURABILITY","1","[]","CACHE_EXCERPT_REVIEW","CITED_DOCUMENT_REVIEW_AND_REQUIREMENT_FACT_CONTRACT_REQUIRED","","","","0"
"f77a3b26-13a4-4935-b051-ea5fa61a1d70:VALUATION","f77a3b26-13a4-4935-b051-ea5fa61a1d70","EXIDEIND","VALUATION","1","[]","BLOCKED_CONTRACT","EXACT_FIELD_PERIOD_OR_SCOPE_CONTRACT_NOT_PROVEN","","","","0"
"f77a3b26-13a4-4935-b051-ea5fa61a1d70:MOMENTUM_12M_RELATIVE","f77a3b26-13a4-4935-b051-ea5fa61a1d70","EXIDEIND","MOMENTUM_12M_RELATIVE","252","[]","BLOCKED_HISTORY_AUTHORITY","REVIEWED_SESSION_CALENDAR_AND_ADJUSTMENT_COVERAGE_REQUIRED","","","","0"
"f77a3b26-13a4-4935-b051-ea5fa61a1d70:DRAWDOWN_VOLATILITY_RISK","f77a3b26-13a4-4935-b051-ea5fa61a1d70","EXIDEIND","DRAWDOWN_VOLATILITY_RISK","252","[]","BLOCKED_HISTORY_AUTHORITY","REVIEWED_SESSION_CALENDAR_AND_ADJUSTMENT_COVERAGE_REQUIRED","","","","0"
"f77a3b26-13a4-4935-b051-ea5fa61a1d70:OWNERSHIP_GOVERNANCE","f77a3b26-13a4-4935-b051-ea5fa61a1d70","EXIDEIND","OWNERSHIP_GOVERNANCE","4","[]","CACHE_QUARTER_REVIEW","OWNERSHIP_SERIES_DEFINITION_AND_BASIS_REVIEW_REQUIRED","","","","0"
"63889b52-85da-4a1b-9046-c1e975819f99:ROE_ANNUAL","63889b52-85da-4a1b-9046-c1e975819f99","FEDERALBNK","ROE_ANNUAL","1","[]","BLOCKED_CONTRACT","EXACT_FIELD_PERIOD_OR_SCOPE_CONTRACT_NOT_PROVEN","","","","0"
"63889b52-85da-4a1b-9046-c1e975819f99:NIM_TTM","63889b52-85da-4a1b-9046-c1e975819f99","FEDERALBNK","NIM_TTM","1","[]","BLOCKED_CONTRACT","EXACT_FIELD_PERIOD_OR_SCOPE_CONTRACT_NOT_PROVEN","","","","0"
"63889b52-85da-4a1b-9046-c1e975819f99:GROSS_NPA","63889b52-85da-4a1b-9046-c1e975819f99","FEDERALBNK","GROSS_NPA","1","[]","BLOCKED_CONTRACT","EXACT_FIELD_PERIOD_OR_SCOPE_CONTRACT_NOT_PROVEN","","","","0"
"63889b52-85da-4a1b-9046-c1e975819f99:NET_NPA","63889b52-85da-4a1b-9046-c1e975819f99","FEDERALBNK","NET_NPA","1","[]","BLOCKED_CONTRACT","EXACT_FIELD_PERIOD_OR_SCOPE_CONTRACT_NOT_PROVEN","","","","0"
"63889b52-85da-4a1b-9046-c1e975819f99:ADVANCES_GROWTH_YOY","63889b52-85da-4a1b-9046-c1e975819f99","FEDERALBNK","ADVANCES_GROWTH_YOY","1","[]","BLOCKED_CONTRACT","EXACT_FIELD_PERIOD_OR_SCOPE_CONTRACT_NOT_PROVEN","","","","0"
"63889b52-85da-4a1b-9046-c1e975819f99:DEPOSITS_GROWTH_YOY","63889b52-85da-4a1b-9046-c1e975819f99","FEDERALBNK","DEPOSITS_GROWTH_YOY","1","[]","BLOCKED_CONTRACT","EXACT_FIELD_PERIOD_OR_SCOPE_CONTRACT_NOT_PROVEN","","","","0"
"63889b52-85da-4a1b-9046-c1e975819f99:EPS_GROWTH_YOY","63889b52-85da-4a1b-9046-c1e975819f99","FEDERALBNK","EPS_GROWTH_YOY","1","[]","CACHE_FIELD_METADATA_REVIEW","REQUIRED_EVIDENCE_MISSING","","","","0"
"63889b52-85da-4a1b-9046-c1e975819f99:ROA_ANNUAL","63889b52-85da-4a1b-9046-c1e975819f99","FEDERALBNK","ROA_ANNUAL","1","[]","BLOCKED_CONTRACT","EXACT_FIELD_PERIOD_OR_SCOPE_CONTRACT_NOT_PROVEN","","","","0"
"63889b52-85da-4a1b-9046-c1e975819f99:CET1_RATIO","63889b52-85da-4a1b-9046-c1e975819f99","FEDERALBNK","CET1_RATIO","1","[]","BLOCKED_CONTRACT","EXACT_FIELD_PERIOD_OR_SCOPE_CONTRACT_NOT_PROVEN","","","","0"
"63889b52-85da-4a1b-9046-c1e975819f99:CAPITAL_ADEQUACY_RATIO","63889b52-85da-4a1b-9046-c1e975819f99","FEDERALBNK","CAPITAL_ADEQUACY_RATIO","1","[]","BLOCKED_CONTRACT","EXACT_FIELD_PERIOD_OR_SCOPE_CONTRACT_NOT_PROVEN","","","","0"
"63889b52-85da-4a1b-9046-c1e975819f99:EXTERNAL_LONG_TERM_RATING","63889b52-85da-4a1b-9046-c1e975819f99","FEDERALBNK","EXTERNAL_LONG_TERM_RATING","1","[]","CACHE_EXCERPT_REVIEW","CITED_DOCUMENT_REVIEW_AND_REQUIREMENT_FACT_CONTRACT_REQUIRED","","","","0"
"63889b52-85da-4a1b-9046-c1e975819f99:PE_TTM_RELATIVE","63889b52-85da-4a1b-9046-c1e975819f99","FEDERALBNK","PE_TTM_RELATIVE","1","[]","BLOCKED_CONTRACT","EXACT_FIELD_PERIOD_OR_SCOPE_CONTRACT_NOT_PROVEN","","","","0"
"63889b52-85da-4a1b-9046-c1e975819f99:PB_RELATIVE","63889b52-85da-4a1b-9046-c1e975819f99","FEDERALBNK","PB_RELATIVE","1","[]","BLOCKED_CONTRACT","EXACT_FIELD_PERIOD_OR_SCOPE_CONTRACT_NOT_PROVEN","","","","0"
"63889b52-85da-4a1b-9046-c1e975819f99:PB_ADJUSTED_FOR_ROE","63889b52-85da-4a1b-9046-c1e975819f99","FEDERALBNK","PB_ADJUSTED_FOR_ROE","1","[]","BLOCKED_CONTRACT","EXACT_FIELD_PERIOD_OR_SCOPE_CONTRACT_NOT_PROVEN","","","","0"
"63889b52-85da-4a1b-9046-c1e975819f99:PRICE_MOMENTUM_12M","63889b52-85da-4a1b-9046-c1e975819f99","FEDERALBNK","PRICE_MOMENTUM_12M","252","[]","BLOCKED_HISTORY_AUTHORITY","REVIEWED_SESSION_CALENDAR_AND_ADJUSTMENT_COVERAGE_REQUIRED","","","","0"
"63889b52-85da-4a1b-9046-c1e975819f99:PRICE_MOMENTUM_6M","63889b52-85da-4a1b-9046-c1e975819f99","FEDERALBNK","PRICE_MOMENTUM_6M","252","[]","BLOCKED_HISTORY_AUTHORITY","REVIEWED_SESSION_CALENDAR_AND_ADJUSTMENT_COVERAGE_REQUIRED","","","","0"
"63889b52-85da-4a1b-9046-c1e975819f99:RELATIVE_STRENGTH_12M","63889b52-85da-4a1b-9046-c1e975819f99","FEDERALBNK","RELATIVE_STRENGTH_12M","252","[]","BLOCKED_HISTORY_AUTHORITY","REVIEWED_SESSION_CALENDAR_AND_ADJUSTMENT_COVERAGE_REQUIRED","","","","0"
"63889b52-85da-4a1b-9046-c1e975819f99:INSTITUTIONAL_OWNERSHIP_TREND_4Q","63889b52-85da-4a1b-9046-c1e975819f99","FEDERALBNK","INSTITUTIONAL_OWNERSHIP_TREND_4Q","4","[]","CACHE_QUARTER_REVIEW","OWNERSHIP_SERIES_DEFINITION_AND_BASIS_REVIEW_REQUIRED","","","","0"
"63889b52-85da-4a1b-9046-c1e975819f99:GOVERNANCE_EVENT_SIGNAL","63889b52-85da-4a1b-9046-c1e975819f99","FEDERALBNK","GOVERNANCE_EVENT_SIGNAL","1","[]","CACHE_EXCERPT_REVIEW","CITED_DOCUMENT_REVIEW_AND_REQUIREMENT_FACT_CONTRACT_REQUIRED","","","","0"
"63889b52-85da-4a1b-9046-c1e975819f99:MAX_DRAWDOWN_1Y","63889b52-85da-4a1b-9046-c1e975819f99","FEDERALBNK","MAX_DRAWDOWN_1Y","252","[]","BLOCKED_HISTORY_AUTHORITY","REVIEWED_SESSION_CALENDAR_AND_ADJUSTMENT_COVERAGE_REQUIRED","","","","0"
"63889b52-85da-4a1b-9046-c1e975819f99:VOLATILITY_RELATIVE","63889b52-85da-4a1b-9046-c1e975819f99","FEDERALBNK","VOLATILITY_RELATIVE","252","[]","BLOCKED_HISTORY_AUTHORITY","REVIEWED_SESSION_CALENDAR_AND_ADJUSTMENT_COVERAGE_REQUIRED","","","","0"
"63889b52-85da-4a1b-9046-c1e975819f99:RATING_TREND","63889b52-85da-4a1b-9046-c1e975819f99","FEDERALBNK","RATING_TREND","1","[]","CACHE_EXCERPT_REVIEW","CITED_DOCUMENT_REVIEW_AND_REQUIREMENT_FACT_CONTRACT_REQUIRED","","","","0"
"9c577a90-f930-4d16-8bae-2d3f52698069:OPERATING_MARGIN_HISTORY","9c577a90-f930-4d16-8bae-2d3f52698069","GLENMARK","OPERATING_MARGIN_HISTORY","8","[]","CACHE_FIELD_METADATA_REVIEW","REPORTING_PERIOD_INVALID","","","","0"
"9c577a90-f930-4d16-8bae-2d3f52698069:ROCE_OR_ROIC","9c577a90-f930-4d16-8bae-2d3f52698069","GLENMARK","ROCE_OR_ROIC","3","[]","CACHE_FIELD_METADATA_REVIEW","REPORTING_PERIOD_INVALID","","","","0"
"9c577a90-f930-4d16-8bae-2d3f52698069:REVENUE_GROWTH_MULTI_PERIOD","9c577a90-f930-4d16-8bae-2d3f52698069","GLENMARK","REVENUE_GROWTH_MULTI_PERIOD","3","[]","CACHE_FIELD_METADATA_REVIEW","METRIC_CONTRACT_NOT_REVIEWED","","","","0"
"9c577a90-f930-4d16-8bae-2d3f52698069:NET_PROFIT_GROWTH_MULTI_PERIOD","9c577a90-f930-4d16-8bae-2d3f52698069","GLENMARK","NET_PROFIT_GROWTH_MULTI_PERIOD","3","[]","CACHE_FIELD_METADATA_REVIEW","REPORTING_PERIOD_TYPE_NOT_PROVEN","","","","0"
"9c577a90-f930-4d16-8bae-2d3f52698069:EPS_GROWTH_MULTI_PERIOD","9c577a90-f930-4d16-8bae-2d3f52698069","GLENMARK","EPS_GROWTH_MULTI_PERIOD","3","[]","BLOCKED_CONTRACT","EXACT_FIELD_PERIOD_OR_SCOPE_CONTRACT_NOT_PROVEN","","","","0"
"9c577a90-f930-4d16-8bae-2d3f52698069:CFO_OR_FCF_CONVERSION","9c577a90-f930-4d16-8bae-2d3f52698069","GLENMARK","CFO_OR_FCF_CONVERSION","3","[]","CACHE_FIELD_METADATA_REVIEW","METRIC_CONTRACT_NOT_REVIEWED","","","","0"
"9c577a90-f930-4d16-8bae-2d3f52698069:CAPEX","9c577a90-f930-4d16-8bae-2d3f52698069","GLENMARK","CAPEX","3","[]","BLOCKED_CONTRACT","EXACT_FIELD_PERIOD_OR_SCOPE_CONTRACT_NOT_PROVEN","","","","0"
"9c577a90-f930-4d16-8bae-2d3f52698069:NET_CASH_OR_LEVERAGE","9c577a90-f930-4d16-8bae-2d3f52698069","GLENMARK","NET_CASH_OR_LEVERAGE","3","[]","BLOCKED_CONTRACT","EXACT_FIELD_PERIOD_OR_SCOPE_CONTRACT_NOT_PROVEN","","","","0"
"9c577a90-f930-4d16-8bae-2d3f52698069:PE","9c577a90-f930-4d16-8bae-2d3f52698069","GLENMARK","PE","3","[]","CACHE_FIELD_METADATA_REVIEW","REPORTING_PERIOD_TYPE_NOT_PROVEN","","","","0"
"9c577a90-f930-4d16-8bae-2d3f52698069:EV_EBITDA","9c577a90-f930-4d16-8bae-2d3f52698069","GLENMARK","EV_EBITDA","3","[]","BLOCKED_CONTRACT","EXACT_FIELD_PERIOD_OR_SCOPE_CONTRACT_NOT_PROVEN","","","","0"
"9c577a90-f930-4d16-8bae-2d3f52698069:FCF_YIELD","9c577a90-f930-4d16-8bae-2d3f52698069","GLENMARK","FCF_YIELD","3","[]","BLOCKED_CONTRACT","EXACT_FIELD_PERIOD_OR_SCOPE_CONTRACT_NOT_PROVEN","","","","0"
"9c577a90-f930-4d16-8bae-2d3f52698069:PRICE_HISTORY_252D","9c577a90-f930-4d16-8bae-2d3f52698069","GLENMARK","PRICE_HISTORY_252D","252","[]","BLOCKED_HISTORY_AUTHORITY","REVIEWED_SESSION_CALENDAR_AND_ADJUSTMENT_COVERAGE_REQUIRED","","","","0"
"9c577a90-f930-4d16-8bae-2d3f52698069:APPROVED_BENCHMARK_HISTORY_252D","9c577a90-f930-4d16-8bae-2d3f52698069","GLENMARK","APPROVED_BENCHMARK_HISTORY_252D","252","[]","BLOCKED_HISTORY_AUTHORITY","EXACT_BENCHMARK_AUTHORITY_OR_TOKEN_REQUIRED","","","","0"
"9c577a90-f930-4d16-8bae-2d3f52698069:MARKET_DRAWDOWN","9c577a90-f930-4d16-8bae-2d3f52698069","GLENMARK","MARKET_DRAWDOWN","252","[]","BLOCKED_HISTORY_AUTHORITY","REVIEWED_SESSION_CALENDAR_AND_ADJUSTMENT_COVERAGE_REQUIRED","","","","0"
"9c577a90-f930-4d16-8bae-2d3f52698069:VOLATILITY_252D","9c577a90-f930-4d16-8bae-2d3f52698069","GLENMARK","VOLATILITY_252D","252","[]","BLOCKED_HISTORY_AUTHORITY","REVIEWED_SESSION_CALENDAR_AND_ADJUSTMENT_COVERAGE_REQUIRED","","","","0"
"9c577a90-f930-4d16-8bae-2d3f52698069:REGULATORY_RISK","9c577a90-f930-4d16-8bae-2d3f52698069","GLENMARK","REGULATORY_RISK","252","[]","CACHE_EXCERPT_REVIEW","CITED_DOCUMENT_REVIEW_AND_REQUIREMENT_FACT_CONTRACT_REQUIRED","","","","0"
"9c577a90-f930-4d16-8bae-2d3f52698069:OWNERSHIP_TREND_4Q","9c577a90-f930-4d16-8bae-2d3f52698069","GLENMARK","OWNERSHIP_TREND_4Q","4","[]","CACHE_QUARTER_REVIEW","OWNERSHIP_SERIES_DEFINITION_AND_BASIS_REVIEW_REQUIRED","","","","0"
"9c577a90-f930-4d16-8bae-2d3f52698069:GOVERNANCE_EVENT_REVIEW","9c577a90-f930-4d16-8bae-2d3f52698069","GLENMARK","GOVERNANCE_EVENT_REVIEW","4","[]","CACHE_EXCERPT_REVIEW","CITED_DOCUMENT_REVIEW_AND_REQUIREMENT_FACT_CONTRACT_REQUIRED","","","","0"
"85ad787f-607a-4439-a6db-9b65b03195f1:OPERATING_MARGIN_HISTORY","85ad787f-607a-4439-a6db-9b65b03195f1","GOODLUCK","OPERATING_MARGIN_HISTORY","1","[]","CACHE_FIELD_METADATA_REVIEW","REPORTING_PERIOD_INVALID","","","","0"
"85ad787f-607a-4439-a6db-9b65b03195f1:REVENUE_AND_ORDER_GROWTH_MULTI_PERIOD","85ad787f-607a-4439-a6db-9b65b03195f1","GOODLUCK","REVENUE_AND_ORDER_GROWTH_MULTI_PERIOD","1","[]","BLOCKED_CONTRACT","EXACT_FIELD_PERIOD_OR_SCOPE_CONTRACT_NOT_PROVEN","","","","0"
"85ad787f-607a-4439-a6db-9b65b03195f1:ROCE_OR_ROIC","85ad787f-607a-4439-a6db-9b65b03195f1","GOODLUCK","ROCE_OR_ROIC","1","[]","ACQUIRE_RAW_THEN_REVIEW","EXACT_FIELD_MISSING_AND_RESPONSE_METADATA_UNPROVEN","TRENDLYNE","get_parameter_values_multi_stock","{""type"":""stock"",""query"":""GOODLUCK GOODLUCK instrument 1552 ROCE Ann. % as of 2026-10-05; supply 1 distinct dated YEAR reporting periods, period start/end, unit/scale, currency, consolidated/standalone scope, publication dates and source field labels; no relative-year labels as period proof""}","1"
"85ad787f-607a-4439-a6db-9b65b03195f1:CFO_FCF_AND_WORKING_CAPITAL","85ad787f-607a-4439-a6db-9b65b03195f1","GOODLUCK","CFO_FCF_AND_WORKING_CAPITAL","1","[]","BLOCKED_CONTRACT","EXACT_FIELD_PERIOD_OR_SCOPE_CONTRACT_NOT_PROVEN","","","","0"
"85ad787f-607a-4439-a6db-9b65b03195f1:NET_DEBT_AND_INTEREST_COVERAGE","85ad787f-607a-4439-a6db-9b65b03195f1","GOODLUCK","NET_DEBT_AND_INTEREST_COVERAGE","1","[]","BLOCKED_CONTRACT","EXACT_FIELD_PERIOD_OR_SCOPE_CONTRACT_NOT_PROVEN","","","","0"
"85ad787f-607a-4439-a6db-9b65b03195f1:BUSINESS_DURABILITY","85ad787f-607a-4439-a6db-9b65b03195f1","GOODLUCK","BUSINESS_DURABILITY","1","[]","CACHE_EXCERPT_REVIEW","CITED_DOCUMENT_REVIEW_AND_REQUIREMENT_FACT_CONTRACT_REQUIRED","","","","0"
"85ad787f-607a-4439-a6db-9b65b03195f1:VALUATION","85ad787f-607a-4439-a6db-9b65b03195f1","GOODLUCK","VALUATION","1","[]","BLOCKED_CONTRACT","EXACT_FIELD_PERIOD_OR_SCOPE_CONTRACT_NOT_PROVEN","","","","0"
"85ad787f-607a-4439-a6db-9b65b03195f1:MOMENTUM_12M_RELATIVE","85ad787f-607a-4439-a6db-9b65b03195f1","GOODLUCK","MOMENTUM_12M_RELATIVE","252","[]","BLOCKED_HISTORY_AUTHORITY","REVIEWED_SESSION_CALENDAR_AND_ADJUSTMENT_COVERAGE_REQUIRED","","","","0"
"85ad787f-607a-4439-a6db-9b65b03195f1:DRAWDOWN_VOLATILITY_RISK","85ad787f-607a-4439-a6db-9b65b03195f1","GOODLUCK","DRAWDOWN_VOLATILITY_RISK","252","[]","BLOCKED_HISTORY_AUTHORITY","REVIEWED_SESSION_CALENDAR_AND_ADJUSTMENT_COVERAGE_REQUIRED","","","","0"
"85ad787f-607a-4439-a6db-9b65b03195f1:OWNERSHIP_GOVERNANCE","85ad787f-607a-4439-a6db-9b65b03195f1","GOODLUCK","OWNERSHIP_GOVERNANCE","4","[]","CACHE_QUARTER_REVIEW","OWNERSHIP_SERIES_DEFINITION_AND_BASIS_REVIEW_REQUIRED","","","","0"
"ceca07c4-c14a-49c4-8add-fbc3e69ec89b:EBITDA_PER_TONNE_OR_MARGIN","ceca07c4-c14a-49c4-8add-fbc3e69ec89b","GRASIM","EBITDA_PER_TONNE_OR_MARGIN","8","[]","BLOCKED_CONTRACT","EXACT_FIELD_PERIOD_OR_SCOPE_CONTRACT_NOT_PROVEN","","","","0"
"ceca07c4-c14a-49c4-8add-fbc3e69ec89b:COST_POSITION","ceca07c4-c14a-49c4-8add-fbc3e69ec89b","GRASIM","COST_POSITION","8","[]","BLOCKED_CONTRACT","EXACT_FIELD_PERIOD_OR_SCOPE_CONTRACT_NOT_PROVEN","","","","0"
"ceca07c4-c14a-49c4-8add-fbc3e69ec89b:VOLUME_CAPACITY_UTILISATION_GROWTH","ceca07c4-c14a-49c4-8add-fbc3e69ec89b","GRASIM","VOLUME_CAPACITY_UTILISATION_GROWTH","8","[]","CACHE_EXCERPT_REVIEW","CITED_DOCUMENT_REVIEW_AND_REQUIREMENT_FACT_CONTRACT_REQUIRED","","","","0"
"ceca07c4-c14a-49c4-8add-fbc3e69ec89b:ROCE_OR_ROIC_THROUGH_CYCLE","ceca07c4-c14a-49c4-8add-fbc3e69ec89b","GRASIM","ROCE_OR_ROIC_THROUGH_CYCLE","3","[]","BLOCKED_CONTRACT","EXACT_FIELD_PERIOD_OR_SCOPE_CONTRACT_NOT_PROVEN","","","","0"
"ceca07c4-c14a-49c4-8add-fbc3e69ec89b:CFO_FCF_CONVERSION","ceca07c4-c14a-49c4-8add-fbc3e69ec89b","GRASIM","CFO_FCF_CONVERSION","3","[]","BLOCKED_CONTRACT","EXACT_FIELD_PERIOD_OR_SCOPE_CONTRACT_NOT_PROVEN","","","","0"
"ceca07c4-c14a-49c4-8add-fbc3e69ec89b:NET_DEBT_INTEREST_COVERAGE","ceca07c4-c14a-49c4-8add-fbc3e69ec89b","GRASIM","NET_DEBT_INTEREST_COVERAGE","3","[]","BLOCKED_CONTRACT","EXACT_FIELD_PERIOD_OR_SCOPE_CONTRACT_NOT_PROVEN","","","","0"
"ceca07c4-c14a-49c4-8add-fbc3e69ec89b:LIMESTONE_RESERVES_COST_POSITION_DISTRIBUTION","ceca07c4-c14a-49c4-8add-fbc3e69ec89b","GRASIM","LIMESTONE_RESERVES_COST_POSITION_DISTRIBUTION","3","[]","CACHE_EXCERPT_REVIEW","CITED_DOCUMENT_REVIEW_AND_REQUIREMENT_FACT_CONTRACT_REQUIRED","","","","0"
"ceca07c4-c14a-49c4-8add-fbc3e69ec89b:REGIONAL_DIVERSIFICATION","ceca07c4-c14a-49c4-8add-fbc3e69ec89b","GRASIM","REGIONAL_DIVERSIFICATION","3","[]","CACHE_EXCERPT_REVIEW","CITED_DOCUMENT_REVIEW_AND_REQUIREMENT_FACT_CONTRACT_REQUIRED","","","","0"
"ceca07c4-c14a-49c4-8add-fbc3e69ec89b:EV_EBITDA_PER_TONNE","ceca07c4-c14a-49c4-8add-fbc3e69ec89b","GRASIM","EV_EBITDA_PER_TONNE","3","[]","BLOCKED_CONTRACT","EXACT_FIELD_PERIOD_OR_SCOPE_CONTRACT_NOT_PROVEN","","","","0"
"ceca07c4-c14a-49c4-8add-fbc3e69ec89b:EV_EBITDA_NORMALIZED","ceca07c4-c14a-49c4-8add-fbc3e69ec89b","GRASIM","EV_EBITDA_NORMALIZED","3","[]","BLOCKED_CONTRACT","EXACT_FIELD_PERIOD_OR_SCOPE_CONTRACT_NOT_PROVEN","","","","0"
"ceca07c4-c14a-49c4-8add-fbc3e69ec89b:FCF_YIELD","ceca07c4-c14a-49c4-8add-fbc3e69ec89b","GRASIM","FCF_YIELD","3","[]","BLOCKED_CONTRACT","EXACT_FIELD_PERIOD_OR_SCOPE_CONTRACT_NOT_PROVEN","","","","0"
"ceca07c4-c14a-49c4-8add-fbc3e69ec89b:ROCE_THROUGH_CYCLE","ceca07c4-c14a-49c4-8add-fbc3e69ec89b","GRASIM","ROCE_THROUGH_CYCLE","3","[]","BLOCKED_CONTRACT","EXACT_FIELD_PERIOD_OR_SCOPE_CONTRACT_NOT_PROVEN","","","","0"
"ceca07c4-c14a-49c4-8add-fbc3e69ec89b:PRICE_HISTORY_252D","ceca07c4-c14a-49c4-8add-fbc3e69ec89b","GRASIM","PRICE_HISTORY_252D","252","[]","BLOCKED_HISTORY_AUTHORITY","REVIEWED_SESSION_CALENDAR_AND_ADJUSTMENT_COVERAGE_REQUIRED","","","","0"
"ceca07c4-c14a-49c4-8add-fbc3e69ec89b:APPROVED_BENCHMARK_HISTORY_252D","ceca07c4-c14a-49c4-8add-fbc3e69ec89b","GRASIM","APPROVED_BENCHMARK_HISTORY_252D","252","[]","BLOCKED_HISTORY_AUTHORITY","REVIEWED_SESSION_CALENDAR_AND_ADJUSTMENT_COVERAGE_REQUIRED","","","","0"
"ceca07c4-c14a-49c4-8add-fbc3e69ec89b:ENERGY_FREIGHT_CYCLE_CARBON","ceca07c4-c14a-49c4-8add-fbc3e69ec89b","GRASIM","ENERGY_FREIGHT_CYCLE_CARBON","252","[]","BLOCKED_CONTRACT","EXACT_FIELD_PERIOD_OR_SCOPE_CONTRACT_NOT_PROVEN","","","","0"
"ceca07c4-c14a-49c4-8add-fbc3e69ec89b:MARKET_DRAWDOWN","ceca07c4-c14a-49c4-8add-fbc3e69ec89b","GRASIM","MARKET_DRAWDOWN","252","[]","BLOCKED_HISTORY_AUTHORITY","REVIEWED_SESSION_CALENDAR_AND_ADJUSTMENT_COVERAGE_REQUIRED","","","","0"
"ceca07c4-c14a-49c4-8add-fbc3e69ec89b:OWNERSHIP_TREND_4Q","ceca07c4-c14a-49c4-8add-fbc3e69ec89b","GRASIM","OWNERSHIP_TREND_4Q","4","[]","CACHE_QUARTER_REVIEW","OWNERSHIP_SERIES_DEFINITION_AND_BASIS_REVIEW_REQUIRED","","","","0"
"ceca07c4-c14a-49c4-8add-fbc3e69ec89b:GOVERNANCE_EVENT_REVIEW","ceca07c4-c14a-49c4-8add-fbc3e69ec89b","GRASIM","GOVERNANCE_EVENT_REVIEW","4","[]","CACHE_EXCERPT_REVIEW","CITED_DOCUMENT_REVIEW_AND_REQUIREMENT_FACT_CONTRACT_REQUIRED","","","","0"
"fab25835-38a0-4e57-9209-880d43bc131e:THROUGH_CYCLE_MARGIN_QUALITY","fab25835-38a0-4e57-9209-880d43bc131e","GRAVITA","THROUGH_CYCLE_MARGIN_QUALITY","1","[]","BLOCKED_CONTRACT","EXACT_FIELD_PERIOD_OR_SCOPE_CONTRACT_NOT_PROVEN","","","","0"
"fab25835-38a0-4e57-9209-880d43bc131e:PRODUCTION_VOLUME_REALIZATION_GROWTH","fab25835-38a0-4e57-9209-880d43bc131e","GRAVITA","PRODUCTION_VOLUME_REALIZATION_GROWTH","1","[]","BLOCKED_CONTRACT","EXACT_FIELD_PERIOD_OR_SCOPE_CONTRACT_NOT_PROVEN","","","","0"
"fab25835-38a0-4e57-9209-880d43bc131e:ROCE_OR_ROIC_THROUGH_CYCLE","fab25835-38a0-4e57-9209-880d43bc131e","GRAVITA","ROCE_OR_ROIC_THROUGH_CYCLE","1","[]","BLOCKED_CONTRACT","EXACT_FIELD_PERIOD_OR_SCOPE_CONTRACT_NOT_PROVEN","","","","0"
"fab25835-38a0-4e57-9209-880d43bc131e:CFO_OR_FCF_CONVERSION_THROUGH_CYCLE","fab25835-38a0-4e57-9209-880d43bc131e","GRAVITA","CFO_OR_FCF_CONVERSION_THROUGH_CYCLE","1","[]","BLOCKED_CONTRACT","EXACT_FIELD_PERIOD_OR_SCOPE_CONTRACT_NOT_PROVEN","","","","0"
"fab25835-38a0-4e57-9209-880d43bc131e:NET_DEBT_AND_INTEREST_COVERAGE_MID_CYCLE","fab25835-38a0-4e57-9209-880d43bc131e","GRAVITA","NET_DEBT_AND_INTEREST_COVERAGE_MID_CYCLE","1","[]","BLOCKED_CONTRACT","EXACT_FIELD_PERIOD_OR_SCOPE_CONTRACT_NOT_PROVEN","","","","0"
"fab25835-38a0-4e57-9209-880d43bc131e:METALS_BUSINESS_DURABILITY","fab25835-38a0-4e57-9209-880d43bc131e","GRAVITA","METALS_BUSINESS_DURABILITY","1","[]","CACHE_EXCERPT_REVIEW","CITED_DOCUMENT_REVIEW_AND_REQUIREMENT_FACT_CONTRACT_REQUIRED","","","","0"
"fab25835-38a0-4e57-9209-880d43bc131e:VALUATION_THROUGH_CYCLE","fab25835-38a0-4e57-9209-880d43bc131e","GRAVITA","VALUATION_THROUGH_CYCLE","1","[]","BLOCKED_CONTRACT","EXACT_FIELD_PERIOD_OR_SCOPE_CONTRACT_NOT_PROVEN","","","","0"
"fab25835-38a0-4e57-9209-880d43bc131e:MOMENTUM_12M_RELATIVE","fab25835-38a0-4e57-9209-880d43bc131e","GRAVITA","MOMENTUM_12M_RELATIVE","252","[]","BLOCKED_HISTORY_AUTHORITY","REVIEWED_SESSION_CALENDAR_AND_ADJUSTMENT_COVERAGE_REQUIRED","","","","0"
"fab25835-38a0-4e57-9209-880d43bc131e:COMMODITY_CYCLE_DRAWDOWN_RISK","fab25835-38a0-4e57-9209-880d43bc131e","GRAVITA","COMMODITY_CYCLE_DRAWDOWN_RISK","252","[]","BLOCKED_HISTORY_AUTHORITY","REVIEWED_SESSION_CALENDAR_AND_ADJUSTMENT_COVERAGE_REQUIRED","","","","0"
"fab25835-38a0-4e57-9209-880d43bc131e:OWNERSHIP_GOVERNANCE","fab25835-38a0-4e57-9209-880d43bc131e","GRAVITA","OWNERSHIP_GOVERNANCE","4","[]","CACHE_QUARTER_REVIEW","OWNERSHIP_SERIES_DEFINITION_AND_BASIS_REVIEW_REQUIRED","","","","0"
"7bc3f24e-0802-4464-ad8f-348dd8c8de57:OPERATING_MARGIN_HISTORY","7bc3f24e-0802-4464-ad8f-348dd8c8de57","HDFCAMC","OPERATING_MARGIN_HISTORY","1","[]","ACQUIRE_RAW_THEN_REVIEW","EXACT_FIELD_MISSING_AND_RESPONSE_METADATA_UNPROVEN","TRENDLYNE","get_parameter_values_multi_stock","{""type"":""stock"",""query"":""HDFCAMC HDFCAMC instrument 94155 OPM TTM % as of 2026-10-05; supply 1 distinct dated TTM reporting periods, period start/end, unit/scale, currency, consolidated/standalone scope, publication dates and source field labels; no relative-year labels as period proof""}","1"
"7bc3f24e-0802-4464-ad8f-348dd8c8de57:AUM_CLIENT_ASSET_AND_EARNINGS_GROWTH","7bc3f24e-0802-4464-ad8f-348dd8c8de57","HDFCAMC","AUM_CLIENT_ASSET_AND_EARNINGS_GROWTH","1","[]","BLOCKED_CONTRACT","EXACT_FIELD_PERIOD_OR_SCOPE_CONTRACT_NOT_PROVEN","","","","0"
"7bc3f24e-0802-4464-ad8f-348dd8c8de57:ROE_OR_ROIC","7bc3f24e-0802-4464-ad8f-348dd8c8de57","HDFCAMC","ROE_OR_ROIC","1","[]","BLOCKED_CONTRACT","EXACT_FIELD_PERIOD_OR_SCOPE_CONTRACT_NOT_PROVEN","","","","0"
"7bc3f24e-0802-4464-ad8f-348dd8c8de57:CFO_OR_FCF_CONVERSION","7bc3f24e-0802-4464-ad8f-348dd8c8de57","HDFCAMC","CFO_OR_FCF_CONVERSION","1","[]","CACHE_FIELD_METADATA_REVIEW","METRIC_CONTRACT_NOT_REVIEWED","","","","0"
"7bc3f24e-0802-4464-ad8f-348dd8c8de57:NET_CASH_OR_LEVERAGE","7bc3f24e-0802-4464-ad8f-348dd8c8de57","HDFCAMC","NET_CASH_OR_LEVERAGE","1","[]","BLOCKED_CONTRACT","EXACT_FIELD_PERIOD_OR_SCOPE_CONTRACT_NOT_PROVEN","","","","0"
"7bc3f24e-0802-4464-ad8f-348dd8c8de57:CAPITAL_MARKETS_DURABILITY","7bc3f24e-0802-4464-ad8f-348dd8c8de57","HDFCAMC","CAPITAL_MARKETS_DURABILITY","1","[]","CACHE_EXCERPT_REVIEW","CITED_DOCUMENT_REVIEW_AND_REQUIREMENT_FACT_CONTRACT_REQUIRED","","","","0"
"7bc3f24e-0802-4464-ad8f-348dd8c8de57:VALUATION","7bc3f24e-0802-4464-ad8f-348dd8c8de57","HDFCAMC","VALUATION","1","[]","BLOCKED_CONTRACT","EXACT_FIELD_PERIOD_OR_SCOPE_CONTRACT_NOT_PROVEN","","","","0"
"7bc3f24e-0802-4464-ad8f-348dd8c8de57:MOMENTUM_12M_RELATIVE","7bc3f24e-0802-4464-ad8f-348dd8c8de57","HDFCAMC","MOMENTUM_12M_RELATIVE","252","[]","BLOCKED_HISTORY_AUTHORITY","REVIEWED_SESSION_CALENDAR_AND_ADJUSTMENT_COVERAGE_REQUIRED","","","","0"
"7bc3f24e-0802-4464-ad8f-348dd8c8de57:DRAWDOWN_VOLATILITY_RISK","7bc3f24e-0802-4464-ad8f-348dd8c8de57","HDFCAMC","DRAWDOWN_VOLATILITY_RISK","252","[]","BLOCKED_HISTORY_AUTHORITY","REVIEWED_SESSION_CALENDAR_AND_ADJUSTMENT_COVERAGE_REQUIRED","","","","0"
"7bc3f24e-0802-4464-ad8f-348dd8c8de57:OWNERSHIP_GOVERNANCE","7bc3f24e-0802-4464-ad8f-348dd8c8de57","HDFCAMC","OWNERSHIP_GOVERNANCE","4","[]","CACHE_QUARTER_REVIEW","OWNERSHIP_SERIES_DEFINITION_AND_BASIS_REVIEW_REQUIRED","","","","0"
"b47b007d-1990-4504-a5a2-4391c07687c5:ROE_ANNUAL","b47b007d-1990-4504-a5a2-4391c07687c5","HDFCBANK","ROE_ANNUAL","1","[]","BLOCKED_CONTRACT","EXACT_FIELD_PERIOD_OR_SCOPE_CONTRACT_NOT_PROVEN","","","","0"
"b47b007d-1990-4504-a5a2-4391c07687c5:NIM_TTM","b47b007d-1990-4504-a5a2-4391c07687c5","HDFCBANK","NIM_TTM","1","[]","BLOCKED_CONTRACT","EXACT_FIELD_PERIOD_OR_SCOPE_CONTRACT_NOT_PROVEN","","","","0"
"b47b007d-1990-4504-a5a2-4391c07687c5:GROSS_NPA","b47b007d-1990-4504-a5a2-4391c07687c5","HDFCBANK","GROSS_NPA","1","[]","BLOCKED_CONTRACT","EXACT_FIELD_PERIOD_OR_SCOPE_CONTRACT_NOT_PROVEN","","","","0"
"b47b007d-1990-4504-a5a2-4391c07687c5:NET_NPA","b47b007d-1990-4504-a5a2-4391c07687c5","HDFCBANK","NET_NPA","1","[]","BLOCKED_CONTRACT","EXACT_FIELD_PERIOD_OR_SCOPE_CONTRACT_NOT_PROVEN","","","","0"
"b47b007d-1990-4504-a5a2-4391c07687c5:ADVANCES_GROWTH_YOY","b47b007d-1990-4504-a5a2-4391c07687c5","HDFCBANK","ADVANCES_GROWTH_YOY","1","[""2026-06-30""]","CACHE_CANONICAL_VALIDATED","NONE","","","","0"
"b47b007d-1990-4504-a5a2-4391c07687c5:DEPOSITS_GROWTH_YOY","b47b007d-1990-4504-a5a2-4391c07687c5","HDFCBANK","DEPOSITS_GROWTH_YOY","1","[""2026-06-30""]","CACHE_CANONICAL_VALIDATED","NONE","","","","0"
"b47b007d-1990-4504-a5a2-4391c07687c5:EPS_GROWTH_YOY","b47b007d-1990-4504-a5a2-4391c07687c5","HDFCBANK","EPS_GROWTH_YOY","1","[]","CACHE_FIELD_METADATA_REVIEW","REPORTING_PERIOD_INVALID","","","","0"
"b47b007d-1990-4504-a5a2-4391c07687c5:ROA_ANNUAL","b47b007d-1990-4504-a5a2-4391c07687c5","HDFCBANK","ROA_ANNUAL","1","[]","BLOCKED_CONTRACT","EXACT_FIELD_PERIOD_OR_SCOPE_CONTRACT_NOT_PROVEN","","","","0"
"b47b007d-1990-4504-a5a2-4391c07687c5:CET1_RATIO","b47b007d-1990-4504-a5a2-4391c07687c5","HDFCBANK","CET1_RATIO","1","[]","BLOCKED_CONTRACT","EXACT_FIELD_PERIOD_OR_SCOPE_CONTRACT_NOT_PROVEN","","","","0"
"b47b007d-1990-4504-a5a2-4391c07687c5:CAPITAL_ADEQUACY_RATIO","b47b007d-1990-4504-a5a2-4391c07687c5","HDFCBANK","CAPITAL_ADEQUACY_RATIO","1","[]","BLOCKED_CONTRACT","EXACT_FIELD_PERIOD_OR_SCOPE_CONTRACT_NOT_PROVEN","","","","0"
"b47b007d-1990-4504-a5a2-4391c07687c5:EXTERNAL_LONG_TERM_RATING","b47b007d-1990-4504-a5a2-4391c07687c5","HDFCBANK","EXTERNAL_LONG_TERM_RATING","1","[]","CACHE_EXCERPT_REVIEW","CITED_DOCUMENT_REVIEW_AND_REQUIREMENT_FACT_CONTRACT_REQUIRED","","","","0"
"b47b007d-1990-4504-a5a2-4391c07687c5:PE_TTM_RELATIVE","b47b007d-1990-4504-a5a2-4391c07687c5","HDFCBANK","PE_TTM_RELATIVE","1","[]","BLOCKED_CONTRACT","EXACT_FIELD_PERIOD_OR_SCOPE_CONTRACT_NOT_PROVEN","","","","0"
"b47b007d-1990-4504-a5a2-4391c07687c5:PB_RELATIVE","b47b007d-1990-4504-a5a2-4391c07687c5","HDFCBANK","PB_RELATIVE","1","[]","BLOCKED_CONTRACT","EXACT_FIELD_PERIOD_OR_SCOPE_CONTRACT_NOT_PROVEN","","","","0"
"b47b007d-1990-4504-a5a2-4391c07687c5:PB_ADJUSTED_FOR_ROE","b47b007d-1990-4504-a5a2-4391c07687c5","HDFCBANK","PB_ADJUSTED_FOR_ROE","1","[]","BLOCKED_CONTRACT","EXACT_FIELD_PERIOD_OR_SCOPE_CONTRACT_NOT_PROVEN","","","","0"
"b47b007d-1990-4504-a5a2-4391c07687c5:PRICE_MOMENTUM_12M","b47b007d-1990-4504-a5a2-4391c07687c5","HDFCBANK","PRICE_MOMENTUM_12M","252","[]","BLOCKED_HISTORY_AUTHORITY","REVIEWED_SESSION_CALENDAR_AND_ADJUSTMENT_COVERAGE_REQUIRED","","","","0"
"b47b007d-1990-4504-a5a2-4391c07687c5:PRICE_MOMENTUM_6M","b47b007d-1990-4504-a5a2-4391c07687c5","HDFCBANK","PRICE_MOMENTUM_6M","252","[]","BLOCKED_HISTORY_AUTHORITY","REVIEWED_SESSION_CALENDAR_AND_ADJUSTMENT_COVERAGE_REQUIRED","","","","0"
"b47b007d-1990-4504-a5a2-4391c07687c5:RELATIVE_STRENGTH_12M","b47b007d-1990-4504-a5a2-4391c07687c5","HDFCBANK","RELATIVE_STRENGTH_12M","252","[]","BLOCKED_HISTORY_AUTHORITY","REVIEWED_SESSION_CALENDAR_AND_ADJUSTMENT_COVERAGE_REQUIRED","","","","0"
"b47b007d-1990-4504-a5a2-4391c07687c5:INSTITUTIONAL_OWNERSHIP_TREND_4Q","b47b007d-1990-4504-a5a2-4391c07687c5","HDFCBANK","INSTITUTIONAL_OWNERSHIP_TREND_4Q","4","[]","CACHE_QUARTER_REVIEW","OWNERSHIP_SERIES_DEFINITION_AND_BASIS_REVIEW_REQUIRED","","","","0"
"b47b007d-1990-4504-a5a2-4391c07687c5:GOVERNANCE_EVENT_SIGNAL","b47b007d-1990-4504-a5a2-4391c07687c5","HDFCBANK","GOVERNANCE_EVENT_SIGNAL","1","[]","CACHE_EXCERPT_REVIEW","CITED_DOCUMENT_REVIEW_AND_REQUIREMENT_FACT_CONTRACT_REQUIRED","","","","0"
"b47b007d-1990-4504-a5a2-4391c07687c5:MAX_DRAWDOWN_1Y","b47b007d-1990-4504-a5a2-4391c07687c5","HDFCBANK","MAX_DRAWDOWN_1Y","252","[]","BLOCKED_HISTORY_AUTHORITY","REVIEWED_SESSION_CALENDAR_AND_ADJUSTMENT_COVERAGE_REQUIRED","","","","0"
"b47b007d-1990-4504-a5a2-4391c07687c5:VOLATILITY_RELATIVE","b47b007d-1990-4504-a5a2-4391c07687c5","HDFCBANK","VOLATILITY_RELATIVE","252","[]","BLOCKED_HISTORY_AUTHORITY","REVIEWED_SESSION_CALENDAR_AND_ADJUSTMENT_COVERAGE_REQUIRED","","","","0"
"b47b007d-1990-4504-a5a2-4391c07687c5:RATING_TREND","b47b007d-1990-4504-a5a2-4391c07687c5","HDFCBANK","RATING_TREND","1","[]","CACHE_EXCERPT_REVIEW","CITED_DOCUMENT_REVIEW_AND_REQUIREMENT_FACT_CONTRACT_REQUIRED","","","","0"
"c27b3997-f74b-432e-8b17-0837cce4c2fc:REVENUE_GROWTH_MULTI_PERIOD","c27b3997-f74b-432e-8b17-0837cce4c2fc","HEXT","REVENUE_GROWTH_MULTI_PERIOD","1","[]","CACHE_FIELD_METADATA_REVIEW","METRIC_CONTRACT_NOT_REVIEWED","","","","0"
"c27b3997-f74b-432e-8b17-0837cce4c2fc:OPERATING_MARGIN_HISTORY","c27b3997-f74b-432e-8b17-0837cce4c2fc","HEXT","OPERATING_MARGIN_HISTORY","1","[]","ACQUIRE_RAW_THEN_REVIEW","EXACT_FIELD_MISSING_AND_RESPONSE_METADATA_UNPROVEN","TRENDLYNE","get_parameter_values_multi_stock","{""type"":""stock"",""query"":""HEXT HEXT instrument 2974675 OPM TTM % as of 2026-10-05; supply 1 distinct dated TTM reporting periods, period start/end, unit/scale, currency, consolidated/standalone scope, publication dates and source field labels; no relative-year labels as period proof; HEXT HEXT instrument 2974675 ROCE Ann. % as of 2026-10-05; supply 1 distinct dated YEAR reporting periods, period start/end, unit/scale, currency, consolidated/standalone scope, publication dates and source field labels; no relative-year labels as period proof""}","1"
"c27b3997-f74b-432e-8b17-0837cce4c2fc:ROCE_OR_ROIC","c27b3997-f74b-432e-8b17-0837cce4c2fc","HEXT","ROCE_OR_ROIC","1","[]","ACQUIRE_RAW_THEN_REVIEW","EXACT_FIELD_MISSING_AND_RESPONSE_METADATA_UNPROVEN","TRENDLYNE","get_parameter_values_multi_stock","{""type"":""stock"",""query"":""HEXT HEXT instrument 2974675 OPM TTM % as of 2026-10-05; supply 1 distinct dated TTM reporting periods, period start/end, unit/scale, currency, consolidated/standalone scope, publication dates and source field labels; no relative-year labels as period proof; HEXT HEXT instrument 2974675 ROCE Ann. % as of 2026-10-05; supply 1 distinct dated YEAR reporting periods, period start/end, unit/scale, currency, consolidated/standalone scope, publication dates and source field labels; no relative-year labels as period proof""}","1"
"c27b3997-f74b-432e-8b17-0837cce4c2fc:FCF_CONVERSION","c27b3997-f74b-432e-8b17-0837cce4c2fc","HEXT","FCF_CONVERSION","1","[]","BLOCKED_CONTRACT","EXACT_FIELD_PERIOD_OR_SCOPE_CONTRACT_NOT_PROVEN","","","","0"
"c27b3997-f74b-432e-8b17-0837cce4c2fc:NET_CASH_OR_LEVERAGE","c27b3997-f74b-432e-8b17-0837cce4c2fc","HEXT","NET_CASH_OR_LEVERAGE","1","[]","BLOCKED_CONTRACT","EXACT_FIELD_PERIOD_OR_SCOPE_CONTRACT_NOT_PROVEN","","","","0"
"c27b3997-f74b-432e-8b17-0837cce4c2fc:BUSINESS_DURABILITY","c27b3997-f74b-432e-8b17-0837cce4c2fc","HEXT","BUSINESS_DURABILITY","1","[]","CACHE_EXCERPT_REVIEW","CITED_DOCUMENT_REVIEW_AND_REQUIREMENT_FACT_CONTRACT_REQUIRED","","","","0"
"c27b3997-f74b-432e-8b17-0837cce4c2fc:VALUATION","c27b3997-f74b-432e-8b17-0837cce4c2fc","HEXT","VALUATION","1","[]","BLOCKED_CONTRACT","EXACT_FIELD_PERIOD_OR_SCOPE_CONTRACT_NOT_PROVEN","","","","0"
"c27b3997-f74b-432e-8b17-0837cce4c2fc:MOMENTUM_12M_RELATIVE","c27b3997-f74b-432e-8b17-0837cce4c2fc","HEXT","MOMENTUM_12M_RELATIVE","252","[]","BLOCKED_HISTORY_AUTHORITY","REVIEWED_SESSION_CALENDAR_AND_ADJUSTMENT_COVERAGE_REQUIRED","","","","0"
"c27b3997-f74b-432e-8b17-0837cce4c2fc:DRAWDOWN_VOLATILITY_RISK","c27b3997-f74b-432e-8b17-0837cce4c2fc","HEXT","DRAWDOWN_VOLATILITY_RISK","252","[]","BLOCKED_HISTORY_AUTHORITY","REVIEWED_SESSION_CALENDAR_AND_ADJUSTMENT_COVERAGE_REQUIRED","","","","0"
"c27b3997-f74b-432e-8b17-0837cce4c2fc:OWNERSHIP_GOVERNANCE","c27b3997-f74b-432e-8b17-0837cce4c2fc","HEXT","OWNERSHIP_GOVERNANCE","4","[]","CACHE_QUARTER_REVIEW","OWNERSHIP_SERIES_DEFINITION_AND_BASIS_REVIEW_REQUIRED","","","","0"
"89b62217-7cf7-4fd6-ba43-31f3b78c1929:THROUGH_CYCLE_MARGIN_QUALITY","89b62217-7cf7-4fd6-ba43-31f3b78c1929","HINDALCO","THROUGH_CYCLE_MARGIN_QUALITY","1","[]","BLOCKED_CONTRACT","EXACT_FIELD_PERIOD_OR_SCOPE_CONTRACT_NOT_PROVEN","","","","0"
"89b62217-7cf7-4fd6-ba43-31f3b78c1929:PRODUCTION_VOLUME_REALIZATION_GROWTH","89b62217-7cf7-4fd6-ba43-31f3b78c1929","HINDALCO","PRODUCTION_VOLUME_REALIZATION_GROWTH","1","[]","BLOCKED_CONTRACT","EXACT_FIELD_PERIOD_OR_SCOPE_CONTRACT_NOT_PROVEN","","","","0"
"89b62217-7cf7-4fd6-ba43-31f3b78c1929:ROCE_OR_ROIC_THROUGH_CYCLE","89b62217-7cf7-4fd6-ba43-31f3b78c1929","HINDALCO","ROCE_OR_ROIC_THROUGH_CYCLE","1","[]","BLOCKED_CONTRACT","EXACT_FIELD_PERIOD_OR_SCOPE_CONTRACT_NOT_PROVEN","","","","0"
"89b62217-7cf7-4fd6-ba43-31f3b78c1929:CFO_OR_FCF_CONVERSION_THROUGH_CYCLE","89b62217-7cf7-4fd6-ba43-31f3b78c1929","HINDALCO","CFO_OR_FCF_CONVERSION_THROUGH_CYCLE","1","[]","BLOCKED_CONTRACT","EXACT_FIELD_PERIOD_OR_SCOPE_CONTRACT_NOT_PROVEN","","","","0"
"89b62217-7cf7-4fd6-ba43-31f3b78c1929:NET_DEBT_AND_INTEREST_COVERAGE_MID_CYCLE","89b62217-7cf7-4fd6-ba43-31f3b78c1929","HINDALCO","NET_DEBT_AND_INTEREST_COVERAGE_MID_CYCLE","1","[]","BLOCKED_CONTRACT","EXACT_FIELD_PERIOD_OR_SCOPE_CONTRACT_NOT_PROVEN","","","","0"
"89b62217-7cf7-4fd6-ba43-31f3b78c1929:METALS_BUSINESS_DURABILITY","89b62217-7cf7-4fd6-ba43-31f3b78c1929","HINDALCO","METALS_BUSINESS_DURABILITY","1","[]","CACHE_EXCERPT_REVIEW","CITED_DOCUMENT_REVIEW_AND_REQUIREMENT_FACT_CONTRACT_REQUIRED","","","","0"
"89b62217-7cf7-4fd6-ba43-31f3b78c1929:VALUATION_THROUGH_CYCLE","89b62217-7cf7-4fd6-ba43-31f3b78c1929","HINDALCO","VALUATION_THROUGH_CYCLE","1","[]","BLOCKED_CONTRACT","EXACT_FIELD_PERIOD_OR_SCOPE_CONTRACT_NOT_PROVEN","","","","0"
"89b62217-7cf7-4fd6-ba43-31f3b78c1929:MOMENTUM_12M_RELATIVE","89b62217-7cf7-4fd6-ba43-31f3b78c1929","HINDALCO","MOMENTUM_12M_RELATIVE","252","[]","BLOCKED_HISTORY_AUTHORITY","REVIEWED_SESSION_CALENDAR_AND_ADJUSTMENT_COVERAGE_REQUIRED","","","","0"
"89b62217-7cf7-4fd6-ba43-31f3b78c1929:COMMODITY_CYCLE_DRAWDOWN_RISK","89b62217-7cf7-4fd6-ba43-31f3b78c1929","HINDALCO","COMMODITY_CYCLE_DRAWDOWN_RISK","252","[]","BLOCKED_HISTORY_AUTHORITY","REVIEWED_SESSION_CALENDAR_AND_ADJUSTMENT_COVERAGE_REQUIRED","","","","0"
"89b62217-7cf7-4fd6-ba43-31f3b78c1929:OWNERSHIP_GOVERNANCE","89b62217-7cf7-4fd6-ba43-31f3b78c1929","HINDALCO","OWNERSHIP_GOVERNANCE","4","[]","CACHE_QUARTER_REVIEW","OWNERSHIP_SERIES_DEFINITION_AND_BASIS_REVIEW_REQUIRED","","","","0"
"dc15f48d-36d7-461f-a5ba-87604c75cef7:THROUGH_CYCLE_MARGIN_QUALITY","dc15f48d-36d7-461f-a5ba-87604c75cef7","HINDCOPPER","THROUGH_CYCLE_MARGIN_QUALITY","1","[]","BLOCKED_CONTRACT","EXACT_FIELD_PERIOD_OR_SCOPE_CONTRACT_NOT_PROVEN","","","","0"
"dc15f48d-36d7-461f-a5ba-87604c75cef7:PRODUCTION_VOLUME_REALIZATION_GROWTH","dc15f48d-36d7-461f-a5ba-87604c75cef7","HINDCOPPER","PRODUCTION_VOLUME_REALIZATION_GROWTH","1","[]","BLOCKED_CONTRACT","EXACT_FIELD_PERIOD_OR_SCOPE_CONTRACT_NOT_PROVEN","","","","0"
"dc15f48d-36d7-461f-a5ba-87604c75cef7:ROCE_OR_ROIC_THROUGH_CYCLE","dc15f48d-36d7-461f-a5ba-87604c75cef7","HINDCOPPER","ROCE_OR_ROIC_THROUGH_CYCLE","1","[]","BLOCKED_CONTRACT","EXACT_FIELD_PERIOD_OR_SCOPE_CONTRACT_NOT_PROVEN","","","","0"
"dc15f48d-36d7-461f-a5ba-87604c75cef7:CFO_OR_FCF_CONVERSION_THROUGH_CYCLE","dc15f48d-36d7-461f-a5ba-87604c75cef7","HINDCOPPER","CFO_OR_FCF_CONVERSION_THROUGH_CYCLE","1","[]","BLOCKED_CONTRACT","EXACT_FIELD_PERIOD_OR_SCOPE_CONTRACT_NOT_PROVEN","","","","0"
"dc15f48d-36d7-461f-a5ba-87604c75cef7:NET_DEBT_AND_INTEREST_COVERAGE_MID_CYCLE","dc15f48d-36d7-461f-a5ba-87604c75cef7","HINDCOPPER","NET_DEBT_AND_INTEREST_COVERAGE_MID_CYCLE","1","[]","BLOCKED_CONTRACT","EXACT_FIELD_PERIOD_OR_SCOPE_CONTRACT_NOT_PROVEN","","","","0"
"dc15f48d-36d7-461f-a5ba-87604c75cef7:METALS_BUSINESS_DURABILITY","dc15f48d-36d7-461f-a5ba-87604c75cef7","HINDCOPPER","METALS_BUSINESS_DURABILITY","1","[]","CACHE_EXCERPT_REVIEW","CITED_DOCUMENT_REVIEW_AND_REQUIREMENT_FACT_CONTRACT_REQUIRED","","","","0"
"dc15f48d-36d7-461f-a5ba-87604c75cef7:VALUATION_THROUGH_CYCLE","dc15f48d-36d7-461f-a5ba-87604c75cef7","HINDCOPPER","VALUATION_THROUGH_CYCLE","1","[]","BLOCKED_CONTRACT","EXACT_FIELD_PERIOD_OR_SCOPE_CONTRACT_NOT_PROVEN","","","","0"
"dc15f48d-36d7-461f-a5ba-87604c75cef7:MOMENTUM_12M_RELATIVE","dc15f48d-36d7-461f-a5ba-87604c75cef7","HINDCOPPER","MOMENTUM_12M_RELATIVE","252","[]","BLOCKED_HISTORY_AUTHORITY","REVIEWED_SESSION_CALENDAR_AND_ADJUSTMENT_COVERAGE_REQUIRED","","","","0"
"dc15f48d-36d7-461f-a5ba-87604c75cef7:COMMODITY_CYCLE_DRAWDOWN_RISK","dc15f48d-36d7-461f-a5ba-87604c75cef7","HINDCOPPER","COMMODITY_CYCLE_DRAWDOWN_RISK","252","[]","BLOCKED_HISTORY_AUTHORITY","REVIEWED_SESSION_CALENDAR_AND_ADJUSTMENT_COVERAGE_REQUIRED","","","","0"
"dc15f48d-36d7-461f-a5ba-87604c75cef7:OWNERSHIP_GOVERNANCE","dc15f48d-36d7-461f-a5ba-87604c75cef7","HINDCOPPER","OWNERSHIP_GOVERNANCE","4","[]","CACHE_QUARTER_REVIEW","OWNERSHIP_SERIES_DEFINITION_AND_BASIS_REVIEW_REQUIRED","","","","0"
"5f9e4c04-44ec-4d01-ae15-180dc1794547:GROSS_AND_OPERATING_MARGIN_HISTORY","5f9e4c04-44ec-4d01-ae15-180dc1794547","HINDUNILVR","GROSS_AND_OPERATING_MARGIN_HISTORY","1","[]","BLOCKED_CONTRACT","EXACT_FIELD_PERIOD_OR_SCOPE_CONTRACT_NOT_PROVEN","","","","0"
"5f9e4c04-44ec-4d01-ae15-180dc1794547:REVENUE_AND_VOLUME_PRICE_MIX_GROWTH","5f9e4c04-44ec-4d01-ae15-180dc1794547","HINDUNILVR","REVENUE_AND_VOLUME_PRICE_MIX_GROWTH","1","[]","BLOCKED_CONTRACT","EXACT_FIELD_PERIOD_OR_SCOPE_CONTRACT_NOT_PROVEN","","","","0"
"5f9e4c04-44ec-4d01-ae15-180dc1794547:ROCE_OR_ROIC","5f9e4c04-44ec-4d01-ae15-180dc1794547","HINDUNILVR","ROCE_OR_ROIC","1","[]","CACHE_FIELD_METADATA_REVIEW","REPORTING_PERIOD_INVALID","","","","0"
"5f9e4c04-44ec-4d01-ae15-180dc1794547:CFO_OR_FCF_CONVERSION_AND_WORKING_CAPITAL","5f9e4c04-44ec-4d01-ae15-180dc1794547","HINDUNILVR","CFO_OR_FCF_CONVERSION_AND_WORKING_CAPITAL","1","[]","BLOCKED_CONTRACT","EXACT_FIELD_PERIOD_OR_SCOPE_CONTRACT_NOT_PROVEN","","","","0"
"5f9e4c04-44ec-4d01-ae15-180dc1794547:NET_CASH_OR_LEVERAGE","5f9e4c04-44ec-4d01-ae15-180dc1794547","HINDUNILVR","NET_CASH_OR_LEVERAGE","1","[]","BLOCKED_CONTRACT","EXACT_FIELD_PERIOD_OR_SCOPE_CONTRACT_NOT_PROVEN","","","","0"
"5f9e4c04-44ec-4d01-ae15-180dc1794547:BRAND_DISTRIBUTION_CATEGORY_DURABILITY","5f9e4c04-44ec-4d01-ae15-180dc1794547","HINDUNILVR","BRAND_DISTRIBUTION_CATEGORY_DURABILITY","1","[]","CACHE_EXCERPT_REVIEW","CITED_DOCUMENT_REVIEW_AND_REQUIREMENT_FACT_CONTRACT_REQUIRED","","","","0"
"5f9e4c04-44ec-4d01-ae15-180dc1794547:VALUATION","5f9e4c04-44ec-4d01-ae15-180dc1794547","HINDUNILVR","VALUATION","1","[]","BLOCKED_CONTRACT","EXACT_FIELD_PERIOD_OR_SCOPE_CONTRACT_NOT_PROVEN","","","","0"
"5f9e4c04-44ec-4d01-ae15-180dc1794547:MOMENTUM_12M_RELATIVE","5f9e4c04-44ec-4d01-ae15-180dc1794547","HINDUNILVR","MOMENTUM_12M_RELATIVE","252","[]","BLOCKED_HISTORY_AUTHORITY","REVIEWED_SESSION_CALENDAR_AND_ADJUSTMENT_COVERAGE_REQUIRED","","","","0"
"5f9e4c04-44ec-4d01-ae15-180dc1794547:CATEGORY_AND_MARKET_RISK","5f9e4c04-44ec-4d01-ae15-180dc1794547","HINDUNILVR","CATEGORY_AND_MARKET_RISK","1","[]","BLOCKED_CONTRACT","EXACT_FIELD_PERIOD_OR_SCOPE_CONTRACT_NOT_PROVEN","","","","0"
"5f9e4c04-44ec-4d01-ae15-180dc1794547:OWNERSHIP_GOVERNANCE","5f9e4c04-44ec-4d01-ae15-180dc1794547","HINDUNILVR","OWNERSHIP_GOVERNANCE","4","[]","CACHE_QUARTER_REVIEW","OWNERSHIP_SERIES_DEFINITION_AND_BASIS_REVIEW_REQUIRED","","","","0"
"d2ac8d11-68a9-4cf8-8476-139b0495ab7d:THROUGH_CYCLE_MARGIN_QUALITY","d2ac8d11-68a9-4cf8-8476-139b0495ab7d","HINDZINC","THROUGH_CYCLE_MARGIN_QUALITY","1","[]","BLOCKED_CONTRACT","EXACT_FIELD_PERIOD_OR_SCOPE_CONTRACT_NOT_PROVEN","","","","0"
"d2ac8d11-68a9-4cf8-8476-139b0495ab7d:PRODUCTION_VOLUME_REALIZATION_GROWTH","d2ac8d11-68a9-4cf8-8476-139b0495ab7d","HINDZINC","PRODUCTION_VOLUME_REALIZATION_GROWTH","1","[]","BLOCKED_CONTRACT","EXACT_FIELD_PERIOD_OR_SCOPE_CONTRACT_NOT_PROVEN","","","","0"
"d2ac8d11-68a9-4cf8-8476-139b0495ab7d:ROCE_OR_ROIC_THROUGH_CYCLE","d2ac8d11-68a9-4cf8-8476-139b0495ab7d","HINDZINC","ROCE_OR_ROIC_THROUGH_CYCLE","1","[]","BLOCKED_CONTRACT","EXACT_FIELD_PERIOD_OR_SCOPE_CONTRACT_NOT_PROVEN","","","","0"
"d2ac8d11-68a9-4cf8-8476-139b0495ab7d:CFO_OR_FCF_CONVERSION_THROUGH_CYCLE","d2ac8d11-68a9-4cf8-8476-139b0495ab7d","HINDZINC","CFO_OR_FCF_CONVERSION_THROUGH_CYCLE","1","[]","BLOCKED_CONTRACT","EXACT_FIELD_PERIOD_OR_SCOPE_CONTRACT_NOT_PROVEN","","","","0"
"d2ac8d11-68a9-4cf8-8476-139b0495ab7d:NET_DEBT_AND_INTEREST_COVERAGE_MID_CYCLE","d2ac8d11-68a9-4cf8-8476-139b0495ab7d","HINDZINC","NET_DEBT_AND_INTEREST_COVERAGE_MID_CYCLE","1","[]","BLOCKED_CONTRACT","EXACT_FIELD_PERIOD_OR_SCOPE_CONTRACT_NOT_PROVEN","","","","0"
"d2ac8d11-68a9-4cf8-8476-139b0495ab7d:METALS_BUSINESS_DURABILITY","d2ac8d11-68a9-4cf8-8476-139b0495ab7d","HINDZINC","METALS_BUSINESS_DURABILITY","1","[]","CACHE_EXCERPT_REVIEW","CITED_DOCUMENT_REVIEW_AND_REQUIREMENT_FACT_CONTRACT_REQUIRED","","","","0"
"d2ac8d11-68a9-4cf8-8476-139b0495ab7d:VALUATION_THROUGH_CYCLE","d2ac8d11-68a9-4cf8-8476-139b0495ab7d","HINDZINC","VALUATION_THROUGH_CYCLE","1","[]","BLOCKED_CONTRACT","EXACT_FIELD_PERIOD_OR_SCOPE_CONTRACT_NOT_PROVEN","","","","0"
"d2ac8d11-68a9-4cf8-8476-139b0495ab7d:MOMENTUM_12M_RELATIVE","d2ac8d11-68a9-4cf8-8476-139b0495ab7d","HINDZINC","MOMENTUM_12M_RELATIVE","252","[]","BLOCKED_HISTORY_AUTHORITY","REVIEWED_SESSION_CALENDAR_AND_ADJUSTMENT_COVERAGE_REQUIRED","","","","0"
"d2ac8d11-68a9-4cf8-8476-139b0495ab7d:COMMODITY_CYCLE_DRAWDOWN_RISK","d2ac8d11-68a9-4cf8-8476-139b0495ab7d","HINDZINC","COMMODITY_CYCLE_DRAWDOWN_RISK","252","[]","BLOCKED_HISTORY_AUTHORITY","REVIEWED_SESSION_CALENDAR_AND_ADJUSTMENT_COVERAGE_REQUIRED","","","","0"
"d2ac8d11-68a9-4cf8-8476-139b0495ab7d:OWNERSHIP_GOVERNANCE","d2ac8d11-68a9-4cf8-8476-139b0495ab7d","HINDZINC","OWNERSHIP_GOVERNANCE","4","[]","CACHE_QUARTER_REVIEW","OWNERSHIP_SERIES_DEFINITION_AND_BASIS_REVIEW_REQUIRED","","","","0"
"2eda5141-166f-48e3-9f0e-625814ab7019:NIM_OR_SPREAD_HISTORY","2eda5141-166f-48e3-9f0e-625814ab7019","HUDCO","NIM_OR_SPREAD_HISTORY","8","[]","BLOCKED_CONTRACT","EXACT_FIELD_PERIOD_OR_SCOPE_CONTRACT_NOT_PROVEN","","","","0"
"2eda5141-166f-48e3-9f0e-625814ab7019:GNPA_NNPA_CREDIT_COST","2eda5141-166f-48e3-9f0e-625814ab7019","HUDCO","GNPA_NNPA_CREDIT_COST","8","[]","BLOCKED_CONTRACT","EXACT_FIELD_PERIOD_OR_SCOPE_CONTRACT_NOT_PROVEN","","","","0"
"2eda5141-166f-48e3-9f0e-625814ab7019:AUM_ADVANCES_DISBURSEMENT_GROWTH","2eda5141-166f-48e3-9f0e-625814ab7019","HUDCO","AUM_ADVANCES_DISBURSEMENT_GROWTH","8","[]","BLOCKED_CONTRACT","EXACT_FIELD_PERIOD_OR_SCOPE_CONTRACT_NOT_PROVEN","","","","0"
"2eda5141-166f-48e3-9f0e-625814ab7019:BORROWER_OR_SEGMENT_GROWTH","2eda5141-166f-48e3-9f0e-625814ab7019","HUDCO","BORROWER_OR_SEGMENT_GROWTH","8","[]","BLOCKED_CONTRACT","EXACT_FIELD_PERIOD_OR_SCOPE_CONTRACT_NOT_PROVEN","","","","0"
"2eda5141-166f-48e3-9f0e-625814ab7019:ROA_ROE_CAPITAL_ADEQUACY","2eda5141-166f-48e3-9f0e-625814ab7019","HUDCO","ROA_ROE_CAPITAL_ADEQUACY","3","[]","BLOCKED_CONTRACT","EXACT_FIELD_PERIOD_OR_SCOPE_CONTRACT_NOT_PROVEN","","","","0"
"2eda5141-166f-48e3-9f0e-625814ab7019:CAPITAL_ADEQUACY","2eda5141-166f-48e3-9f0e-625814ab7019","HUDCO","CAPITAL_ADEQUACY","3","[]","BLOCKED_CONTRACT","EXACT_FIELD_PERIOD_OR_SCOPE_CONTRACT_NOT_PROVEN","","","","0"
"2eda5141-166f-48e3-9f0e-625814ab7019:LIQUIDITY_ALM","2eda5141-166f-48e3-9f0e-625814ab7019","HUDCO","LIQUIDITY_ALM","3","[]","BLOCKED_CONTRACT","EXACT_FIELD_PERIOD_OR_SCOPE_CONTRACT_NOT_PROVEN","","","","0"
"2eda5141-166f-48e3-9f0e-625814ab7019:LEVERAGE","2eda5141-166f-48e3-9f0e-625814ab7019","HUDCO","LEVERAGE","3","[]","BLOCKED_CONTRACT","EXACT_FIELD_PERIOD_OR_SCOPE_CONTRACT_NOT_PROVEN","","","","0"
"2eda5141-166f-48e3-9f0e-625814ab7019:EXTERNAL_RATING","2eda5141-166f-48e3-9f0e-625814ab7019","HUDCO","EXTERNAL_RATING","3","[]","CACHE_EXCERPT_REVIEW","CITED_DOCUMENT_REVIEW_AND_REQUIREMENT_FACT_CONTRACT_REQUIRED","","","","0"
"2eda5141-166f-48e3-9f0e-625814ab7019:FUNDING_DIVERSIFICATION","2eda5141-166f-48e3-9f0e-625814ab7019","HUDCO","FUNDING_DIVERSIFICATION","3","[]","BLOCKED_CONTRACT","EXACT_FIELD_PERIOD_OR_SCOPE_CONTRACT_NOT_PROVEN","","","","0"
"2eda5141-166f-48e3-9f0e-625814ab7019:FRANCHISE_OR_DISTRIBUTION","2eda5141-166f-48e3-9f0e-625814ab7019","HUDCO","FRANCHISE_OR_DISTRIBUTION","3","[]","CACHE_EXCERPT_REVIEW","CITED_DOCUMENT_REVIEW_AND_REQUIREMENT_FACT_CONTRACT_REQUIRED","","","","0"
"2eda5141-166f-48e3-9f0e-625814ab7019:UNDERWRITING_CYCLE_HISTORY","2eda5141-166f-48e3-9f0e-625814ab7019","HUDCO","UNDERWRITING_CYCLE_HISTORY","3","[]","CACHE_EXCERPT_REVIEW","CITED_DOCUMENT_REVIEW_AND_REQUIREMENT_FACT_CONTRACT_REQUIRED","","","","0"
"2eda5141-166f-48e3-9f0e-625814ab7019:PB_RELATIVE_TO_ROE","2eda5141-166f-48e3-9f0e-625814ab7019","HUDCO","PB_RELATIVE_TO_ROE","3","[]","BLOCKED_CONTRACT","EXACT_FIELD_PERIOD_OR_SCOPE_CONTRACT_NOT_PROVEN","","","","0"
"2eda5141-166f-48e3-9f0e-625814ab7019:PE_RELATIVE_TO_PEERS_AND_SELF_HISTORY","2eda5141-166f-48e3-9f0e-625814ab7019","HUDCO","PE_RELATIVE_TO_PEERS_AND_SELF_HISTORY","3","[]","BLOCKED_CONTRACT","EXACT_FIELD_PERIOD_OR_SCOPE_CONTRACT_NOT_PROVEN","","","","0"
"2eda5141-166f-48e3-9f0e-625814ab7019:EV_AUM_OR_PRICE_AUM_WHEN_APPLICABLE","2eda5141-166f-48e3-9f0e-625814ab7019","HUDCO","EV_AUM_OR_PRICE_AUM_WHEN_APPLICABLE","3","[]","BLOCKED_CONTRACT","EXACT_FIELD_PERIOD_OR_SCOPE_CONTRACT_NOT_PROVEN","","","","0"
"2eda5141-166f-48e3-9f0e-625814ab7019:PRICE_HISTORY_252D","2eda5141-166f-48e3-9f0e-625814ab7019","HUDCO","PRICE_HISTORY_252D","252","[]","BLOCKED_HISTORY_AUTHORITY","REVIEWED_SESSION_CALENDAR_AND_ADJUSTMENT_COVERAGE_REQUIRED","","","","0"
"2eda5141-166f-48e3-9f0e-625814ab7019:APPROVED_BENCHMARK_HISTORY_252D","2eda5141-166f-48e3-9f0e-625814ab7019","HUDCO","APPROVED_BENCHMARK_HISTORY_252D","252","[]","BLOCKED_HISTORY_AUTHORITY","EXACT_BENCHMARK_AUTHORITY_OR_TOKEN_REQUIRED","","","","0"
"2eda5141-166f-48e3-9f0e-625814ab7019:ASSET_QUALITY","2eda5141-166f-48e3-9f0e-625814ab7019","HUDCO","ASSET_QUALITY","252","[]","BLOCKED_CONTRACT","EXACT_FIELD_PERIOD_OR_SCOPE_CONTRACT_NOT_PROVEN","","","","0"
"2eda5141-166f-48e3-9f0e-625814ab7019:ALM_MISMATCH","2eda5141-166f-48e3-9f0e-625814ab7019","HUDCO","ALM_MISMATCH","252","[]","BLOCKED_CONTRACT","EXACT_FIELD_PERIOD_OR_SCOPE_CONTRACT_NOT_PROVEN","","","","0"
"2eda5141-166f-48e3-9f0e-625814ab7019:RATING_TREND","2eda5141-166f-48e3-9f0e-625814ab7019","HUDCO","RATING_TREND","252","[]","CACHE_EXCERPT_REVIEW","CITED_DOCUMENT_REVIEW_AND_REQUIREMENT_FACT_CONTRACT_REQUIRED","","","","0"
"2eda5141-166f-48e3-9f0e-625814ab7019:MARKET_DRAWDOWN","2eda5141-166f-48e3-9f0e-625814ab7019","HUDCO","MARKET_DRAWDOWN","252","[]","BLOCKED_HISTORY_AUTHORITY","REVIEWED_SESSION_CALENDAR_AND_ADJUSTMENT_COVERAGE_REQUIRED","","","","0"
"2eda5141-166f-48e3-9f0e-625814ab7019:OWNERSHIP_TREND_4Q","2eda5141-166f-48e3-9f0e-625814ab7019","HUDCO","OWNERSHIP_TREND_4Q","4","[]","CACHE_QUARTER_REVIEW","OWNERSHIP_SERIES_DEFINITION_AND_BASIS_REVIEW_REQUIRED","","","","0"
"2eda5141-166f-48e3-9f0e-625814ab7019:GOVERNANCE_EVENT_REVIEW","2eda5141-166f-48e3-9f0e-625814ab7019","HUDCO","GOVERNANCE_EVENT_REVIEW","4","[]","CACHE_EXCERPT_REVIEW","CITED_DOCUMENT_REVIEW_AND_REQUIREMENT_FACT_CONTRACT_REQUIRED","","","","0"
"6a3d3238-6e7d-4d3e-8be6-d239764abe45:OPERATING_MARGIN_HISTORY","6a3d3238-6e7d-4d3e-8be6-d239764abe45","HYUNDAI","OPERATING_MARGIN_HISTORY","1","[]","CACHE_FIELD_METADATA_REVIEW","REPORTING_PERIOD_INVALID","","","","0"
"6a3d3238-6e7d-4d3e-8be6-d239764abe45:VOLUME_AND_REVENUE_GROWTH_MULTI_PERIOD","6a3d3238-6e7d-4d3e-8be6-d239764abe45","HYUNDAI","VOLUME_AND_REVENUE_GROWTH_MULTI_PERIOD","1","[]","BLOCKED_CONTRACT","EXACT_FIELD_PERIOD_OR_SCOPE_CONTRACT_NOT_PROVEN","","","","0"
"6a3d3238-6e7d-4d3e-8be6-d239764abe45:ROCE_OR_ROIC","6a3d3238-6e7d-4d3e-8be6-d239764abe45","HYUNDAI","ROCE_OR_ROIC","1","[]","CACHE_FIELD_METADATA_REVIEW","REPORTING_PERIOD_INVALID","","","","0"
"6a3d3238-6e7d-4d3e-8be6-d239764abe45:CFO_OR_FCF_CONVERSION","6a3d3238-6e7d-4d3e-8be6-d239764abe45","HYUNDAI","CFO_OR_FCF_CONVERSION","1","[]","CACHE_FIELD_METADATA_REVIEW","METRIC_CONTRACT_NOT_REVIEWED","","","","0"
"6a3d3238-6e7d-4d3e-8be6-d239764abe45:NET_CASH_OR_LEVERAGE","6a3d3238-6e7d-4d3e-8be6-d239764abe45","HYUNDAI","NET_CASH_OR_LEVERAGE","1","[]","BLOCKED_CONTRACT","EXACT_FIELD_PERIOD_OR_SCOPE_CONTRACT_NOT_PROVEN","","","","0"
"6a3d3238-6e7d-4d3e-8be6-d239764abe45:BUSINESS_DURABILITY","6a3d3238-6e7d-4d3e-8be6-d239764abe45","HYUNDAI","BUSINESS_DURABILITY","1","[]","CACHE_EXCERPT_REVIEW","CITED_DOCUMENT_REVIEW_AND_REQUIREMENT_FACT_CONTRACT_REQUIRED","","","","0"
"6a3d3238-6e7d-4d3e-8be6-d239764abe45:VALUATION","6a3d3238-6e7d-4d3e-8be6-d239764abe45","HYUNDAI","VALUATION","1","[]","BLOCKED_CONTRACT","EXACT_FIELD_PERIOD_OR_SCOPE_CONTRACT_NOT_PROVEN","","","","0"
"6a3d3238-6e7d-4d3e-8be6-d239764abe45:MOMENTUM_12M_RELATIVE","6a3d3238-6e7d-4d3e-8be6-d239764abe45","HYUNDAI","MOMENTUM_12M_RELATIVE","252","[]","BLOCKED_HISTORY_AUTHORITY","REVIEWED_SESSION_CALENDAR_AND_ADJUSTMENT_COVERAGE_REQUIRED","","","","0"
"6a3d3238-6e7d-4d3e-8be6-d239764abe45:DRAWDOWN_VOLATILITY_RISK","6a3d3238-6e7d-4d3e-8be6-d239764abe45","HYUNDAI","DRAWDOWN_VOLATILITY_RISK","252","[]","BLOCKED_HISTORY_AUTHORITY","REVIEWED_SESSION_CALENDAR_AND_ADJUSTMENT_COVERAGE_REQUIRED","","","","0"
"6a3d3238-6e7d-4d3e-8be6-d239764abe45:OWNERSHIP_GOVERNANCE","6a3d3238-6e7d-4d3e-8be6-d239764abe45","HYUNDAI","OWNERSHIP_GOVERNANCE","4","[]","CACHE_QUARTER_REVIEW","OWNERSHIP_SERIES_DEFINITION_AND_BASIS_REVIEW_REQUIRED","","","","0"
"dbe682c2-9ebd-44ef-827d-c386b103222d:OPERATING_MARGIN_HISTORY","dbe682c2-9ebd-44ef-827d-c386b103222d","ICICIAMC","OPERATING_MARGIN_HISTORY","1","[]","ACQUIRE_RAW_THEN_REVIEW","EXACT_FIELD_MISSING_AND_RESPONSE_METADATA_UNPROVEN","TRENDLYNE","get_parameter_values_multi_stock","{""type"":""stock"",""query"":""ICICIAMC ICICIAMC instrument 3356197 OPM TTM % as of 2026-10-05; supply 1 distinct dated TTM reporting periods, period start/end, unit/scale, currency, consolidated/standalone scope, publication dates and source field labels; no relative-year labels as period proof""}","1"
"dbe682c2-9ebd-44ef-827d-c386b103222d:AUM_CLIENT_ASSET_AND_EARNINGS_GROWTH","dbe682c2-9ebd-44ef-827d-c386b103222d","ICICIAMC","AUM_CLIENT_ASSET_AND_EARNINGS_GROWTH","1","[]","BLOCKED_CONTRACT","EXACT_FIELD_PERIOD_OR_SCOPE_CONTRACT_NOT_PROVEN","","","","0"
"dbe682c2-9ebd-44ef-827d-c386b103222d:ROE_OR_ROIC","dbe682c2-9ebd-44ef-827d-c386b103222d","ICICIAMC","ROE_OR_ROIC","1","[]","BLOCKED_CONTRACT","EXACT_FIELD_PERIOD_OR_SCOPE_CONTRACT_NOT_PROVEN","","","","0"
"dbe682c2-9ebd-44ef-827d-c386b103222d:CFO_OR_FCF_CONVERSION","dbe682c2-9ebd-44ef-827d-c386b103222d","ICICIAMC","CFO_OR_FCF_CONVERSION","1","[]","CACHE_FIELD_METADATA_REVIEW","METRIC_CONTRACT_NOT_REVIEWED","","","","0"
"dbe682c2-9ebd-44ef-827d-c386b103222d:NET_CASH_OR_LEVERAGE","dbe682c2-9ebd-44ef-827d-c386b103222d","ICICIAMC","NET_CASH_OR_LEVERAGE","1","[]","BLOCKED_CONTRACT","EXACT_FIELD_PERIOD_OR_SCOPE_CONTRACT_NOT_PROVEN","","","","0"
"dbe682c2-9ebd-44ef-827d-c386b103222d:CAPITAL_MARKETS_DURABILITY","dbe682c2-9ebd-44ef-827d-c386b103222d","ICICIAMC","CAPITAL_MARKETS_DURABILITY","1","[]","CACHE_EXCERPT_REVIEW","CITED_DOCUMENT_REVIEW_AND_REQUIREMENT_FACT_CONTRACT_REQUIRED","","","","0"
"dbe682c2-9ebd-44ef-827d-c386b103222d:VALUATION","dbe682c2-9ebd-44ef-827d-c386b103222d","ICICIAMC","VALUATION","1","[]","BLOCKED_CONTRACT","EXACT_FIELD_PERIOD_OR_SCOPE_CONTRACT_NOT_PROVEN","","","","0"
"dbe682c2-9ebd-44ef-827d-c386b103222d:MOMENTUM_12M_RELATIVE","dbe682c2-9ebd-44ef-827d-c386b103222d","ICICIAMC","MOMENTUM_12M_RELATIVE","252","[]","BLOCKED_HISTORY_AUTHORITY","REVIEWED_SESSION_CALENDAR_AND_ADJUSTMENT_COVERAGE_REQUIRED","","","","0"
"dbe682c2-9ebd-44ef-827d-c386b103222d:DRAWDOWN_VOLATILITY_RISK","dbe682c2-9ebd-44ef-827d-c386b103222d","ICICIAMC","DRAWDOWN_VOLATILITY_RISK","252","[]","BLOCKED_HISTORY_AUTHORITY","REVIEWED_SESSION_CALENDAR_AND_ADJUSTMENT_COVERAGE_REQUIRED","","","","0"
"dbe682c2-9ebd-44ef-827d-c386b103222d:OWNERSHIP_GOVERNANCE","dbe682c2-9ebd-44ef-827d-c386b103222d","ICICIAMC","OWNERSHIP_GOVERNANCE","4","[]","CACHE_QUARTER_REVIEW","OWNERSHIP_SERIES_DEFINITION_AND_BASIS_REVIEW_REQUIRED","","","","0"
"5760ce4e-97ac-40ef-af3b-d2a5dce596cf:ROE_ANNUAL","5760ce4e-97ac-40ef-af3b-d2a5dce596cf","ICICIBANK","ROE_ANNUAL","1","[]","BLOCKED_CONTRACT","EXACT_FIELD_PERIOD_OR_SCOPE_CONTRACT_NOT_PROVEN","","","","0"
"5760ce4e-97ac-40ef-af3b-d2a5dce596cf:NIM_TTM","5760ce4e-97ac-40ef-af3b-d2a5dce596cf","ICICIBANK","NIM_TTM","1","[]","BLOCKED_CONTRACT","EXACT_FIELD_PERIOD_OR_SCOPE_CONTRACT_NOT_PROVEN","","","","0"
"5760ce4e-97ac-40ef-af3b-d2a5dce596cf:GROSS_NPA","5760ce4e-97ac-40ef-af3b-d2a5dce596cf","ICICIBANK","GROSS_NPA","1","[]","BLOCKED_CONTRACT","EXACT_FIELD_PERIOD_OR_SCOPE_CONTRACT_NOT_PROVEN","","","","0"
"5760ce4e-97ac-40ef-af3b-d2a5dce596cf:NET_NPA","5760ce4e-97ac-40ef-af3b-d2a5dce596cf","ICICIBANK","NET_NPA","1","[]","BLOCKED_CONTRACT","EXACT_FIELD_PERIOD_OR_SCOPE_CONTRACT_NOT_PROVEN","","","","0"
"5760ce4e-97ac-40ef-af3b-d2a5dce596cf:ADVANCES_GROWTH_YOY","5760ce4e-97ac-40ef-af3b-d2a5dce596cf","ICICIBANK","ADVANCES_GROWTH_YOY","1","[]","BLOCKED_CONTRACT","EXACT_FIELD_PERIOD_OR_SCOPE_CONTRACT_NOT_PROVEN","","","","0"
"5760ce4e-97ac-40ef-af3b-d2a5dce596cf:DEPOSITS_GROWTH_YOY","5760ce4e-97ac-40ef-af3b-d2a5dce596cf","ICICIBANK","DEPOSITS_GROWTH_YOY","1","[]","BLOCKED_CONTRACT","EXACT_FIELD_PERIOD_OR_SCOPE_CONTRACT_NOT_PROVEN","","","","0"
"5760ce4e-97ac-40ef-af3b-d2a5dce596cf:EPS_GROWTH_YOY","5760ce4e-97ac-40ef-af3b-d2a5dce596cf","ICICIBANK","EPS_GROWTH_YOY","1","[]","CACHE_FIELD_METADATA_REVIEW","REQUIRED_EVIDENCE_MISSING","","","","0"
"5760ce4e-97ac-40ef-af3b-d2a5dce596cf:ROA_ANNUAL","5760ce4e-97ac-40ef-af3b-d2a5dce596cf","ICICIBANK","ROA_ANNUAL","1","[]","BLOCKED_CONTRACT","EXACT_FIELD_PERIOD_OR_SCOPE_CONTRACT_NOT_PROVEN","","","","0"
"5760ce4e-97ac-40ef-af3b-d2a5dce596cf:CET1_RATIO","5760ce4e-97ac-40ef-af3b-d2a5dce596cf","ICICIBANK","CET1_RATIO","1","[]","BLOCKED_CONTRACT","EXACT_FIELD_PERIOD_OR_SCOPE_CONTRACT_NOT_PROVEN","","","","0"
"5760ce4e-97ac-40ef-af3b-d2a5dce596cf:CAPITAL_ADEQUACY_RATIO","5760ce4e-97ac-40ef-af3b-d2a5dce596cf","ICICIBANK","CAPITAL_ADEQUACY_RATIO","1","[]","BLOCKED_CONTRACT","EXACT_FIELD_PERIOD_OR_SCOPE_CONTRACT_NOT_PROVEN","","","","0"
"5760ce4e-97ac-40ef-af3b-d2a5dce596cf:EXTERNAL_LONG_TERM_RATING","5760ce4e-97ac-40ef-af3b-d2a5dce596cf","ICICIBANK","EXTERNAL_LONG_TERM_RATING","1","[]","CACHE_EXCERPT_REVIEW","CITED_DOCUMENT_REVIEW_AND_REQUIREMENT_FACT_CONTRACT_REQUIRED","","","","0"
"5760ce4e-97ac-40ef-af3b-d2a5dce596cf:PE_TTM_RELATIVE","5760ce4e-97ac-40ef-af3b-d2a5dce596cf","ICICIBANK","PE_TTM_RELATIVE","1","[]","BLOCKED_CONTRACT","EXACT_FIELD_PERIOD_OR_SCOPE_CONTRACT_NOT_PROVEN","","","","0"
"5760ce4e-97ac-40ef-af3b-d2a5dce596cf:PB_RELATIVE","5760ce4e-97ac-40ef-af3b-d2a5dce596cf","ICICIBANK","PB_RELATIVE","1","[]","BLOCKED_CONTRACT","EXACT_FIELD_PERIOD_OR_SCOPE_CONTRACT_NOT_PROVEN","","","","0"
"5760ce4e-97ac-40ef-af3b-d2a5dce596cf:PB_ADJUSTED_FOR_ROE","5760ce4e-97ac-40ef-af3b-d2a5dce596cf","ICICIBANK","PB_ADJUSTED_FOR_ROE","1","[]","BLOCKED_CONTRACT","EXACT_FIELD_PERIOD_OR_SCOPE_CONTRACT_NOT_PROVEN","","","","0"
"5760ce4e-97ac-40ef-af3b-d2a5dce596cf:PRICE_MOMENTUM_12M","5760ce4e-97ac-40ef-af3b-d2a5dce596cf","ICICIBANK","PRICE_MOMENTUM_12M","252","[]","BLOCKED_HISTORY_AUTHORITY","REVIEWED_SESSION_CALENDAR_AND_ADJUSTMENT_COVERAGE_REQUIRED","","","","0"
"5760ce4e-97ac-40ef-af3b-d2a5dce596cf:PRICE_MOMENTUM_6M","5760ce4e-97ac-40ef-af3b-d2a5dce596cf","ICICIBANK","PRICE_MOMENTUM_6M","252","[]","BLOCKED_HISTORY_AUTHORITY","REVIEWED_SESSION_CALENDAR_AND_ADJUSTMENT_COVERAGE_REQUIRED","","","","0"
"5760ce4e-97ac-40ef-af3b-d2a5dce596cf:RELATIVE_STRENGTH_12M","5760ce4e-97ac-40ef-af3b-d2a5dce596cf","ICICIBANK","RELATIVE_STRENGTH_12M","252","[]","BLOCKED_HISTORY_AUTHORITY","REVIEWED_SESSION_CALENDAR_AND_ADJUSTMENT_COVERAGE_REQUIRED","","","","0"
"5760ce4e-97ac-40ef-af3b-d2a5dce596cf:INSTITUTIONAL_OWNERSHIP_TREND_4Q","5760ce4e-97ac-40ef-af3b-d2a5dce596cf","ICICIBANK","INSTITUTIONAL_OWNERSHIP_TREND_4Q","4","[]","CACHE_QUARTER_REVIEW","OWNERSHIP_SERIES_DEFINITION_AND_BASIS_REVIEW_REQUIRED","","","","0"
"5760ce4e-97ac-40ef-af3b-d2a5dce596cf:GOVERNANCE_EVENT_SIGNAL","5760ce4e-97ac-40ef-af3b-d2a5dce596cf","ICICIBANK","GOVERNANCE_EVENT_SIGNAL","1","[]","CACHE_EXCERPT_REVIEW","CITED_DOCUMENT_REVIEW_AND_REQUIREMENT_FACT_CONTRACT_REQUIRED","","","","0"
"5760ce4e-97ac-40ef-af3b-d2a5dce596cf:MAX_DRAWDOWN_1Y","5760ce4e-97ac-40ef-af3b-d2a5dce596cf","ICICIBANK","MAX_DRAWDOWN_1Y","252","[]","BLOCKED_HISTORY_AUTHORITY","REVIEWED_SESSION_CALENDAR_AND_ADJUSTMENT_COVERAGE_REQUIRED","","","","0"
"5760ce4e-97ac-40ef-af3b-d2a5dce596cf:VOLATILITY_RELATIVE","5760ce4e-97ac-40ef-af3b-d2a5dce596cf","ICICIBANK","VOLATILITY_RELATIVE","252","[]","BLOCKED_HISTORY_AUTHORITY","REVIEWED_SESSION_CALENDAR_AND_ADJUSTMENT_COVERAGE_REQUIRED","","","","0"
"5760ce4e-97ac-40ef-af3b-d2a5dce596cf:RATING_TREND","5760ce4e-97ac-40ef-af3b-d2a5dce596cf","ICICIBANK","RATING_TREND","1","[]","CACHE_EXCERPT_REVIEW","CITED_DOCUMENT_REVIEW_AND_REQUIREMENT_FACT_CONTRACT_REQUIRED","","","","0"
"a5639446-3238-4e08-9d02-59bc529982db:ROE_ANNUAL","a5639446-3238-4e08-9d02-59bc529982db","IDBI","ROE_ANNUAL","1","[]","BLOCKED_CONTRACT","EXACT_FIELD_PERIOD_OR_SCOPE_CONTRACT_NOT_PROVEN","","","","0"
"a5639446-3238-4e08-9d02-59bc529982db:NIM_TTM","a5639446-3238-4e08-9d02-59bc529982db","IDBI","NIM_TTM","1","[]","BLOCKED_CONTRACT","EXACT_FIELD_PERIOD_OR_SCOPE_CONTRACT_NOT_PROVEN","","","","0"
"a5639446-3238-4e08-9d02-59bc529982db:GROSS_NPA","a5639446-3238-4e08-9d02-59bc529982db","IDBI","GROSS_NPA","1","[]","BLOCKED_CONTRACT","EXACT_FIELD_PERIOD_OR_SCOPE_CONTRACT_NOT_PROVEN","","","","0"
"a5639446-3238-4e08-9d02-59bc529982db:NET_NPA","a5639446-3238-4e08-9d02-59bc529982db","IDBI","NET_NPA","1","[]","BLOCKED_CONTRACT","EXACT_FIELD_PERIOD_OR_SCOPE_CONTRACT_NOT_PROVEN","","","","0"
"a5639446-3238-4e08-9d02-59bc529982db:ADVANCES_GROWTH_YOY","a5639446-3238-4e08-9d02-59bc529982db","IDBI","ADVANCES_GROWTH_YOY","1","[]","BLOCKED_CONTRACT","EXACT_FIELD_PERIOD_OR_SCOPE_CONTRACT_NOT_PROVEN","","","","0"
"a5639446-3238-4e08-9d02-59bc529982db:DEPOSITS_GROWTH_YOY","a5639446-3238-4e08-9d02-59bc529982db","IDBI","DEPOSITS_GROWTH_YOY","1","[]","BLOCKED_CONTRACT","EXACT_FIELD_PERIOD_OR_SCOPE_CONTRACT_NOT_PROVEN","","","","0"
"a5639446-3238-4e08-9d02-59bc529982db:EPS_GROWTH_YOY","a5639446-3238-4e08-9d02-59bc529982db","IDBI","EPS_GROWTH_YOY","1","[]","CACHE_FIELD_METADATA_REVIEW","REQUIRED_EVIDENCE_MISSING","","","","0"
"a5639446-3238-4e08-9d02-59bc529982db:ROA_ANNUAL","a5639446-3238-4e08-9d02-59bc529982db","IDBI","ROA_ANNUAL","1","[]","BLOCKED_CONTRACT","EXACT_FIELD_PERIOD_OR_SCOPE_CONTRACT_NOT_PROVEN","","","","0"
"a5639446-3238-4e08-9d02-59bc529982db:CET1_RATIO","a5639446-3238-4e08-9d02-59bc529982db","IDBI","CET1_RATIO","1","[]","BLOCKED_CONTRACT","EXACT_FIELD_PERIOD_OR_SCOPE_CONTRACT_NOT_PROVEN","","","","0"
"a5639446-3238-4e08-9d02-59bc529982db:CAPITAL_ADEQUACY_RATIO","a5639446-3238-4e08-9d02-59bc529982db","IDBI","CAPITAL_ADEQUACY_RATIO","1","[]","BLOCKED_CONTRACT","EXACT_FIELD_PERIOD_OR_SCOPE_CONTRACT_NOT_PROVEN","","","","0"
"a5639446-3238-4e08-9d02-59bc529982db:EXTERNAL_LONG_TERM_RATING","a5639446-3238-4e08-9d02-59bc529982db","IDBI","EXTERNAL_LONG_TERM_RATING","1","[]","CACHE_EXCERPT_REVIEW","CITED_DOCUMENT_REVIEW_AND_REQUIREMENT_FACT_CONTRACT_REQUIRED","","","","0"
"a5639446-3238-4e08-9d02-59bc529982db:PE_TTM_RELATIVE","a5639446-3238-4e08-9d02-59bc529982db","IDBI","PE_TTM_RELATIVE","1","[]","BLOCKED_CONTRACT","EXACT_FIELD_PERIOD_OR_SCOPE_CONTRACT_NOT_PROVEN","","","","0"
"a5639446-3238-4e08-9d02-59bc529982db:PB_RELATIVE","a5639446-3238-4e08-9d02-59bc529982db","IDBI","PB_RELATIVE","1","[]","BLOCKED_CONTRACT","EXACT_FIELD_PERIOD_OR_SCOPE_CONTRACT_NOT_PROVEN","","","","0"
"a5639446-3238-4e08-9d02-59bc529982db:PB_ADJUSTED_FOR_ROE","a5639446-3238-4e08-9d02-59bc529982db","IDBI","PB_ADJUSTED_FOR_ROE","1","[]","BLOCKED_CONTRACT","EXACT_FIELD_PERIOD_OR_SCOPE_CONTRACT_NOT_PROVEN","","","","0"
"a5639446-3238-4e08-9d02-59bc529982db:PRICE_MOMENTUM_12M","a5639446-3238-4e08-9d02-59bc529982db","IDBI","PRICE_MOMENTUM_12M","252","[]","BLOCKED_HISTORY_AUTHORITY","REVIEWED_SESSION_CALENDAR_AND_ADJUSTMENT_COVERAGE_REQUIRED","","","","0"
"a5639446-3238-4e08-9d02-59bc529982db:PRICE_MOMENTUM_6M","a5639446-3238-4e08-9d02-59bc529982db","IDBI","PRICE_MOMENTUM_6M","252","[]","BLOCKED_HISTORY_AUTHORITY","REVIEWED_SESSION_CALENDAR_AND_ADJUSTMENT_COVERAGE_REQUIRED","","","","0"
"a5639446-3238-4e08-9d02-59bc529982db:RELATIVE_STRENGTH_12M","a5639446-3238-4e08-9d02-59bc529982db","IDBI","RELATIVE_STRENGTH_12M","252","[]","BLOCKED_HISTORY_AUTHORITY","REVIEWED_SESSION_CALENDAR_AND_ADJUSTMENT_COVERAGE_REQUIRED","","","","0"
"a5639446-3238-4e08-9d02-59bc529982db:INSTITUTIONAL_OWNERSHIP_TREND_4Q","a5639446-3238-4e08-9d02-59bc529982db","IDBI","INSTITUTIONAL_OWNERSHIP_TREND_4Q","4","[]","CACHE_QUARTER_REVIEW","OWNERSHIP_SERIES_DEFINITION_AND_BASIS_REVIEW_REQUIRED","","","","0"
"a5639446-3238-4e08-9d02-59bc529982db:GOVERNANCE_EVENT_SIGNAL","a5639446-3238-4e08-9d02-59bc529982db","IDBI","GOVERNANCE_EVENT_SIGNAL","1","[]","CACHE_EXCERPT_REVIEW","CITED_DOCUMENT_REVIEW_AND_REQUIREMENT_FACT_CONTRACT_REQUIRED","","","","0"
"a5639446-3238-4e08-9d02-59bc529982db:MAX_DRAWDOWN_1Y","a5639446-3238-4e08-9d02-59bc529982db","IDBI","MAX_DRAWDOWN_1Y","252","[]","BLOCKED_HISTORY_AUTHORITY","REVIEWED_SESSION_CALENDAR_AND_ADJUSTMENT_COVERAGE_REQUIRED","","","","0"
"a5639446-3238-4e08-9d02-59bc529982db:VOLATILITY_RELATIVE","a5639446-3238-4e08-9d02-59bc529982db","IDBI","VOLATILITY_RELATIVE","252","[]","BLOCKED_HISTORY_AUTHORITY","REVIEWED_SESSION_CALENDAR_AND_ADJUSTMENT_COVERAGE_REQUIRED","","","","0"
"a5639446-3238-4e08-9d02-59bc529982db:RATING_TREND","a5639446-3238-4e08-9d02-59bc529982db","IDBI","RATING_TREND","1","[]","CACHE_EXCERPT_REVIEW","CITED_DOCUMENT_REVIEW_AND_REQUIREMENT_FACT_CONTRACT_REQUIRED","","","","0"
"ba340b06-fd44-4d80-9ce7-d280616354ed:ROE_ANNUAL","ba340b06-fd44-4d80-9ce7-d280616354ed","IDFCFIRSTB","ROE_ANNUAL","1","[]","BLOCKED_CONTRACT","EXACT_FIELD_PERIOD_OR_SCOPE_CONTRACT_NOT_PROVEN","","","","0"
"ba340b06-fd44-4d80-9ce7-d280616354ed:NIM_TTM","ba340b06-fd44-4d80-9ce7-d280616354ed","IDFCFIRSTB","NIM_TTM","1","[]","BLOCKED_CONTRACT","EXACT_FIELD_PERIOD_OR_SCOPE_CONTRACT_NOT_PROVEN","","","","0"
"ba340b06-fd44-4d80-9ce7-d280616354ed:GROSS_NPA","ba340b06-fd44-4d80-9ce7-d280616354ed","IDFCFIRSTB","GROSS_NPA","1","[]","BLOCKED_CONTRACT","EXACT_FIELD_PERIOD_OR_SCOPE_CONTRACT_NOT_PROVEN","","","","0"
"ba340b06-fd44-4d80-9ce7-d280616354ed:NET_NPA","ba340b06-fd44-4d80-9ce7-d280616354ed","IDFCFIRSTB","NET_NPA","1","[]","BLOCKED_CONTRACT","EXACT_FIELD_PERIOD_OR_SCOPE_CONTRACT_NOT_PROVEN","","","","0"
"ba340b06-fd44-4d80-9ce7-d280616354ed:ADVANCES_GROWTH_YOY","ba340b06-fd44-4d80-9ce7-d280616354ed","IDFCFIRSTB","ADVANCES_GROWTH_YOY","1","[]","BLOCKED_CONTRACT","EXACT_FIELD_PERIOD_OR_SCOPE_CONTRACT_NOT_PROVEN","","","","0"
"ba340b06-fd44-4d80-9ce7-d280616354ed:DEPOSITS_GROWTH_YOY","ba340b06-fd44-4d80-9ce7-d280616354ed","IDFCFIRSTB","DEPOSITS_GROWTH_YOY","1","[]","BLOCKED_CONTRACT","EXACT_FIELD_PERIOD_OR_SCOPE_CONTRACT_NOT_PROVEN","","","","0"
"ba340b06-fd44-4d80-9ce7-d280616354ed:EPS_GROWTH_YOY","ba340b06-fd44-4d80-9ce7-d280616354ed","IDFCFIRSTB","EPS_GROWTH_YOY","1","[]","CACHE_FIELD_METADATA_REVIEW","REQUIRED_EVIDENCE_MISSING","","","","0"
"ba340b06-fd44-4d80-9ce7-d280616354ed:ROA_ANNUAL","ba340b06-fd44-4d80-9ce7-d280616354ed","IDFCFIRSTB","ROA_ANNUAL","1","[]","BLOCKED_CONTRACT","EXACT_FIELD_PERIOD_OR_SCOPE_CONTRACT_NOT_PROVEN","","","","0"
"ba340b06-fd44-4d80-9ce7-d280616354ed:CET1_RATIO","ba340b06-fd44-4d80-9ce7-d280616354ed","IDFCFIRSTB","CET1_RATIO","1","[]","BLOCKED_CONTRACT","EXACT_FIELD_PERIOD_OR_SCOPE_CONTRACT_NOT_PROVEN","","","","0"
"ba340b06-fd44-4d80-9ce7-d280616354ed:CAPITAL_ADEQUACY_RATIO","ba340b06-fd44-4d80-9ce7-d280616354ed","IDFCFIRSTB","CAPITAL_ADEQUACY_RATIO","1","[]","BLOCKED_CONTRACT","EXACT_FIELD_PERIOD_OR_SCOPE_CONTRACT_NOT_PROVEN","","","","0"
"ba340b06-fd44-4d80-9ce7-d280616354ed:EXTERNAL_LONG_TERM_RATING","ba340b06-fd44-4d80-9ce7-d280616354ed","IDFCFIRSTB","EXTERNAL_LONG_TERM_RATING","1","[]","CACHE_EXCERPT_REVIEW","CITED_DOCUMENT_REVIEW_AND_REQUIREMENT_FACT_CONTRACT_REQUIRED","","","","0"
"ba340b06-fd44-4d80-9ce7-d280616354ed:PE_TTM_RELATIVE","ba340b06-fd44-4d80-9ce7-d280616354ed","IDFCFIRSTB","PE_TTM_RELATIVE","1","[]","BLOCKED_CONTRACT","EXACT_FIELD_PERIOD_OR_SCOPE_CONTRACT_NOT_PROVEN","","","","0"
"ba340b06-fd44-4d80-9ce7-d280616354ed:PB_RELATIVE","ba340b06-fd44-4d80-9ce7-d280616354ed","IDFCFIRSTB","PB_RELATIVE","1","[]","BLOCKED_CONTRACT","EXACT_FIELD_PERIOD_OR_SCOPE_CONTRACT_NOT_PROVEN","","","","0"
"ba340b06-fd44-4d80-9ce7-d280616354ed:PB_ADJUSTED_FOR_ROE","ba340b06-fd44-4d80-9ce7-d280616354ed","IDFCFIRSTB","PB_ADJUSTED_FOR_ROE","1","[]","BLOCKED_CONTRACT","EXACT_FIELD_PERIOD_OR_SCOPE_CONTRACT_NOT_PROVEN","","","","0"
"ba340b06-fd44-4d80-9ce7-d280616354ed:PRICE_MOMENTUM_12M","ba340b06-fd44-4d80-9ce7-d280616354ed","IDFCFIRSTB","PRICE_MOMENTUM_12M","252","[]","BLOCKED_HISTORY_AUTHORITY","REVIEWED_SESSION_CALENDAR_AND_ADJUSTMENT_COVERAGE_REQUIRED","","","","0"
"ba340b06-fd44-4d80-9ce7-d280616354ed:PRICE_MOMENTUM_6M","ba340b06-fd44-4d80-9ce7-d280616354ed","IDFCFIRSTB","PRICE_MOMENTUM_6M","252","[]","BLOCKED_HISTORY_AUTHORITY","REVIEWED_SESSION_CALENDAR_AND_ADJUSTMENT_COVERAGE_REQUIRED","","","","0"
"ba340b06-fd44-4d80-9ce7-d280616354ed:RELATIVE_STRENGTH_12M","ba340b06-fd44-4d80-9ce7-d280616354ed","IDFCFIRSTB","RELATIVE_STRENGTH_12M","252","[]","BLOCKED_HISTORY_AUTHORITY","REVIEWED_SESSION_CALENDAR_AND_ADJUSTMENT_COVERAGE_REQUIRED","","","","0"
"ba340b06-fd44-4d80-9ce7-d280616354ed:INSTITUTIONAL_OWNERSHIP_TREND_4Q","ba340b06-fd44-4d80-9ce7-d280616354ed","IDFCFIRSTB","INSTITUTIONAL_OWNERSHIP_TREND_4Q","4","[]","CACHE_QUARTER_REVIEW","OWNERSHIP_SERIES_DEFINITION_AND_BASIS_REVIEW_REQUIRED","","","","0"
"ba340b06-fd44-4d80-9ce7-d280616354ed:GOVERNANCE_EVENT_SIGNAL","ba340b06-fd44-4d80-9ce7-d280616354ed","IDFCFIRSTB","GOVERNANCE_EVENT_SIGNAL","1","[]","CACHE_EXCERPT_REVIEW","CITED_DOCUMENT_REVIEW_AND_REQUIREMENT_FACT_CONTRACT_REQUIRED","","","","0"
"ba340b06-fd44-4d80-9ce7-d280616354ed:MAX_DRAWDOWN_1Y","ba340b06-fd44-4d80-9ce7-d280616354ed","IDFCFIRSTB","MAX_DRAWDOWN_1Y","252","[]","BLOCKED_HISTORY_AUTHORITY","REVIEWED_SESSION_CALENDAR_AND_ADJUSTMENT_COVERAGE_REQUIRED","","","","0"
"ba340b06-fd44-4d80-9ce7-d280616354ed:VOLATILITY_RELATIVE","ba340b06-fd44-4d80-9ce7-d280616354ed","IDFCFIRSTB","VOLATILITY_RELATIVE","252","[]","BLOCKED_HISTORY_AUTHORITY","REVIEWED_SESSION_CALENDAR_AND_ADJUSTMENT_COVERAGE_REQUIRED","","","","0"
"ba340b06-fd44-4d80-9ce7-d280616354ed:RATING_TREND","ba340b06-fd44-4d80-9ce7-d280616354ed","IDFCFIRSTB","RATING_TREND","1","[]","CACHE_EXCERPT_REVIEW","CITED_DOCUMENT_REVIEW_AND_REQUIREMENT_FACT_CONTRACT_REQUIRED","","","","0"
"0c94c922-356c-41e0-b503-3de0e315eb23:OPERATING_MARGIN_HISTORY","0c94c922-356c-41e0-b503-3de0e315eb23","IKS","OPERATING_MARGIN_HISTORY","8","[]","CACHE_FIELD_METADATA_REVIEW","REPORTING_PERIOD_INVALID","","","","0"
"0c94c922-356c-41e0-b503-3de0e315eb23:REVENUE_PER_EMPLOYEE_OR_DELIVERY_EFFICIENCY","0c94c922-356c-41e0-b503-3de0e315eb23","IKS","REVENUE_PER_EMPLOYEE_OR_DELIVERY_EFFICIENCY","8","[]","BLOCKED_CONTRACT","EXACT_FIELD_PERIOD_OR_SCOPE_CONTRACT_NOT_PROVEN","","","","0"
"0c94c922-356c-41e0-b503-3de0e315eb23:REVENUE_CLIENT_GROWTH_MULTI_PERIOD","0c94c922-356c-41e0-b503-3de0e315eb23","IKS","REVENUE_CLIENT_GROWTH_MULTI_PERIOD","8","[]","BLOCKED_CONTRACT","EXACT_FIELD_PERIOD_OR_SCOPE_CONTRACT_NOT_PROVEN","","","","0"
"0c94c922-356c-41e0-b503-3de0e315eb23:ROCE_OR_ROIC","0c94c922-356c-41e0-b503-3de0e315eb23","IKS","ROCE_OR_ROIC","3","[]","ACQUIRE_RAW_THEN_REVIEW","EXACT_FIELD_MISSING_AND_RESPONSE_METADATA_UNPROVEN","TRENDLYNE","get_parameter_values_multi_stock","{""type"":""stock"",""query"":""IKS IKS instrument 2842042 ROCE Ann. % as of 2026-10-05; supply 3 distinct dated YEAR reporting periods, period start/end, unit/scale, currency, consolidated/standalone scope, publication dates and source field labels; no relative-year labels as period proof""}","1"
"0c94c922-356c-41e0-b503-3de0e315eb23:FCF_CONVERSION","0c94c922-356c-41e0-b503-3de0e315eb23","IKS","FCF_CONVERSION","3","[]","BLOCKED_CONTRACT","EXACT_FIELD_PERIOD_OR_SCOPE_CONTRACT_NOT_PROVEN","","","","0"
"0c94c922-356c-41e0-b503-3de0e315eb23:NET_CASH_OR_LEVERAGE","0c94c922-356c-41e0-b503-3de0e315eb23","IKS","NET_CASH_OR_LEVERAGE","3","[]","BLOCKED_CONTRACT","EXACT_FIELD_PERIOD_OR_SCOPE_CONTRACT_NOT_PROVEN","","","","0"
"0c94c922-356c-41e0-b503-3de0e315eb23:CLIENT_RETENTION","0c94c922-356c-41e0-b503-3de0e315eb23","IKS","CLIENT_RETENTION","3","[]","CACHE_EXCERPT_REVIEW","CITED_DOCUMENT_REVIEW_AND_REQUIREMENT_FACT_CONTRACT_REQUIRED","","","","0"
"0c94c922-356c-41e0-b503-3de0e315eb23:DOMAIN_DEPTH","0c94c922-356c-41e0-b503-3de0e315eb23","IKS","DOMAIN_DEPTH","3","[]","CACHE_EXCERPT_REVIEW","CITED_DOCUMENT_REVIEW_AND_REQUIREMENT_FACT_CONTRACT_REQUIRED","","","","0"
"0c94c922-356c-41e0-b503-3de0e315eb23:DELIVERY_SCALE","0c94c922-356c-41e0-b503-3de0e315eb23","IKS","DELIVERY_SCALE","3","[]","CACHE_EXCERPT_REVIEW","CITED_DOCUMENT_REVIEW_AND_REQUIREMENT_FACT_CONTRACT_REQUIRED","","","","0"
"0c94c922-356c-41e0-b503-3de0e315eb23:PE","0c94c922-356c-41e0-b503-3de0e315eb23","IKS","PE","3","[]","CACHE_FIELD_METADATA_REVIEW","REPORTING_PERIOD_TYPE_NOT_PROVEN","","","","0"
"0c94c922-356c-41e0-b503-3de0e315eb23:EV_EBITDA","0c94c922-356c-41e0-b503-3de0e315eb23","IKS","EV_EBITDA","3","[]","BLOCKED_CONTRACT","EXACT_FIELD_PERIOD_OR_SCOPE_CONTRACT_NOT_PROVEN","","","","0"
"0c94c922-356c-41e0-b503-3de0e315eb23:FCF_YIELD","0c94c922-356c-41e0-b503-3de0e315eb23","IKS","FCF_YIELD","3","[]","BLOCKED_CONTRACT","EXACT_FIELD_PERIOD_OR_SCOPE_CONTRACT_NOT_PROVEN","","","","0"
"0c94c922-356c-41e0-b503-3de0e315eb23:ROCE_CONTEXT","0c94c922-356c-41e0-b503-3de0e315eb23","IKS","ROCE_CONTEXT","3","[]","BLOCKED_CONTRACT","EXACT_FIELD_PERIOD_OR_SCOPE_CONTRACT_NOT_PROVEN","","","","0"
"0c94c922-356c-41e0-b503-3de0e315eb23:PRICE_HISTORY_252D","0c94c922-356c-41e0-b503-3de0e315eb23","IKS","PRICE_HISTORY_252D","252","[]","BLOCKED_HISTORY_AUTHORITY","REVIEWED_SESSION_CALENDAR_AND_ADJUSTMENT_COVERAGE_REQUIRED","","","","0"
"0c94c922-356c-41e0-b503-3de0e315eb23:APPROVED_BENCHMARK_HISTORY_252D","0c94c922-356c-41e0-b503-3de0e315eb23","IKS","APPROVED_BENCHMARK_HISTORY_252D","252","[]","BLOCKED_HISTORY_AUTHORITY","REVIEWED_SESSION_CALENDAR_AND_ADJUSTMENT_COVERAGE_REQUIRED","","","","0"
"0c94c922-356c-41e0-b503-3de0e315eb23:CLIENT_CONCENTRATION_WAGE_FX_AUTOMATION","0c94c922-356c-41e0-b503-3de0e315eb23","IKS","CLIENT_CONCENTRATION_WAGE_FX_AUTOMATION","252","[]","CACHE_EXCERPT_REVIEW","CITED_DOCUMENT_REVIEW_AND_REQUIREMENT_FACT_CONTRACT_REQUIRED","","","","0"
"0c94c922-356c-41e0-b503-3de0e315eb23:MARKET_DRAWDOWN","0c94c922-356c-41e0-b503-3de0e315eb23","IKS","MARKET_DRAWDOWN","252","[]","BLOCKED_HISTORY_AUTHORITY","REVIEWED_SESSION_CALENDAR_AND_ADJUSTMENT_COVERAGE_REQUIRED","","","","0"
"0c94c922-356c-41e0-b503-3de0e315eb23:OWNERSHIP_TREND_4Q","0c94c922-356c-41e0-b503-3de0e315eb23","IKS","OWNERSHIP_TREND_4Q","4","[]","CACHE_QUARTER_REVIEW","OWNERSHIP_SERIES_DEFINITION_AND_BASIS_REVIEW_REQUIRED","","","","0"
"0c94c922-356c-41e0-b503-3de0e315eb23:GOVERNANCE_EVENT_REVIEW","0c94c922-356c-41e0-b503-3de0e315eb23","IKS","GOVERNANCE_EVENT_REVIEW","4","[]","CACHE_EXCERPT_REVIEW","CITED_DOCUMENT_REVIEW_AND_REQUIREMENT_FACT_CONTRACT_REQUIRED","","","","0"
"81ac2bfc-bb2b-44eb-9f36-dcc3de29b16f:UNIT_LEVEL_MARGIN_OR_OPERATING_MARGIN","81ac2bfc-bb2b-44eb-9f36-dcc3de29b16f","INDHOTEL","UNIT_LEVEL_MARGIN_OR_OPERATING_MARGIN","8","[]","BLOCKED_CONTRACT","EXACT_FIELD_PERIOD_OR_SCOPE_CONTRACT_NOT_PROVEN","","","","0"
"81ac2bfc-bb2b-44eb-9f36-dcc3de29b16f:SAME_STORE_REVPAR_OR_TRANSACTION_QUALITY","81ac2bfc-bb2b-44eb-9f36-dcc3de29b16f","INDHOTEL","SAME_STORE_REVPAR_OR_TRANSACTION_QUALITY","8","[]","BLOCKED_CONTRACT","EXACT_FIELD_PERIOD_OR_SCOPE_CONTRACT_NOT_PROVEN","","","","0"
"81ac2bfc-bb2b-44eb-9f36-dcc3de29b16f:REVENUE_UNIT_NETWORK_BOOKING_GROWTH","81ac2bfc-bb2b-44eb-9f36-dcc3de29b16f","INDHOTEL","REVENUE_UNIT_NETWORK_BOOKING_GROWTH","8","[]","BLOCKED_CONTRACT","EXACT_FIELD_PERIOD_OR_SCOPE_CONTRACT_NOT_PROVEN","","","","0"
"81ac2bfc-bb2b-44eb-9f36-dcc3de29b16f:ROCE_OR_ROIC_WITH_ASSET_LIGHT_CONTEXT","81ac2bfc-bb2b-44eb-9f36-dcc3de29b16f","INDHOTEL","ROCE_OR_ROIC_WITH_ASSET_LIGHT_CONTEXT","3","[]","BLOCKED_CONTRACT","EXACT_FIELD_PERIOD_OR_SCOPE_CONTRACT_NOT_PROVEN","","","","0"
"81ac2bfc-bb2b-44eb-9f36-dcc3de29b16f:CFO_FCF_CONVERSION","81ac2bfc-bb2b-44eb-9f36-dcc3de29b16f","INDHOTEL","CFO_FCF_CONVERSION","3","[]","BLOCKED_CONTRACT","EXACT_FIELD_PERIOD_OR_SCOPE_CONTRACT_NOT_PROVEN","","","","0"
"81ac2bfc-bb2b-44eb-9f36-dcc3de29b16f:NET_DEBT_FIXED_CHARGE_COVERAGE","81ac2bfc-bb2b-44eb-9f36-dcc3de29b16f","INDHOTEL","NET_DEBT_FIXED_CHARGE_COVERAGE","3","[]","BLOCKED_CONTRACT","EXACT_FIELD_PERIOD_OR_SCOPE_CONTRACT_NOT_PROVEN","","","","0"
"81ac2bfc-bb2b-44eb-9f36-dcc3de29b16f:BRAND_NETWORK_CUSTOMER_REPEAT","81ac2bfc-bb2b-44eb-9f36-dcc3de29b16f","INDHOTEL","BRAND_NETWORK_CUSTOMER_REPEAT","3","[]","CACHE_EXCERPT_REVIEW","CITED_DOCUMENT_REVIEW_AND_REQUIREMENT_FACT_CONTRACT_REQUIRED","","","","0"
"81ac2bfc-bb2b-44eb-9f36-dcc3de29b16f:ASSET_OR_FRANCHISE_DIVERSIFICATION","81ac2bfc-bb2b-44eb-9f36-dcc3de29b16f","INDHOTEL","ASSET_OR_FRANCHISE_DIVERSIFICATION","3","[]","CACHE_EXCERPT_REVIEW","CITED_DOCUMENT_REVIEW_AND_REQUIREMENT_FACT_CONTRACT_REQUIRED","","","","0"
"81ac2bfc-bb2b-44eb-9f36-dcc3de29b16f:EV_EBITDA","81ac2bfc-bb2b-44eb-9f36-dcc3de29b16f","INDHOTEL","EV_EBITDA","3","[]","BLOCKED_CONTRACT","EXACT_FIELD_PERIOD_OR_SCOPE_CONTRACT_NOT_PROVEN","","","","0"
"81ac2bfc-bb2b-44eb-9f36-dcc3de29b16f:PE_WHEN_EARNINGS_POSITIVE","81ac2bfc-bb2b-44eb-9f36-dcc3de29b16f","INDHOTEL","PE_WHEN_EARNINGS_POSITIVE","3","[]","BLOCKED_CONTRACT","EXACT_FIELD_PERIOD_OR_SCOPE_CONTRACT_NOT_PROVEN","","","","0"
"81ac2bfc-bb2b-44eb-9f36-dcc3de29b16f:FCF_YIELD","81ac2bfc-bb2b-44eb-9f36-dcc3de29b16f","INDHOTEL","FCF_YIELD","3","[]","BLOCKED_CONTRACT","EXACT_FIELD_PERIOD_OR_SCOPE_CONTRACT_NOT_PROVEN","","","","0"
"81ac2bfc-bb2b-44eb-9f36-dcc3de29b16f:UNIT_ECONOMICS_OR_ASSET_ROCE_CONTEXT","81ac2bfc-bb2b-44eb-9f36-dcc3de29b16f","INDHOTEL","UNIT_ECONOMICS_OR_ASSET_ROCE_CONTEXT","3","[]","CACHE_EXCERPT_REVIEW","CITED_DOCUMENT_REVIEW_AND_REQUIREMENT_FACT_CONTRACT_REQUIRED","","","","0"
"81ac2bfc-bb2b-44eb-9f36-dcc3de29b16f:PRICE_HISTORY_252D","81ac2bfc-bb2b-44eb-9f36-dcc3de29b16f","INDHOTEL","PRICE_HISTORY_252D","252","[]","BLOCKED_HISTORY_AUTHORITY","REVIEWED_SESSION_CALENDAR_AND_ADJUSTMENT_COVERAGE_REQUIRED","","","","0"
"81ac2bfc-bb2b-44eb-9f36-dcc3de29b16f:APPROVED_BENCHMARK_HISTORY_252D","81ac2bfc-bb2b-44eb-9f36-dcc3de29b16f","INDHOTEL","APPROVED_BENCHMARK_HISTORY_252D","252","[]","BLOCKED_HISTORY_AUTHORITY","EXACT_BENCHMARK_AUTHORITY_OR_TOKEN_REQUIRED","","","","0"
"81ac2bfc-bb2b-44eb-9f36-dcc3de29b16f:DISCRETIONARY_DEMAND","81ac2bfc-bb2b-44eb-9f36-dcc3de29b16f","INDHOTEL","DISCRETIONARY_DEMAND","252","[]","BLOCKED_CONTRACT","EXACT_FIELD_PERIOD_OR_SCOPE_CONTRACT_NOT_PROVEN","","","","0"
"81ac2bfc-bb2b-44eb-9f36-dcc3de29b16f:OCCUPANCY_TRAFFIC_VOLATILITY","81ac2bfc-bb2b-44eb-9f36-dcc3de29b16f","INDHOTEL","OCCUPANCY_TRAFFIC_VOLATILITY","252","[]","BLOCKED_HISTORY_AUTHORITY","REVIEWED_SESSION_CALENDAR_AND_ADJUSTMENT_COVERAGE_REQUIRED","","","","0"
"81ac2bfc-bb2b-44eb-9f36-dcc3de29b16f:MARKET_DRAWDOWN","81ac2bfc-bb2b-44eb-9f36-dcc3de29b16f","INDHOTEL","MARKET_DRAWDOWN","252","[]","BLOCKED_HISTORY_AUTHORITY","REVIEWED_SESSION_CALENDAR_AND_ADJUSTMENT_COVERAGE_REQUIRED","","","","0"
"81ac2bfc-bb2b-44eb-9f36-dcc3de29b16f:OWNERSHIP_TREND_4Q","81ac2bfc-bb2b-44eb-9f36-dcc3de29b16f","INDHOTEL","OWNERSHIP_TREND_4Q","4","[]","CACHE_QUARTER_REVIEW","OWNERSHIP_SERIES_DEFINITION_AND_BASIS_REVIEW_REQUIRED","","","","0"
"81ac2bfc-bb2b-44eb-9f36-dcc3de29b16f:GOVERNANCE_EVENT_REVIEW","81ac2bfc-bb2b-44eb-9f36-dcc3de29b16f","INDHOTEL","GOVERNANCE_EVENT_REVIEW","4","[]","CACHE_EXCERPT_REVIEW","CITED_DOCUMENT_REVIEW_AND_REQUIREMENT_FACT_CONTRACT_REQUIRED","","","","0"
"5275dd14-35ba-4feb-94d8-f8d1facb19d3:ROE_ANNUAL","5275dd14-35ba-4feb-94d8-f8d1facb19d3","INDIANB","ROE_ANNUAL","1","[]","BLOCKED_CONTRACT","EXACT_FIELD_PERIOD_OR_SCOPE_CONTRACT_NOT_PROVEN","","","","0"
"5275dd14-35ba-4feb-94d8-f8d1facb19d3:NIM_TTM","5275dd14-35ba-4feb-94d8-f8d1facb19d3","INDIANB","NIM_TTM","1","[]","BLOCKED_CONTRACT","EXACT_FIELD_PERIOD_OR_SCOPE_CONTRACT_NOT_PROVEN","","","","0"
"5275dd14-35ba-4feb-94d8-f8d1facb19d3:GROSS_NPA","5275dd14-35ba-4feb-94d8-f8d1facb19d3","INDIANB","GROSS_NPA","1","[]","BLOCKED_CONTRACT","EXACT_FIELD_PERIOD_OR_SCOPE_CONTRACT_NOT_PROVEN","","","","0"
"5275dd14-35ba-4feb-94d8-f8d1facb19d3:NET_NPA","5275dd14-35ba-4feb-94d8-f8d1facb19d3","INDIANB","NET_NPA","1","[]","BLOCKED_CONTRACT","EXACT_FIELD_PERIOD_OR_SCOPE_CONTRACT_NOT_PROVEN","","","","0"
"5275dd14-35ba-4feb-94d8-f8d1facb19d3:ADVANCES_GROWTH_YOY","5275dd14-35ba-4feb-94d8-f8d1facb19d3","INDIANB","ADVANCES_GROWTH_YOY","1","[]","BLOCKED_CONTRACT","EXACT_FIELD_PERIOD_OR_SCOPE_CONTRACT_NOT_PROVEN","","","","0"
"5275dd14-35ba-4feb-94d8-f8d1facb19d3:DEPOSITS_GROWTH_YOY","5275dd14-35ba-4feb-94d8-f8d1facb19d3","INDIANB","DEPOSITS_GROWTH_YOY","1","[]","BLOCKED_CONTRACT","EXACT_FIELD_PERIOD_OR_SCOPE_CONTRACT_NOT_PROVEN","","","","0"
"5275dd14-35ba-4feb-94d8-f8d1facb19d3:EPS_GROWTH_YOY","5275dd14-35ba-4feb-94d8-f8d1facb19d3","INDIANB","EPS_GROWTH_YOY","1","[]","CACHE_FIELD_METADATA_REVIEW","REQUIRED_EVIDENCE_MISSING","","","","0"
"5275dd14-35ba-4feb-94d8-f8d1facb19d3:ROA_ANNUAL","5275dd14-35ba-4feb-94d8-f8d1facb19d3","INDIANB","ROA_ANNUAL","1","[]","BLOCKED_CONTRACT","EXACT_FIELD_PERIOD_OR_SCOPE_CONTRACT_NOT_PROVEN","","","","0"
"5275dd14-35ba-4feb-94d8-f8d1facb19d3:CET1_RATIO","5275dd14-35ba-4feb-94d8-f8d1facb19d3","INDIANB","CET1_RATIO","1","[]","BLOCKED_CONTRACT","EXACT_FIELD_PERIOD_OR_SCOPE_CONTRACT_NOT_PROVEN","","","","0"
"5275dd14-35ba-4feb-94d8-f8d1facb19d3:CAPITAL_ADEQUACY_RATIO","5275dd14-35ba-4feb-94d8-f8d1facb19d3","INDIANB","CAPITAL_ADEQUACY_RATIO","1","[]","BLOCKED_CONTRACT","EXACT_FIELD_PERIOD_OR_SCOPE_CONTRACT_NOT_PROVEN","","","","0"
"5275dd14-35ba-4feb-94d8-f8d1facb19d3:EXTERNAL_LONG_TERM_RATING","5275dd14-35ba-4feb-94d8-f8d1facb19d3","INDIANB","EXTERNAL_LONG_TERM_RATING","1","[]","CACHE_EXCERPT_REVIEW","CITED_DOCUMENT_REVIEW_AND_REQUIREMENT_FACT_CONTRACT_REQUIRED","","","","0"
"5275dd14-35ba-4feb-94d8-f8d1facb19d3:PE_TTM_RELATIVE","5275dd14-35ba-4feb-94d8-f8d1facb19d3","INDIANB","PE_TTM_RELATIVE","1","[]","BLOCKED_CONTRACT","EXACT_FIELD_PERIOD_OR_SCOPE_CONTRACT_NOT_PROVEN","","","","0"
"5275dd14-35ba-4feb-94d8-f8d1facb19d3:PB_RELATIVE","5275dd14-35ba-4feb-94d8-f8d1facb19d3","INDIANB","PB_RELATIVE","1","[]","BLOCKED_CONTRACT","EXACT_FIELD_PERIOD_OR_SCOPE_CONTRACT_NOT_PROVEN","","","","0"
"5275dd14-35ba-4feb-94d8-f8d1facb19d3:PB_ADJUSTED_FOR_ROE","5275dd14-35ba-4feb-94d8-f8d1facb19d3","INDIANB","PB_ADJUSTED_FOR_ROE","1","[]","BLOCKED_CONTRACT","EXACT_FIELD_PERIOD_OR_SCOPE_CONTRACT_NOT_PROVEN","","","","0"
"5275dd14-35ba-4feb-94d8-f8d1facb19d3:PRICE_MOMENTUM_12M","5275dd14-35ba-4feb-94d8-f8d1facb19d3","INDIANB","PRICE_MOMENTUM_12M","252","[]","BLOCKED_HISTORY_AUTHORITY","REVIEWED_SESSION_CALENDAR_AND_ADJUSTMENT_COVERAGE_REQUIRED","","","","0"
"5275dd14-35ba-4feb-94d8-f8d1facb19d3:PRICE_MOMENTUM_6M","5275dd14-35ba-4feb-94d8-f8d1facb19d3","INDIANB","PRICE_MOMENTUM_6M","252","[]","BLOCKED_HISTORY_AUTHORITY","REVIEWED_SESSION_CALENDAR_AND_ADJUSTMENT_COVERAGE_REQUIRED","","","","0"
"5275dd14-35ba-4feb-94d8-f8d1facb19d3:RELATIVE_STRENGTH_12M","5275dd14-35ba-4feb-94d8-f8d1facb19d3","INDIANB","RELATIVE_STRENGTH_12M","252","[]","BLOCKED_HISTORY_AUTHORITY","REVIEWED_SESSION_CALENDAR_AND_ADJUSTMENT_COVERAGE_REQUIRED","","","","0"
"5275dd14-35ba-4feb-94d8-f8d1facb19d3:INSTITUTIONAL_OWNERSHIP_TREND_4Q","5275dd14-35ba-4feb-94d8-f8d1facb19d3","INDIANB","INSTITUTIONAL_OWNERSHIP_TREND_4Q","4","[]","CACHE_QUARTER_REVIEW","OWNERSHIP_SERIES_DEFINITION_AND_BASIS_REVIEW_REQUIRED","","","","0"
"5275dd14-35ba-4feb-94d8-f8d1facb19d3:GOVERNANCE_EVENT_SIGNAL","5275dd14-35ba-4feb-94d8-f8d1facb19d3","INDIANB","GOVERNANCE_EVENT_SIGNAL","1","[]","CACHE_EXCERPT_REVIEW","CITED_DOCUMENT_REVIEW_AND_REQUIREMENT_FACT_CONTRACT_REQUIRED","","","","0"
"5275dd14-35ba-4feb-94d8-f8d1facb19d3:MAX_DRAWDOWN_1Y","5275dd14-35ba-4feb-94d8-f8d1facb19d3","INDIANB","MAX_DRAWDOWN_1Y","252","[]","BLOCKED_HISTORY_AUTHORITY","REVIEWED_SESSION_CALENDAR_AND_ADJUSTMENT_COVERAGE_REQUIRED","","","","0"
"5275dd14-35ba-4feb-94d8-f8d1facb19d3:VOLATILITY_RELATIVE","5275dd14-35ba-4feb-94d8-f8d1facb19d3","INDIANB","VOLATILITY_RELATIVE","252","[]","BLOCKED_HISTORY_AUTHORITY","REVIEWED_SESSION_CALENDAR_AND_ADJUSTMENT_COVERAGE_REQUIRED","","","","0"
"5275dd14-35ba-4feb-94d8-f8d1facb19d3:RATING_TREND","5275dd14-35ba-4feb-94d8-f8d1facb19d3","INDIANB","RATING_TREND","1","[]","CACHE_EXCERPT_REVIEW","CITED_DOCUMENT_REVIEW_AND_REQUIREMENT_FACT_CONTRACT_REQUIRED","","","","0"
"1c038626-26ac-4632-a446-4de7f0fc3245:TENANCY_MARGIN_COLLECTION_QUALITY","1c038626-26ac-4632-a446-4de7f0fc3245","INDUSTOWER","TENANCY_MARGIN_COLLECTION_QUALITY","8","[]","CACHE_EXCERPT_REVIEW","CITED_DOCUMENT_REVIEW_AND_REQUIREMENT_FACT_CONTRACT_REQUIRED","","","","0"
"1c038626-26ac-4632-a446-4de7f0fc3245:UPTIME","1c038626-26ac-4632-a446-4de7f0fc3245","INDUSTOWER","UPTIME","8","[]","CACHE_EXCERPT_REVIEW","CITED_DOCUMENT_REVIEW_AND_REQUIREMENT_FACT_CONTRACT_REQUIRED","","","","0"
"1c038626-26ac-4632-a446-4de7f0fc3245:TOWER_TENANCY_DATA_CAPEX_REVENUE_GROWTH","1c038626-26ac-4632-a446-4de7f0fc3245","INDUSTOWER","TOWER_TENANCY_DATA_CAPEX_REVENUE_GROWTH","8","[]","CACHE_EXCERPT_REVIEW","CITED_DOCUMENT_REVIEW_AND_REQUIREMENT_FACT_CONTRACT_REQUIRED","","","","0"
"1c038626-26ac-4632-a446-4de7f0fc3245:ROCE_OR_ROIC","1c038626-26ac-4632-a446-4de7f0fc3245","INDUSTOWER","ROCE_OR_ROIC","3","[]","CACHE_FIELD_METADATA_REVIEW","REPORTING_PERIOD_INVALID","","","","0"
"1c038626-26ac-4632-a446-4de7f0fc3245:CFO_FCF_CAPEX_CONVERSION","1c038626-26ac-4632-a446-4de7f0fc3245","INDUSTOWER","CFO_FCF_CAPEX_CONVERSION","3","[]","BLOCKED_CONTRACT","EXACT_FIELD_PERIOD_OR_SCOPE_CONTRACT_NOT_PROVEN","","","","0"
"1c038626-26ac-4632-a446-4de7f0fc3245:NET_DEBT_INTEREST_COVERAGE_RECEIVABLES","1c038626-26ac-4632-a446-4de7f0fc3245","INDUSTOWER","NET_DEBT_INTEREST_COVERAGE_RECEIVABLES","3","[]","CACHE_EXCERPT_REVIEW","CITED_DOCUMENT_REVIEW_AND_REQUIREMENT_FACT_CONTRACT_REQUIRED","","","","0"
"1c038626-26ac-4632-a446-4de7f0fc3245:TENANCY_CONTRACT_NETWORK_SCALE","1c038626-26ac-4632-a446-4de7f0fc3245","INDUSTOWER","TENANCY_CONTRACT_NETWORK_SCALE","3","[]","CACHE_EXCERPT_REVIEW","CITED_DOCUMENT_REVIEW_AND_REQUIREMENT_FACT_CONTRACT_REQUIRED","","","","0"
"1c038626-26ac-4632-a446-4de7f0fc3245:CUSTOMER_DIVERSIFICATION","1c038626-26ac-4632-a446-4de7f0fc3245","INDUSTOWER","CUSTOMER_DIVERSIFICATION","3","[]","CACHE_EXCERPT_REVIEW","CITED_DOCUMENT_REVIEW_AND_REQUIREMENT_FACT_CONTRACT_REQUIRED","","","","0"
"1c038626-26ac-4632-a446-4de7f0fc3245:EV_EBITDA","1c038626-26ac-4632-a446-4de7f0fc3245","INDUSTOWER","EV_EBITDA","3","[]","BLOCKED_CONTRACT","EXACT_FIELD_PERIOD_OR_SCOPE_CONTRACT_NOT_PROVEN","","","","0"
"1c038626-26ac-4632-a446-4de7f0fc3245:FCF_YIELD","1c038626-26ac-4632-a446-4de7f0fc3245","INDUSTOWER","FCF_YIELD","3","[]","BLOCKED_CONTRACT","EXACT_FIELD_PERIOD_OR_SCOPE_CONTRACT_NOT_PROVEN","","","","0"
"1c038626-26ac-4632-a446-4de7f0fc3245:DIVIDEND_YIELD","1c038626-26ac-4632-a446-4de7f0fc3245","INDUSTOWER","DIVIDEND_YIELD","3","[]","BLOCKED_CONTRACT","EXACT_FIELD_PERIOD_OR_SCOPE_CONTRACT_NOT_PROVEN","","","","0"
"1c038626-26ac-4632-a446-4de7f0fc3245:ROCE_TENANCY_CONTEXT","1c038626-26ac-4632-a446-4de7f0fc3245","INDUSTOWER","ROCE_TENANCY_CONTEXT","3","[]","CACHE_EXCERPT_REVIEW","CITED_DOCUMENT_REVIEW_AND_REQUIREMENT_FACT_CONTRACT_REQUIRED","","","","0"
"1c038626-26ac-4632-a446-4de7f0fc3245:PRICE_HISTORY_252D","1c038626-26ac-4632-a446-4de7f0fc3245","INDUSTOWER","PRICE_HISTORY_252D","252","[]","BLOCKED_HISTORY_AUTHORITY","REVIEWED_SESSION_CALENDAR_AND_ADJUSTMENT_COVERAGE_REQUIRED","","","","0"
"1c038626-26ac-4632-a446-4de7f0fc3245:APPROVED_BENCHMARK_HISTORY_252D","1c038626-26ac-4632-a446-4de7f0fc3245","INDUSTOWER","APPROVED_BENCHMARK_HISTORY_252D","252","[]","BLOCKED_HISTORY_AUTHORITY","EXACT_BENCHMARK_AUTHORITY_OR_TOKEN_REQUIRED","","","","0"
"1c038626-26ac-4632-a446-4de7f0fc3245:CUSTOMER_CONCENTRATION_RECEIVABLE_REGULATION","1c038626-26ac-4632-a446-4de7f0fc3245","INDUSTOWER","CUSTOMER_CONCENTRATION_RECEIVABLE_REGULATION","252","[]","CACHE_EXCERPT_REVIEW","CITED_DOCUMENT_REVIEW_AND_REQUIREMENT_FACT_CONTRACT_REQUIRED","","","","0"
"1c038626-26ac-4632-a446-4de7f0fc3245:MARKET_DRAWDOWN","1c038626-26ac-4632-a446-4de7f0fc3245","INDUSTOWER","MARKET_DRAWDOWN","252","[]","BLOCKED_HISTORY_AUTHORITY","REVIEWED_SESSION_CALENDAR_AND_ADJUSTMENT_COVERAGE_REQUIRED","","","","0"
"1c038626-26ac-4632-a446-4de7f0fc3245:OWNERSHIP_TREND_4Q","1c038626-26ac-4632-a446-4de7f0fc3245","INDUSTOWER","OWNERSHIP_TREND_4Q","4","[]","CACHE_QUARTER_REVIEW","OWNERSHIP_SERIES_DEFINITION_AND_BASIS_REVIEW_REQUIRED","","","","0"
"1c038626-26ac-4632-a446-4de7f0fc3245:GOVERNANCE_EVENT_REVIEW","1c038626-26ac-4632-a446-4de7f0fc3245","INDUSTOWER","GOVERNANCE_EVENT_REVIEW","4","[]","CACHE_EXCERPT_REVIEW","CITED_DOCUMENT_REVIEW_AND_REQUIREMENT_FACT_CONTRACT_REQUIRED","","","","0"
"ba7b2673-39d9-47ec-b2b2-cd19922aec36:REVENUE_GROWTH_MULTI_PERIOD","ba7b2673-39d9-47ec-b2b2-cd19922aec36","INFY","REVENUE_GROWTH_MULTI_PERIOD","1","[]","CACHE_FIELD_METADATA_REVIEW","METRIC_CONTRACT_NOT_REVIEWED","","","","0"
"ba7b2673-39d9-47ec-b2b2-cd19922aec36:OPERATING_MARGIN_HISTORY","ba7b2673-39d9-47ec-b2b2-cd19922aec36","INFY","OPERATING_MARGIN_HISTORY","1","[]","CACHE_FIELD_METADATA_REVIEW","REPORTING_PERIOD_INVALID","","","","0"
"ba7b2673-39d9-47ec-b2b2-cd19922aec36:ROCE_OR_ROIC","ba7b2673-39d9-47ec-b2b2-cd19922aec36","INFY","ROCE_OR_ROIC","1","[]","CACHE_FIELD_METADATA_REVIEW","REPORTING_PERIOD_INVALID","","","","0"
"ba7b2673-39d9-47ec-b2b2-cd19922aec36:FCF_CONVERSION","ba7b2673-39d9-47ec-b2b2-cd19922aec36","INFY","FCF_CONVERSION","1","[]","BLOCKED_CONTRACT","EXACT_FIELD_PERIOD_OR_SCOPE_CONTRACT_NOT_PROVEN","","","","0"
"ba7b2673-39d9-47ec-b2b2-cd19922aec36:NET_CASH_OR_LEVERAGE","ba7b2673-39d9-47ec-b2b2-cd19922aec36","INFY","NET_CASH_OR_LEVERAGE","1","[]","BLOCKED_CONTRACT","EXACT_FIELD_PERIOD_OR_SCOPE_CONTRACT_NOT_PROVEN","","","","0"
"ba7b2673-39d9-47ec-b2b2-cd19922aec36:BUSINESS_DURABILITY","ba7b2673-39d9-47ec-b2b2-cd19922aec36","INFY","BUSINESS_DURABILITY","1","[]","CACHE_EXCERPT_REVIEW","CITED_DOCUMENT_REVIEW_AND_REQUIREMENT_FACT_CONTRACT_REQUIRED","","","","0"
"ba7b2673-39d9-47ec-b2b2-cd19922aec36:VALUATION","ba7b2673-39d9-47ec-b2b2-cd19922aec36","INFY","VALUATION","1","[]","BLOCKED_CONTRACT","EXACT_FIELD_PERIOD_OR_SCOPE_CONTRACT_NOT_PROVEN","","","","0"
"ba7b2673-39d9-47ec-b2b2-cd19922aec36:MOMENTUM_12M_RELATIVE","ba7b2673-39d9-47ec-b2b2-cd19922aec36","INFY","MOMENTUM_12M_RELATIVE","252","[]","BLOCKED_HISTORY_AUTHORITY","REVIEWED_SESSION_CALENDAR_AND_ADJUSTMENT_COVERAGE_REQUIRED","","","","0"
"ba7b2673-39d9-47ec-b2b2-cd19922aec36:DRAWDOWN_VOLATILITY_RISK","ba7b2673-39d9-47ec-b2b2-cd19922aec36","INFY","DRAWDOWN_VOLATILITY_RISK","252","[]","BLOCKED_HISTORY_AUTHORITY","REVIEWED_SESSION_CALENDAR_AND_ADJUSTMENT_COVERAGE_REQUIRED","","","","0"
"ba7b2673-39d9-47ec-b2b2-cd19922aec36:OWNERSHIP_GOVERNANCE","ba7b2673-39d9-47ec-b2b2-cd19922aec36","INFY","OWNERSHIP_GOVERNANCE","4","[]","CACHE_QUARTER_REVIEW","OWNERSHIP_SERIES_DEFINITION_AND_BASIS_REVIEW_REQUIRED","","","","0"
"5639e7a2-275a-4c8c-be0b-3e0d59a1ecec:OPERATING_MARGIN_CONTRACT_QUALITY","5639e7a2-275a-4c8c-be0b-3e0d59a1ecec","IONEXCHANG","OPERATING_MARGIN_CONTRACT_QUALITY","8","[]","BLOCKED_CONTRACT","EXACT_FIELD_PERIOD_OR_SCOPE_CONTRACT_NOT_PROVEN","","","","0"
"5639e7a2-275a-4c8c-be0b-3e0d59a1ecec:COLLECTION_OR_TREATMENT_EFFICIENCY","5639e7a2-275a-4c8c-be0b-3e0d59a1ecec","IONEXCHANG","COLLECTION_OR_TREATMENT_EFFICIENCY","8","[]","BLOCKED_CONTRACT","EXACT_FIELD_PERIOD_OR_SCOPE_CONTRACT_NOT_PROVEN","","","","0"
"5639e7a2-275a-4c8c-be0b-3e0d59a1ecec:REVENUE_ORDER_BOOK_CAPACITY_GROWTH","5639e7a2-275a-4c8c-be0b-3e0d59a1ecec","IONEXCHANG","REVENUE_ORDER_BOOK_CAPACITY_GROWTH","8","[]","CACHE_EXCERPT_REVIEW","CITED_DOCUMENT_REVIEW_AND_REQUIREMENT_FACT_CONTRACT_REQUIRED","","","","0"
"5639e7a2-275a-4c8c-be0b-3e0d59a1ecec:ROCE_OR_ROIC_PROJECT_CONTEXT","5639e7a2-275a-4c8c-be0b-3e0d59a1ecec","IONEXCHANG","ROCE_OR_ROIC_PROJECT_CONTEXT","3","[]","BLOCKED_CONTRACT","EXACT_FIELD_PERIOD_OR_SCOPE_CONTRACT_NOT_PROVEN","","","","0"
"5639e7a2-275a-4c8c-be0b-3e0d59a1ecec:CFO_FCF_RECEIVABLES","5639e7a2-275a-4c8c-be0b-3e0d59a1ecec","IONEXCHANG","CFO_FCF_RECEIVABLES","3","[]","CACHE_EXCERPT_REVIEW","CITED_DOCUMENT_REVIEW_AND_REQUIREMENT_FACT_CONTRACT_REQUIRED","","","","0"
"5639e7a2-275a-4c8c-be0b-3e0d59a1ecec:NET_DEBT_INTEREST_COVERAGE","5639e7a2-275a-4c8c-be0b-3e0d59a1ecec","IONEXCHANG","NET_DEBT_INTEREST_COVERAGE","3","[]","BLOCKED_CONTRACT","EXACT_FIELD_PERIOD_OR_SCOPE_CONTRACT_NOT_PROVEN","","","","0"
"5639e7a2-275a-4c8c-be0b-3e0d59a1ecec:CONCESSION_CONTRACT_DURATION","5639e7a2-275a-4c8c-be0b-3e0d59a1ecec","IONEXCHANG","CONCESSION_CONTRACT_DURATION","3","[]","BLOCKED_CONTRACT","EXACT_FIELD_PERIOD_OR_SCOPE_CONTRACT_NOT_PROVEN","","","","0"
"5639e7a2-275a-4c8c-be0b-3e0d59a1ecec:TECHNOLOGY_PERMITS_MUNICIPAL_INDUSTRIAL_DIVERSIFICATION","5639e7a2-275a-4c8c-be0b-3e0d59a1ecec","IONEXCHANG","TECHNOLOGY_PERMITS_MUNICIPAL_INDUSTRIAL_DIVERSIFICATION","3","[]","CACHE_EXCERPT_REVIEW","CITED_DOCUMENT_REVIEW_AND_REQUIREMENT_FACT_CONTRACT_REQUIRED","","","","0"
"5639e7a2-275a-4c8c-be0b-3e0d59a1ecec:EV_EBITDA","5639e7a2-275a-4c8c-be0b-3e0d59a1ecec","IONEXCHANG","EV_EBITDA","3","[]","BLOCKED_CONTRACT","EXACT_FIELD_PERIOD_OR_SCOPE_CONTRACT_NOT_PROVEN","","","","0"
"5639e7a2-275a-4c8c-be0b-3e0d59a1ecec:PE","5639e7a2-275a-4c8c-be0b-3e0d59a1ecec","IONEXCHANG","PE","3","[]","CACHE_FIELD_METADATA_REVIEW","REPORTING_PERIOD_TYPE_NOT_PROVEN","","","","0"
"5639e7a2-275a-4c8c-be0b-3e0d59a1ecec:FCF_YIELD","5639e7a2-275a-4c8c-be0b-3e0d59a1ecec","IONEXCHANG","FCF_YIELD","3","[]","BLOCKED_CONTRACT","EXACT_FIELD_PERIOD_OR_SCOPE_CONTRACT_NOT_PROVEN","","","","0"
"5639e7a2-275a-4c8c-be0b-3e0d59a1ecec:ROCE_PROJECT_CONTEXT","5639e7a2-275a-4c8c-be0b-3e0d59a1ecec","IONEXCHANG","ROCE_PROJECT_CONTEXT","3","[]","BLOCKED_CONTRACT","EXACT_FIELD_PERIOD_OR_SCOPE_CONTRACT_NOT_PROVEN","","","","0"
"5639e7a2-275a-4c8c-be0b-3e0d59a1ecec:PRICE_HISTORY_252D","5639e7a2-275a-4c8c-be0b-3e0d59a1ecec","IONEXCHANG","PRICE_HISTORY_252D","252","[]","BLOCKED_HISTORY_AUTHORITY","REVIEWED_SESSION_CALENDAR_AND_ADJUSTMENT_COVERAGE_REQUIRED","","","","0"
"5639e7a2-275a-4c8c-be0b-3e0d59a1ecec:APPROVED_BENCHMARK_HISTORY_252D","5639e7a2-275a-4c8c-be0b-3e0d59a1ecec","IONEXCHANG","APPROVED_BENCHMARK_HISTORY_252D","252","[]","BLOCKED_HISTORY_AUTHORITY","REVIEWED_SESSION_CALENDAR_AND_ADJUSTMENT_COVERAGE_REQUIRED","","","","0"
"5639e7a2-275a-4c8c-be0b-3e0d59a1ecec:COUNTERPARTY_RECEIVABLE_REGULATORY_PROJECT","5639e7a2-275a-4c8c-be0b-3e0d59a1ecec","IONEXCHANG","COUNTERPARTY_RECEIVABLE_REGULATORY_PROJECT","252","[]","CACHE_EXCERPT_REVIEW","CITED_DOCUMENT_REVIEW_AND_REQUIREMENT_FACT_CONTRACT_REQUIRED","","","","0"
"5639e7a2-275a-4c8c-be0b-3e0d59a1ecec:MARKET_DRAWDOWN","5639e7a2-275a-4c8c-be0b-3e0d59a1ecec","IONEXCHANG","MARKET_DRAWDOWN","252","[]","BLOCKED_HISTORY_AUTHORITY","REVIEWED_SESSION_CALENDAR_AND_ADJUSTMENT_COVERAGE_REQUIRED","","","","0"
"5639e7a2-275a-4c8c-be0b-3e0d59a1ecec:OWNERSHIP_TREND_4Q","5639e7a2-275a-4c8c-be0b-3e0d59a1ecec","IONEXCHANG","OWNERSHIP_TREND_4Q","4","[]","CACHE_QUARTER_REVIEW","OWNERSHIP_SERIES_DEFINITION_AND_BASIS_REVIEW_REQUIRED","","","","0"
"5639e7a2-275a-4c8c-be0b-3e0d59a1ecec:GOVERNANCE_EVENT_REVIEW","5639e7a2-275a-4c8c-be0b-3e0d59a1ecec","IONEXCHANG","GOVERNANCE_EVENT_REVIEW","4","[]","CACHE_EXCERPT_REVIEW","CITED_DOCUMENT_REVIEW_AND_REQUIREMENT_FACT_CONTRACT_REQUIRED","","","","0"
"7775968c-3fc7-4d59-8c28-ff8837bfc8d7:OPERATING_MARGIN_HISTORY","7775968c-3fc7-4d59-8c28-ff8837bfc8d7","IPL","OPERATING_MARGIN_HISTORY","1","[]","CACHE_FIELD_METADATA_REVIEW","REPORTING_PERIOD_INVALID","","","","0"
"7775968c-3fc7-4d59-8c28-ff8837bfc8d7:REVENUE_AND_VOLUME_GROWTH_MULTI_PERIOD","7775968c-3fc7-4d59-8c28-ff8837bfc8d7","IPL","REVENUE_AND_VOLUME_GROWTH_MULTI_PERIOD","1","[]","BLOCKED_CONTRACT","EXACT_FIELD_PERIOD_OR_SCOPE_CONTRACT_NOT_PROVEN","","","","0"
"7775968c-3fc7-4d59-8c28-ff8837bfc8d7:ROCE_OR_ROIC","7775968c-3fc7-4d59-8c28-ff8837bfc8d7","IPL","ROCE_OR_ROIC","1","[]","ACQUIRE_RAW_THEN_REVIEW","EXACT_FIELD_MISSING_AND_RESPONSE_METADATA_UNPROVEN","TRENDLYNE","get_parameter_values_multi_stock","{""type"":""stock"",""query"":""IPL IPL instrument 561314 ROCE Ann. % as of 2026-10-05; supply 1 distinct dated YEAR reporting periods, period start/end, unit/scale, currency, consolidated/standalone scope, publication dates and source field labels; no relative-year labels as period proof""}","1"
"7775968c-3fc7-4d59-8c28-ff8837bfc8d7:CFO_OR_FCF_CONVERSION","7775968c-3fc7-4d59-8c28-ff8837bfc8d7","IPL","CFO_OR_FCF_CONVERSION","1","[]","CACHE_FIELD_METADATA_REVIEW","METRIC_CONTRACT_NOT_REVIEWED","","","","0"
"7775968c-3fc7-4d59-8c28-ff8837bfc8d7:NET_CASH_OR_LEVERAGE","7775968c-3fc7-4d59-8c28-ff8837bfc8d7","IPL","NET_CASH_OR_LEVERAGE","1","[]","BLOCKED_CONTRACT","EXACT_FIELD_PERIOD_OR_SCOPE_CONTRACT_NOT_PROVEN","","","","0"
"7775968c-3fc7-4d59-8c28-ff8837bfc8d7:BUSINESS_DURABILITY","7775968c-3fc7-4d59-8c28-ff8837bfc8d7","IPL","BUSINESS_DURABILITY","1","[]","CACHE_EXCERPT_REVIEW","CITED_DOCUMENT_REVIEW_AND_REQUIREMENT_FACT_CONTRACT_REQUIRED","","","","0"
"7775968c-3fc7-4d59-8c28-ff8837bfc8d7:VALUATION","7775968c-3fc7-4d59-8c28-ff8837bfc8d7","IPL","VALUATION","1","[]","BLOCKED_CONTRACT","EXACT_FIELD_PERIOD_OR_SCOPE_CONTRACT_NOT_PROVEN","","","","0"
"7775968c-3fc7-4d59-8c28-ff8837bfc8d7:MOMENTUM_12M_RELATIVE","7775968c-3fc7-4d59-8c28-ff8837bfc8d7","IPL","MOMENTUM_12M_RELATIVE","252","[]","BLOCKED_HISTORY_AUTHORITY","REVIEWED_SESSION_CALENDAR_AND_ADJUSTMENT_COVERAGE_REQUIRED","","","","0"
"7775968c-3fc7-4d59-8c28-ff8837bfc8d7:DRAWDOWN_VOLATILITY_RISK","7775968c-3fc7-4d59-8c28-ff8837bfc8d7","IPL","DRAWDOWN_VOLATILITY_RISK","252","[]","BLOCKED_HISTORY_AUTHORITY","REVIEWED_SESSION_CALENDAR_AND_ADJUSTMENT_COVERAGE_REQUIRED","","","","0"
"7775968c-3fc7-4d59-8c28-ff8837bfc8d7:OWNERSHIP_GOVERNANCE","7775968c-3fc7-4d59-8c28-ff8837bfc8d7","IPL","OWNERSHIP_GOVERNANCE","4","[]","CACHE_QUARTER_REVIEW","OWNERSHIP_SERIES_DEFINITION_AND_BASIS_REVIEW_REQUIRED","","","","0"
"ef6062bb-1e44-4c28-9d3b-a2b0397757e8:NIM_OR_SPREAD_HISTORY","ef6062bb-1e44-4c28-9d3b-a2b0397757e8","IREDA","NIM_OR_SPREAD_HISTORY","8","[]","BLOCKED_CONTRACT","EXACT_FIELD_PERIOD_OR_SCOPE_CONTRACT_NOT_PROVEN","","","","0"
"ef6062bb-1e44-4c28-9d3b-a2b0397757e8:GNPA_NNPA_CREDIT_COST","ef6062bb-1e44-4c28-9d3b-a2b0397757e8","IREDA","GNPA_NNPA_CREDIT_COST","8","[]","BLOCKED_CONTRACT","EXACT_FIELD_PERIOD_OR_SCOPE_CONTRACT_NOT_PROVEN","","","","0"
"ef6062bb-1e44-4c28-9d3b-a2b0397757e8:AUM_ADVANCES_DISBURSEMENT_GROWTH","ef6062bb-1e44-4c28-9d3b-a2b0397757e8","IREDA","AUM_ADVANCES_DISBURSEMENT_GROWTH","8","[]","BLOCKED_CONTRACT","EXACT_FIELD_PERIOD_OR_SCOPE_CONTRACT_NOT_PROVEN","","","","0"
"ef6062bb-1e44-4c28-9d3b-a2b0397757e8:BORROWER_OR_SEGMENT_GROWTH","ef6062bb-1e44-4c28-9d3b-a2b0397757e8","IREDA","BORROWER_OR_SEGMENT_GROWTH","8","[]","BLOCKED_CONTRACT","EXACT_FIELD_PERIOD_OR_SCOPE_CONTRACT_NOT_PROVEN","","","","0"
"ef6062bb-1e44-4c28-9d3b-a2b0397757e8:ROA_ROE_CAPITAL_ADEQUACY","ef6062bb-1e44-4c28-9d3b-a2b0397757e8","IREDA","ROA_ROE_CAPITAL_ADEQUACY","3","[]","BLOCKED_CONTRACT","EXACT_FIELD_PERIOD_OR_SCOPE_CONTRACT_NOT_PROVEN","","","","0"
"ef6062bb-1e44-4c28-9d3b-a2b0397757e8:CAPITAL_ADEQUACY","ef6062bb-1e44-4c28-9d3b-a2b0397757e8","IREDA","CAPITAL_ADEQUACY","3","[]","BLOCKED_CONTRACT","EXACT_FIELD_PERIOD_OR_SCOPE_CONTRACT_NOT_PROVEN","","","","0"
"ef6062bb-1e44-4c28-9d3b-a2b0397757e8:LIQUIDITY_ALM","ef6062bb-1e44-4c28-9d3b-a2b0397757e8","IREDA","LIQUIDITY_ALM","3","[]","BLOCKED_CONTRACT","EXACT_FIELD_PERIOD_OR_SCOPE_CONTRACT_NOT_PROVEN","","","","0"
"ef6062bb-1e44-4c28-9d3b-a2b0397757e8:LEVERAGE","ef6062bb-1e44-4c28-9d3b-a2b0397757e8","IREDA","LEVERAGE","3","[]","BLOCKED_CONTRACT","EXACT_FIELD_PERIOD_OR_SCOPE_CONTRACT_NOT_PROVEN","","","","0"
"ef6062bb-1e44-4c28-9d3b-a2b0397757e8:EXTERNAL_RATING","ef6062bb-1e44-4c28-9d3b-a2b0397757e8","IREDA","EXTERNAL_RATING","3","[]","CACHE_EXCERPT_REVIEW","CITED_DOCUMENT_REVIEW_AND_REQUIREMENT_FACT_CONTRACT_REQUIRED","","","","0"
"ef6062bb-1e44-4c28-9d3b-a2b0397757e8:FUNDING_DIVERSIFICATION","ef6062bb-1e44-4c28-9d3b-a2b0397757e8","IREDA","FUNDING_DIVERSIFICATION","3","[]","BLOCKED_CONTRACT","EXACT_FIELD_PERIOD_OR_SCOPE_CONTRACT_NOT_PROVEN","","","","0"
"ef6062bb-1e44-4c28-9d3b-a2b0397757e8:FRANCHISE_OR_DISTRIBUTION","ef6062bb-1e44-4c28-9d3b-a2b0397757e8","IREDA","FRANCHISE_OR_DISTRIBUTION","3","[]","CACHE_EXCERPT_REVIEW","CITED_DOCUMENT_REVIEW_AND_REQUIREMENT_FACT_CONTRACT_REQUIRED","","","","0"
"ef6062bb-1e44-4c28-9d3b-a2b0397757e8:UNDERWRITING_CYCLE_HISTORY","ef6062bb-1e44-4c28-9d3b-a2b0397757e8","IREDA","UNDERWRITING_CYCLE_HISTORY","3","[]","CACHE_EXCERPT_REVIEW","CITED_DOCUMENT_REVIEW_AND_REQUIREMENT_FACT_CONTRACT_REQUIRED","","","","0"
"ef6062bb-1e44-4c28-9d3b-a2b0397757e8:PB_RELATIVE_TO_ROE","ef6062bb-1e44-4c28-9d3b-a2b0397757e8","IREDA","PB_RELATIVE_TO_ROE","3","[]","BLOCKED_CONTRACT","EXACT_FIELD_PERIOD_OR_SCOPE_CONTRACT_NOT_PROVEN","","","","0"
"ef6062bb-1e44-4c28-9d3b-a2b0397757e8:PE_RELATIVE_TO_PEERS_AND_SELF_HISTORY","ef6062bb-1e44-4c28-9d3b-a2b0397757e8","IREDA","PE_RELATIVE_TO_PEERS_AND_SELF_HISTORY","3","[]","BLOCKED_CONTRACT","EXACT_FIELD_PERIOD_OR_SCOPE_CONTRACT_NOT_PROVEN","","","","0"
"ef6062bb-1e44-4c28-9d3b-a2b0397757e8:EV_AUM_OR_PRICE_AUM_WHEN_APPLICABLE","ef6062bb-1e44-4c28-9d3b-a2b0397757e8","IREDA","EV_AUM_OR_PRICE_AUM_WHEN_APPLICABLE","3","[]","BLOCKED_CONTRACT","EXACT_FIELD_PERIOD_OR_SCOPE_CONTRACT_NOT_PROVEN","","","","0"
"ef6062bb-1e44-4c28-9d3b-a2b0397757e8:PRICE_HISTORY_252D","ef6062bb-1e44-4c28-9d3b-a2b0397757e8","IREDA","PRICE_HISTORY_252D","252","[]","BLOCKED_HISTORY_AUTHORITY","REVIEWED_SESSION_CALENDAR_AND_ADJUSTMENT_COVERAGE_REQUIRED","","","","0"
"ef6062bb-1e44-4c28-9d3b-a2b0397757e8:APPROVED_BENCHMARK_HISTORY_252D","ef6062bb-1e44-4c28-9d3b-a2b0397757e8","IREDA","APPROVED_BENCHMARK_HISTORY_252D","252","[]","BLOCKED_HISTORY_AUTHORITY","EXACT_BENCHMARK_AUTHORITY_OR_TOKEN_REQUIRED","","","","0"
"ef6062bb-1e44-4c28-9d3b-a2b0397757e8:ASSET_QUALITY","ef6062bb-1e44-4c28-9d3b-a2b0397757e8","IREDA","ASSET_QUALITY","252","[]","BLOCKED_CONTRACT","EXACT_FIELD_PERIOD_OR_SCOPE_CONTRACT_NOT_PROVEN","","","","0"
"ef6062bb-1e44-4c28-9d3b-a2b0397757e8:ALM_MISMATCH","ef6062bb-1e44-4c28-9d3b-a2b0397757e8","IREDA","ALM_MISMATCH","252","[]","BLOCKED_CONTRACT","EXACT_FIELD_PERIOD_OR_SCOPE_CONTRACT_NOT_PROVEN","","","","0"
"ef6062bb-1e44-4c28-9d3b-a2b0397757e8:RATING_TREND","ef6062bb-1e44-4c28-9d3b-a2b0397757e8","IREDA","RATING_TREND","252","[]","CACHE_EXCERPT_REVIEW","CITED_DOCUMENT_REVIEW_AND_REQUIREMENT_FACT_CONTRACT_REQUIRED","","","","0"
"ef6062bb-1e44-4c28-9d3b-a2b0397757e8:MARKET_DRAWDOWN","ef6062bb-1e44-4c28-9d3b-a2b0397757e8","IREDA","MARKET_DRAWDOWN","252","[]","BLOCKED_HISTORY_AUTHORITY","REVIEWED_SESSION_CALENDAR_AND_ADJUSTMENT_COVERAGE_REQUIRED","","","","0"
"ef6062bb-1e44-4c28-9d3b-a2b0397757e8:OWNERSHIP_TREND_4Q","ef6062bb-1e44-4c28-9d3b-a2b0397757e8","IREDA","OWNERSHIP_TREND_4Q","4","[]","CACHE_QUARTER_REVIEW","OWNERSHIP_SERIES_DEFINITION_AND_BASIS_REVIEW_REQUIRED","","","","0"
"ef6062bb-1e44-4c28-9d3b-a2b0397757e8:GOVERNANCE_EVENT_REVIEW","ef6062bb-1e44-4c28-9d3b-a2b0397757e8","IREDA","GOVERNANCE_EVENT_REVIEW","4","[]","CACHE_EXCERPT_REVIEW","CITED_DOCUMENT_REVIEW_AND_REQUIREMENT_FACT_CONTRACT_REQUIRED","","","","0"
"d8c32eab-90ce-4202-9d44-6534d4d13e5e:UNIT_LEVEL_MARGIN_OR_OPERATING_MARGIN","d8c32eab-90ce-4202-9d44-6534d4d13e5e","ITCHOTELS","UNIT_LEVEL_MARGIN_OR_OPERATING_MARGIN","8","[]","BLOCKED_CONTRACT","EXACT_FIELD_PERIOD_OR_SCOPE_CONTRACT_NOT_PROVEN","","","","0"
"d8c32eab-90ce-4202-9d44-6534d4d13e5e:SAME_STORE_REVPAR_OR_TRANSACTION_QUALITY","d8c32eab-90ce-4202-9d44-6534d4d13e5e","ITCHOTELS","SAME_STORE_REVPAR_OR_TRANSACTION_QUALITY","8","[]","BLOCKED_CONTRACT","EXACT_FIELD_PERIOD_OR_SCOPE_CONTRACT_NOT_PROVEN","","","","0"
"d8c32eab-90ce-4202-9d44-6534d4d13e5e:REVENUE_UNIT_NETWORK_BOOKING_GROWTH","d8c32eab-90ce-4202-9d44-6534d4d13e5e","ITCHOTELS","REVENUE_UNIT_NETWORK_BOOKING_GROWTH","8","[]","BLOCKED_CONTRACT","EXACT_FIELD_PERIOD_OR_SCOPE_CONTRACT_NOT_PROVEN","","","","0"
"d8c32eab-90ce-4202-9d44-6534d4d13e5e:ROCE_OR_ROIC_WITH_ASSET_LIGHT_CONTEXT","d8c32eab-90ce-4202-9d44-6534d4d13e5e","ITCHOTELS","ROCE_OR_ROIC_WITH_ASSET_LIGHT_CONTEXT","3","[]","BLOCKED_CONTRACT","EXACT_FIELD_PERIOD_OR_SCOPE_CONTRACT_NOT_PROVEN","","","","0"
"d8c32eab-90ce-4202-9d44-6534d4d13e5e:CFO_FCF_CONVERSION","d8c32eab-90ce-4202-9d44-6534d4d13e5e","ITCHOTELS","CFO_FCF_CONVERSION","3","[]","BLOCKED_CONTRACT","EXACT_FIELD_PERIOD_OR_SCOPE_CONTRACT_NOT_PROVEN","","","","0"
"d8c32eab-90ce-4202-9d44-6534d4d13e5e:NET_DEBT_FIXED_CHARGE_COVERAGE","d8c32eab-90ce-4202-9d44-6534d4d13e5e","ITCHOTELS","NET_DEBT_FIXED_CHARGE_COVERAGE","3","[]","BLOCKED_CONTRACT","EXACT_FIELD_PERIOD_OR_SCOPE_CONTRACT_NOT_PROVEN","","","","0"
"d8c32eab-90ce-4202-9d44-6534d4d13e5e:BRAND_NETWORK_CUSTOMER_REPEAT","d8c32eab-90ce-4202-9d44-6534d4d13e5e","ITCHOTELS","BRAND_NETWORK_CUSTOMER_REPEAT","3","[]","CACHE_EXCERPT_REVIEW","CITED_DOCUMENT_REVIEW_AND_REQUIREMENT_FACT_CONTRACT_REQUIRED","","","","0"
"d8c32eab-90ce-4202-9d44-6534d4d13e5e:ASSET_OR_FRANCHISE_DIVERSIFICATION","d8c32eab-90ce-4202-9d44-6534d4d13e5e","ITCHOTELS","ASSET_OR_FRANCHISE_DIVERSIFICATION","3","[]","CACHE_EXCERPT_REVIEW","CITED_DOCUMENT_REVIEW_AND_REQUIREMENT_FACT_CONTRACT_REQUIRED","","","","0"
"d8c32eab-90ce-4202-9d44-6534d4d13e5e:EV_EBITDA","d8c32eab-90ce-4202-9d44-6534d4d13e5e","ITCHOTELS","EV_EBITDA","3","[]","BLOCKED_CONTRACT","EXACT_FIELD_PERIOD_OR_SCOPE_CONTRACT_NOT_PROVEN","","","","0"
"d8c32eab-90ce-4202-9d44-6534d4d13e5e:PE_WHEN_EARNINGS_POSITIVE","d8c32eab-90ce-4202-9d44-6534d4d13e5e","ITCHOTELS","PE_WHEN_EARNINGS_POSITIVE","3","[]","BLOCKED_CONTRACT","EXACT_FIELD_PERIOD_OR_SCOPE_CONTRACT_NOT_PROVEN","","","","0"
"d8c32eab-90ce-4202-9d44-6534d4d13e5e:FCF_YIELD","d8c32eab-90ce-4202-9d44-6534d4d13e5e","ITCHOTELS","FCF_YIELD","3","[]","BLOCKED_CONTRACT","EXACT_FIELD_PERIOD_OR_SCOPE_CONTRACT_NOT_PROVEN","","","","0"
"d8c32eab-90ce-4202-9d44-6534d4d13e5e:UNIT_ECONOMICS_OR_ASSET_ROCE_CONTEXT","d8c32eab-90ce-4202-9d44-6534d4d13e5e","ITCHOTELS","UNIT_ECONOMICS_OR_ASSET_ROCE_CONTEXT","3","[]","CACHE_EXCERPT_REVIEW","CITED_DOCUMENT_REVIEW_AND_REQUIREMENT_FACT_CONTRACT_REQUIRED","","","","0"
"d8c32eab-90ce-4202-9d44-6534d4d13e5e:PRICE_HISTORY_252D","d8c32eab-90ce-4202-9d44-6534d4d13e5e","ITCHOTELS","PRICE_HISTORY_252D","252","[]","BLOCKED_HISTORY_AUTHORITY","REVIEWED_SESSION_CALENDAR_AND_ADJUSTMENT_COVERAGE_REQUIRED","","","","0"
"d8c32eab-90ce-4202-9d44-6534d4d13e5e:APPROVED_BENCHMARK_HISTORY_252D","d8c32eab-90ce-4202-9d44-6534d4d13e5e","ITCHOTELS","APPROVED_BENCHMARK_HISTORY_252D","252","[]","BLOCKED_HISTORY_AUTHORITY","EXACT_BENCHMARK_AUTHORITY_OR_TOKEN_REQUIRED","","","","0"
"d8c32eab-90ce-4202-9d44-6534d4d13e5e:DISCRETIONARY_DEMAND","d8c32eab-90ce-4202-9d44-6534d4d13e5e","ITCHOTELS","DISCRETIONARY_DEMAND","252","[]","BLOCKED_CONTRACT","EXACT_FIELD_PERIOD_OR_SCOPE_CONTRACT_NOT_PROVEN","","","","0"
"d8c32eab-90ce-4202-9d44-6534d4d13e5e:OCCUPANCY_TRAFFIC_VOLATILITY","d8c32eab-90ce-4202-9d44-6534d4d13e5e","ITCHOTELS","OCCUPANCY_TRAFFIC_VOLATILITY","252","[]","BLOCKED_HISTORY_AUTHORITY","REVIEWED_SESSION_CALENDAR_AND_ADJUSTMENT_COVERAGE_REQUIRED","","","","0"
"d8c32eab-90ce-4202-9d44-6534d4d13e5e:MARKET_DRAWDOWN","d8c32eab-90ce-4202-9d44-6534d4d13e5e","ITCHOTELS","MARKET_DRAWDOWN","252","[]","BLOCKED_HISTORY_AUTHORITY","REVIEWED_SESSION_CALENDAR_AND_ADJUSTMENT_COVERAGE_REQUIRED","","","","0"
"d8c32eab-90ce-4202-9d44-6534d4d13e5e:OWNERSHIP_TREND_4Q","d8c32eab-90ce-4202-9d44-6534d4d13e5e","ITCHOTELS","OWNERSHIP_TREND_4Q","4","[]","CACHE_QUARTER_REVIEW","OWNERSHIP_SERIES_DEFINITION_AND_BASIS_REVIEW_REQUIRED","","","","0"
"d8c32eab-90ce-4202-9d44-6534d4d13e5e:GOVERNANCE_EVENT_REVIEW","d8c32eab-90ce-4202-9d44-6534d4d13e5e","ITCHOTELS","GOVERNANCE_EVENT_REVIEW","4","[]","CACHE_EXCERPT_REVIEW","CITED_DOCUMENT_REVIEW_AND_REQUIREMENT_FACT_CONTRACT_REQUIRED","","","","0"
"13582fb2-7c6c-4fcd-a2cd-253c86a79efb:THROUGH_CYCLE_MARGIN_QUALITY","13582fb2-7c6c-4fcd-a2cd-253c86a79efb","JINDALSTEL","THROUGH_CYCLE_MARGIN_QUALITY","1","[]","BLOCKED_CONTRACT","EXACT_FIELD_PERIOD_OR_SCOPE_CONTRACT_NOT_PROVEN","","","","0"
"13582fb2-7c6c-4fcd-a2cd-253c86a79efb:VOLUME_REALIZATION_AND_SPREAD_GROWTH","13582fb2-7c6c-4fcd-a2cd-253c86a79efb","JINDALSTEL","VOLUME_REALIZATION_AND_SPREAD_GROWTH","1","[]","BLOCKED_CONTRACT","EXACT_FIELD_PERIOD_OR_SCOPE_CONTRACT_NOT_PROVEN","","","","0"
"13582fb2-7c6c-4fcd-a2cd-253c86a79efb:ROCE_OR_ROIC_THROUGH_CYCLE","13582fb2-7c6c-4fcd-a2cd-253c86a79efb","JINDALSTEL","ROCE_OR_ROIC_THROUGH_CYCLE","1","[]","BLOCKED_CONTRACT","EXACT_FIELD_PERIOD_OR_SCOPE_CONTRACT_NOT_PROVEN","","","","0"
"13582fb2-7c6c-4fcd-a2cd-253c86a79efb:CFO_OR_FCF_CONVERSION_THROUGH_CYCLE","13582fb2-7c6c-4fcd-a2cd-253c86a79efb","JINDALSTEL","CFO_OR_FCF_CONVERSION_THROUGH_CYCLE","1","[]","BLOCKED_CONTRACT","EXACT_FIELD_PERIOD_OR_SCOPE_CONTRACT_NOT_PROVEN","","","","0"
"13582fb2-7c6c-4fcd-a2cd-253c86a79efb:NET_DEBT_AND_INTEREST_COVERAGE_MID_CYCLE","13582fb2-7c6c-4fcd-a2cd-253c86a79efb","JINDALSTEL","NET_DEBT_AND_INTEREST_COVERAGE_MID_CYCLE","1","[]","BLOCKED_CONTRACT","EXACT_FIELD_PERIOD_OR_SCOPE_CONTRACT_NOT_PROVEN","","","","0"
"13582fb2-7c6c-4fcd-a2cd-253c86a79efb:METALS_BUSINESS_DURABILITY","13582fb2-7c6c-4fcd-a2cd-253c86a79efb","JINDALSTEL","METALS_BUSINESS_DURABILITY","1","[]","CACHE_EXCERPT_REVIEW","CITED_DOCUMENT_REVIEW_AND_REQUIREMENT_FACT_CONTRACT_REQUIRED","","","","0"
"13582fb2-7c6c-4fcd-a2cd-253c86a79efb:VALUATION_THROUGH_CYCLE","13582fb2-7c6c-4fcd-a2cd-253c86a79efb","JINDALSTEL","VALUATION_THROUGH_CYCLE","1","[]","BLOCKED_CONTRACT","EXACT_FIELD_PERIOD_OR_SCOPE_CONTRACT_NOT_PROVEN","","","","0"
"13582fb2-7c6c-4fcd-a2cd-253c86a79efb:MOMENTUM_12M_RELATIVE","13582fb2-7c6c-4fcd-a2cd-253c86a79efb","JINDALSTEL","MOMENTUM_12M_RELATIVE","252","[]","BLOCKED_HISTORY_AUTHORITY","REVIEWED_SESSION_CALENDAR_AND_ADJUSTMENT_COVERAGE_REQUIRED","","","","0"
"13582fb2-7c6c-4fcd-a2cd-253c86a79efb:COMMODITY_CYCLE_DRAWDOWN_RISK","13582fb2-7c6c-4fcd-a2cd-253c86a79efb","JINDALSTEL","COMMODITY_CYCLE_DRAWDOWN_RISK","252","[]","BLOCKED_HISTORY_AUTHORITY","REVIEWED_SESSION_CALENDAR_AND_ADJUSTMENT_COVERAGE_REQUIRED","","","","0"
"13582fb2-7c6c-4fcd-a2cd-253c86a79efb:OWNERSHIP_GOVERNANCE","13582fb2-7c6c-4fcd-a2cd-253c86a79efb","JINDALSTEL","OWNERSHIP_GOVERNANCE","4","[]","CACHE_QUARTER_REVIEW","OWNERSHIP_SERIES_DEFINITION_AND_BASIS_REVIEW_REQUIRED","","","","0"
"db90cabf-5c5d-44a8-9da3-798368e2b458:SUBSIDIARY_EARNINGS_QUALITY","db90cabf-5c5d-44a8-9da3-798368e2b458","JIOFIN","SUBSIDIARY_EARNINGS_QUALITY","8","[]","BLOCKED_CONTRACT","EXACT_FIELD_PERIOD_OR_SCOPE_CONTRACT_NOT_PROVEN","","","","0"
"db90cabf-5c5d-44a8-9da3-798368e2b458:CAPITAL_ALLOCATION","db90cabf-5c5d-44a8-9da3-798368e2b458","JIOFIN","CAPITAL_ALLOCATION","8","[]","CACHE_EXCERPT_REVIEW","CITED_DOCUMENT_REVIEW_AND_REQUIREMENT_FACT_CONTRACT_REQUIRED","","","","0"
"db90cabf-5c5d-44a8-9da3-798368e2b458:LOOK_THROUGH_EARNINGS_AUM_GROWTH","db90cabf-5c5d-44a8-9da3-798368e2b458","JIOFIN","LOOK_THROUGH_EARNINGS_AUM_GROWTH","8","[]","BLOCKED_CONTRACT","EXACT_FIELD_PERIOD_OR_SCOPE_CONTRACT_NOT_PROVEN","","","","0"
"db90cabf-5c5d-44a8-9da3-798368e2b458:LOOK_THROUGH_ROE_ROIC","db90cabf-5c5d-44a8-9da3-798368e2b458","JIOFIN","LOOK_THROUGH_ROE_ROIC","3","[]","BLOCKED_CONTRACT","EXACT_FIELD_PERIOD_OR_SCOPE_CONTRACT_NOT_PROVEN","","","","0"
"db90cabf-5c5d-44a8-9da3-798368e2b458:HOLDCO_CASH_DIVIDEND_COVERAGE","db90cabf-5c5d-44a8-9da3-798368e2b458","JIOFIN","HOLDCO_CASH_DIVIDEND_COVERAGE","3","[]","CACHE_EXCERPT_REVIEW","CITED_DOCUMENT_REVIEW_AND_REQUIREMENT_FACT_CONTRACT_REQUIRED","","","","0"
"db90cabf-5c5d-44a8-9da3-798368e2b458:HOLDCO_NET_DEBT_AND_LIQUIDITY","db90cabf-5c5d-44a8-9da3-798368e2b458","JIOFIN","HOLDCO_NET_DEBT_AND_LIQUIDITY","3","[]","CACHE_EXCERPT_REVIEW","CITED_DOCUMENT_REVIEW_AND_REQUIREMENT_FACT_CONTRACT_REQUIRED","","","","0"
"db90cabf-5c5d-44a8-9da3-798368e2b458:FRANCHISE_DIVERSIFICATION","db90cabf-5c5d-44a8-9da3-798368e2b458","JIOFIN","FRANCHISE_DIVERSIFICATION","3","[]","CACHE_EXCERPT_REVIEW","CITED_DOCUMENT_REVIEW_AND_REQUIREMENT_FACT_CONTRACT_REQUIRED","","","","0"
"db90cabf-5c5d-44a8-9da3-798368e2b458:CAPITAL_ACCESS","db90cabf-5c5d-44a8-9da3-798368e2b458","JIOFIN","CAPITAL_ACCESS","3","[]","CACHE_EXCERPT_REVIEW","CITED_DOCUMENT_REVIEW_AND_REQUIREMENT_FACT_CONTRACT_REQUIRED","","","","0"
"db90cabf-5c5d-44a8-9da3-798368e2b458:SUBSIDIARY_QUALITY","db90cabf-5c5d-44a8-9da3-798368e2b458","JIOFIN","SUBSIDIARY_QUALITY","3","[]","CACHE_EXCERPT_REVIEW","CITED_DOCUMENT_REVIEW_AND_REQUIREMENT_FACT_CONTRACT_REQUIRED","","","","0"
"db90cabf-5c5d-44a8-9da3-798368e2b458:SOTP_NAV_DISCOUNT","db90cabf-5c5d-44a8-9da3-798368e2b458","JIOFIN","SOTP_NAV_DISCOUNT","3","[]","BLOCKED_CONTRACT","EXACT_FIELD_PERIOD_OR_SCOPE_CONTRACT_NOT_PROVEN","","","","0"
"db90cabf-5c5d-44a8-9da3-798368e2b458:PB_ROE_CONTEXT","db90cabf-5c5d-44a8-9da3-798368e2b458","JIOFIN","PB_ROE_CONTEXT","3","[]","BLOCKED_CONTRACT","EXACT_FIELD_PERIOD_OR_SCOPE_CONTRACT_NOT_PROVEN","","","","0"
"db90cabf-5c5d-44a8-9da3-798368e2b458:LOOK_THROUGH_EARNINGS_YIELD","db90cabf-5c5d-44a8-9da3-798368e2b458","JIOFIN","LOOK_THROUGH_EARNINGS_YIELD","3","[]","BLOCKED_CONTRACT","EXACT_FIELD_PERIOD_OR_SCOPE_CONTRACT_NOT_PROVEN","","","","0"
"db90cabf-5c5d-44a8-9da3-798368e2b458:PRICE_HISTORY_252D","db90cabf-5c5d-44a8-9da3-798368e2b458","JIOFIN","PRICE_HISTORY_252D","252","[]","BLOCKED_HISTORY_AUTHORITY","REVIEWED_SESSION_CALENDAR_AND_ADJUSTMENT_COVERAGE_REQUIRED","","","","0"
"db90cabf-5c5d-44a8-9da3-798368e2b458:APPROVED_BENCHMARK_HISTORY_252D","db90cabf-5c5d-44a8-9da3-798368e2b458","JIOFIN","APPROVED_BENCHMARK_HISTORY_252D","252","[]","BLOCKED_HISTORY_AUTHORITY","REVIEWED_SESSION_CALENDAR_AND_ADJUSTMENT_COVERAGE_REQUIRED","","","","0"
"db90cabf-5c5d-44a8-9da3-798368e2b458:HOLDCO_DISCOUNT_LEVERAGE_COMPLEXITY","db90cabf-5c5d-44a8-9da3-798368e2b458","JIOFIN","HOLDCO_DISCOUNT_LEVERAGE_COMPLEXITY","252","[]","CACHE_EXCERPT_REVIEW","CITED_DOCUMENT_REVIEW_AND_REQUIREMENT_FACT_CONTRACT_REQUIRED","","","","0"
"db90cabf-5c5d-44a8-9da3-798368e2b458:MARKET_DRAWDOWN","db90cabf-5c5d-44a8-9da3-798368e2b458","JIOFIN","MARKET_DRAWDOWN","252","[]","BLOCKED_HISTORY_AUTHORITY","REVIEWED_SESSION_CALENDAR_AND_ADJUSTMENT_COVERAGE_REQUIRED","","","","0"
"db90cabf-5c5d-44a8-9da3-798368e2b458:OWNERSHIP_TREND_4Q","db90cabf-5c5d-44a8-9da3-798368e2b458","JIOFIN","OWNERSHIP_TREND_4Q","4","[]","CACHE_QUARTER_REVIEW","OWNERSHIP_SERIES_DEFINITION_AND_BASIS_REVIEW_REQUIRED","","","","0"
"db90cabf-5c5d-44a8-9da3-798368e2b458:GOVERNANCE_EVENT_REVIEW","db90cabf-5c5d-44a8-9da3-798368e2b458","JIOFIN","GOVERNANCE_EVENT_REVIEW","4","[]","CACHE_EXCERPT_REVIEW","CITED_DOCUMENT_REVIEW_AND_REQUIREMENT_FACT_CONTRACT_REQUIRED","","","","0"
"819fde8b-75bc-4327-b456-bce1a8b7a63f:OPERATING_QUALITY_AND_AVAILABILITY","819fde8b-75bc-4327-b456-bce1a8b7a63f","JSWENERGY","OPERATING_QUALITY_AND_AVAILABILITY","1","[]","BLOCKED_CONTRACT","EXACT_FIELD_PERIOD_OR_SCOPE_CONTRACT_NOT_PROVEN","","","","0"
"819fde8b-75bc-4327-b456-bce1a8b7a63f:CAPACITY_GENERATION_AND_ASSET_MIX_GROWTH","819fde8b-75bc-4327-b456-bce1a8b7a63f","JSWENERGY","CAPACITY_GENERATION_AND_ASSET_MIX_GROWTH","1","[]","CACHE_EXCERPT_REVIEW","CITED_DOCUMENT_REVIEW_AND_REQUIREMENT_FACT_CONTRACT_REQUIRED","","","","0"
"819fde8b-75bc-4327-b456-bce1a8b7a63f:ROCE_OR_ROIC_WITH_ASSET_CONTEXT","819fde8b-75bc-4327-b456-bce1a8b7a63f","JSWENERGY","ROCE_OR_ROIC_WITH_ASSET_CONTEXT","1","[]","BLOCKED_CONTRACT","EXACT_FIELD_PERIOD_OR_SCOPE_CONTRACT_NOT_PROVEN","","","","0"
"819fde8b-75bc-4327-b456-bce1a8b7a63f:CFO_OR_FCF_AND_PROJECT_CASH_CONVERSION","819fde8b-75bc-4327-b456-bce1a8b7a63f","JSWENERGY","CFO_OR_FCF_AND_PROJECT_CASH_CONVERSION","1","[]","BLOCKED_CONTRACT","EXACT_FIELD_PERIOD_OR_SCOPE_CONTRACT_NOT_PROVEN","","","","0"
"819fde8b-75bc-4327-b456-bce1a8b7a63f:NET_DEBT_INTEREST_COVERAGE_AND_REFINANCING","819fde8b-75bc-4327-b456-bce1a8b7a63f","JSWENERGY","NET_DEBT_INTEREST_COVERAGE_AND_REFINANCING","1","[]","BLOCKED_CONTRACT","EXACT_FIELD_PERIOD_OR_SCOPE_CONTRACT_NOT_PROVEN","","","","0"
"819fde8b-75bc-4327-b456-bce1a8b7a63f:POWER_ASSET_DURABILITY","819fde8b-75bc-4327-b456-bce1a8b7a63f","JSWENERGY","POWER_ASSET_DURABILITY","1","[]","CACHE_EXCERPT_REVIEW","CITED_DOCUMENT_REVIEW_AND_REQUIREMENT_FACT_CONTRACT_REQUIRED","","","","0"
"819fde8b-75bc-4327-b456-bce1a8b7a63f:VALUATION_ASSET_AND_CASH_FLOW_CONTEXT","819fde8b-75bc-4327-b456-bce1a8b7a63f","JSWENERGY","VALUATION_ASSET_AND_CASH_FLOW_CONTEXT","1","[]","BLOCKED_CONTRACT","EXACT_FIELD_PERIOD_OR_SCOPE_CONTRACT_NOT_PROVEN","","","","0"
"819fde8b-75bc-4327-b456-bce1a8b7a63f:MOMENTUM_12M_RELATIVE","819fde8b-75bc-4327-b456-bce1a8b7a63f","JSWENERGY","MOMENTUM_12M_RELATIVE","252","[]","BLOCKED_HISTORY_AUTHORITY","REVIEWED_SESSION_CALENDAR_AND_ADJUSTMENT_COVERAGE_REQUIRED","","","","0"
"819fde8b-75bc-4327-b456-bce1a8b7a63f:TARIFF_OFFTAKER_GRID_AND_RESOURCE_RISK","819fde8b-75bc-4327-b456-bce1a8b7a63f","JSWENERGY","TARIFF_OFFTAKER_GRID_AND_RESOURCE_RISK","1","[]","BLOCKED_CONTRACT","EXACT_FIELD_PERIOD_OR_SCOPE_CONTRACT_NOT_PROVEN","","","","0"
"819fde8b-75bc-4327-b456-bce1a8b7a63f:OWNERSHIP_GOVERNANCE","819fde8b-75bc-4327-b456-bce1a8b7a63f","JSWENERGY","OWNERSHIP_GOVERNANCE","4","[]","CACHE_QUARTER_REVIEW","OWNERSHIP_SERIES_DEFINITION_AND_BASIS_REVIEW_REQUIRED","","","","0"
"80aa69b4-1b40-476d-a8f2-ac509a129300:OPERATING_MARGIN_HISTORY","80aa69b4-1b40-476d-a8f2-ac509a129300","JTLIND","OPERATING_MARGIN_HISTORY","8","[]","CACHE_FIELD_METADATA_REVIEW","REPORTING_PERIOD_INVALID","","","","0"
"80aa69b4-1b40-476d-a8f2-ac509a129300:PRODUCT_MIX_QUALITY","80aa69b4-1b40-476d-a8f2-ac509a129300","JTLIND","PRODUCT_MIX_QUALITY","8","[]","CACHE_EXCERPT_REVIEW","CITED_DOCUMENT_REVIEW_AND_REQUIREMENT_FACT_CONTRACT_REQUIRED","","","","0"
"80aa69b4-1b40-476d-a8f2-ac509a129300:REVENUE_VOLUME_ORDER_GROWTH","80aa69b4-1b40-476d-a8f2-ac509a129300","JTLIND","REVENUE_VOLUME_ORDER_GROWTH","8","[]","BLOCKED_CONTRACT","EXACT_FIELD_PERIOD_OR_SCOPE_CONTRACT_NOT_PROVEN","","","","0"
"80aa69b4-1b40-476d-a8f2-ac509a129300:ROCE_OR_ROIC","80aa69b4-1b40-476d-a8f2-ac509a129300","JTLIND","ROCE_OR_ROIC","3","[]","ACQUIRE_RAW_THEN_REVIEW","EXACT_FIELD_MISSING_AND_RESPONSE_METADATA_UNPROVEN","TRENDLYNE","get_parameter_values_multi_stock","{""type"":""stock"",""query"":""JTLIND JTLIND instrument 3930 ROCE Ann. % as of 2026-10-05; supply 3 distinct dated YEAR reporting periods, period start/end, unit/scale, currency, consolidated/standalone scope, publication dates and source field labels; no relative-year labels as period proof""}","1"
"80aa69b4-1b40-476d-a8f2-ac509a129300:CFO_FCF_WORKING_CAPITAL","80aa69b4-1b40-476d-a8f2-ac509a129300","JTLIND","CFO_FCF_WORKING_CAPITAL","3","[]","BLOCKED_CONTRACT","EXACT_FIELD_PERIOD_OR_SCOPE_CONTRACT_NOT_PROVEN","","","","0"
"80aa69b4-1b40-476d-a8f2-ac509a129300:NET_DEBT_INTEREST_COVERAGE","80aa69b4-1b40-476d-a8f2-ac509a129300","JTLIND","NET_DEBT_INTEREST_COVERAGE","3","[]","BLOCKED_CONTRACT","EXACT_FIELD_PERIOD_OR_SCOPE_CONTRACT_NOT_PROVEN","","","","0"
"80aa69b4-1b40-476d-a8f2-ac509a129300:DISTRIBUTION_CUSTOMER_PRODUCT_MOAT","80aa69b4-1b40-476d-a8f2-ac509a129300","JTLIND","DISTRIBUTION_CUSTOMER_PRODUCT_MOAT","3","[]","CACHE_EXCERPT_REVIEW","CITED_DOCUMENT_REVIEW_AND_REQUIREMENT_FACT_CONTRACT_REQUIRED","","","","0"
"80aa69b4-1b40-476d-a8f2-ac509a129300:CAPACITY_DISCIPLINE","80aa69b4-1b40-476d-a8f2-ac509a129300","JTLIND","CAPACITY_DISCIPLINE","3","[]","CACHE_EXCERPT_REVIEW","CITED_DOCUMENT_REVIEW_AND_REQUIREMENT_FACT_CONTRACT_REQUIRED","","","","0"
"80aa69b4-1b40-476d-a8f2-ac509a129300:PE","80aa69b4-1b40-476d-a8f2-ac509a129300","JTLIND","PE","3","[]","CACHE_FIELD_METADATA_REVIEW","REPORTING_PERIOD_TYPE_NOT_PROVEN","","","","0"
"80aa69b4-1b40-476d-a8f2-ac509a129300:EV_EBITDA","80aa69b4-1b40-476d-a8f2-ac509a129300","JTLIND","EV_EBITDA","3","[]","BLOCKED_CONTRACT","EXACT_FIELD_PERIOD_OR_SCOPE_CONTRACT_NOT_PROVEN","","","","0"
"80aa69b4-1b40-476d-a8f2-ac509a129300:FCF_YIELD","80aa69b4-1b40-476d-a8f2-ac509a129300","JTLIND","FCF_YIELD","3","[]","BLOCKED_CONTRACT","EXACT_FIELD_PERIOD_OR_SCOPE_CONTRACT_NOT_PROVEN","","","","0"
"80aa69b4-1b40-476d-a8f2-ac509a129300:ROCE_CONTEXT","80aa69b4-1b40-476d-a8f2-ac509a129300","JTLIND","ROCE_CONTEXT","3","[]","BLOCKED_CONTRACT","EXACT_FIELD_PERIOD_OR_SCOPE_CONTRACT_NOT_PROVEN","","","","0"
"80aa69b4-1b40-476d-a8f2-ac509a129300:PRICE_HISTORY_252D","80aa69b4-1b40-476d-a8f2-ac509a129300","JTLIND","PRICE_HISTORY_252D","252","[]","BLOCKED_HISTORY_AUTHORITY","REVIEWED_SESSION_CALENDAR_AND_ADJUSTMENT_COVERAGE_REQUIRED","","","","0"
"80aa69b4-1b40-476d-a8f2-ac509a129300:APPROVED_BENCHMARK_HISTORY_252D","80aa69b4-1b40-476d-a8f2-ac509a129300","JTLIND","APPROVED_BENCHMARK_HISTORY_252D","252","[]","BLOCKED_HISTORY_AUTHORITY","EXACT_BENCHMARK_AUTHORITY_OR_TOKEN_REQUIRED","","","","0"
"80aa69b4-1b40-476d-a8f2-ac509a129300:INPUT_COST_DEMAND_CAPEX","80aa69b4-1b40-476d-a8f2-ac509a129300","JTLIND","INPUT_COST_DEMAND_CAPEX","252","[]","CACHE_EXCERPT_REVIEW","CITED_DOCUMENT_REVIEW_AND_REQUIREMENT_FACT_CONTRACT_REQUIRED","","","","0"
"80aa69b4-1b40-476d-a8f2-ac509a129300:MARKET_DRAWDOWN","80aa69b4-1b40-476d-a8f2-ac509a129300","JTLIND","MARKET_DRAWDOWN","252","[]","BLOCKED_HISTORY_AUTHORITY","REVIEWED_SESSION_CALENDAR_AND_ADJUSTMENT_COVERAGE_REQUIRED","","","","0"
"80aa69b4-1b40-476d-a8f2-ac509a129300:OWNERSHIP_TREND_4Q","80aa69b4-1b40-476d-a8f2-ac509a129300","JTLIND","OWNERSHIP_TREND_4Q","4","[]","CACHE_QUARTER_REVIEW","OWNERSHIP_SERIES_DEFINITION_AND_BASIS_REVIEW_REQUIRED","","","","0"
"80aa69b4-1b40-476d-a8f2-ac509a129300:GOVERNANCE_EVENT_REVIEW","80aa69b4-1b40-476d-a8f2-ac509a129300","JTLIND","GOVERNANCE_EVENT_REVIEW","4","[]","CACHE_EXCERPT_REVIEW","CITED_DOCUMENT_REVIEW_AND_REQUIREMENT_FACT_CONTRACT_REQUIRED","","","","0"
"8874186e-a6bc-49eb-9163-28cae2b31dd6:UNIT_LEVEL_MARGIN_OR_OPERATING_MARGIN","8874186e-a6bc-49eb-9163-28cae2b31dd6","JUBLFOOD","UNIT_LEVEL_MARGIN_OR_OPERATING_MARGIN","8","[]","BLOCKED_CONTRACT","EXACT_FIELD_PERIOD_OR_SCOPE_CONTRACT_NOT_PROVEN","","","","0"
"8874186e-a6bc-49eb-9163-28cae2b31dd6:SAME_STORE_REVPAR_OR_TRANSACTION_QUALITY","8874186e-a6bc-49eb-9163-28cae2b31dd6","JUBLFOOD","SAME_STORE_REVPAR_OR_TRANSACTION_QUALITY","8","[]","BLOCKED_CONTRACT","EXACT_FIELD_PERIOD_OR_SCOPE_CONTRACT_NOT_PROVEN","","","","0"
"8874186e-a6bc-49eb-9163-28cae2b31dd6:REVENUE_UNIT_NETWORK_BOOKING_GROWTH","8874186e-a6bc-49eb-9163-28cae2b31dd6","JUBLFOOD","REVENUE_UNIT_NETWORK_BOOKING_GROWTH","8","[]","BLOCKED_CONTRACT","EXACT_FIELD_PERIOD_OR_SCOPE_CONTRACT_NOT_PROVEN","","","","0"
"8874186e-a6bc-49eb-9163-28cae2b31dd6:ROCE_OR_ROIC_WITH_ASSET_LIGHT_CONTEXT","8874186e-a6bc-49eb-9163-28cae2b31dd6","JUBLFOOD","ROCE_OR_ROIC_WITH_ASSET_LIGHT_CONTEXT","3","[]","BLOCKED_CONTRACT","EXACT_FIELD_PERIOD_OR_SCOPE_CONTRACT_NOT_PROVEN","","","","0"
"8874186e-a6bc-49eb-9163-28cae2b31dd6:CFO_FCF_CONVERSION","8874186e-a6bc-49eb-9163-28cae2b31dd6","JUBLFOOD","CFO_FCF_CONVERSION","3","[]","BLOCKED_CONTRACT","EXACT_FIELD_PERIOD_OR_SCOPE_CONTRACT_NOT_PROVEN","","","","0"
"8874186e-a6bc-49eb-9163-28cae2b31dd6:NET_DEBT_FIXED_CHARGE_COVERAGE","8874186e-a6bc-49eb-9163-28cae2b31dd6","JUBLFOOD","NET_DEBT_FIXED_CHARGE_COVERAGE","3","[]","BLOCKED_CONTRACT","EXACT_FIELD_PERIOD_OR_SCOPE_CONTRACT_NOT_PROVEN","","","","0"
"8874186e-a6bc-49eb-9163-28cae2b31dd6:BRAND_NETWORK_CUSTOMER_REPEAT","8874186e-a6bc-49eb-9163-28cae2b31dd6","JUBLFOOD","BRAND_NETWORK_CUSTOMER_REPEAT","3","[]","CACHE_EXCERPT_REVIEW","CITED_DOCUMENT_REVIEW_AND_REQUIREMENT_FACT_CONTRACT_REQUIRED","","","","0"
"8874186e-a6bc-49eb-9163-28cae2b31dd6:ASSET_OR_FRANCHISE_DIVERSIFICATION","8874186e-a6bc-49eb-9163-28cae2b31dd6","JUBLFOOD","ASSET_OR_FRANCHISE_DIVERSIFICATION","3","[]","CACHE_EXCERPT_REVIEW","CITED_DOCUMENT_REVIEW_AND_REQUIREMENT_FACT_CONTRACT_REQUIRED","","","","0"
"8874186e-a6bc-49eb-9163-28cae2b31dd6:EV_EBITDA","8874186e-a6bc-49eb-9163-28cae2b31dd6","JUBLFOOD","EV_EBITDA","3","[]","BLOCKED_CONTRACT","EXACT_FIELD_PERIOD_OR_SCOPE_CONTRACT_NOT_PROVEN","","","","0"
"8874186e-a6bc-49eb-9163-28cae2b31dd6:PE_WHEN_EARNINGS_POSITIVE","8874186e-a6bc-49eb-9163-28cae2b31dd6","JUBLFOOD","PE_WHEN_EARNINGS_POSITIVE","3","[]","BLOCKED_CONTRACT","EXACT_FIELD_PERIOD_OR_SCOPE_CONTRACT_NOT_PROVEN","","","","0"
"8874186e-a6bc-49eb-9163-28cae2b31dd6:FCF_YIELD","8874186e-a6bc-49eb-9163-28cae2b31dd6","JUBLFOOD","FCF_YIELD","3","[]","BLOCKED_CONTRACT","EXACT_FIELD_PERIOD_OR_SCOPE_CONTRACT_NOT_PROVEN","","","","0"
"8874186e-a6bc-49eb-9163-28cae2b31dd6:UNIT_ECONOMICS_OR_ASSET_ROCE_CONTEXT","8874186e-a6bc-49eb-9163-28cae2b31dd6","JUBLFOOD","UNIT_ECONOMICS_OR_ASSET_ROCE_CONTEXT","3","[]","CACHE_EXCERPT_REVIEW","CITED_DOCUMENT_REVIEW_AND_REQUIREMENT_FACT_CONTRACT_REQUIRED","","","","0"
"8874186e-a6bc-49eb-9163-28cae2b31dd6:PRICE_HISTORY_252D","8874186e-a6bc-49eb-9163-28cae2b31dd6","JUBLFOOD","PRICE_HISTORY_252D","252","[]","BLOCKED_HISTORY_AUTHORITY","REVIEWED_SESSION_CALENDAR_AND_ADJUSTMENT_COVERAGE_REQUIRED","","","","0"
"8874186e-a6bc-49eb-9163-28cae2b31dd6:APPROVED_BENCHMARK_HISTORY_252D","8874186e-a6bc-49eb-9163-28cae2b31dd6","JUBLFOOD","APPROVED_BENCHMARK_HISTORY_252D","252","[]","BLOCKED_HISTORY_AUTHORITY","EXACT_BENCHMARK_AUTHORITY_OR_TOKEN_REQUIRED","","","","0"
"8874186e-a6bc-49eb-9163-28cae2b31dd6:DISCRETIONARY_DEMAND","8874186e-a6bc-49eb-9163-28cae2b31dd6","JUBLFOOD","DISCRETIONARY_DEMAND","252","[]","BLOCKED_CONTRACT","EXACT_FIELD_PERIOD_OR_SCOPE_CONTRACT_NOT_PROVEN","","","","0"
"8874186e-a6bc-49eb-9163-28cae2b31dd6:OCCUPANCY_TRAFFIC_VOLATILITY","8874186e-a6bc-49eb-9163-28cae2b31dd6","JUBLFOOD","OCCUPANCY_TRAFFIC_VOLATILITY","252","[]","BLOCKED_HISTORY_AUTHORITY","REVIEWED_SESSION_CALENDAR_AND_ADJUSTMENT_COVERAGE_REQUIRED","","","","0"
"8874186e-a6bc-49eb-9163-28cae2b31dd6:MARKET_DRAWDOWN","8874186e-a6bc-49eb-9163-28cae2b31dd6","JUBLFOOD","MARKET_DRAWDOWN","252","[]","BLOCKED_HISTORY_AUTHORITY","REVIEWED_SESSION_CALENDAR_AND_ADJUSTMENT_COVERAGE_REQUIRED","","","","0"
"8874186e-a6bc-49eb-9163-28cae2b31dd6:OWNERSHIP_TREND_4Q","8874186e-a6bc-49eb-9163-28cae2b31dd6","JUBLFOOD","OWNERSHIP_TREND_4Q","4","[]","CACHE_QUARTER_REVIEW","OWNERSHIP_SERIES_DEFINITION_AND_BASIS_REVIEW_REQUIRED","","","","0"
"8874186e-a6bc-49eb-9163-28cae2b31dd6:GOVERNANCE_EVENT_REVIEW","8874186e-a6bc-49eb-9163-28cae2b31dd6","JUBLFOOD","GOVERNANCE_EVENT_REVIEW","4","[]","CACHE_EXCERPT_REVIEW","CITED_DOCUMENT_REVIEW_AND_REQUIREMENT_FACT_CONTRACT_REQUIRED","","","","0"
"91520c5a-60a2-4719-9a5e-eeb3da6df18c:OPERATING_MARGIN_HISTORY","91520c5a-60a2-4719-9a5e-eeb3da6df18c","JUBLPHARMA","OPERATING_MARGIN_HISTORY","8","[]","CACHE_FIELD_METADATA_REVIEW","REPORTING_PERIOD_INVALID","","","","0"
"91520c5a-60a2-4719-9a5e-eeb3da6df18c:ROCE_OR_ROIC","91520c5a-60a2-4719-9a5e-eeb3da6df18c","JUBLPHARMA","ROCE_OR_ROIC","3","[]","CACHE_FIELD_METADATA_REVIEW","REPORTING_PERIOD_INVALID","","","","0"
"91520c5a-60a2-4719-9a5e-eeb3da6df18c:REVENUE_GROWTH_MULTI_PERIOD","91520c5a-60a2-4719-9a5e-eeb3da6df18c","JUBLPHARMA","REVENUE_GROWTH_MULTI_PERIOD","3","[]","CACHE_FIELD_METADATA_REVIEW","METRIC_CONTRACT_NOT_REVIEWED","","","","0"
"91520c5a-60a2-4719-9a5e-eeb3da6df18c:NET_PROFIT_GROWTH_MULTI_PERIOD","91520c5a-60a2-4719-9a5e-eeb3da6df18c","JUBLPHARMA","NET_PROFIT_GROWTH_MULTI_PERIOD","3","[]","CACHE_FIELD_METADATA_REVIEW","REPORTING_PERIOD_TYPE_NOT_PROVEN","","","","0"
"91520c5a-60a2-4719-9a5e-eeb3da6df18c:EPS_GROWTH_MULTI_PERIOD","91520c5a-60a2-4719-9a5e-eeb3da6df18c","JUBLPHARMA","EPS_GROWTH_MULTI_PERIOD","3","[]","BLOCKED_CONTRACT","EXACT_FIELD_PERIOD_OR_SCOPE_CONTRACT_NOT_PROVEN","","","","0"
"91520c5a-60a2-4719-9a5e-eeb3da6df18c:CFO_OR_FCF_CONVERSION","91520c5a-60a2-4719-9a5e-eeb3da6df18c","JUBLPHARMA","CFO_OR_FCF_CONVERSION","3","[]","CACHE_FIELD_METADATA_REVIEW","METRIC_CONTRACT_NOT_REVIEWED","","","","0"
"91520c5a-60a2-4719-9a5e-eeb3da6df18c:CAPEX","91520c5a-60a2-4719-9a5e-eeb3da6df18c","JUBLPHARMA","CAPEX","3","[]","BLOCKED_CONTRACT","EXACT_FIELD_PERIOD_OR_SCOPE_CONTRACT_NOT_PROVEN","","","","0"
"91520c5a-60a2-4719-9a5e-eeb3da6df18c:NET_CASH_OR_LEVERAGE","91520c5a-60a2-4719-9a5e-eeb3da6df18c","JUBLPHARMA","NET_CASH_OR_LEVERAGE","3","[]","BLOCKED_CONTRACT","EXACT_FIELD_PERIOD_OR_SCOPE_CONTRACT_NOT_PROVEN","","","","0"
"91520c5a-60a2-4719-9a5e-eeb3da6df18c:PE","91520c5a-60a2-4719-9a5e-eeb3da6df18c","JUBLPHARMA","PE","3","[]","CACHE_FIELD_METADATA_REVIEW","REPORTING_PERIOD_TYPE_NOT_PROVEN","","","","0"
"91520c5a-60a2-4719-9a5e-eeb3da6df18c:EV_EBITDA","91520c5a-60a2-4719-9a5e-eeb3da6df18c","JUBLPHARMA","EV_EBITDA","3","[]","BLOCKED_CONTRACT","EXACT_FIELD_PERIOD_OR_SCOPE_CONTRACT_NOT_PROVEN","","","","0"
"91520c5a-60a2-4719-9a5e-eeb3da6df18c:FCF_YIELD","91520c5a-60a2-4719-9a5e-eeb3da6df18c","JUBLPHARMA","FCF_YIELD","3","[]","BLOCKED_CONTRACT","EXACT_FIELD_PERIOD_OR_SCOPE_CONTRACT_NOT_PROVEN","","","","0"
"91520c5a-60a2-4719-9a5e-eeb3da6df18c:PRICE_HISTORY_252D","91520c5a-60a2-4719-9a5e-eeb3da6df18c","JUBLPHARMA","PRICE_HISTORY_252D","252","[]","BLOCKED_HISTORY_AUTHORITY","REVIEWED_SESSION_CALENDAR_AND_ADJUSTMENT_COVERAGE_REQUIRED","","","","0"
"91520c5a-60a2-4719-9a5e-eeb3da6df18c:APPROVED_BENCHMARK_HISTORY_252D","91520c5a-60a2-4719-9a5e-eeb3da6df18c","JUBLPHARMA","APPROVED_BENCHMARK_HISTORY_252D","252","[]","BLOCKED_HISTORY_AUTHORITY","EXACT_BENCHMARK_AUTHORITY_OR_TOKEN_REQUIRED","","","","0"
"91520c5a-60a2-4719-9a5e-eeb3da6df18c:MARKET_DRAWDOWN","91520c5a-60a2-4719-9a5e-eeb3da6df18c","JUBLPHARMA","MARKET_DRAWDOWN","252","[]","BLOCKED_HISTORY_AUTHORITY","REVIEWED_SESSION_CALENDAR_AND_ADJUSTMENT_COVERAGE_REQUIRED","","","","0"
"91520c5a-60a2-4719-9a5e-eeb3da6df18c:VOLATILITY_252D","91520c5a-60a2-4719-9a5e-eeb3da6df18c","JUBLPHARMA","VOLATILITY_252D","252","[]","BLOCKED_HISTORY_AUTHORITY","REVIEWED_SESSION_CALENDAR_AND_ADJUSTMENT_COVERAGE_REQUIRED","","","","0"
"91520c5a-60a2-4719-9a5e-eeb3da6df18c:REGULATORY_RISK","91520c5a-60a2-4719-9a5e-eeb3da6df18c","JUBLPHARMA","REGULATORY_RISK","252","[]","CACHE_EXCERPT_REVIEW","CITED_DOCUMENT_REVIEW_AND_REQUIREMENT_FACT_CONTRACT_REQUIRED","","","","0"
"91520c5a-60a2-4719-9a5e-eeb3da6df18c:OWNERSHIP_TREND_4Q","91520c5a-60a2-4719-9a5e-eeb3da6df18c","JUBLPHARMA","OWNERSHIP_TREND_4Q","4","[]","CACHE_QUARTER_REVIEW","OWNERSHIP_SERIES_DEFINITION_AND_BASIS_REVIEW_REQUIRED","","","","0"
"91520c5a-60a2-4719-9a5e-eeb3da6df18c:GOVERNANCE_EVENT_REVIEW","91520c5a-60a2-4719-9a5e-eeb3da6df18c","JUBLPHARMA","GOVERNANCE_EVENT_REVIEW","4","[]","CACHE_EXCERPT_REVIEW","CITED_DOCUMENT_REVIEW_AND_REQUIREMENT_FACT_CONTRACT_REQUIRED","","","","0"
"08939466-a3bb-4a59-8605-8917d6a547de:GROSS_AND_OPERATING_MARGIN_HISTORY","08939466-a3bb-4a59-8605-8917d6a547de","JYOTHYLAB","GROSS_AND_OPERATING_MARGIN_HISTORY","1","[]","BLOCKED_CONTRACT","EXACT_FIELD_PERIOD_OR_SCOPE_CONTRACT_NOT_PROVEN","","","","0"
"08939466-a3bb-4a59-8605-8917d6a547de:REVENUE_AND_VOLUME_PRICE_MIX_GROWTH","08939466-a3bb-4a59-8605-8917d6a547de","JYOTHYLAB","REVENUE_AND_VOLUME_PRICE_MIX_GROWTH","1","[]","BLOCKED_CONTRACT","EXACT_FIELD_PERIOD_OR_SCOPE_CONTRACT_NOT_PROVEN","","","","0"
"08939466-a3bb-4a59-8605-8917d6a547de:ROCE_OR_ROIC","08939466-a3bb-4a59-8605-8917d6a547de","JYOTHYLAB","ROCE_OR_ROIC","1","[]","ACQUIRE_RAW_THEN_REVIEW","EXACT_FIELD_MISSING_AND_RESPONSE_METADATA_UNPROVEN","TRENDLYNE","get_parameter_values_multi_stock","{""type"":""stock"",""query"":""JYOTHYLAB JYOTHYLAB instrument 706 ROCE Ann. % as of 2026-10-05; supply 1 distinct dated YEAR reporting periods, period start/end, unit/scale, currency, consolidated/standalone scope, publication dates and source field labels; no relative-year labels as period proof""}","1"
"08939466-a3bb-4a59-8605-8917d6a547de:CFO_OR_FCF_CONVERSION_AND_WORKING_CAPITAL","08939466-a3bb-4a59-8605-8917d6a547de","JYOTHYLAB","CFO_OR_FCF_CONVERSION_AND_WORKING_CAPITAL","1","[]","BLOCKED_CONTRACT","EXACT_FIELD_PERIOD_OR_SCOPE_CONTRACT_NOT_PROVEN","","","","0"
"08939466-a3bb-4a59-8605-8917d6a547de:NET_CASH_OR_LEVERAGE","08939466-a3bb-4a59-8605-8917d6a547de","JYOTHYLAB","NET_CASH_OR_LEVERAGE","1","[]","BLOCKED_CONTRACT","EXACT_FIELD_PERIOD_OR_SCOPE_CONTRACT_NOT_PROVEN","","","","0"
"08939466-a3bb-4a59-8605-8917d6a547de:BRAND_DISTRIBUTION_CATEGORY_DURABILITY","08939466-a3bb-4a59-8605-8917d6a547de","JYOTHYLAB","BRAND_DISTRIBUTION_CATEGORY_DURABILITY","1","[]","CACHE_EXCERPT_REVIEW","CITED_DOCUMENT_REVIEW_AND_REQUIREMENT_FACT_CONTRACT_REQUIRED","","","","0"
"08939466-a3bb-4a59-8605-8917d6a547de:VALUATION","08939466-a3bb-4a59-8605-8917d6a547de","JYOTHYLAB","VALUATION","1","[]","BLOCKED_CONTRACT","EXACT_FIELD_PERIOD_OR_SCOPE_CONTRACT_NOT_PROVEN","","","","0"
"08939466-a3bb-4a59-8605-8917d6a547de:MOMENTUM_12M_RELATIVE","08939466-a3bb-4a59-8605-8917d6a547de","JYOTHYLAB","MOMENTUM_12M_RELATIVE","252","[]","BLOCKED_HISTORY_AUTHORITY","REVIEWED_SESSION_CALENDAR_AND_ADJUSTMENT_COVERAGE_REQUIRED","","","","0"
"08939466-a3bb-4a59-8605-8917d6a547de:CATEGORY_AND_MARKET_RISK","08939466-a3bb-4a59-8605-8917d6a547de","JYOTHYLAB","CATEGORY_AND_MARKET_RISK","1","[]","BLOCKED_CONTRACT","EXACT_FIELD_PERIOD_OR_SCOPE_CONTRACT_NOT_PROVEN","","","","0"
"08939466-a3bb-4a59-8605-8917d6a547de:OWNERSHIP_GOVERNANCE","08939466-a3bb-4a59-8605-8917d6a547de","JYOTHYLAB","OWNERSHIP_GOVERNANCE","4","[]","CACHE_QUARTER_REVIEW","OWNERSHIP_SERIES_DEFINITION_AND_BASIS_REVIEW_REQUIRED","","","","0"
"e1a9c51f-1d3a-4939-85eb-f2bfb9de1cd2:GROSS_OPERATING_MARGIN_HISTORY","e1a9c51f-1d3a-4939-85eb-f2bfb9de1cd2","KALYANKJIL","GROSS_OPERATING_MARGIN_HISTORY","8","[]","CACHE_FIELD_METADATA_REVIEW","REPORTING_PERIOD_INVALID","","","","0"
"e1a9c51f-1d3a-4939-85eb-f2bfb9de1cd2:STUDDED_MIX_OR_MAKING_CHARGE_QUALITY","e1a9c51f-1d3a-4939-85eb-f2bfb9de1cd2","KALYANKJIL","STUDDED_MIX_OR_MAKING_CHARGE_QUALITY","8","[]","BLOCKED_CONTRACT","EXACT_FIELD_PERIOD_OR_SCOPE_CONTRACT_NOT_PROVEN","","","","0"
"e1a9c51f-1d3a-4939-85eb-f2bfb9de1cd2:REVENUE_SAME_STORE_NETWORK_GROWTH","e1a9c51f-1d3a-4939-85eb-f2bfb9de1cd2","KALYANKJIL","REVENUE_SAME_STORE_NETWORK_GROWTH","8","[]","BLOCKED_CONTRACT","EXACT_FIELD_PERIOD_OR_SCOPE_CONTRACT_NOT_PROVEN","","","","0"
"e1a9c51f-1d3a-4939-85eb-f2bfb9de1cd2:ROCE_OR_ROIC","e1a9c51f-1d3a-4939-85eb-f2bfb9de1cd2","KALYANKJIL","ROCE_OR_ROIC","3","[]","CACHE_FIELD_METADATA_REVIEW","REPORTING_PERIOD_INVALID","","","","0"
"e1a9c51f-1d3a-4939-85eb-f2bfb9de1cd2:CFO_FCF_INVENTORY_WORKING_CAPITAL","e1a9c51f-1d3a-4939-85eb-f2bfb9de1cd2","KALYANKJIL","CFO_FCF_INVENTORY_WORKING_CAPITAL","3","[]","BLOCKED_CONTRACT","EXACT_FIELD_PERIOD_OR_SCOPE_CONTRACT_NOT_PROVEN","","","","0"
"e1a9c51f-1d3a-4939-85eb-f2bfb9de1cd2:NET_DEBT_INVENTORY_FUNDING","e1a9c51f-1d3a-4939-85eb-f2bfb9de1cd2","KALYANKJIL","NET_DEBT_INVENTORY_FUNDING","3","[]","BLOCKED_CONTRACT","EXACT_FIELD_PERIOD_OR_SCOPE_CONTRACT_NOT_PROVEN","","","","0"
"e1a9c51f-1d3a-4939-85eb-f2bfb9de1cd2:BRAND_TRUST_NETWORK_DISTRIBUTION","e1a9c51f-1d3a-4939-85eb-f2bfb9de1cd2","KALYANKJIL","BRAND_TRUST_NETWORK_DISTRIBUTION","3","[]","CACHE_EXCERPT_REVIEW","CITED_DOCUMENT_REVIEW_AND_REQUIREMENT_FACT_CONTRACT_REQUIRED","","","","0"
"e1a9c51f-1d3a-4939-85eb-f2bfb9de1cd2:FRANCHISE_STORE_ECONOMICS","e1a9c51f-1d3a-4939-85eb-f2bfb9de1cd2","KALYANKJIL","FRANCHISE_STORE_ECONOMICS","3","[]","CACHE_EXCERPT_REVIEW","CITED_DOCUMENT_REVIEW_AND_REQUIREMENT_FACT_CONTRACT_REQUIRED","","","","0"
"e1a9c51f-1d3a-4939-85eb-f2bfb9de1cd2:PE","e1a9c51f-1d3a-4939-85eb-f2bfb9de1cd2","KALYANKJIL","PE","3","[]","CACHE_FIELD_METADATA_REVIEW","REPORTING_PERIOD_TYPE_NOT_PROVEN","","","","0"
"e1a9c51f-1d3a-4939-85eb-f2bfb9de1cd2:EV_EBITDA","e1a9c51f-1d3a-4939-85eb-f2bfb9de1cd2","KALYANKJIL","EV_EBITDA","3","[]","BLOCKED_CONTRACT","EXACT_FIELD_PERIOD_OR_SCOPE_CONTRACT_NOT_PROVEN","","","","0"
"e1a9c51f-1d3a-4939-85eb-f2bfb9de1cd2:FCF_YIELD","e1a9c51f-1d3a-4939-85eb-f2bfb9de1cd2","KALYANKJIL","FCF_YIELD","3","[]","BLOCKED_CONTRACT","EXACT_FIELD_PERIOD_OR_SCOPE_CONTRACT_NOT_PROVEN","","","","0"
"e1a9c51f-1d3a-4939-85eb-f2bfb9de1cd2:ROCE_WORKING_CAPITAL_CONTEXT","e1a9c51f-1d3a-4939-85eb-f2bfb9de1cd2","KALYANKJIL","ROCE_WORKING_CAPITAL_CONTEXT","3","[]","BLOCKED_CONTRACT","EXACT_FIELD_PERIOD_OR_SCOPE_CONTRACT_NOT_PROVEN","","","","0"
"e1a9c51f-1d3a-4939-85eb-f2bfb9de1cd2:PRICE_HISTORY_252D","e1a9c51f-1d3a-4939-85eb-f2bfb9de1cd2","KALYANKJIL","PRICE_HISTORY_252D","252","[]","BLOCKED_HISTORY_AUTHORITY","REVIEWED_SESSION_CALENDAR_AND_ADJUSTMENT_COVERAGE_REQUIRED","","","","0"
"e1a9c51f-1d3a-4939-85eb-f2bfb9de1cd2:APPROVED_BENCHMARK_HISTORY_252D","e1a9c51f-1d3a-4939-85eb-f2bfb9de1cd2","KALYANKJIL","APPROVED_BENCHMARK_HISTORY_252D","252","[]","BLOCKED_HISTORY_AUTHORITY","EXACT_BENCHMARK_AUTHORITY_OR_TOKEN_REQUIRED","","","","0"
"e1a9c51f-1d3a-4939-85eb-f2bfb9de1cd2:GOLD_PRICE_INVENTORY_REGULATION","e1a9c51f-1d3a-4939-85eb-f2bfb9de1cd2","KALYANKJIL","GOLD_PRICE_INVENTORY_REGULATION","252","[]","CACHE_EXCERPT_REVIEW","CITED_DOCUMENT_REVIEW_AND_REQUIREMENT_FACT_CONTRACT_REQUIRED","","","","0"
"e1a9c51f-1d3a-4939-85eb-f2bfb9de1cd2:MARKET_DRAWDOWN","e1a9c51f-1d3a-4939-85eb-f2bfb9de1cd2","KALYANKJIL","MARKET_DRAWDOWN","252","[]","BLOCKED_HISTORY_AUTHORITY","REVIEWED_SESSION_CALENDAR_AND_ADJUSTMENT_COVERAGE_REQUIRED","","","","0"
"e1a9c51f-1d3a-4939-85eb-f2bfb9de1cd2:OWNERSHIP_TREND_4Q","e1a9c51f-1d3a-4939-85eb-f2bfb9de1cd2","KALYANKJIL","OWNERSHIP_TREND_4Q","4","[]","CACHE_QUARTER_REVIEW","OWNERSHIP_SERIES_DEFINITION_AND_BASIS_REVIEW_REQUIRED","","","","0"
"e1a9c51f-1d3a-4939-85eb-f2bfb9de1cd2:GOVERNANCE_EVENT_REVIEW","e1a9c51f-1d3a-4939-85eb-f2bfb9de1cd2","KALYANKJIL","GOVERNANCE_EVENT_REVIEW","4","[]","CACHE_EXCERPT_REVIEW","CITED_DOCUMENT_REVIEW_AND_REQUIREMENT_FACT_CONTRACT_REQUIRED","","","","0"
"be55b3cc-0400-45af-84aa-2a95e2c361c5:ROE_ANNUAL","be55b3cc-0400-45af-84aa-2a95e2c361c5","KARURVYSYA","ROE_ANNUAL","1","[]","BLOCKED_CONTRACT","EXACT_FIELD_PERIOD_OR_SCOPE_CONTRACT_NOT_PROVEN","","","","0"
"be55b3cc-0400-45af-84aa-2a95e2c361c5:NIM_TTM","be55b3cc-0400-45af-84aa-2a95e2c361c5","KARURVYSYA","NIM_TTM","1","[]","BLOCKED_CONTRACT","EXACT_FIELD_PERIOD_OR_SCOPE_CONTRACT_NOT_PROVEN","","","","0"
"be55b3cc-0400-45af-84aa-2a95e2c361c5:GROSS_NPA","be55b3cc-0400-45af-84aa-2a95e2c361c5","KARURVYSYA","GROSS_NPA","1","[]","BLOCKED_CONTRACT","EXACT_FIELD_PERIOD_OR_SCOPE_CONTRACT_NOT_PROVEN","","","","0"
"be55b3cc-0400-45af-84aa-2a95e2c361c5:NET_NPA","be55b3cc-0400-45af-84aa-2a95e2c361c5","KARURVYSYA","NET_NPA","1","[]","BLOCKED_CONTRACT","EXACT_FIELD_PERIOD_OR_SCOPE_CONTRACT_NOT_PROVEN","","","","0"
"be55b3cc-0400-45af-84aa-2a95e2c361c5:ADVANCES_GROWTH_YOY","be55b3cc-0400-45af-84aa-2a95e2c361c5","KARURVYSYA","ADVANCES_GROWTH_YOY","1","[]","BLOCKED_CONTRACT","EXACT_FIELD_PERIOD_OR_SCOPE_CONTRACT_NOT_PROVEN","","","","0"
"be55b3cc-0400-45af-84aa-2a95e2c361c5:DEPOSITS_GROWTH_YOY","be55b3cc-0400-45af-84aa-2a95e2c361c5","KARURVYSYA","DEPOSITS_GROWTH_YOY","1","[]","BLOCKED_CONTRACT","EXACT_FIELD_PERIOD_OR_SCOPE_CONTRACT_NOT_PROVEN","","","","0"
"be55b3cc-0400-45af-84aa-2a95e2c361c5:EPS_GROWTH_YOY","be55b3cc-0400-45af-84aa-2a95e2c361c5","KARURVYSYA","EPS_GROWTH_YOY","1","[]","CACHE_FIELD_METADATA_REVIEW","REPORTING_PERIOD_INVALID","","","","0"
"be55b3cc-0400-45af-84aa-2a95e2c361c5:ROA_ANNUAL","be55b3cc-0400-45af-84aa-2a95e2c361c5","KARURVYSYA","ROA_ANNUAL","1","[]","BLOCKED_CONTRACT","EXACT_FIELD_PERIOD_OR_SCOPE_CONTRACT_NOT_PROVEN","","","","0"
"be55b3cc-0400-45af-84aa-2a95e2c361c5:CET1_RATIO","be55b3cc-0400-45af-84aa-2a95e2c361c5","KARURVYSYA","CET1_RATIO","1","[]","BLOCKED_CONTRACT","EXACT_FIELD_PERIOD_OR_SCOPE_CONTRACT_NOT_PROVEN","","","","0"
"be55b3cc-0400-45af-84aa-2a95e2c361c5:CAPITAL_ADEQUACY_RATIO","be55b3cc-0400-45af-84aa-2a95e2c361c5","KARURVYSYA","CAPITAL_ADEQUACY_RATIO","1","[]","BLOCKED_CONTRACT","EXACT_FIELD_PERIOD_OR_SCOPE_CONTRACT_NOT_PROVEN","","","","0"
"be55b3cc-0400-45af-84aa-2a95e2c361c5:EXTERNAL_LONG_TERM_RATING","be55b3cc-0400-45af-84aa-2a95e2c361c5","KARURVYSYA","EXTERNAL_LONG_TERM_RATING","1","[]","CACHE_EXCERPT_REVIEW","CITED_DOCUMENT_REVIEW_AND_REQUIREMENT_FACT_CONTRACT_REQUIRED","","","","0"
"be55b3cc-0400-45af-84aa-2a95e2c361c5:PE_TTM_RELATIVE","be55b3cc-0400-45af-84aa-2a95e2c361c5","KARURVYSYA","PE_TTM_RELATIVE","1","[]","BLOCKED_CONTRACT","EXACT_FIELD_PERIOD_OR_SCOPE_CONTRACT_NOT_PROVEN","","","","0"
"be55b3cc-0400-45af-84aa-2a95e2c361c5:PB_RELATIVE","be55b3cc-0400-45af-84aa-2a95e2c361c5","KARURVYSYA","PB_RELATIVE","1","[]","BLOCKED_CONTRACT","EXACT_FIELD_PERIOD_OR_SCOPE_CONTRACT_NOT_PROVEN","","","","0"
"be55b3cc-0400-45af-84aa-2a95e2c361c5:PB_ADJUSTED_FOR_ROE","be55b3cc-0400-45af-84aa-2a95e2c361c5","KARURVYSYA","PB_ADJUSTED_FOR_ROE","1","[]","BLOCKED_CONTRACT","EXACT_FIELD_PERIOD_OR_SCOPE_CONTRACT_NOT_PROVEN","","","","0"
"be55b3cc-0400-45af-84aa-2a95e2c361c5:PRICE_MOMENTUM_12M","be55b3cc-0400-45af-84aa-2a95e2c361c5","KARURVYSYA","PRICE_MOMENTUM_12M","252","[]","BLOCKED_HISTORY_AUTHORITY","REVIEWED_SESSION_CALENDAR_AND_ADJUSTMENT_COVERAGE_REQUIRED","","","","0"
"be55b3cc-0400-45af-84aa-2a95e2c361c5:PRICE_MOMENTUM_6M","be55b3cc-0400-45af-84aa-2a95e2c361c5","KARURVYSYA","PRICE_MOMENTUM_6M","252","[]","BLOCKED_HISTORY_AUTHORITY","REVIEWED_SESSION_CALENDAR_AND_ADJUSTMENT_COVERAGE_REQUIRED","","","","0"
"be55b3cc-0400-45af-84aa-2a95e2c361c5:RELATIVE_STRENGTH_12M","be55b3cc-0400-45af-84aa-2a95e2c361c5","KARURVYSYA","RELATIVE_STRENGTH_12M","252","[]","BLOCKED_HISTORY_AUTHORITY","REVIEWED_SESSION_CALENDAR_AND_ADJUSTMENT_COVERAGE_REQUIRED","","","","0"
"be55b3cc-0400-45af-84aa-2a95e2c361c5:INSTITUTIONAL_OWNERSHIP_TREND_4Q","be55b3cc-0400-45af-84aa-2a95e2c361c5","KARURVYSYA","INSTITUTIONAL_OWNERSHIP_TREND_4Q","4","[]","CACHE_QUARTER_REVIEW","OWNERSHIP_SERIES_DEFINITION_AND_BASIS_REVIEW_REQUIRED","","","","0"
"be55b3cc-0400-45af-84aa-2a95e2c361c5:GOVERNANCE_EVENT_SIGNAL","be55b3cc-0400-45af-84aa-2a95e2c361c5","KARURVYSYA","GOVERNANCE_EVENT_SIGNAL","1","[]","CACHE_EXCERPT_REVIEW","CITED_DOCUMENT_REVIEW_AND_REQUIREMENT_FACT_CONTRACT_REQUIRED","","","","0"
"be55b3cc-0400-45af-84aa-2a95e2c361c5:MAX_DRAWDOWN_1Y","be55b3cc-0400-45af-84aa-2a95e2c361c5","KARURVYSYA","MAX_DRAWDOWN_1Y","252","[]","BLOCKED_HISTORY_AUTHORITY","REVIEWED_SESSION_CALENDAR_AND_ADJUSTMENT_COVERAGE_REQUIRED","","","","0"
"be55b3cc-0400-45af-84aa-2a95e2c361c5:VOLATILITY_RELATIVE","be55b3cc-0400-45af-84aa-2a95e2c361c5","KARURVYSYA","VOLATILITY_RELATIVE","252","[]","BLOCKED_HISTORY_AUTHORITY","REVIEWED_SESSION_CALENDAR_AND_ADJUSTMENT_COVERAGE_REQUIRED","","","","0"
"be55b3cc-0400-45af-84aa-2a95e2c361c5:RATING_TREND","be55b3cc-0400-45af-84aa-2a95e2c361c5","KARURVYSYA","RATING_TREND","1","[]","CACHE_EXCERPT_REVIEW","CITED_DOCUMENT_REVIEW_AND_REQUIREMENT_FACT_CONTRACT_REQUIRED","","","","0"
"c45b0c4f-ad18-48a8-bb7c-5cf88f6e2da2:OPERATING_MARGIN_HISTORY","c45b0c4f-ad18-48a8-bb7c-5cf88f6e2da2","KAYNES","OPERATING_MARGIN_HISTORY","8","[]","CACHE_FIELD_METADATA_REVIEW","REPORTING_PERIOD_INVALID","","","","0"
"c45b0c4f-ad18-48a8-bb7c-5cf88f6e2da2:PRODUCT_MIX_QUALITY","c45b0c4f-ad18-48a8-bb7c-5cf88f6e2da2","KAYNES","PRODUCT_MIX_QUALITY","8","[]","CACHE_EXCERPT_REVIEW","CITED_DOCUMENT_REVIEW_AND_REQUIREMENT_FACT_CONTRACT_REQUIRED","","","","0"
"c45b0c4f-ad18-48a8-bb7c-5cf88f6e2da2:REVENUE_VOLUME_ORDER_GROWTH","c45b0c4f-ad18-48a8-bb7c-5cf88f6e2da2","KAYNES","REVENUE_VOLUME_ORDER_GROWTH","8","[]","BLOCKED_CONTRACT","EXACT_FIELD_PERIOD_OR_SCOPE_CONTRACT_NOT_PROVEN","","","","0"
"c45b0c4f-ad18-48a8-bb7c-5cf88f6e2da2:ROCE_OR_ROIC","c45b0c4f-ad18-48a8-bb7c-5cf88f6e2da2","KAYNES","ROCE_OR_ROIC","3","[]","CACHE_FIELD_METADATA_REVIEW","REPORTING_PERIOD_INVALID","","","","0"
"c45b0c4f-ad18-48a8-bb7c-5cf88f6e2da2:CFO_FCF_WORKING_CAPITAL","c45b0c4f-ad18-48a8-bb7c-5cf88f6e2da2","KAYNES","CFO_FCF_WORKING_CAPITAL","3","[]","BLOCKED_CONTRACT","EXACT_FIELD_PERIOD_OR_SCOPE_CONTRACT_NOT_PROVEN","","","","0"
"c45b0c4f-ad18-48a8-bb7c-5cf88f6e2da2:NET_DEBT_INTEREST_COVERAGE","c45b0c4f-ad18-48a8-bb7c-5cf88f6e2da2","KAYNES","NET_DEBT_INTEREST_COVERAGE","3","[]","BLOCKED_CONTRACT","EXACT_FIELD_PERIOD_OR_SCOPE_CONTRACT_NOT_PROVEN","","","","0"
"c45b0c4f-ad18-48a8-bb7c-5cf88f6e2da2:DISTRIBUTION_CUSTOMER_PRODUCT_MOAT","c45b0c4f-ad18-48a8-bb7c-5cf88f6e2da2","KAYNES","DISTRIBUTION_CUSTOMER_PRODUCT_MOAT","3","[]","CACHE_EXCERPT_REVIEW","CITED_DOCUMENT_REVIEW_AND_REQUIREMENT_FACT_CONTRACT_REQUIRED","","","","0"
"c45b0c4f-ad18-48a8-bb7c-5cf88f6e2da2:CAPACITY_DISCIPLINE","c45b0c4f-ad18-48a8-bb7c-5cf88f6e2da2","KAYNES","CAPACITY_DISCIPLINE","3","[]","CACHE_EXCERPT_REVIEW","CITED_DOCUMENT_REVIEW_AND_REQUIREMENT_FACT_CONTRACT_REQUIRED","","","","0"
"c45b0c4f-ad18-48a8-bb7c-5cf88f6e2da2:PE","c45b0c4f-ad18-48a8-bb7c-5cf88f6e2da2","KAYNES","PE","3","[]","CACHE_FIELD_METADATA_REVIEW","REPORTING_PERIOD_TYPE_NOT_PROVEN","","","","0"
"c45b0c4f-ad18-48a8-bb7c-5cf88f6e2da2:EV_EBITDA","c45b0c4f-ad18-48a8-bb7c-5cf88f6e2da2","KAYNES","EV_EBITDA","3","[]","BLOCKED_CONTRACT","EXACT_FIELD_PERIOD_OR_SCOPE_CONTRACT_NOT_PROVEN","","","","0"
"c45b0c4f-ad18-48a8-bb7c-5cf88f6e2da2:FCF_YIELD","c45b0c4f-ad18-48a8-bb7c-5cf88f6e2da2","KAYNES","FCF_YIELD","3","[]","BLOCKED_CONTRACT","EXACT_FIELD_PERIOD_OR_SCOPE_CONTRACT_NOT_PROVEN","","","","0"
"c45b0c4f-ad18-48a8-bb7c-5cf88f6e2da2:ROCE_CONTEXT","c45b0c4f-ad18-48a8-bb7c-5cf88f6e2da2","KAYNES","ROCE_CONTEXT","3","[]","BLOCKED_CONTRACT","EXACT_FIELD_PERIOD_OR_SCOPE_CONTRACT_NOT_PROVEN","","","","0"
"c45b0c4f-ad18-48a8-bb7c-5cf88f6e2da2:PRICE_HISTORY_252D","c45b0c4f-ad18-48a8-bb7c-5cf88f6e2da2","KAYNES","PRICE_HISTORY_252D","252","[]","BLOCKED_HISTORY_AUTHORITY","REVIEWED_SESSION_CALENDAR_AND_ADJUSTMENT_COVERAGE_REQUIRED","","","","0"
"c45b0c4f-ad18-48a8-bb7c-5cf88f6e2da2:APPROVED_BENCHMARK_HISTORY_252D","c45b0c4f-ad18-48a8-bb7c-5cf88f6e2da2","KAYNES","APPROVED_BENCHMARK_HISTORY_252D","252","[]","BLOCKED_HISTORY_AUTHORITY","EXACT_BENCHMARK_AUTHORITY_OR_TOKEN_REQUIRED","","","","0"
"c45b0c4f-ad18-48a8-bb7c-5cf88f6e2da2:INPUT_COST_DEMAND_CAPEX","c45b0c4f-ad18-48a8-bb7c-5cf88f6e2da2","KAYNES","INPUT_COST_DEMAND_CAPEX","252","[]","CACHE_EXCERPT_REVIEW","CITED_DOCUMENT_REVIEW_AND_REQUIREMENT_FACT_CONTRACT_REQUIRED","","","","0"
"c45b0c4f-ad18-48a8-bb7c-5cf88f6e2da2:MARKET_DRAWDOWN","c45b0c4f-ad18-48a8-bb7c-5cf88f6e2da2","KAYNES","MARKET_DRAWDOWN","252","[]","BLOCKED_HISTORY_AUTHORITY","REVIEWED_SESSION_CALENDAR_AND_ADJUSTMENT_COVERAGE_REQUIRED","","","","0"
"c45b0c4f-ad18-48a8-bb7c-5cf88f6e2da2:OWNERSHIP_TREND_4Q","c45b0c4f-ad18-48a8-bb7c-5cf88f6e2da2","KAYNES","OWNERSHIP_TREND_4Q","4","[]","CACHE_QUARTER_REVIEW","OWNERSHIP_SERIES_DEFINITION_AND_BASIS_REVIEW_REQUIRED","","","","0"
"c45b0c4f-ad18-48a8-bb7c-5cf88f6e2da2:GOVERNANCE_EVENT_REVIEW","c45b0c4f-ad18-48a8-bb7c-5cf88f6e2da2","KAYNES","GOVERNANCE_EVENT_REVIEW","4","[]","CACHE_EXCERPT_REVIEW","CITED_DOCUMENT_REVIEW_AND_REQUIREMENT_FACT_CONTRACT_REQUIRED","","","","0"
"05744a34-415b-4084-b832-ce3436ba0694:ROE_ANNUAL","05744a34-415b-4084-b832-ce3436ba0694","KOTAKBANK","ROE_ANNUAL","1","[]","BLOCKED_CONTRACT","EXACT_FIELD_PERIOD_OR_SCOPE_CONTRACT_NOT_PROVEN","","","","0"
"05744a34-415b-4084-b832-ce3436ba0694:NIM_TTM","05744a34-415b-4084-b832-ce3436ba0694","KOTAKBANK","NIM_TTM","1","[]","BLOCKED_CONTRACT","EXACT_FIELD_PERIOD_OR_SCOPE_CONTRACT_NOT_PROVEN","","","","0"
"05744a34-415b-4084-b832-ce3436ba0694:GROSS_NPA","05744a34-415b-4084-b832-ce3436ba0694","KOTAKBANK","GROSS_NPA","1","[]","BLOCKED_CONTRACT","EXACT_FIELD_PERIOD_OR_SCOPE_CONTRACT_NOT_PROVEN","","","","0"
"05744a34-415b-4084-b832-ce3436ba0694:NET_NPA","05744a34-415b-4084-b832-ce3436ba0694","KOTAKBANK","NET_NPA","1","[]","BLOCKED_CONTRACT","EXACT_FIELD_PERIOD_OR_SCOPE_CONTRACT_NOT_PROVEN","","","","0"
"05744a34-415b-4084-b832-ce3436ba0694:ADVANCES_GROWTH_YOY","05744a34-415b-4084-b832-ce3436ba0694","KOTAKBANK","ADVANCES_GROWTH_YOY","1","[]","BLOCKED_CONTRACT","EXACT_FIELD_PERIOD_OR_SCOPE_CONTRACT_NOT_PROVEN","","","","0"
"05744a34-415b-4084-b832-ce3436ba0694:DEPOSITS_GROWTH_YOY","05744a34-415b-4084-b832-ce3436ba0694","KOTAKBANK","DEPOSITS_GROWTH_YOY","1","[]","BLOCKED_CONTRACT","EXACT_FIELD_PERIOD_OR_SCOPE_CONTRACT_NOT_PROVEN","","","","0"
"05744a34-415b-4084-b832-ce3436ba0694:EPS_GROWTH_YOY","05744a34-415b-4084-b832-ce3436ba0694","KOTAKBANK","EPS_GROWTH_YOY","1","[]","CACHE_FIELD_METADATA_REVIEW","REQUIRED_EVIDENCE_MISSING","","","","0"
"05744a34-415b-4084-b832-ce3436ba0694:ROA_ANNUAL","05744a34-415b-4084-b832-ce3436ba0694","KOTAKBANK","ROA_ANNUAL","1","[]","BLOCKED_CONTRACT","EXACT_FIELD_PERIOD_OR_SCOPE_CONTRACT_NOT_PROVEN","","","","0"
"05744a34-415b-4084-b832-ce3436ba0694:CET1_RATIO","05744a34-415b-4084-b832-ce3436ba0694","KOTAKBANK","CET1_RATIO","1","[]","BLOCKED_CONTRACT","EXACT_FIELD_PERIOD_OR_SCOPE_CONTRACT_NOT_PROVEN","","","","0"
"05744a34-415b-4084-b832-ce3436ba0694:CAPITAL_ADEQUACY_RATIO","05744a34-415b-4084-b832-ce3436ba0694","KOTAKBANK","CAPITAL_ADEQUACY_RATIO","1","[]","BLOCKED_CONTRACT","EXACT_FIELD_PERIOD_OR_SCOPE_CONTRACT_NOT_PROVEN","","","","0"
"05744a34-415b-4084-b832-ce3436ba0694:EXTERNAL_LONG_TERM_RATING","05744a34-415b-4084-b832-ce3436ba0694","KOTAKBANK","EXTERNAL_LONG_TERM_RATING","1","[]","CACHE_EXCERPT_REVIEW","CITED_DOCUMENT_REVIEW_AND_REQUIREMENT_FACT_CONTRACT_REQUIRED","","","","0"
"05744a34-415b-4084-b832-ce3436ba0694:PE_TTM_RELATIVE","05744a34-415b-4084-b832-ce3436ba0694","KOTAKBANK","PE_TTM_RELATIVE","1","[]","BLOCKED_CONTRACT","EXACT_FIELD_PERIOD_OR_SCOPE_CONTRACT_NOT_PROVEN","","","","0"
"05744a34-415b-4084-b832-ce3436ba0694:PB_RELATIVE","05744a34-415b-4084-b832-ce3436ba0694","KOTAKBANK","PB_RELATIVE","1","[]","BLOCKED_CONTRACT","EXACT_FIELD_PERIOD_OR_SCOPE_CONTRACT_NOT_PROVEN","","","","0"
"05744a34-415b-4084-b832-ce3436ba0694:PB_ADJUSTED_FOR_ROE","05744a34-415b-4084-b832-ce3436ba0694","KOTAKBANK","PB_ADJUSTED_FOR_ROE","1","[]","BLOCKED_CONTRACT","EXACT_FIELD_PERIOD_OR_SCOPE_CONTRACT_NOT_PROVEN","","","","0"
"05744a34-415b-4084-b832-ce3436ba0694:PRICE_MOMENTUM_12M","05744a34-415b-4084-b832-ce3436ba0694","KOTAKBANK","PRICE_MOMENTUM_12M","252","[]","BLOCKED_HISTORY_AUTHORITY","REVIEWED_SESSION_CALENDAR_AND_ADJUSTMENT_COVERAGE_REQUIRED","","","","0"
"05744a34-415b-4084-b832-ce3436ba0694:PRICE_MOMENTUM_6M","05744a34-415b-4084-b832-ce3436ba0694","KOTAKBANK","PRICE_MOMENTUM_6M","252","[]","BLOCKED_HISTORY_AUTHORITY","REVIEWED_SESSION_CALENDAR_AND_ADJUSTMENT_COVERAGE_REQUIRED","","","","0"
"05744a34-415b-4084-b832-ce3436ba0694:RELATIVE_STRENGTH_12M","05744a34-415b-4084-b832-ce3436ba0694","KOTAKBANK","RELATIVE_STRENGTH_12M","252","[]","BLOCKED_HISTORY_AUTHORITY","REVIEWED_SESSION_CALENDAR_AND_ADJUSTMENT_COVERAGE_REQUIRED","","","","0"
"05744a34-415b-4084-b832-ce3436ba0694:INSTITUTIONAL_OWNERSHIP_TREND_4Q","05744a34-415b-4084-b832-ce3436ba0694","KOTAKBANK","INSTITUTIONAL_OWNERSHIP_TREND_4Q","4","[]","CACHE_QUARTER_REVIEW","OWNERSHIP_SERIES_DEFINITION_AND_BASIS_REVIEW_REQUIRED","","","","0"
"05744a34-415b-4084-b832-ce3436ba0694:GOVERNANCE_EVENT_SIGNAL","05744a34-415b-4084-b832-ce3436ba0694","KOTAKBANK","GOVERNANCE_EVENT_SIGNAL","1","[]","CACHE_EXCERPT_REVIEW","CITED_DOCUMENT_REVIEW_AND_REQUIREMENT_FACT_CONTRACT_REQUIRED","","","","0"
"05744a34-415b-4084-b832-ce3436ba0694:MAX_DRAWDOWN_1Y","05744a34-415b-4084-b832-ce3436ba0694","KOTAKBANK","MAX_DRAWDOWN_1Y","252","[]","BLOCKED_HISTORY_AUTHORITY","REVIEWED_SESSION_CALENDAR_AND_ADJUSTMENT_COVERAGE_REQUIRED","","","","0"
"05744a34-415b-4084-b832-ce3436ba0694:VOLATILITY_RELATIVE","05744a34-415b-4084-b832-ce3436ba0694","KOTAKBANK","VOLATILITY_RELATIVE","252","[]","BLOCKED_HISTORY_AUTHORITY","REVIEWED_SESSION_CALENDAR_AND_ADJUSTMENT_COVERAGE_REQUIRED","","","","0"
"05744a34-415b-4084-b832-ce3436ba0694:RATING_TREND","05744a34-415b-4084-b832-ce3436ba0694","KOTAKBANK","RATING_TREND","1","[]","CACHE_EXCERPT_REVIEW","CITED_DOCUMENT_REVIEW_AND_REQUIREMENT_FACT_CONTRACT_REQUIRED","","","","0"
"c18ef8b9-f515-4d76-bf34-5b368f457c9a:OPERATING_MARGIN_HISTORY","c18ef8b9-f515-4d76-bf34-5b368f457c9a","KPIL","OPERATING_MARGIN_HISTORY","1","[]","CACHE_FIELD_METADATA_REVIEW","REPORTING_PERIOD_INVALID","","","","0"
"c18ef8b9-f515-4d76-bf34-5b368f457c9a:ORDER_BOOK_AND_REVENUE_GROWTH","c18ef8b9-f515-4d76-bf34-5b368f457c9a","KPIL","ORDER_BOOK_AND_REVENUE_GROWTH","1","[]","CACHE_EXCERPT_REVIEW","CITED_DOCUMENT_REVIEW_AND_REQUIREMENT_FACT_CONTRACT_REQUIRED","","","","0"
"c18ef8b9-f515-4d76-bf34-5b368f457c9a:ROCE_OR_ROIC","c18ef8b9-f515-4d76-bf34-5b368f457c9a","KPIL","ROCE_OR_ROIC","1","[]","CACHE_FIELD_METADATA_REVIEW","REPORTING_PERIOD_INVALID","","","","0"
"c18ef8b9-f515-4d76-bf34-5b368f457c9a:WORKING_CAPITAL_AND_CASH_CONVERSION","c18ef8b9-f515-4d76-bf34-5b368f457c9a","KPIL","WORKING_CAPITAL_AND_CASH_CONVERSION","1","[]","BLOCKED_CONTRACT","EXACT_FIELD_PERIOD_OR_SCOPE_CONTRACT_NOT_PROVEN","","","","0"
"c18ef8b9-f515-4d76-bf34-5b368f457c9a:NET_DEBT_AND_INTEREST_COVERAGE","c18ef8b9-f515-4d76-bf34-5b368f457c9a","KPIL","NET_DEBT_AND_INTEREST_COVERAGE","1","[]","BLOCKED_CONTRACT","EXACT_FIELD_PERIOD_OR_SCOPE_CONTRACT_NOT_PROVEN","","","","0"
"c18ef8b9-f515-4d76-bf34-5b368f457c9a:BUSINESS_DURABILITY","c18ef8b9-f515-4d76-bf34-5b368f457c9a","KPIL","BUSINESS_DURABILITY","1","[]","CACHE_EXCERPT_REVIEW","CITED_DOCUMENT_REVIEW_AND_REQUIREMENT_FACT_CONTRACT_REQUIRED","","","","0"
"c18ef8b9-f515-4d76-bf34-5b368f457c9a:VALUATION","c18ef8b9-f515-4d76-bf34-5b368f457c9a","KPIL","VALUATION","1","[]","BLOCKED_CONTRACT","EXACT_FIELD_PERIOD_OR_SCOPE_CONTRACT_NOT_PROVEN","","","","0"
"c18ef8b9-f515-4d76-bf34-5b368f457c9a:MOMENTUM_12M_RELATIVE","c18ef8b9-f515-4d76-bf34-5b368f457c9a","KPIL","MOMENTUM_12M_RELATIVE","252","[]","BLOCKED_HISTORY_AUTHORITY","REVIEWED_SESSION_CALENDAR_AND_ADJUSTMENT_COVERAGE_REQUIRED","","","","0"
"c18ef8b9-f515-4d76-bf34-5b368f457c9a:DRAWDOWN_VOLATILITY_RISK","c18ef8b9-f515-4d76-bf34-5b368f457c9a","KPIL","DRAWDOWN_VOLATILITY_RISK","252","[]","BLOCKED_HISTORY_AUTHORITY","REVIEWED_SESSION_CALENDAR_AND_ADJUSTMENT_COVERAGE_REQUIRED","","","","0"
"c18ef8b9-f515-4d76-bf34-5b368f457c9a:OWNERSHIP_GOVERNANCE","c18ef8b9-f515-4d76-bf34-5b368f457c9a","KPIL","OWNERSHIP_GOVERNANCE","4","[]","CACHE_QUARTER_REVIEW","OWNERSHIP_SERIES_DEFINITION_AND_BASIS_REVIEW_REQUIRED","","","","0"
"2a875b8b-3cd6-4f1f-90e0-cc32ab0fec90:REVENUE_GROWTH_MULTI_PERIOD","2a875b8b-3cd6-4f1f-90e0-cc32ab0fec90","KPITTECH","REVENUE_GROWTH_MULTI_PERIOD","1","[]","CACHE_FIELD_METADATA_REVIEW","METRIC_CONTRACT_NOT_REVIEWED","","","","0"
"2a875b8b-3cd6-4f1f-90e0-cc32ab0fec90:OPERATING_MARGIN_HISTORY","2a875b8b-3cd6-4f1f-90e0-cc32ab0fec90","KPITTECH","OPERATING_MARGIN_HISTORY","1","[]","CACHE_FIELD_METADATA_REVIEW","REPORTING_PERIOD_INVALID","","","","0"
"2a875b8b-3cd6-4f1f-90e0-cc32ab0fec90:ROCE_OR_ROIC","2a875b8b-3cd6-4f1f-90e0-cc32ab0fec90","KPITTECH","ROCE_OR_ROIC","1","[]","ACQUIRE_RAW_THEN_REVIEW","EXACT_FIELD_MISSING_AND_RESPONSE_METADATA_UNPROVEN","TRENDLYNE","get_parameter_values_multi_stock","{""type"":""stock"",""query"":""KPITTECH KPITTECH instrument 141324 ROCE Ann. % as of 2026-10-05; supply 1 distinct dated YEAR reporting periods, period start/end, unit/scale, currency, consolidated/standalone scope, publication dates and source field labels; no relative-year labels as period proof""}","1"
"2a875b8b-3cd6-4f1f-90e0-cc32ab0fec90:FCF_CONVERSION","2a875b8b-3cd6-4f1f-90e0-cc32ab0fec90","KPITTECH","FCF_CONVERSION","1","[]","BLOCKED_CONTRACT","EXACT_FIELD_PERIOD_OR_SCOPE_CONTRACT_NOT_PROVEN","","","","0"
"2a875b8b-3cd6-4f1f-90e0-cc32ab0fec90:NET_CASH_OR_LEVERAGE","2a875b8b-3cd6-4f1f-90e0-cc32ab0fec90","KPITTECH","NET_CASH_OR_LEVERAGE","1","[]","BLOCKED_CONTRACT","EXACT_FIELD_PERIOD_OR_SCOPE_CONTRACT_NOT_PROVEN","","","","0"
"2a875b8b-3cd6-4f1f-90e0-cc32ab0fec90:BUSINESS_DURABILITY","2a875b8b-3cd6-4f1f-90e0-cc32ab0fec90","KPITTECH","BUSINESS_DURABILITY","1","[]","CACHE_EXCERPT_REVIEW","CITED_DOCUMENT_REVIEW_AND_REQUIREMENT_FACT_CONTRACT_REQUIRED","","","","0"
"2a875b8b-3cd6-4f1f-90e0-cc32ab0fec90:VALUATION","2a875b8b-3cd6-4f1f-90e0-cc32ab0fec90","KPITTECH","VALUATION","1","[]","BLOCKED_CONTRACT","EXACT_FIELD_PERIOD_OR_SCOPE_CONTRACT_NOT_PROVEN","","","","0"
"2a875b8b-3cd6-4f1f-90e0-cc32ab0fec90:MOMENTUM_12M_RELATIVE","2a875b8b-3cd6-4f1f-90e0-cc32ab0fec90","KPITTECH","MOMENTUM_12M_RELATIVE","252","[]","BLOCKED_HISTORY_AUTHORITY","REVIEWED_SESSION_CALENDAR_AND_ADJUSTMENT_COVERAGE_REQUIRED","","","","0"
"2a875b8b-3cd6-4f1f-90e0-cc32ab0fec90:DRAWDOWN_VOLATILITY_RISK","2a875b8b-3cd6-4f1f-90e0-cc32ab0fec90","KPITTECH","DRAWDOWN_VOLATILITY_RISK","252","[]","BLOCKED_HISTORY_AUTHORITY","REVIEWED_SESSION_CALENDAR_AND_ADJUSTMENT_COVERAGE_REQUIRED","","","","0"
"2a875b8b-3cd6-4f1f-90e0-cc32ab0fec90:OWNERSHIP_GOVERNANCE","2a875b8b-3cd6-4f1f-90e0-cc32ab0fec90","KPITTECH","OWNERSHIP_GOVERNANCE","4","[]","CACHE_QUARTER_REVIEW","OWNERSHIP_SERIES_DEFINITION_AND_BASIS_REVIEW_REQUIRED","","","","0"
"d5dde2b5-fc2d-451d-b7ab-a3be1fc1c9bb:OPERATING_MARGIN_HISTORY","d5dde2b5-fc2d-451d-b7ab-a3be1fc1c9bb","LAURUSLABS","OPERATING_MARGIN_HISTORY","8","[]","CACHE_FIELD_METADATA_REVIEW","REPORTING_PERIOD_INVALID","","","","0"
"d5dde2b5-fc2d-451d-b7ab-a3be1fc1c9bb:ROCE_OR_ROIC","d5dde2b5-fc2d-451d-b7ab-a3be1fc1c9bb","LAURUSLABS","ROCE_OR_ROIC","3","[]","CACHE_FIELD_METADATA_REVIEW","REPORTING_PERIOD_INVALID","","","","0"
"d5dde2b5-fc2d-451d-b7ab-a3be1fc1c9bb:REVENUE_GROWTH_MULTI_PERIOD","d5dde2b5-fc2d-451d-b7ab-a3be1fc1c9bb","LAURUSLABS","REVENUE_GROWTH_MULTI_PERIOD","3","[]","CACHE_FIELD_METADATA_REVIEW","METRIC_CONTRACT_NOT_REVIEWED","","","","0"
"d5dde2b5-fc2d-451d-b7ab-a3be1fc1c9bb:NET_PROFIT_GROWTH_MULTI_PERIOD","d5dde2b5-fc2d-451d-b7ab-a3be1fc1c9bb","LAURUSLABS","NET_PROFIT_GROWTH_MULTI_PERIOD","3","[]","CACHE_FIELD_METADATA_REVIEW","REPORTING_PERIOD_TYPE_NOT_PROVEN","","","","0"
"d5dde2b5-fc2d-451d-b7ab-a3be1fc1c9bb:EPS_GROWTH_MULTI_PERIOD","d5dde2b5-fc2d-451d-b7ab-a3be1fc1c9bb","LAURUSLABS","EPS_GROWTH_MULTI_PERIOD","3","[]","BLOCKED_CONTRACT","EXACT_FIELD_PERIOD_OR_SCOPE_CONTRACT_NOT_PROVEN","","","","0"
"d5dde2b5-fc2d-451d-b7ab-a3be1fc1c9bb:CFO_OR_FCF_CONVERSION","d5dde2b5-fc2d-451d-b7ab-a3be1fc1c9bb","LAURUSLABS","CFO_OR_FCF_CONVERSION","3","[]","CACHE_FIELD_METADATA_REVIEW","METRIC_CONTRACT_NOT_REVIEWED","","","","0"
"d5dde2b5-fc2d-451d-b7ab-a3be1fc1c9bb:CAPEX","d5dde2b5-fc2d-451d-b7ab-a3be1fc1c9bb","LAURUSLABS","CAPEX","3","[]","BLOCKED_CONTRACT","EXACT_FIELD_PERIOD_OR_SCOPE_CONTRACT_NOT_PROVEN","","","","0"
"d5dde2b5-fc2d-451d-b7ab-a3be1fc1c9bb:NET_CASH_OR_LEVERAGE","d5dde2b5-fc2d-451d-b7ab-a3be1fc1c9bb","LAURUSLABS","NET_CASH_OR_LEVERAGE","3","[]","BLOCKED_CONTRACT","EXACT_FIELD_PERIOD_OR_SCOPE_CONTRACT_NOT_PROVEN","","","","0"
"d5dde2b5-fc2d-451d-b7ab-a3be1fc1c9bb:PE","d5dde2b5-fc2d-451d-b7ab-a3be1fc1c9bb","LAURUSLABS","PE","3","[]","CACHE_FIELD_METADATA_REVIEW","REPORTING_PERIOD_TYPE_NOT_PROVEN","","","","0"
"d5dde2b5-fc2d-451d-b7ab-a3be1fc1c9bb:EV_EBITDA","d5dde2b5-fc2d-451d-b7ab-a3be1fc1c9bb","LAURUSLABS","EV_EBITDA","3","[]","BLOCKED_CONTRACT","EXACT_FIELD_PERIOD_OR_SCOPE_CONTRACT_NOT_PROVEN","","","","0"
"d5dde2b5-fc2d-451d-b7ab-a3be1fc1c9bb:FCF_YIELD","d5dde2b5-fc2d-451d-b7ab-a3be1fc1c9bb","LAURUSLABS","FCF_YIELD","3","[]","BLOCKED_CONTRACT","EXACT_FIELD_PERIOD_OR_SCOPE_CONTRACT_NOT_PROVEN","","","","0"
"d5dde2b5-fc2d-451d-b7ab-a3be1fc1c9bb:PRICE_HISTORY_252D","d5dde2b5-fc2d-451d-b7ab-a3be1fc1c9bb","LAURUSLABS","PRICE_HISTORY_252D","252","[]","BLOCKED_HISTORY_AUTHORITY","REVIEWED_SESSION_CALENDAR_AND_ADJUSTMENT_COVERAGE_REQUIRED","","","","0"
"d5dde2b5-fc2d-451d-b7ab-a3be1fc1c9bb:APPROVED_BENCHMARK_HISTORY_252D","d5dde2b5-fc2d-451d-b7ab-a3be1fc1c9bb","LAURUSLABS","APPROVED_BENCHMARK_HISTORY_252D","252","[]","BLOCKED_HISTORY_AUTHORITY","EXACT_BENCHMARK_AUTHORITY_OR_TOKEN_REQUIRED","","","","0"
"d5dde2b5-fc2d-451d-b7ab-a3be1fc1c9bb:MARKET_DRAWDOWN","d5dde2b5-fc2d-451d-b7ab-a3be1fc1c9bb","LAURUSLABS","MARKET_DRAWDOWN","252","[]","BLOCKED_HISTORY_AUTHORITY","REVIEWED_SESSION_CALENDAR_AND_ADJUSTMENT_COVERAGE_REQUIRED","","","","0"
"d5dde2b5-fc2d-451d-b7ab-a3be1fc1c9bb:VOLATILITY_252D","d5dde2b5-fc2d-451d-b7ab-a3be1fc1c9bb","LAURUSLABS","VOLATILITY_252D","252","[]","BLOCKED_HISTORY_AUTHORITY","REVIEWED_SESSION_CALENDAR_AND_ADJUSTMENT_COVERAGE_REQUIRED","","","","0"
"d5dde2b5-fc2d-451d-b7ab-a3be1fc1c9bb:REGULATORY_RISK","d5dde2b5-fc2d-451d-b7ab-a3be1fc1c9bb","LAURUSLABS","REGULATORY_RISK","252","[]","CACHE_EXCERPT_REVIEW","CITED_DOCUMENT_REVIEW_AND_REQUIREMENT_FACT_CONTRACT_REQUIRED","","","","0"
"d5dde2b5-fc2d-451d-b7ab-a3be1fc1c9bb:OWNERSHIP_TREND_4Q","d5dde2b5-fc2d-451d-b7ab-a3be1fc1c9bb","LAURUSLABS","OWNERSHIP_TREND_4Q","4","[]","CACHE_QUARTER_REVIEW","OWNERSHIP_SERIES_DEFINITION_AND_BASIS_REVIEW_REQUIRED","","","","0"
"d5dde2b5-fc2d-451d-b7ab-a3be1fc1c9bb:GOVERNANCE_EVENT_REVIEW","d5dde2b5-fc2d-451d-b7ab-a3be1fc1c9bb","LAURUSLABS","GOVERNANCE_EVENT_REVIEW","4","[]","CACHE_EXCERPT_REVIEW","CITED_DOCUMENT_REVIEW_AND_REQUIREMENT_FACT_CONTRACT_REQUIRED","","","","0"
"85efb777-de6a-4465-9f4f-7a51b9b65bc2:OPERATING_MARGIN_HISTORY","85efb777-de6a-4465-9f4f-7a51b9b65bc2","LT","OPERATING_MARGIN_HISTORY","1","[]","CACHE_FIELD_METADATA_REVIEW","REPORTING_PERIOD_INVALID","","","","0"
"85efb777-de6a-4465-9f4f-7a51b9b65bc2:ORDER_BOOK_AND_REVENUE_GROWTH","85efb777-de6a-4465-9f4f-7a51b9b65bc2","LT","ORDER_BOOK_AND_REVENUE_GROWTH","1","[]","CACHE_EXCERPT_REVIEW","CITED_DOCUMENT_REVIEW_AND_REQUIREMENT_FACT_CONTRACT_REQUIRED","","","","0"
"85efb777-de6a-4465-9f4f-7a51b9b65bc2:ROCE_OR_ROIC","85efb777-de6a-4465-9f4f-7a51b9b65bc2","LT","ROCE_OR_ROIC","1","[]","CACHE_FIELD_METADATA_REVIEW","REPORTING_PERIOD_INVALID","","","","0"
"85efb777-de6a-4465-9f4f-7a51b9b65bc2:WORKING_CAPITAL_AND_CASH_CONVERSION","85efb777-de6a-4465-9f4f-7a51b9b65bc2","LT","WORKING_CAPITAL_AND_CASH_CONVERSION","1","[]","BLOCKED_CONTRACT","EXACT_FIELD_PERIOD_OR_SCOPE_CONTRACT_NOT_PROVEN","","","","0"
"85efb777-de6a-4465-9f4f-7a51b9b65bc2:NET_DEBT_AND_INTEREST_COVERAGE","85efb777-de6a-4465-9f4f-7a51b9b65bc2","LT","NET_DEBT_AND_INTEREST_COVERAGE","1","[]","BLOCKED_CONTRACT","EXACT_FIELD_PERIOD_OR_SCOPE_CONTRACT_NOT_PROVEN","","","","0"
"85efb777-de6a-4465-9f4f-7a51b9b65bc2:BUSINESS_DURABILITY","85efb777-de6a-4465-9f4f-7a51b9b65bc2","LT","BUSINESS_DURABILITY","1","[]","CACHE_EXCERPT_REVIEW","CITED_DOCUMENT_REVIEW_AND_REQUIREMENT_FACT_CONTRACT_REQUIRED","","","","0"
"85efb777-de6a-4465-9f4f-7a51b9b65bc2:VALUATION","85efb777-de6a-4465-9f4f-7a51b9b65bc2","LT","VALUATION","1","[]","BLOCKED_CONTRACT","EXACT_FIELD_PERIOD_OR_SCOPE_CONTRACT_NOT_PROVEN","","","","0"
"85efb777-de6a-4465-9f4f-7a51b9b65bc2:MOMENTUM_12M_RELATIVE","85efb777-de6a-4465-9f4f-7a51b9b65bc2","LT","MOMENTUM_12M_RELATIVE","252","[]","BLOCKED_HISTORY_AUTHORITY","REVIEWED_SESSION_CALENDAR_AND_ADJUSTMENT_COVERAGE_REQUIRED","","","","0"
"85efb777-de6a-4465-9f4f-7a51b9b65bc2:DRAWDOWN_VOLATILITY_RISK","85efb777-de6a-4465-9f4f-7a51b9b65bc2","LT","DRAWDOWN_VOLATILITY_RISK","252","[]","BLOCKED_HISTORY_AUTHORITY","REVIEWED_SESSION_CALENDAR_AND_ADJUSTMENT_COVERAGE_REQUIRED","","","","0"
"85efb777-de6a-4465-9f4f-7a51b9b65bc2:OWNERSHIP_GOVERNANCE","85efb777-de6a-4465-9f4f-7a51b9b65bc2","LT","OWNERSHIP_GOVERNANCE","4","[]","CACHE_QUARTER_REVIEW","OWNERSHIP_SERIES_DEFINITION_AND_BASIS_REVIEW_REQUIRED","","","","0"
"fccdb05a-de17-441f-942d-add1a8a07f92:OPERATING_MARGIN_HISTORY","fccdb05a-de17-441f-942d-add1a8a07f92","M&M","OPERATING_MARGIN_HISTORY","1","[]","CACHE_FIELD_METADATA_REVIEW","REPORTING_PERIOD_INVALID","","","","0"
"fccdb05a-de17-441f-942d-add1a8a07f92:VOLUME_AND_REVENUE_GROWTH_MULTI_PERIOD","fccdb05a-de17-441f-942d-add1a8a07f92","M&M","VOLUME_AND_REVENUE_GROWTH_MULTI_PERIOD","1","[]","BLOCKED_CONTRACT","EXACT_FIELD_PERIOD_OR_SCOPE_CONTRACT_NOT_PROVEN","","","","0"
"fccdb05a-de17-441f-942d-add1a8a07f92:ROCE_OR_ROIC","fccdb05a-de17-441f-942d-add1a8a07f92","M&M","ROCE_OR_ROIC","1","[]","CACHE_FIELD_METADATA_REVIEW","REPORTING_PERIOD_INVALID","","","","0"
"fccdb05a-de17-441f-942d-add1a8a07f92:CFO_OR_FCF_CONVERSION","fccdb05a-de17-441f-942d-add1a8a07f92","M&M","CFO_OR_FCF_CONVERSION","1","[]","CACHE_FIELD_METADATA_REVIEW","METRIC_CONTRACT_NOT_REVIEWED","","","","0"
"fccdb05a-de17-441f-942d-add1a8a07f92:NET_CASH_OR_LEVERAGE","fccdb05a-de17-441f-942d-add1a8a07f92","M&M","NET_CASH_OR_LEVERAGE","1","[]","BLOCKED_CONTRACT","EXACT_FIELD_PERIOD_OR_SCOPE_CONTRACT_NOT_PROVEN","","","","0"
"fccdb05a-de17-441f-942d-add1a8a07f92:BUSINESS_DURABILITY","fccdb05a-de17-441f-942d-add1a8a07f92","M&M","BUSINESS_DURABILITY","1","[]","CACHE_EXCERPT_REVIEW","CITED_DOCUMENT_REVIEW_AND_REQUIREMENT_FACT_CONTRACT_REQUIRED","","","","0"
"fccdb05a-de17-441f-942d-add1a8a07f92:VALUATION","fccdb05a-de17-441f-942d-add1a8a07f92","M&M","VALUATION","1","[]","BLOCKED_CONTRACT","EXACT_FIELD_PERIOD_OR_SCOPE_CONTRACT_NOT_PROVEN","","","","0"
"fccdb05a-de17-441f-942d-add1a8a07f92:MOMENTUM_12M_RELATIVE","fccdb05a-de17-441f-942d-add1a8a07f92","M&M","MOMENTUM_12M_RELATIVE","252","[]","BLOCKED_HISTORY_AUTHORITY","REVIEWED_SESSION_CALENDAR_AND_ADJUSTMENT_COVERAGE_REQUIRED","","","","0"
"fccdb05a-de17-441f-942d-add1a8a07f92:DRAWDOWN_VOLATILITY_RISK","fccdb05a-de17-441f-942d-add1a8a07f92","M&M","DRAWDOWN_VOLATILITY_RISK","252","[]","BLOCKED_HISTORY_AUTHORITY","REVIEWED_SESSION_CALENDAR_AND_ADJUSTMENT_COVERAGE_REQUIRED","","","","0"
"fccdb05a-de17-441f-942d-add1a8a07f92:OWNERSHIP_GOVERNANCE","fccdb05a-de17-441f-942d-add1a8a07f92","M&M","OWNERSHIP_GOVERNANCE","4","[]","CACHE_QUARTER_REVIEW","OWNERSHIP_SERIES_DEFINITION_AND_BASIS_REVIEW_REQUIRED","","","","0"
"28c1c81b-f581-4a52-b303-34ad4030275c:OPERATING_MARGIN_HISTORY","28c1c81b-f581-4a52-b303-34ad4030275c","MANKIND","OPERATING_MARGIN_HISTORY","8","[]","CACHE_FIELD_METADATA_REVIEW","REPORTING_PERIOD_INVALID","","","","0"
"28c1c81b-f581-4a52-b303-34ad4030275c:ROCE_OR_ROIC","28c1c81b-f581-4a52-b303-34ad4030275c","MANKIND","ROCE_OR_ROIC","3","[]","ACQUIRE_RAW_THEN_REVIEW","EXACT_FIELD_MISSING_AND_RESPONSE_METADATA_UNPROVEN","TRENDLYNE","get_parameter_values_multi_stock","{""type"":""stock"",""query"":""MANKIND MANKIND instrument 1436676 ROCE Ann. % as of 2026-10-05; supply 3 distinct dated YEAR reporting periods, period start/end, unit/scale, currency, consolidated/standalone scope, publication dates and source field labels; no relative-year labels as period proof""}","1"
"28c1c81b-f581-4a52-b303-34ad4030275c:REVENUE_GROWTH_MULTI_PERIOD","28c1c81b-f581-4a52-b303-34ad4030275c","MANKIND","REVENUE_GROWTH_MULTI_PERIOD","3","[]","CACHE_FIELD_METADATA_REVIEW","METRIC_CONTRACT_NOT_REVIEWED","","","","0"
"28c1c81b-f581-4a52-b303-34ad4030275c:NET_PROFIT_GROWTH_MULTI_PERIOD","28c1c81b-f581-4a52-b303-34ad4030275c","MANKIND","NET_PROFIT_GROWTH_MULTI_PERIOD","3","[]","CACHE_FIELD_METADATA_REVIEW","REPORTING_PERIOD_TYPE_NOT_PROVEN","","","","0"
"28c1c81b-f581-4a52-b303-34ad4030275c:EPS_GROWTH_MULTI_PERIOD","28c1c81b-f581-4a52-b303-34ad4030275c","MANKIND","EPS_GROWTH_MULTI_PERIOD","3","[]","BLOCKED_CONTRACT","EXACT_FIELD_PERIOD_OR_SCOPE_CONTRACT_NOT_PROVEN","","","","0"
"28c1c81b-f581-4a52-b303-34ad4030275c:CFO_OR_FCF_CONVERSION","28c1c81b-f581-4a52-b303-34ad4030275c","MANKIND","CFO_OR_FCF_CONVERSION","3","[]","CACHE_FIELD_METADATA_REVIEW","METRIC_CONTRACT_NOT_REVIEWED","","","","0"
"28c1c81b-f581-4a52-b303-34ad4030275c:CAPEX","28c1c81b-f581-4a52-b303-34ad4030275c","MANKIND","CAPEX","3","[]","BLOCKED_CONTRACT","EXACT_FIELD_PERIOD_OR_SCOPE_CONTRACT_NOT_PROVEN","","","","0"
"28c1c81b-f581-4a52-b303-34ad4030275c:NET_CASH_OR_LEVERAGE","28c1c81b-f581-4a52-b303-34ad4030275c","MANKIND","NET_CASH_OR_LEVERAGE","3","[]","BLOCKED_CONTRACT","EXACT_FIELD_PERIOD_OR_SCOPE_CONTRACT_NOT_PROVEN","","","","0"
"28c1c81b-f581-4a52-b303-34ad4030275c:PE","28c1c81b-f581-4a52-b303-34ad4030275c","MANKIND","PE","3","[]","CACHE_FIELD_METADATA_REVIEW","REPORTING_PERIOD_TYPE_NOT_PROVEN","","","","0"
"28c1c81b-f581-4a52-b303-34ad4030275c:EV_EBITDA","28c1c81b-f581-4a52-b303-34ad4030275c","MANKIND","EV_EBITDA","3","[]","BLOCKED_CONTRACT","EXACT_FIELD_PERIOD_OR_SCOPE_CONTRACT_NOT_PROVEN","","","","0"
"28c1c81b-f581-4a52-b303-34ad4030275c:FCF_YIELD","28c1c81b-f581-4a52-b303-34ad4030275c","MANKIND","FCF_YIELD","3","[]","BLOCKED_CONTRACT","EXACT_FIELD_PERIOD_OR_SCOPE_CONTRACT_NOT_PROVEN","","","","0"
"28c1c81b-f581-4a52-b303-34ad4030275c:PRICE_HISTORY_252D","28c1c81b-f581-4a52-b303-34ad4030275c","MANKIND","PRICE_HISTORY_252D","252","[]","BLOCKED_HISTORY_AUTHORITY","REVIEWED_SESSION_CALENDAR_AND_ADJUSTMENT_COVERAGE_REQUIRED","","","","0"
"28c1c81b-f581-4a52-b303-34ad4030275c:APPROVED_BENCHMARK_HISTORY_252D","28c1c81b-f581-4a52-b303-34ad4030275c","MANKIND","APPROVED_BENCHMARK_HISTORY_252D","252","[]","BLOCKED_HISTORY_AUTHORITY","EXACT_BENCHMARK_AUTHORITY_OR_TOKEN_REQUIRED","","","","0"
"28c1c81b-f581-4a52-b303-34ad4030275c:MARKET_DRAWDOWN","28c1c81b-f581-4a52-b303-34ad4030275c","MANKIND","MARKET_DRAWDOWN","252","[]","BLOCKED_HISTORY_AUTHORITY","REVIEWED_SESSION_CALENDAR_AND_ADJUSTMENT_COVERAGE_REQUIRED","","","","0"
"28c1c81b-f581-4a52-b303-34ad4030275c:VOLATILITY_252D","28c1c81b-f581-4a52-b303-34ad4030275c","MANKIND","VOLATILITY_252D","252","[]","BLOCKED_HISTORY_AUTHORITY","REVIEWED_SESSION_CALENDAR_AND_ADJUSTMENT_COVERAGE_REQUIRED","","","","0"
"28c1c81b-f581-4a52-b303-34ad4030275c:REGULATORY_RISK","28c1c81b-f581-4a52-b303-34ad4030275c","MANKIND","REGULATORY_RISK","252","[]","CACHE_EXCERPT_REVIEW","CITED_DOCUMENT_REVIEW_AND_REQUIREMENT_FACT_CONTRACT_REQUIRED","","","","0"
"28c1c81b-f581-4a52-b303-34ad4030275c:OWNERSHIP_TREND_4Q","28c1c81b-f581-4a52-b303-34ad4030275c","MANKIND","OWNERSHIP_TREND_4Q","4","[]","CACHE_QUARTER_REVIEW","OWNERSHIP_SERIES_DEFINITION_AND_BASIS_REVIEW_REQUIRED","","","","0"
"28c1c81b-f581-4a52-b303-34ad4030275c:GOVERNANCE_EVENT_REVIEW","28c1c81b-f581-4a52-b303-34ad4030275c","MANKIND","GOVERNANCE_EVENT_REVIEW","4","[]","CACHE_EXCERPT_REVIEW","CITED_DOCUMENT_REVIEW_AND_REQUIREMENT_FACT_CONTRACT_REQUIRED","","","","0"
"9d40f5c8-4beb-4304-98c9-929980929f59:UNDERWRITING_OR_RESERVING_QUALITY","9d40f5c8-4beb-4304-98c9-929980929f59","MFSL","UNDERWRITING_OR_RESERVING_QUALITY","1","[]","CACHE_EXCERPT_REVIEW","CITED_DOCUMENT_REVIEW_AND_REQUIREMENT_FACT_CONTRACT_REQUIRED","","","","0"
"9d40f5c8-4beb-4304-98c9-929980929f59:PREMIUM_OR_AUM_GROWTH_MULTI_PERIOD","9d40f5c8-4beb-4304-98c9-929980929f59","MFSL","PREMIUM_OR_AUM_GROWTH_MULTI_PERIOD","1","[]","BLOCKED_CONTRACT","EXACT_FIELD_PERIOD_OR_SCOPE_CONTRACT_NOT_PROVEN","","","","0"
"9d40f5c8-4beb-4304-98c9-929980929f59:SOLVENCY_OR_CAPITAL_ADEQUACY","9d40f5c8-4beb-4304-98c9-929980929f59","MFSL","SOLVENCY_OR_CAPITAL_ADEQUACY","1","[]","BLOCKED_CONTRACT","EXACT_FIELD_PERIOD_OR_SCOPE_CONTRACT_NOT_PROVEN","","","","0"
"9d40f5c8-4beb-4304-98c9-929980929f59:INSURANCE_CASH_OR_EARNINGS_QUALITY","9d40f5c8-4beb-4304-98c9-929980929f59","MFSL","INSURANCE_CASH_OR_EARNINGS_QUALITY","1","[]","BLOCKED_CONTRACT","EXACT_FIELD_PERIOD_OR_SCOPE_CONTRACT_NOT_PROVEN","","","","0"
"9d40f5c8-4beb-4304-98c9-929980929f59:SOLVENCY_BALANCE_SHEET_BUFFER","9d40f5c8-4beb-4304-98c9-929980929f59","MFSL","SOLVENCY_BALANCE_SHEET_BUFFER","1","[]","BLOCKED_CONTRACT","EXACT_FIELD_PERIOD_OR_SCOPE_CONTRACT_NOT_PROVEN","","","","0"
"9d40f5c8-4beb-4304-98c9-929980929f59:INSURANCE_DURABILITY","9d40f5c8-4beb-4304-98c9-929980929f59","MFSL","INSURANCE_DURABILITY","1","[]","CACHE_EXCERPT_REVIEW","CITED_DOCUMENT_REVIEW_AND_REQUIREMENT_FACT_CONTRACT_REQUIRED","","","","0"
"9d40f5c8-4beb-4304-98c9-929980929f59:VALUATION","9d40f5c8-4beb-4304-98c9-929980929f59","MFSL","VALUATION","1","[]","BLOCKED_CONTRACT","EXACT_FIELD_PERIOD_OR_SCOPE_CONTRACT_NOT_PROVEN","","","","0"
"9d40f5c8-4beb-4304-98c9-929980929f59:MOMENTUM_12M_RELATIVE","9d40f5c8-4beb-4304-98c9-929980929f59","MFSL","MOMENTUM_12M_RELATIVE","252","[]","BLOCKED_HISTORY_AUTHORITY","REVIEWED_SESSION_CALENDAR_AND_ADJUSTMENT_COVERAGE_REQUIRED","","","","0"
"9d40f5c8-4beb-4304-98c9-929980929f59:DRAWDOWN_VOLATILITY_RISK","9d40f5c8-4beb-4304-98c9-929980929f59","MFSL","DRAWDOWN_VOLATILITY_RISK","252","[]","BLOCKED_HISTORY_AUTHORITY","REVIEWED_SESSION_CALENDAR_AND_ADJUSTMENT_COVERAGE_REQUIRED","","","","0"
"9d40f5c8-4beb-4304-98c9-929980929f59:OWNERSHIP_GOVERNANCE","9d40f5c8-4beb-4304-98c9-929980929f59","MFSL","OWNERSHIP_GOVERNANCE","4","[]","CACHE_QUARTER_REVIEW","OWNERSHIP_SERIES_DEFINITION_AND_BASIS_REVIEW_REQUIRED","","","","0"
"9d28c14f-9035-4028-a8d7-128886031b00:OPERATING_MARGIN_HISTORY","9d28c14f-9035-4028-a8d7-128886031b00","MOTHERSON","OPERATING_MARGIN_HISTORY","1","[]","CACHE_FIELD_METADATA_REVIEW","REPORTING_PERIOD_INVALID","","","","0"
"9d28c14f-9035-4028-a8d7-128886031b00:REVENUE_GROWTH_MULTI_PERIOD","9d28c14f-9035-4028-a8d7-128886031b00","MOTHERSON","REVENUE_GROWTH_MULTI_PERIOD","1","[]","CACHE_FIELD_METADATA_REVIEW","METRIC_CONTRACT_NOT_REVIEWED","","","","0"
"9d28c14f-9035-4028-a8d7-128886031b00:ROCE_OR_ROIC","9d28c14f-9035-4028-a8d7-128886031b00","MOTHERSON","ROCE_OR_ROIC","1","[]","ACQUIRE_RAW_THEN_REVIEW","EXACT_FIELD_MISSING_AND_RESPONSE_METADATA_UNPROVEN","TRENDLYNE","get_parameter_values_multi_stock","{""type"":""stock"",""query"":""MOTHERSON MOTHERSON instrument 878 ROCE Ann. % as of 2026-10-05; supply 1 distinct dated YEAR reporting periods, period start/end, unit/scale, currency, consolidated/standalone scope, publication dates and source field labels; no relative-year labels as period proof""}","1"
"9d28c14f-9035-4028-a8d7-128886031b00:CFO_OR_FCF_CONVERSION","9d28c14f-9035-4028-a8d7-128886031b00","MOTHERSON","CFO_OR_FCF_CONVERSION","1","[]","CACHE_FIELD_METADATA_REVIEW","METRIC_CONTRACT_NOT_REVIEWED","","","","0"
"9d28c14f-9035-4028-a8d7-128886031b00:NET_CASH_OR_LEVERAGE","9d28c14f-9035-4028-a8d7-128886031b00","MOTHERSON","NET_CASH_OR_LEVERAGE","1","[]","BLOCKED_CONTRACT","EXACT_FIELD_PERIOD_OR_SCOPE_CONTRACT_NOT_PROVEN","","","","0"
"9d28c14f-9035-4028-a8d7-128886031b00:BUSINESS_DURABILITY","9d28c14f-9035-4028-a8d7-128886031b00","MOTHERSON","BUSINESS_DURABILITY","1","[]","CACHE_EXCERPT_REVIEW","CITED_DOCUMENT_REVIEW_AND_REQUIREMENT_FACT_CONTRACT_REQUIRED","","","","0"
"9d28c14f-9035-4028-a8d7-128886031b00:VALUATION","9d28c14f-9035-4028-a8d7-128886031b00","MOTHERSON","VALUATION","1","[]","BLOCKED_CONTRACT","EXACT_FIELD_PERIOD_OR_SCOPE_CONTRACT_NOT_PROVEN","","","","0"
"9d28c14f-9035-4028-a8d7-128886031b00:MOMENTUM_12M_RELATIVE","9d28c14f-9035-4028-a8d7-128886031b00","MOTHERSON","MOMENTUM_12M_RELATIVE","252","[]","BLOCKED_HISTORY_AUTHORITY","REVIEWED_SESSION_CALENDAR_AND_ADJUSTMENT_COVERAGE_REQUIRED","","","","0"
"9d28c14f-9035-4028-a8d7-128886031b00:DRAWDOWN_VOLATILITY_RISK","9d28c14f-9035-4028-a8d7-128886031b00","MOTHERSON","DRAWDOWN_VOLATILITY_RISK","252","[]","BLOCKED_HISTORY_AUTHORITY","REVIEWED_SESSION_CALENDAR_AND_ADJUSTMENT_COVERAGE_REQUIRED","","","","0"
"9d28c14f-9035-4028-a8d7-128886031b00:OWNERSHIP_GOVERNANCE","9d28c14f-9035-4028-a8d7-128886031b00","MOTHERSON","OWNERSHIP_GOVERNANCE","4","[]","CACHE_QUARTER_REVIEW","OWNERSHIP_SERIES_DEFINITION_AND_BASIS_REVIEW_REQUIRED","","","","0"
"8d0db594-078d-4663-bfcd-ba8e3cf1ec32:OPERATING_MARGIN_HISTORY","8d0db594-078d-4663-bfcd-ba8e3cf1ec32","MTARTECH","OPERATING_MARGIN_HISTORY","1","[]","CACHE_FIELD_METADATA_REVIEW","REPORTING_PERIOD_INVALID","","","","0"
"8d0db594-078d-4663-bfcd-ba8e3cf1ec32:ORDER_BOOK_AND_EXECUTION_GROWTH","8d0db594-078d-4663-bfcd-ba8e3cf1ec32","MTARTECH","ORDER_BOOK_AND_EXECUTION_GROWTH","1","[]","CACHE_EXCERPT_REVIEW","CITED_DOCUMENT_REVIEW_AND_REQUIREMENT_FACT_CONTRACT_REQUIRED","","","","0"
"8d0db594-078d-4663-bfcd-ba8e3cf1ec32:ROCE_OR_ROIC","8d0db594-078d-4663-bfcd-ba8e3cf1ec32","MTARTECH","ROCE_OR_ROIC","1","[]","CACHE_FIELD_METADATA_REVIEW","REPORTING_PERIOD_INVALID","","","","0"
"8d0db594-078d-4663-bfcd-ba8e3cf1ec32:CFO_FCF_CONVERSION","8d0db594-078d-4663-bfcd-ba8e3cf1ec32","MTARTECH","CFO_FCF_CONVERSION","1","[]","BLOCKED_CONTRACT","EXACT_FIELD_PERIOD_OR_SCOPE_CONTRACT_NOT_PROVEN","","","","0"
"8d0db594-078d-4663-bfcd-ba8e3cf1ec32:NET_DEBT_AND_INTEREST_COVERAGE","8d0db594-078d-4663-bfcd-ba8e3cf1ec32","MTARTECH","NET_DEBT_AND_INTEREST_COVERAGE","1","[]","BLOCKED_CONTRACT","EXACT_FIELD_PERIOD_OR_SCOPE_CONTRACT_NOT_PROVEN","","","","0"
"8d0db594-078d-4663-bfcd-ba8e3cf1ec32:BUSINESS_DURABILITY","8d0db594-078d-4663-bfcd-ba8e3cf1ec32","MTARTECH","BUSINESS_DURABILITY","1","[]","CACHE_EXCERPT_REVIEW","CITED_DOCUMENT_REVIEW_AND_REQUIREMENT_FACT_CONTRACT_REQUIRED","","","","0"
"8d0db594-078d-4663-bfcd-ba8e3cf1ec32:VALUATION","8d0db594-078d-4663-bfcd-ba8e3cf1ec32","MTARTECH","VALUATION","1","[]","BLOCKED_CONTRACT","EXACT_FIELD_PERIOD_OR_SCOPE_CONTRACT_NOT_PROVEN","","","","0"
"8d0db594-078d-4663-bfcd-ba8e3cf1ec32:MOMENTUM_12M_RELATIVE","8d0db594-078d-4663-bfcd-ba8e3cf1ec32","MTARTECH","MOMENTUM_12M_RELATIVE","252","[]","BLOCKED_HISTORY_AUTHORITY","REVIEWED_SESSION_CALENDAR_AND_ADJUSTMENT_COVERAGE_REQUIRED","","","","0"
"8d0db594-078d-4663-bfcd-ba8e3cf1ec32:DRAWDOWN_VOLATILITY_RISK","8d0db594-078d-4663-bfcd-ba8e3cf1ec32","MTARTECH","DRAWDOWN_VOLATILITY_RISK","252","[]","BLOCKED_HISTORY_AUTHORITY","REVIEWED_SESSION_CALENDAR_AND_ADJUSTMENT_COVERAGE_REQUIRED","","","","0"
"8d0db594-078d-4663-bfcd-ba8e3cf1ec32:OWNERSHIP_GOVERNANCE","8d0db594-078d-4663-bfcd-ba8e3cf1ec32","MTARTECH","OWNERSHIP_GOVERNANCE","4","[]","CACHE_QUARTER_REVIEW","OWNERSHIP_SERIES_DEFINITION_AND_BASIS_REVIEW_REQUIRED","","","","0"
"8b105349-46e4-4a42-9d89-54306d26a81d:OPERATING_MARGIN_HISTORY","8b105349-46e4-4a42-9d89-54306d26a81d","NAM-INDIA","OPERATING_MARGIN_HISTORY","1","[]","CACHE_FIELD_METADATA_REVIEW","REPORTING_PERIOD_INVALID","","","","0"
"8b105349-46e4-4a42-9d89-54306d26a81d:AUM_CLIENT_ASSET_AND_EARNINGS_GROWTH","8b105349-46e4-4a42-9d89-54306d26a81d","NAM-INDIA","AUM_CLIENT_ASSET_AND_EARNINGS_GROWTH","1","[]","BLOCKED_CONTRACT","EXACT_FIELD_PERIOD_OR_SCOPE_CONTRACT_NOT_PROVEN","","","","0"
"8b105349-46e4-4a42-9d89-54306d26a81d:ROE_OR_ROIC","8b105349-46e4-4a42-9d89-54306d26a81d","NAM-INDIA","ROE_OR_ROIC","1","[]","BLOCKED_CONTRACT","EXACT_FIELD_PERIOD_OR_SCOPE_CONTRACT_NOT_PROVEN","","","","0"
"8b105349-46e4-4a42-9d89-54306d26a81d:CFO_OR_FCF_CONVERSION","8b105349-46e4-4a42-9d89-54306d26a81d","NAM-INDIA","CFO_OR_FCF_CONVERSION","1","[]","CACHE_FIELD_METADATA_REVIEW","METRIC_CONTRACT_NOT_REVIEWED","","","","0"
"8b105349-46e4-4a42-9d89-54306d26a81d:NET_CASH_OR_LEVERAGE","8b105349-46e4-4a42-9d89-54306d26a81d","NAM-INDIA","NET_CASH_OR_LEVERAGE","1","[]","BLOCKED_CONTRACT","EXACT_FIELD_PERIOD_OR_SCOPE_CONTRACT_NOT_PROVEN","","","","0"
"8b105349-46e4-4a42-9d89-54306d26a81d:CAPITAL_MARKETS_DURABILITY","8b105349-46e4-4a42-9d89-54306d26a81d","NAM-INDIA","CAPITAL_MARKETS_DURABILITY","1","[]","CACHE_EXCERPT_REVIEW","CITED_DOCUMENT_REVIEW_AND_REQUIREMENT_FACT_CONTRACT_REQUIRED","","","","0"
"8b105349-46e4-4a42-9d89-54306d26a81d:VALUATION","8b105349-46e4-4a42-9d89-54306d26a81d","NAM-INDIA","VALUATION","1","[]","BLOCKED_CONTRACT","EXACT_FIELD_PERIOD_OR_SCOPE_CONTRACT_NOT_PROVEN","","","","0"
"8b105349-46e4-4a42-9d89-54306d26a81d:MOMENTUM_12M_RELATIVE","8b105349-46e4-4a42-9d89-54306d26a81d","NAM-INDIA","MOMENTUM_12M_RELATIVE","252","[]","BLOCKED_HISTORY_AUTHORITY","REVIEWED_SESSION_CALENDAR_AND_ADJUSTMENT_COVERAGE_REQUIRED","","","","0"
"8b105349-46e4-4a42-9d89-54306d26a81d:DRAWDOWN_VOLATILITY_RISK","8b105349-46e4-4a42-9d89-54306d26a81d","NAM-INDIA","DRAWDOWN_VOLATILITY_RISK","252","[]","BLOCKED_HISTORY_AUTHORITY","REVIEWED_SESSION_CALENDAR_AND_ADJUSTMENT_COVERAGE_REQUIRED","","","","0"
"8b105349-46e4-4a42-9d89-54306d26a81d:OWNERSHIP_GOVERNANCE","8b105349-46e4-4a42-9d89-54306d26a81d","NAM-INDIA","OWNERSHIP_GOVERNANCE","4","[]","CACHE_QUARTER_REVIEW","OWNERSHIP_SERIES_DEFINITION_AND_BASIS_REVIEW_REQUIRED","","","","0"
"0d324841-f9bf-45b8-a772-0793e19526eb:REVENUE_GROWTH_MULTI_PERIOD","0d324841-f9bf-45b8-a772-0793e19526eb","NETWEB","REVENUE_GROWTH_MULTI_PERIOD","1","[]","CACHE_FIELD_METADATA_REVIEW","METRIC_CONTRACT_NOT_REVIEWED","","","","0"
"0d324841-f9bf-45b8-a772-0793e19526eb:OPERATING_MARGIN_HISTORY","0d324841-f9bf-45b8-a772-0793e19526eb","NETWEB","OPERATING_MARGIN_HISTORY","1","[]","ACQUIRE_RAW_THEN_REVIEW","EXACT_FIELD_MISSING_AND_RESPONSE_METADATA_UNPROVEN","TRENDLYNE","get_parameter_values_multi_stock","{""type"":""stock"",""query"":""NETWEB NETWEB instrument 1544933 OPM TTM % as of 2026-10-05; supply 1 distinct dated TTM reporting periods, period start/end, unit/scale, currency, consolidated/standalone scope, publication dates and source field labels; no relative-year labels as period proof; NETWEB NETWEB instrument 1544933 ROCE Ann. % as of 2026-10-05; supply 1 distinct dated YEAR reporting periods, period start/end, unit/scale, currency, consolidated/standalone scope, publication dates and source field labels; no relative-year labels as period proof""}","1"
"0d324841-f9bf-45b8-a772-0793e19526eb:ROCE_OR_ROIC","0d324841-f9bf-45b8-a772-0793e19526eb","NETWEB","ROCE_OR_ROIC","1","[]","ACQUIRE_RAW_THEN_REVIEW","EXACT_FIELD_MISSING_AND_RESPONSE_METADATA_UNPROVEN","TRENDLYNE","get_parameter_values_multi_stock","{""type"":""stock"",""query"":""NETWEB NETWEB instrument 1544933 OPM TTM % as of 2026-10-05; supply 1 distinct dated TTM reporting periods, period start/end, unit/scale, currency, consolidated/standalone scope, publication dates and source field labels; no relative-year labels as period proof; NETWEB NETWEB instrument 1544933 ROCE Ann. % as of 2026-10-05; supply 1 distinct dated YEAR reporting periods, period start/end, unit/scale, currency, consolidated/standalone scope, publication dates and source field labels; no relative-year labels as period proof""}","1"
"0d324841-f9bf-45b8-a772-0793e19526eb:FCF_CONVERSION","0d324841-f9bf-45b8-a772-0793e19526eb","NETWEB","FCF_CONVERSION","1","[]","BLOCKED_CONTRACT","EXACT_FIELD_PERIOD_OR_SCOPE_CONTRACT_NOT_PROVEN","","","","0"
"0d324841-f9bf-45b8-a772-0793e19526eb:NET_CASH_OR_LEVERAGE","0d324841-f9bf-45b8-a772-0793e19526eb","NETWEB","NET_CASH_OR_LEVERAGE","1","[]","BLOCKED_CONTRACT","EXACT_FIELD_PERIOD_OR_SCOPE_CONTRACT_NOT_PROVEN","","","","0"
"0d324841-f9bf-45b8-a772-0793e19526eb:BUSINESS_DURABILITY","0d324841-f9bf-45b8-a772-0793e19526eb","NETWEB","BUSINESS_DURABILITY","1","[]","CACHE_EXCERPT_REVIEW","CITED_DOCUMENT_REVIEW_AND_REQUIREMENT_FACT_CONTRACT_REQUIRED","","","","0"
"0d324841-f9bf-45b8-a772-0793e19526eb:VALUATION","0d324841-f9bf-45b8-a772-0793e19526eb","NETWEB","VALUATION","1","[]","BLOCKED_CONTRACT","EXACT_FIELD_PERIOD_OR_SCOPE_CONTRACT_NOT_PROVEN","","","","0"
"0d324841-f9bf-45b8-a772-0793e19526eb:MOMENTUM_12M_RELATIVE","0d324841-f9bf-45b8-a772-0793e19526eb","NETWEB","MOMENTUM_12M_RELATIVE","252","[]","BLOCKED_HISTORY_AUTHORITY","REVIEWED_SESSION_CALENDAR_AND_ADJUSTMENT_COVERAGE_REQUIRED","","","","0"
"0d324841-f9bf-45b8-a772-0793e19526eb:DRAWDOWN_VOLATILITY_RISK","0d324841-f9bf-45b8-a772-0793e19526eb","NETWEB","DRAWDOWN_VOLATILITY_RISK","252","[]","BLOCKED_HISTORY_AUTHORITY","REVIEWED_SESSION_CALENDAR_AND_ADJUSTMENT_COVERAGE_REQUIRED","","","","0"
"0d324841-f9bf-45b8-a772-0793e19526eb:OWNERSHIP_GOVERNANCE","0d324841-f9bf-45b8-a772-0793e19526eb","NETWEB","OWNERSHIP_GOVERNANCE","4","[]","CACHE_QUARTER_REVIEW","OWNERSHIP_SERIES_DEFINITION_AND_BASIS_REVIEW_REQUIRED","","","","0"
"c5e9bbb7-e37d-4a7f-9978-dfd0ca8d3f63:OPERATING_MARGIN_HISTORY","c5e9bbb7-e37d-4a7f-9978-dfd0ca8d3f63","NH","OPERATING_MARGIN_HISTORY","1","[]","CACHE_FIELD_METADATA_REVIEW","REPORTING_PERIOD_INVALID","","","","0"
"c5e9bbb7-e37d-4a7f-9978-dfd0ca8d3f63:REVENUE_AND_EBITDA_GROWTH_MULTI_PERIOD","c5e9bbb7-e37d-4a7f-9978-dfd0ca8d3f63","NH","REVENUE_AND_EBITDA_GROWTH_MULTI_PERIOD","1","[]","BLOCKED_CONTRACT","EXACT_FIELD_PERIOD_OR_SCOPE_CONTRACT_NOT_PROVEN","","","","0"
"c5e9bbb7-e37d-4a7f-9978-dfd0ca8d3f63:ROCE_OR_ROIC","c5e9bbb7-e37d-4a7f-9978-dfd0ca8d3f63","NH","ROCE_OR_ROIC","1","[]","ACQUIRE_RAW_THEN_REVIEW","EXACT_FIELD_MISSING_AND_RESPONSE_METADATA_UNPROVEN","TRENDLYNE","get_parameter_values_multi_stock","{""type"":""stock"",""query"":""NH NH instrument 1886 ROCE Ann. % as of 2026-10-05; supply 1 distinct dated YEAR reporting periods, period start/end, unit/scale, currency, consolidated/standalone scope, publication dates and source field labels; no relative-year labels as period proof""}","1"
"c5e9bbb7-e37d-4a7f-9978-dfd0ca8d3f63:CFO_OR_FCF_CONVERSION","c5e9bbb7-e37d-4a7f-9978-dfd0ca8d3f63","NH","CFO_OR_FCF_CONVERSION","1","[]","CACHE_FIELD_METADATA_REVIEW","METRIC_CONTRACT_NOT_REVIEWED","","","","0"
"c5e9bbb7-e37d-4a7f-9978-dfd0ca8d3f63:NET_CASH_OR_LEVERAGE","c5e9bbb7-e37d-4a7f-9978-dfd0ca8d3f63","NH","NET_CASH_OR_LEVERAGE","1","[]","BLOCKED_CONTRACT","EXACT_FIELD_PERIOD_OR_SCOPE_CONTRACT_NOT_PROVEN","","","","0"
"c5e9bbb7-e37d-4a7f-9978-dfd0ca8d3f63:HOSPITAL_OPERATING_DURABILITY","c5e9bbb7-e37d-4a7f-9978-dfd0ca8d3f63","NH","HOSPITAL_OPERATING_DURABILITY","1","[]","CACHE_EXCERPT_REVIEW","CITED_DOCUMENT_REVIEW_AND_REQUIREMENT_FACT_CONTRACT_REQUIRED","","","","0"
"c5e9bbb7-e37d-4a7f-9978-dfd0ca8d3f63:VALUATION","c5e9bbb7-e37d-4a7f-9978-dfd0ca8d3f63","NH","VALUATION","1","[]","BLOCKED_CONTRACT","EXACT_FIELD_PERIOD_OR_SCOPE_CONTRACT_NOT_PROVEN","","","","0"
"c5e9bbb7-e37d-4a7f-9978-dfd0ca8d3f63:MOMENTUM_12M_RELATIVE","c5e9bbb7-e37d-4a7f-9978-dfd0ca8d3f63","NH","MOMENTUM_12M_RELATIVE","252","[]","BLOCKED_HISTORY_AUTHORITY","REVIEWED_SESSION_CALENDAR_AND_ADJUSTMENT_COVERAGE_REQUIRED","","","","0"
"c5e9bbb7-e37d-4a7f-9978-dfd0ca8d3f63:DRAWDOWN_VOLATILITY_RISK","c5e9bbb7-e37d-4a7f-9978-dfd0ca8d3f63","NH","DRAWDOWN_VOLATILITY_RISK","252","[]","BLOCKED_HISTORY_AUTHORITY","REVIEWED_SESSION_CALENDAR_AND_ADJUSTMENT_COVERAGE_REQUIRED","","","","0"
"c5e9bbb7-e37d-4a7f-9978-dfd0ca8d3f63:OWNERSHIP_GOVERNANCE","c5e9bbb7-e37d-4a7f-9978-dfd0ca8d3f63","NH","OWNERSHIP_GOVERNANCE","4","[]","CACHE_QUARTER_REVIEW","OWNERSHIP_SERIES_DEFINITION_AND_BASIS_REVIEW_REQUIRED","","","","0"
"0758f9b1-e2ef-4d20-8a54-f9bbb4826a90:CONTRIBUTION_MARGIN_OR_UNIT_ECONOMICS","0758f9b1-e2ef-4d20-8a54-f9bbb4826a90","PAYTM","CONTRIBUTION_MARGIN_OR_UNIT_ECONOMICS","1","[]","CACHE_EXCERPT_REVIEW","CITED_DOCUMENT_REVIEW_AND_REQUIREMENT_FACT_CONTRACT_REQUIRED","","","","0"
"0758f9b1-e2ef-4d20-8a54-f9bbb4826a90:REVENUE_GROWTH_MULTI_PERIOD","0758f9b1-e2ef-4d20-8a54-f9bbb4826a90","PAYTM","REVENUE_GROWTH_MULTI_PERIOD","1","[]","CACHE_FIELD_METADATA_REVIEW","METRIC_CONTRACT_NOT_REVIEWED","","","","0"
"0758f9b1-e2ef-4d20-8a54-f9bbb4826a90:CAPITAL_EFFICIENCY_OR_BURN_EFFICIENCY","0758f9b1-e2ef-4d20-8a54-f9bbb4826a90","PAYTM","CAPITAL_EFFICIENCY_OR_BURN_EFFICIENCY","1","[]","BLOCKED_CONTRACT","EXACT_FIELD_PERIOD_OR_SCOPE_CONTRACT_NOT_PROVEN","","","","0"
"0758f9b1-e2ef-4d20-8a54-f9bbb4826a90:CFO_FCF_OR_CASH_BURN","0758f9b1-e2ef-4d20-8a54-f9bbb4826a90","PAYTM","CFO_FCF_OR_CASH_BURN","1","[]","BLOCKED_CONTRACT","EXACT_FIELD_PERIOD_OR_SCOPE_CONTRACT_NOT_PROVEN","","","","0"
"0758f9b1-e2ef-4d20-8a54-f9bbb4826a90:NET_CASH_OR_FUNDING_RUNWAY","0758f9b1-e2ef-4d20-8a54-f9bbb4826a90","PAYTM","NET_CASH_OR_FUNDING_RUNWAY","1","[]","BLOCKED_CONTRACT","EXACT_FIELD_PERIOD_OR_SCOPE_CONTRACT_NOT_PROVEN","","","","0"
"0758f9b1-e2ef-4d20-8a54-f9bbb4826a90:FINTECH_PLATFORM_DURABILITY","0758f9b1-e2ef-4d20-8a54-f9bbb4826a90","PAYTM","FINTECH_PLATFORM_DURABILITY","1","[]","CACHE_EXCERPT_REVIEW","CITED_DOCUMENT_REVIEW_AND_REQUIREMENT_FACT_CONTRACT_REQUIRED","","","","0"
"0758f9b1-e2ef-4d20-8a54-f9bbb4826a90:VALUATION","0758f9b1-e2ef-4d20-8a54-f9bbb4826a90","PAYTM","VALUATION","1","[]","BLOCKED_CONTRACT","EXACT_FIELD_PERIOD_OR_SCOPE_CONTRACT_NOT_PROVEN","","","","0"
"0758f9b1-e2ef-4d20-8a54-f9bbb4826a90:MOMENTUM_12M_RELATIVE","0758f9b1-e2ef-4d20-8a54-f9bbb4826a90","PAYTM","MOMENTUM_12M_RELATIVE","252","[]","BLOCKED_HISTORY_AUTHORITY","REVIEWED_SESSION_CALENDAR_AND_ADJUSTMENT_COVERAGE_REQUIRED","","","","0"
"0758f9b1-e2ef-4d20-8a54-f9bbb4826a90:DRAWDOWN_VOLATILITY_RISK","0758f9b1-e2ef-4d20-8a54-f9bbb4826a90","PAYTM","DRAWDOWN_VOLATILITY_RISK","252","[]","BLOCKED_HISTORY_AUTHORITY","REVIEWED_SESSION_CALENDAR_AND_ADJUSTMENT_COVERAGE_REQUIRED","","","","0"
"0758f9b1-e2ef-4d20-8a54-f9bbb4826a90:OWNERSHIP_GOVERNANCE","0758f9b1-e2ef-4d20-8a54-f9bbb4826a90","PAYTM","OWNERSHIP_GOVERNANCE","4","[]","CACHE_QUARTER_REVIEW","OWNERSHIP_SERIES_DEFINITION_AND_BASIS_REVIEW_REQUIRED","","","","0"
"9e6ac437-78f3-4d22-9e66-76ecea1bd4f7:REVENUE_GROWTH_MULTI_PERIOD","9e6ac437-78f3-4d22-9e66-76ecea1bd4f7","PERSISTENT","REVENUE_GROWTH_MULTI_PERIOD","1","[]","CACHE_FIELD_METADATA_REVIEW","METRIC_CONTRACT_NOT_REVIEWED","","","","0"
"9e6ac437-78f3-4d22-9e66-76ecea1bd4f7:OPERATING_MARGIN_HISTORY","9e6ac437-78f3-4d22-9e66-76ecea1bd4f7","PERSISTENT","OPERATING_MARGIN_HISTORY","1","[]","CACHE_FIELD_METADATA_REVIEW","REPORTING_PERIOD_INVALID","","","","0"
"9e6ac437-78f3-4d22-9e66-76ecea1bd4f7:ROCE_OR_ROIC","9e6ac437-78f3-4d22-9e66-76ecea1bd4f7","PERSISTENT","ROCE_OR_ROIC","1","[]","ACQUIRE_RAW_THEN_REVIEW","EXACT_FIELD_MISSING_AND_RESPONSE_METADATA_UNPROVEN","TRENDLYNE","get_parameter_values_multi_stock","{""type"":""stock"",""query"":""PERSISTENT PERSISTENT instrument 1023 ROCE Ann. % as of 2026-10-05; supply 1 distinct dated YEAR reporting periods, period start/end, unit/scale, currency, consolidated/standalone scope, publication dates and source field labels; no relative-year labels as period proof""}","1"
"9e6ac437-78f3-4d22-9e66-76ecea1bd4f7:FCF_CONVERSION","9e6ac437-78f3-4d22-9e66-76ecea1bd4f7","PERSISTENT","FCF_CONVERSION","1","[]","BLOCKED_CONTRACT","EXACT_FIELD_PERIOD_OR_SCOPE_CONTRACT_NOT_PROVEN","","","","0"
"9e6ac437-78f3-4d22-9e66-76ecea1bd4f7:NET_CASH_OR_LEVERAGE","9e6ac437-78f3-4d22-9e66-76ecea1bd4f7","PERSISTENT","NET_CASH_OR_LEVERAGE","1","[]","BLOCKED_CONTRACT","EXACT_FIELD_PERIOD_OR_SCOPE_CONTRACT_NOT_PROVEN","","","","0"
"9e6ac437-78f3-4d22-9e66-76ecea1bd4f7:BUSINESS_DURABILITY","9e6ac437-78f3-4d22-9e66-76ecea1bd4f7","PERSISTENT","BUSINESS_DURABILITY","1","[]","CACHE_EXCERPT_REVIEW","CITED_DOCUMENT_REVIEW_AND_REQUIREMENT_FACT_CONTRACT_REQUIRED","","","","0"
"9e6ac437-78f3-4d22-9e66-76ecea1bd4f7:VALUATION","9e6ac437-78f3-4d22-9e66-76ecea1bd4f7","PERSISTENT","VALUATION","1","[]","BLOCKED_CONTRACT","EXACT_FIELD_PERIOD_OR_SCOPE_CONTRACT_NOT_PROVEN","","","","0"
"9e6ac437-78f3-4d22-9e66-76ecea1bd4f7:MOMENTUM_12M_RELATIVE","9e6ac437-78f3-4d22-9e66-76ecea1bd4f7","PERSISTENT","MOMENTUM_12M_RELATIVE","252","[]","BLOCKED_HISTORY_AUTHORITY","REVIEWED_SESSION_CALENDAR_AND_ADJUSTMENT_COVERAGE_REQUIRED","","","","0"
"9e6ac437-78f3-4d22-9e66-76ecea1bd4f7:DRAWDOWN_VOLATILITY_RISK","9e6ac437-78f3-4d22-9e66-76ecea1bd4f7","PERSISTENT","DRAWDOWN_VOLATILITY_RISK","252","[]","BLOCKED_HISTORY_AUTHORITY","REVIEWED_SESSION_CALENDAR_AND_ADJUSTMENT_COVERAGE_REQUIRED","","","","0"
"9e6ac437-78f3-4d22-9e66-76ecea1bd4f7:OWNERSHIP_GOVERNANCE","9e6ac437-78f3-4d22-9e66-76ecea1bd4f7","PERSISTENT","OWNERSHIP_GOVERNANCE","4","[]","CACHE_QUARTER_REVIEW","OWNERSHIP_SERIES_DEFINITION_AND_BASIS_REVIEW_REQUIRED","","","","0"
"8ef58a96-0896-47c1-859e-69dbb55e37a7:OPERATING_MARGIN_HISTORY","8ef58a96-0896-47c1-859e-69dbb55e37a7","PIIND","OPERATING_MARGIN_HISTORY","1","[]","CACHE_FIELD_METADATA_REVIEW","REPORTING_PERIOD_INVALID","","","","0"
"8ef58a96-0896-47c1-859e-69dbb55e37a7:REVENUE_AND_VOLUME_GROWTH_MULTI_PERIOD","8ef58a96-0896-47c1-859e-69dbb55e37a7","PIIND","REVENUE_AND_VOLUME_GROWTH_MULTI_PERIOD","1","[]","BLOCKED_CONTRACT","EXACT_FIELD_PERIOD_OR_SCOPE_CONTRACT_NOT_PROVEN","","","","0"
"8ef58a96-0896-47c1-859e-69dbb55e37a7:ROCE_OR_ROIC","8ef58a96-0896-47c1-859e-69dbb55e37a7","PIIND","ROCE_OR_ROIC","1","[]","ACQUIRE_RAW_THEN_REVIEW","EXACT_FIELD_MISSING_AND_RESPONSE_METADATA_UNPROVEN","TRENDLYNE","get_parameter_values_multi_stock","{""type"":""stock"",""query"":""PIIND PIIND instrument 1038 ROCE Ann. % as of 2026-10-05; supply 1 distinct dated YEAR reporting periods, period start/end, unit/scale, currency, consolidated/standalone scope, publication dates and source field labels; no relative-year labels as period proof""}","1"
"8ef58a96-0896-47c1-859e-69dbb55e37a7:CFO_OR_FCF_CONVERSION","8ef58a96-0896-47c1-859e-69dbb55e37a7","PIIND","CFO_OR_FCF_CONVERSION","1","[]","CACHE_FIELD_METADATA_REVIEW","METRIC_CONTRACT_NOT_REVIEWED","","","","0"
"8ef58a96-0896-47c1-859e-69dbb55e37a7:NET_CASH_OR_LEVERAGE","8ef58a96-0896-47c1-859e-69dbb55e37a7","PIIND","NET_CASH_OR_LEVERAGE","1","[]","BLOCKED_CONTRACT","EXACT_FIELD_PERIOD_OR_SCOPE_CONTRACT_NOT_PROVEN","","","","0"
"8ef58a96-0896-47c1-859e-69dbb55e37a7:BUSINESS_DURABILITY","8ef58a96-0896-47c1-859e-69dbb55e37a7","PIIND","BUSINESS_DURABILITY","1","[]","CACHE_EXCERPT_REVIEW","CITED_DOCUMENT_REVIEW_AND_REQUIREMENT_FACT_CONTRACT_REQUIRED","","","","0"
"8ef58a96-0896-47c1-859e-69dbb55e37a7:VALUATION","8ef58a96-0896-47c1-859e-69dbb55e37a7","PIIND","VALUATION","1","[]","BLOCKED_CONTRACT","EXACT_FIELD_PERIOD_OR_SCOPE_CONTRACT_NOT_PROVEN","","","","0"
"8ef58a96-0896-47c1-859e-69dbb55e37a7:MOMENTUM_12M_RELATIVE","8ef58a96-0896-47c1-859e-69dbb55e37a7","PIIND","MOMENTUM_12M_RELATIVE","252","[]","BLOCKED_HISTORY_AUTHORITY","REVIEWED_SESSION_CALENDAR_AND_ADJUSTMENT_COVERAGE_REQUIRED","","","","0"
"8ef58a96-0896-47c1-859e-69dbb55e37a7:DRAWDOWN_VOLATILITY_RISK","8ef58a96-0896-47c1-859e-69dbb55e37a7","PIIND","DRAWDOWN_VOLATILITY_RISK","252","[]","BLOCKED_HISTORY_AUTHORITY","REVIEWED_SESSION_CALENDAR_AND_ADJUSTMENT_COVERAGE_REQUIRED","","","","0"
"8ef58a96-0896-47c1-859e-69dbb55e37a7:OWNERSHIP_GOVERNANCE","8ef58a96-0896-47c1-859e-69dbb55e37a7","PIIND","OWNERSHIP_GOVERNANCE","4","[]","CACHE_QUARTER_REVIEW","OWNERSHIP_SERIES_DEFINITION_AND_BASIS_REVIEW_REQUIRED","","","","0"
"04dd96b3-6772-4871-b52d-60c4a162efe8:CYCLE_NORMALIZED_EARNINGS_QUALITY","04dd96b3-6772-4871-b52d-60c4a162efe8","RELIANCE","CYCLE_NORMALIZED_EARNINGS_QUALITY","1","[]","BLOCKED_CONTRACT","EXACT_FIELD_PERIOD_OR_SCOPE_CONTRACT_NOT_PROVEN","","","","0"
"04dd96b3-6772-4871-b52d-60c4a162efe8:THROUGHPUT_SEGMENT_AND_MARGIN_GROWTH","04dd96b3-6772-4871-b52d-60c4a162efe8","RELIANCE","THROUGHPUT_SEGMENT_AND_MARGIN_GROWTH","1","[]","BLOCKED_CONTRACT","EXACT_FIELD_PERIOD_OR_SCOPE_CONTRACT_NOT_PROVEN","","","","0"
"04dd96b3-6772-4871-b52d-60c4a162efe8:ROCE_OR_ROIC_THROUGH_CYCLE","04dd96b3-6772-4871-b52d-60c4a162efe8","RELIANCE","ROCE_OR_ROIC_THROUGH_CYCLE","1","[]","BLOCKED_CONTRACT","EXACT_FIELD_PERIOD_OR_SCOPE_CONTRACT_NOT_PROVEN","","","","0"
"04dd96b3-6772-4871-b52d-60c4a162efe8:CFO_OR_FCF_CONVERSION_THROUGH_CYCLE","04dd96b3-6772-4871-b52d-60c4a162efe8","RELIANCE","CFO_OR_FCF_CONVERSION_THROUGH_CYCLE","1","[]","BLOCKED_CONTRACT","EXACT_FIELD_PERIOD_OR_SCOPE_CONTRACT_NOT_PROVEN","","","","0"
"04dd96b3-6772-4871-b52d-60c4a162efe8:NET_DEBT_AND_INTEREST_COVERAGE","04dd96b3-6772-4871-b52d-60c4a162efe8","RELIANCE","NET_DEBT_AND_INTEREST_COVERAGE","1","[]","BLOCKED_CONTRACT","EXACT_FIELD_PERIOD_OR_SCOPE_CONTRACT_NOT_PROVEN","","","","0"
"04dd96b3-6772-4871-b52d-60c4a162efe8:OIL_GAS_BUSINESS_DURABILITY","04dd96b3-6772-4871-b52d-60c4a162efe8","RELIANCE","OIL_GAS_BUSINESS_DURABILITY","1","[]","CACHE_EXCERPT_REVIEW","CITED_DOCUMENT_REVIEW_AND_REQUIREMENT_FACT_CONTRACT_REQUIRED","","","","0"
"04dd96b3-6772-4871-b52d-60c4a162efe8:VALUATION_THROUGH_CYCLE","04dd96b3-6772-4871-b52d-60c4a162efe8","RELIANCE","VALUATION_THROUGH_CYCLE","1","[]","BLOCKED_CONTRACT","EXACT_FIELD_PERIOD_OR_SCOPE_CONTRACT_NOT_PROVEN","","","","0"
"04dd96b3-6772-4871-b52d-60c4a162efe8:MOMENTUM_12M_RELATIVE","04dd96b3-6772-4871-b52d-60c4a162efe8","RELIANCE","MOMENTUM_12M_RELATIVE","252","[]","BLOCKED_HISTORY_AUTHORITY","REVIEWED_SESSION_CALENDAR_AND_ADJUSTMENT_COVERAGE_REQUIRED","","","","0"
"04dd96b3-6772-4871-b52d-60c4a162efe8:COMMODITY_POLICY_TRANSITION_RISK","04dd96b3-6772-4871-b52d-60c4a162efe8","RELIANCE","COMMODITY_POLICY_TRANSITION_RISK","1","[]","CACHE_EXCERPT_REVIEW","CITED_DOCUMENT_REVIEW_AND_REQUIREMENT_FACT_CONTRACT_REQUIRED","","","","0"
"04dd96b3-6772-4871-b52d-60c4a162efe8:OWNERSHIP_GOVERNANCE","04dd96b3-6772-4871-b52d-60c4a162efe8","RELIANCE","OWNERSHIP_GOVERNANCE","4","[]","CACHE_QUARTER_REVIEW","OWNERSHIP_SERIES_DEFINITION_AND_BASIS_REVIEW_REQUIRED","","","","0"
"d77abadc-d171-49d9-bfee-0b34dd0281f4:ROE_ANNUAL","d77abadc-d171-49d9-bfee-0b34dd0281f4","SBIN","ROE_ANNUAL","1","[]","BLOCKED_CONTRACT","EXACT_FIELD_PERIOD_OR_SCOPE_CONTRACT_NOT_PROVEN","","","","0"
"d77abadc-d171-49d9-bfee-0b34dd0281f4:NIM_TTM","d77abadc-d171-49d9-bfee-0b34dd0281f4","SBIN","NIM_TTM","1","[]","BLOCKED_CONTRACT","EXACT_FIELD_PERIOD_OR_SCOPE_CONTRACT_NOT_PROVEN","","","","0"
"d77abadc-d171-49d9-bfee-0b34dd0281f4:GROSS_NPA","d77abadc-d171-49d9-bfee-0b34dd0281f4","SBIN","GROSS_NPA","1","[]","BLOCKED_CONTRACT","EXACT_FIELD_PERIOD_OR_SCOPE_CONTRACT_NOT_PROVEN","","","","0"
"d77abadc-d171-49d9-bfee-0b34dd0281f4:NET_NPA","d77abadc-d171-49d9-bfee-0b34dd0281f4","SBIN","NET_NPA","1","[]","BLOCKED_CONTRACT","EXACT_FIELD_PERIOD_OR_SCOPE_CONTRACT_NOT_PROVEN","","","","0"
"d77abadc-d171-49d9-bfee-0b34dd0281f4:ADVANCES_GROWTH_YOY","d77abadc-d171-49d9-bfee-0b34dd0281f4","SBIN","ADVANCES_GROWTH_YOY","1","[]","BLOCKED_CONTRACT","EXACT_FIELD_PERIOD_OR_SCOPE_CONTRACT_NOT_PROVEN","","","","0"
"d77abadc-d171-49d9-bfee-0b34dd0281f4:DEPOSITS_GROWTH_YOY","d77abadc-d171-49d9-bfee-0b34dd0281f4","SBIN","DEPOSITS_GROWTH_YOY","1","[]","BLOCKED_CONTRACT","EXACT_FIELD_PERIOD_OR_SCOPE_CONTRACT_NOT_PROVEN","","","","0"
"d77abadc-d171-49d9-bfee-0b34dd0281f4:EPS_GROWTH_YOY","d77abadc-d171-49d9-bfee-0b34dd0281f4","SBIN","EPS_GROWTH_YOY","1","[]","ACQUIRE_RAW_THEN_REVIEW","EXACT_FIELD_MISSING_AND_RESPONSE_METADATA_UNPROVEN","TRENDLYNE","get_parameter_values_multi_stock","{""type"":""stock"",""query"":""SBIN SBIN instrument 1193 EPS Qtr YoY Growth % as of 2026-10-05; supply 1 distinct dated QUARTER reporting periods, period start/end, unit/scale, currency, consolidated/standalone scope, publication dates and source field labels; no relative-year labels as period proof""}","1"
"d77abadc-d171-49d9-bfee-0b34dd0281f4:ROA_ANNUAL","d77abadc-d171-49d9-bfee-0b34dd0281f4","SBIN","ROA_ANNUAL","1","[]","BLOCKED_CONTRACT","EXACT_FIELD_PERIOD_OR_SCOPE_CONTRACT_NOT_PROVEN","","","","0"
"d77abadc-d171-49d9-bfee-0b34dd0281f4:CET1_RATIO","d77abadc-d171-49d9-bfee-0b34dd0281f4","SBIN","CET1_RATIO","1","[]","BLOCKED_CONTRACT","EXACT_FIELD_PERIOD_OR_SCOPE_CONTRACT_NOT_PROVEN","","","","0"
"d77abadc-d171-49d9-bfee-0b34dd0281f4:CAPITAL_ADEQUACY_RATIO","d77abadc-d171-49d9-bfee-0b34dd0281f4","SBIN","CAPITAL_ADEQUACY_RATIO","1","[]","BLOCKED_CONTRACT","EXACT_FIELD_PERIOD_OR_SCOPE_CONTRACT_NOT_PROVEN","","","","0"
"d77abadc-d171-49d9-bfee-0b34dd0281f4:EXTERNAL_LONG_TERM_RATING","d77abadc-d171-49d9-bfee-0b34dd0281f4","SBIN","EXTERNAL_LONG_TERM_RATING","1","[]","CACHE_EXCERPT_REVIEW","CITED_DOCUMENT_REVIEW_AND_REQUIREMENT_FACT_CONTRACT_REQUIRED","","","","0"
"d77abadc-d171-49d9-bfee-0b34dd0281f4:PE_TTM_RELATIVE","d77abadc-d171-49d9-bfee-0b34dd0281f4","SBIN","PE_TTM_RELATIVE","1","[]","BLOCKED_CONTRACT","EXACT_FIELD_PERIOD_OR_SCOPE_CONTRACT_NOT_PROVEN","","","","0"
"d77abadc-d171-49d9-bfee-0b34dd0281f4:PB_RELATIVE","d77abadc-d171-49d9-bfee-0b34dd0281f4","SBIN","PB_RELATIVE","1","[]","BLOCKED_CONTRACT","EXACT_FIELD_PERIOD_OR_SCOPE_CONTRACT_NOT_PROVEN","","","","0"
"d77abadc-d171-49d9-bfee-0b34dd0281f4:PB_ADJUSTED_FOR_ROE","d77abadc-d171-49d9-bfee-0b34dd0281f4","SBIN","PB_ADJUSTED_FOR_ROE","1","[]","BLOCKED_CONTRACT","EXACT_FIELD_PERIOD_OR_SCOPE_CONTRACT_NOT_PROVEN","","","","0"
"d77abadc-d171-49d9-bfee-0b34dd0281f4:PRICE_MOMENTUM_12M","d77abadc-d171-49d9-bfee-0b34dd0281f4","SBIN","PRICE_MOMENTUM_12M","252","[]","BLOCKED_HISTORY_AUTHORITY","REVIEWED_SESSION_CALENDAR_AND_ADJUSTMENT_COVERAGE_REQUIRED","","","","0"
"d77abadc-d171-49d9-bfee-0b34dd0281f4:PRICE_MOMENTUM_6M","d77abadc-d171-49d9-bfee-0b34dd0281f4","SBIN","PRICE_MOMENTUM_6M","252","[]","BLOCKED_HISTORY_AUTHORITY","REVIEWED_SESSION_CALENDAR_AND_ADJUSTMENT_COVERAGE_REQUIRED","","","","0"
"d77abadc-d171-49d9-bfee-0b34dd0281f4:RELATIVE_STRENGTH_12M","d77abadc-d171-49d9-bfee-0b34dd0281f4","SBIN","RELATIVE_STRENGTH_12M","252","[]","BLOCKED_HISTORY_AUTHORITY","REVIEWED_SESSION_CALENDAR_AND_ADJUSTMENT_COVERAGE_REQUIRED","","","","0"
"d77abadc-d171-49d9-bfee-0b34dd0281f4:INSTITUTIONAL_OWNERSHIP_TREND_4Q","d77abadc-d171-49d9-bfee-0b34dd0281f4","SBIN","INSTITUTIONAL_OWNERSHIP_TREND_4Q","4","[]","ACQUIRE_RAW_THEN_REVIEW","DATED_OWNERSHIP_QUARTERS_MISSING","TRENDLYNE","get_ownership_deals_insider_sast","{""stock_code"":""SBIN"",""type"":""shareholding""}","1"
"d77abadc-d171-49d9-bfee-0b34dd0281f4:GOVERNANCE_EVENT_SIGNAL","d77abadc-d171-49d9-bfee-0b34dd0281f4","SBIN","GOVERNANCE_EVENT_SIGNAL","1","[]","CACHE_EXCERPT_REVIEW","CITED_DOCUMENT_REVIEW_AND_REQUIREMENT_FACT_CONTRACT_REQUIRED","","","","0"
"d77abadc-d171-49d9-bfee-0b34dd0281f4:MAX_DRAWDOWN_1Y","d77abadc-d171-49d9-bfee-0b34dd0281f4","SBIN","MAX_DRAWDOWN_1Y","252","[]","BLOCKED_HISTORY_AUTHORITY","REVIEWED_SESSION_CALENDAR_AND_ADJUSTMENT_COVERAGE_REQUIRED","","","","0"
"d77abadc-d171-49d9-bfee-0b34dd0281f4:VOLATILITY_RELATIVE","d77abadc-d171-49d9-bfee-0b34dd0281f4","SBIN","VOLATILITY_RELATIVE","252","[]","BLOCKED_HISTORY_AUTHORITY","REVIEWED_SESSION_CALENDAR_AND_ADJUSTMENT_COVERAGE_REQUIRED","","","","0"
"d77abadc-d171-49d9-bfee-0b34dd0281f4:RATING_TREND","d77abadc-d171-49d9-bfee-0b34dd0281f4","SBIN","RATING_TREND","1","[]","CACHE_EXCERPT_REVIEW","CITED_DOCUMENT_REVIEW_AND_REQUIREMENT_FACT_CONTRACT_REQUIRED","","","","0"
"3cf38a68-6c5b-42b4-861d-0df520c9bb4a:GROSS_OPERATING_MARGIN_HISTORY","3cf38a68-6c5b-42b4-861d-0df520c9bb4a","SKYGOLD","GROSS_OPERATING_MARGIN_HISTORY","8","[]","CACHE_FIELD_METADATA_REVIEW","REPORTING_PERIOD_INVALID","","","","0"
"3cf38a68-6c5b-42b4-861d-0df520c9bb4a:STUDDED_MIX_OR_MAKING_CHARGE_QUALITY","3cf38a68-6c5b-42b4-861d-0df520c9bb4a","SKYGOLD","STUDDED_MIX_OR_MAKING_CHARGE_QUALITY","8","[]","BLOCKED_CONTRACT","EXACT_FIELD_PERIOD_OR_SCOPE_CONTRACT_NOT_PROVEN","","","","0"
"3cf38a68-6c5b-42b4-861d-0df520c9bb4a:REVENUE_SAME_STORE_NETWORK_GROWTH","3cf38a68-6c5b-42b4-861d-0df520c9bb4a","SKYGOLD","REVENUE_SAME_STORE_NETWORK_GROWTH","8","[]","BLOCKED_CONTRACT","EXACT_FIELD_PERIOD_OR_SCOPE_CONTRACT_NOT_PROVEN","","","","0"
"3cf38a68-6c5b-42b4-861d-0df520c9bb4a:ROCE_OR_ROIC","3cf38a68-6c5b-42b4-861d-0df520c9bb4a","SKYGOLD","ROCE_OR_ROIC","3","[]","ACQUIRE_RAW_THEN_REVIEW","EXACT_FIELD_MISSING_AND_RESPONSE_METADATA_UNPROVEN","TRENDLYNE","get_parameter_values_multi_stock","{""type"":""stock"",""query"":""SKYGOLD SKYGOLD instrument 109637 ROCE Ann. % as of 2026-10-05; supply 3 distinct dated YEAR reporting periods, period start/end, unit/scale, currency, consolidated/standalone scope, publication dates and source field labels; no relative-year labels as period proof""}","1"
"3cf38a68-6c5b-42b4-861d-0df520c9bb4a:CFO_FCF_INVENTORY_WORKING_CAPITAL","3cf38a68-6c5b-42b4-861d-0df520c9bb4a","SKYGOLD","CFO_FCF_INVENTORY_WORKING_CAPITAL","3","[]","BLOCKED_CONTRACT","EXACT_FIELD_PERIOD_OR_SCOPE_CONTRACT_NOT_PROVEN","","","","0"
"3cf38a68-6c5b-42b4-861d-0df520c9bb4a:NET_DEBT_INVENTORY_FUNDING","3cf38a68-6c5b-42b4-861d-0df520c9bb4a","SKYGOLD","NET_DEBT_INVENTORY_FUNDING","3","[]","BLOCKED_CONTRACT","EXACT_FIELD_PERIOD_OR_SCOPE_CONTRACT_NOT_PROVEN","","","","0"
"3cf38a68-6c5b-42b4-861d-0df520c9bb4a:BRAND_TRUST_NETWORK_DISTRIBUTION","3cf38a68-6c5b-42b4-861d-0df520c9bb4a","SKYGOLD","BRAND_TRUST_NETWORK_DISTRIBUTION","3","[]","CACHE_EXCERPT_REVIEW","CITED_DOCUMENT_REVIEW_AND_REQUIREMENT_FACT_CONTRACT_REQUIRED","","","","0"
"3cf38a68-6c5b-42b4-861d-0df520c9bb4a:FRANCHISE_STORE_ECONOMICS","3cf38a68-6c5b-42b4-861d-0df520c9bb4a","SKYGOLD","FRANCHISE_STORE_ECONOMICS","3","[]","CACHE_EXCERPT_REVIEW","CITED_DOCUMENT_REVIEW_AND_REQUIREMENT_FACT_CONTRACT_REQUIRED","","","","0"
"3cf38a68-6c5b-42b4-861d-0df520c9bb4a:PE","3cf38a68-6c5b-42b4-861d-0df520c9bb4a","SKYGOLD","PE","3","[]","CACHE_FIELD_METADATA_REVIEW","REPORTING_PERIOD_TYPE_NOT_PROVEN","","","","0"
"3cf38a68-6c5b-42b4-861d-0df520c9bb4a:EV_EBITDA","3cf38a68-6c5b-42b4-861d-0df520c9bb4a","SKYGOLD","EV_EBITDA","3","[]","BLOCKED_CONTRACT","EXACT_FIELD_PERIOD_OR_SCOPE_CONTRACT_NOT_PROVEN","","","","0"
"3cf38a68-6c5b-42b4-861d-0df520c9bb4a:FCF_YIELD","3cf38a68-6c5b-42b4-861d-0df520c9bb4a","SKYGOLD","FCF_YIELD","3","[]","BLOCKED_CONTRACT","EXACT_FIELD_PERIOD_OR_SCOPE_CONTRACT_NOT_PROVEN","","","","0"
"3cf38a68-6c5b-42b4-861d-0df520c9bb4a:ROCE_WORKING_CAPITAL_CONTEXT","3cf38a68-6c5b-42b4-861d-0df520c9bb4a","SKYGOLD","ROCE_WORKING_CAPITAL_CONTEXT","3","[]","BLOCKED_CONTRACT","EXACT_FIELD_PERIOD_OR_SCOPE_CONTRACT_NOT_PROVEN","","","","0"
"3cf38a68-6c5b-42b4-861d-0df520c9bb4a:PRICE_HISTORY_252D","3cf38a68-6c5b-42b4-861d-0df520c9bb4a","SKYGOLD","PRICE_HISTORY_252D","252","[]","BLOCKED_HISTORY_AUTHORITY","REVIEWED_SESSION_CALENDAR_AND_ADJUSTMENT_COVERAGE_REQUIRED","","","","0"
"3cf38a68-6c5b-42b4-861d-0df520c9bb4a:APPROVED_BENCHMARK_HISTORY_252D","3cf38a68-6c5b-42b4-861d-0df520c9bb4a","SKYGOLD","APPROVED_BENCHMARK_HISTORY_252D","252","[]","BLOCKED_HISTORY_AUTHORITY","EXACT_BENCHMARK_AUTHORITY_OR_TOKEN_REQUIRED","","","","0"
"3cf38a68-6c5b-42b4-861d-0df520c9bb4a:GOLD_PRICE_INVENTORY_REGULATION","3cf38a68-6c5b-42b4-861d-0df520c9bb4a","SKYGOLD","GOLD_PRICE_INVENTORY_REGULATION","252","[]","CACHE_EXCERPT_REVIEW","CITED_DOCUMENT_REVIEW_AND_REQUIREMENT_FACT_CONTRACT_REQUIRED","","","","0"
"3cf38a68-6c5b-42b4-861d-0df520c9bb4a:MARKET_DRAWDOWN","3cf38a68-6c5b-42b4-861d-0df520c9bb4a","SKYGOLD","MARKET_DRAWDOWN","252","[]","BLOCKED_HISTORY_AUTHORITY","REVIEWED_SESSION_CALENDAR_AND_ADJUSTMENT_COVERAGE_REQUIRED","","","","0"
"3cf38a68-6c5b-42b4-861d-0df520c9bb4a:OWNERSHIP_TREND_4Q","3cf38a68-6c5b-42b4-861d-0df520c9bb4a","SKYGOLD","OWNERSHIP_TREND_4Q","4","[]","CACHE_QUARTER_REVIEW","OWNERSHIP_SERIES_DEFINITION_AND_BASIS_REVIEW_REQUIRED","","","","0"
"3cf38a68-6c5b-42b4-861d-0df520c9bb4a:GOVERNANCE_EVENT_REVIEW","3cf38a68-6c5b-42b4-861d-0df520c9bb4a","SKYGOLD","GOVERNANCE_EVENT_REVIEW","4","[]","CACHE_EXCERPT_REVIEW","CITED_DOCUMENT_REVIEW_AND_REQUIREMENT_FACT_CONTRACT_REQUIRED","","","","0"
"5433d79a-69bb-4531-af0d-e38a918245ec:OPERATING_MARGIN_HISTORY","5433d79a-69bb-4531-af0d-e38a918245ec","SONACOMS","OPERATING_MARGIN_HISTORY","1","[]","CACHE_FIELD_METADATA_REVIEW","REPORTING_PERIOD_INVALID","","","","0"
"5433d79a-69bb-4531-af0d-e38a918245ec:REVENUE_GROWTH_MULTI_PERIOD","5433d79a-69bb-4531-af0d-e38a918245ec","SONACOMS","REVENUE_GROWTH_MULTI_PERIOD","1","[]","CACHE_FIELD_METADATA_REVIEW","METRIC_CONTRACT_NOT_REVIEWED","","","","0"
"5433d79a-69bb-4531-af0d-e38a918245ec:ROCE_OR_ROIC","5433d79a-69bb-4531-af0d-e38a918245ec","SONACOMS","ROCE_OR_ROIC","1","[]","ACQUIRE_RAW_THEN_REVIEW","EXACT_FIELD_MISSING_AND_RESPONSE_METADATA_UNPROVEN","TRENDLYNE","get_parameter_values_multi_stock","{""type"":""stock"",""query"":""SONACOMS SONACOMS instrument 547977 ROCE Ann. % as of 2026-10-05; supply 1 distinct dated YEAR reporting periods, period start/end, unit/scale, currency, consolidated/standalone scope, publication dates and source field labels; no relative-year labels as period proof""}","1"
"5433d79a-69bb-4531-af0d-e38a918245ec:CFO_OR_FCF_CONVERSION","5433d79a-69bb-4531-af0d-e38a918245ec","SONACOMS","CFO_OR_FCF_CONVERSION","1","[]","CACHE_FIELD_METADATA_REVIEW","METRIC_CONTRACT_NOT_REVIEWED","","","","0"
"5433d79a-69bb-4531-af0d-e38a918245ec:NET_CASH_OR_LEVERAGE","5433d79a-69bb-4531-af0d-e38a918245ec","SONACOMS","NET_CASH_OR_LEVERAGE","1","[]","BLOCKED_CONTRACT","EXACT_FIELD_PERIOD_OR_SCOPE_CONTRACT_NOT_PROVEN","","","","0"
"5433d79a-69bb-4531-af0d-e38a918245ec:BUSINESS_DURABILITY","5433d79a-69bb-4531-af0d-e38a918245ec","SONACOMS","BUSINESS_DURABILITY","1","[]","CACHE_EXCERPT_REVIEW","CITED_DOCUMENT_REVIEW_AND_REQUIREMENT_FACT_CONTRACT_REQUIRED","","","","0"
"5433d79a-69bb-4531-af0d-e38a918245ec:VALUATION","5433d79a-69bb-4531-af0d-e38a918245ec","SONACOMS","VALUATION","1","[]","BLOCKED_CONTRACT","EXACT_FIELD_PERIOD_OR_SCOPE_CONTRACT_NOT_PROVEN","","","","0"
"5433d79a-69bb-4531-af0d-e38a918245ec:MOMENTUM_12M_RELATIVE","5433d79a-69bb-4531-af0d-e38a918245ec","SONACOMS","MOMENTUM_12M_RELATIVE","252","[]","BLOCKED_HISTORY_AUTHORITY","REVIEWED_SESSION_CALENDAR_AND_ADJUSTMENT_COVERAGE_REQUIRED","","","","0"
"5433d79a-69bb-4531-af0d-e38a918245ec:DRAWDOWN_VOLATILITY_RISK","5433d79a-69bb-4531-af0d-e38a918245ec","SONACOMS","DRAWDOWN_VOLATILITY_RISK","252","[]","BLOCKED_HISTORY_AUTHORITY","REVIEWED_SESSION_CALENDAR_AND_ADJUSTMENT_COVERAGE_REQUIRED","","","","0"
"5433d79a-69bb-4531-af0d-e38a918245ec:OWNERSHIP_GOVERNANCE","5433d79a-69bb-4531-af0d-e38a918245ec","SONACOMS","OWNERSHIP_GOVERNANCE","4","[]","CACHE_QUARTER_REVIEW","OWNERSHIP_SERIES_DEFINITION_AND_BASIS_REVIEW_REQUIRED","","","","0"
"5f77f860-4818-45f5-a241-30d467066c49:OPERATING_MARGIN_HISTORY","5f77f860-4818-45f5-a241-30d467066c49","SUPRIYA","OPERATING_MARGIN_HISTORY","8","[]","CACHE_FIELD_METADATA_REVIEW","REPORTING_PERIOD_INVALID","","","","0"
"5f77f860-4818-45f5-a241-30d467066c49:ROCE_OR_ROIC","5f77f860-4818-45f5-a241-30d467066c49","SUPRIYA","ROCE_OR_ROIC","3","[]","ACQUIRE_RAW_THEN_REVIEW","EXACT_FIELD_MISSING_AND_RESPONSE_METADATA_UNPROVEN","TRENDLYNE","get_parameter_values_multi_stock","{""type"":""stock"",""query"":""SUPRIYA SUPRIYA instrument 755502 ROCE Ann. % as of 2026-10-05; supply 3 distinct dated YEAR reporting periods, period start/end, unit/scale, currency, consolidated/standalone scope, publication dates and source field labels; no relative-year labels as period proof""}","1"
"5f77f860-4818-45f5-a241-30d467066c49:REVENUE_GROWTH_MULTI_PERIOD","5f77f860-4818-45f5-a241-30d467066c49","SUPRIYA","REVENUE_GROWTH_MULTI_PERIOD","3","[]","CACHE_FIELD_METADATA_REVIEW","METRIC_CONTRACT_NOT_REVIEWED","","","","0"
"5f77f860-4818-45f5-a241-30d467066c49:NET_PROFIT_GROWTH_MULTI_PERIOD","5f77f860-4818-45f5-a241-30d467066c49","SUPRIYA","NET_PROFIT_GROWTH_MULTI_PERIOD","3","[]","CACHE_FIELD_METADATA_REVIEW","REPORTING_PERIOD_TYPE_NOT_PROVEN","","","","0"
"5f77f860-4818-45f5-a241-30d467066c49:EPS_GROWTH_MULTI_PERIOD","5f77f860-4818-45f5-a241-30d467066c49","SUPRIYA","EPS_GROWTH_MULTI_PERIOD","3","[]","BLOCKED_CONTRACT","EXACT_FIELD_PERIOD_OR_SCOPE_CONTRACT_NOT_PROVEN","","","","0"
"5f77f860-4818-45f5-a241-30d467066c49:CFO_OR_FCF_CONVERSION","5f77f860-4818-45f5-a241-30d467066c49","SUPRIYA","CFO_OR_FCF_CONVERSION","3","[]","CACHE_FIELD_METADATA_REVIEW","METRIC_CONTRACT_NOT_REVIEWED","","","","0"
"5f77f860-4818-45f5-a241-30d467066c49:CAPEX","5f77f860-4818-45f5-a241-30d467066c49","SUPRIYA","CAPEX","3","[]","BLOCKED_CONTRACT","EXACT_FIELD_PERIOD_OR_SCOPE_CONTRACT_NOT_PROVEN","","","","0"
"5f77f860-4818-45f5-a241-30d467066c49:NET_CASH_OR_LEVERAGE","5f77f860-4818-45f5-a241-30d467066c49","SUPRIYA","NET_CASH_OR_LEVERAGE","3","[]","BLOCKED_CONTRACT","EXACT_FIELD_PERIOD_OR_SCOPE_CONTRACT_NOT_PROVEN","","","","0"
"5f77f860-4818-45f5-a241-30d467066c49:PE","5f77f860-4818-45f5-a241-30d467066c49","SUPRIYA","PE","3","[]","CACHE_FIELD_METADATA_REVIEW","REPORTING_PERIOD_TYPE_NOT_PROVEN","","","","0"
"5f77f860-4818-45f5-a241-30d467066c49:EV_EBITDA","5f77f860-4818-45f5-a241-30d467066c49","SUPRIYA","EV_EBITDA","3","[]","BLOCKED_CONTRACT","EXACT_FIELD_PERIOD_OR_SCOPE_CONTRACT_NOT_PROVEN","","","","0"
"5f77f860-4818-45f5-a241-30d467066c49:FCF_YIELD","5f77f860-4818-45f5-a241-30d467066c49","SUPRIYA","FCF_YIELD","3","[]","BLOCKED_CONTRACT","EXACT_FIELD_PERIOD_OR_SCOPE_CONTRACT_NOT_PROVEN","","","","0"
"5f77f860-4818-45f5-a241-30d467066c49:PRICE_HISTORY_252D","5f77f860-4818-45f5-a241-30d467066c49","SUPRIYA","PRICE_HISTORY_252D","252","[]","BLOCKED_HISTORY_AUTHORITY","REVIEWED_SESSION_CALENDAR_AND_ADJUSTMENT_COVERAGE_REQUIRED","","","","0"
"5f77f860-4818-45f5-a241-30d467066c49:APPROVED_BENCHMARK_HISTORY_252D","5f77f860-4818-45f5-a241-30d467066c49","SUPRIYA","APPROVED_BENCHMARK_HISTORY_252D","252","[]","BLOCKED_HISTORY_AUTHORITY","EXACT_BENCHMARK_AUTHORITY_OR_TOKEN_REQUIRED","","","","0"
"5f77f860-4818-45f5-a241-30d467066c49:MARKET_DRAWDOWN","5f77f860-4818-45f5-a241-30d467066c49","SUPRIYA","MARKET_DRAWDOWN","252","[]","BLOCKED_HISTORY_AUTHORITY","REVIEWED_SESSION_CALENDAR_AND_ADJUSTMENT_COVERAGE_REQUIRED","","","","0"
"5f77f860-4818-45f5-a241-30d467066c49:VOLATILITY_252D","5f77f860-4818-45f5-a241-30d467066c49","SUPRIYA","VOLATILITY_252D","252","[]","BLOCKED_HISTORY_AUTHORITY","REVIEWED_SESSION_CALENDAR_AND_ADJUSTMENT_COVERAGE_REQUIRED","","","","0"
"5f77f860-4818-45f5-a241-30d467066c49:REGULATORY_RISK","5f77f860-4818-45f5-a241-30d467066c49","SUPRIYA","REGULATORY_RISK","252","[]","CACHE_EXCERPT_REVIEW","CITED_DOCUMENT_REVIEW_AND_REQUIREMENT_FACT_CONTRACT_REQUIRED","","","","0"
"5f77f860-4818-45f5-a241-30d467066c49:OWNERSHIP_TREND_4Q","5f77f860-4818-45f5-a241-30d467066c49","SUPRIYA","OWNERSHIP_TREND_4Q","4","[]","CACHE_QUARTER_REVIEW","OWNERSHIP_SERIES_DEFINITION_AND_BASIS_REVIEW_REQUIRED","","","","0"
"5f77f860-4818-45f5-a241-30d467066c49:GOVERNANCE_EVENT_REVIEW","5f77f860-4818-45f5-a241-30d467066c49","SUPRIYA","GOVERNANCE_EVENT_REVIEW","4","[]","CACHE_EXCERPT_REVIEW","CITED_DOCUMENT_REVIEW_AND_REQUIREMENT_FACT_CONTRACT_REQUIRED","","","","0"
"0a8c43be-cc13-4376-8e87-7af1ac9c0e76:OPERATING_MARGIN_HISTORY","0a8c43be-cc13-4376-8e87-7af1ac9c0e76","SYRMA","OPERATING_MARGIN_HISTORY","1","[]","CACHE_FIELD_METADATA_REVIEW","REPORTING_PERIOD_INVALID","","","","0"
"0a8c43be-cc13-4376-8e87-7af1ac9c0e76:REVENUE_AND_ORDER_GROWTH_MULTI_PERIOD","0a8c43be-cc13-4376-8e87-7af1ac9c0e76","SYRMA","REVENUE_AND_ORDER_GROWTH_MULTI_PERIOD","1","[]","BLOCKED_CONTRACT","EXACT_FIELD_PERIOD_OR_SCOPE_CONTRACT_NOT_PROVEN","","","","0"
"0a8c43be-cc13-4376-8e87-7af1ac9c0e76:ROCE_OR_ROIC","0a8c43be-cc13-4376-8e87-7af1ac9c0e76","SYRMA","ROCE_OR_ROIC","1","[]","ACQUIRE_RAW_THEN_REVIEW","EXACT_FIELD_MISSING_AND_RESPONSE_METADATA_UNPROVEN","TRENDLYNE","get_parameter_values_multi_stock","{""type"":""stock"",""query"":""SYRMA SYRMA instrument 995074 ROCE Ann. % as of 2026-10-05; supply 1 distinct dated YEAR reporting periods, period start/end, unit/scale, currency, consolidated/standalone scope, publication dates and source field labels; no relative-year labels as period proof""}","1"
"0a8c43be-cc13-4376-8e87-7af1ac9c0e76:CFO_FCF_AND_WORKING_CAPITAL","0a8c43be-cc13-4376-8e87-7af1ac9c0e76","SYRMA","CFO_FCF_AND_WORKING_CAPITAL","1","[]","BLOCKED_CONTRACT","EXACT_FIELD_PERIOD_OR_SCOPE_CONTRACT_NOT_PROVEN","","","","0"
"0a8c43be-cc13-4376-8e87-7af1ac9c0e76:NET_DEBT_AND_INTEREST_COVERAGE","0a8c43be-cc13-4376-8e87-7af1ac9c0e76","SYRMA","NET_DEBT_AND_INTEREST_COVERAGE","1","[]","BLOCKED_CONTRACT","EXACT_FIELD_PERIOD_OR_SCOPE_CONTRACT_NOT_PROVEN","","","","0"
"0a8c43be-cc13-4376-8e87-7af1ac9c0e76:BUSINESS_DURABILITY","0a8c43be-cc13-4376-8e87-7af1ac9c0e76","SYRMA","BUSINESS_DURABILITY","1","[]","CACHE_EXCERPT_REVIEW","CITED_DOCUMENT_REVIEW_AND_REQUIREMENT_FACT_CONTRACT_REQUIRED","","","","0"
"0a8c43be-cc13-4376-8e87-7af1ac9c0e76:VALUATION","0a8c43be-cc13-4376-8e87-7af1ac9c0e76","SYRMA","VALUATION","1","[]","BLOCKED_CONTRACT","EXACT_FIELD_PERIOD_OR_SCOPE_CONTRACT_NOT_PROVEN","","","","0"
"0a8c43be-cc13-4376-8e87-7af1ac9c0e76:MOMENTUM_12M_RELATIVE","0a8c43be-cc13-4376-8e87-7af1ac9c0e76","SYRMA","MOMENTUM_12M_RELATIVE","252","[]","BLOCKED_HISTORY_AUTHORITY","REVIEWED_SESSION_CALENDAR_AND_ADJUSTMENT_COVERAGE_REQUIRED","","","","0"
"0a8c43be-cc13-4376-8e87-7af1ac9c0e76:DRAWDOWN_VOLATILITY_RISK","0a8c43be-cc13-4376-8e87-7af1ac9c0e76","SYRMA","DRAWDOWN_VOLATILITY_RISK","252","[]","BLOCKED_HISTORY_AUTHORITY","REVIEWED_SESSION_CALENDAR_AND_ADJUSTMENT_COVERAGE_REQUIRED","","","","0"
"0a8c43be-cc13-4376-8e87-7af1ac9c0e76:OWNERSHIP_GOVERNANCE","0a8c43be-cc13-4376-8e87-7af1ac9c0e76","SYRMA","OWNERSHIP_GOVERNANCE","4","[]","CACHE_QUARTER_REVIEW","OWNERSHIP_SERIES_DEFINITION_AND_BASIS_REVIEW_REQUIRED","","","","0"
"7202b7b7-237c-439b-936d-c75bab806678:OPERATING_MARGIN_HISTORY","7202b7b7-237c-439b-936d-c75bab806678","TDPOWERSYS","OPERATING_MARGIN_HISTORY","1","[]","CACHE_FIELD_METADATA_REVIEW","REPORTING_PERIOD_INVALID","","","","0"
"7202b7b7-237c-439b-936d-c75bab806678:REVENUE_AND_ORDER_GROWTH_MULTI_PERIOD","7202b7b7-237c-439b-936d-c75bab806678","TDPOWERSYS","REVENUE_AND_ORDER_GROWTH_MULTI_PERIOD","1","[]","BLOCKED_CONTRACT","EXACT_FIELD_PERIOD_OR_SCOPE_CONTRACT_NOT_PROVEN","","","","0"
"7202b7b7-237c-439b-936d-c75bab806678:ROCE_OR_ROIC","7202b7b7-237c-439b-936d-c75bab806678","TDPOWERSYS","ROCE_OR_ROIC","1","[]","ACQUIRE_RAW_THEN_REVIEW","EXACT_FIELD_MISSING_AND_RESPONSE_METADATA_UNPROVEN","TRENDLYNE","get_parameter_values_multi_stock","{""type"":""stock"",""query"":""TDPOWERSYS TDPOWERSYS instrument 1373 ROCE Ann. % as of 2026-10-05; supply 1 distinct dated YEAR reporting periods, period start/end, unit/scale, currency, consolidated/standalone scope, publication dates and source field labels; no relative-year labels as period proof""}","1"
"7202b7b7-237c-439b-936d-c75bab806678:CFO_FCF_AND_WORKING_CAPITAL","7202b7b7-237c-439b-936d-c75bab806678","TDPOWERSYS","CFO_FCF_AND_WORKING_CAPITAL","1","[]","BLOCKED_CONTRACT","EXACT_FIELD_PERIOD_OR_SCOPE_CONTRACT_NOT_PROVEN","","","","0"
"7202b7b7-237c-439b-936d-c75bab806678:NET_DEBT_AND_INTEREST_COVERAGE","7202b7b7-237c-439b-936d-c75bab806678","TDPOWERSYS","NET_DEBT_AND_INTEREST_COVERAGE","1","[]","BLOCKED_CONTRACT","EXACT_FIELD_PERIOD_OR_SCOPE_CONTRACT_NOT_PROVEN","","","","0"
"7202b7b7-237c-439b-936d-c75bab806678:BUSINESS_DURABILITY","7202b7b7-237c-439b-936d-c75bab806678","TDPOWERSYS","BUSINESS_DURABILITY","1","[]","CACHE_EXCERPT_REVIEW","CITED_DOCUMENT_REVIEW_AND_REQUIREMENT_FACT_CONTRACT_REQUIRED","","","","0"
"7202b7b7-237c-439b-936d-c75bab806678:VALUATION","7202b7b7-237c-439b-936d-c75bab806678","TDPOWERSYS","VALUATION","1","[]","BLOCKED_CONTRACT","EXACT_FIELD_PERIOD_OR_SCOPE_CONTRACT_NOT_PROVEN","","","","0"
"7202b7b7-237c-439b-936d-c75bab806678:MOMENTUM_12M_RELATIVE","7202b7b7-237c-439b-936d-c75bab806678","TDPOWERSYS","MOMENTUM_12M_RELATIVE","252","[]","BLOCKED_HISTORY_AUTHORITY","REVIEWED_SESSION_CALENDAR_AND_ADJUSTMENT_COVERAGE_REQUIRED","","","","0"
"7202b7b7-237c-439b-936d-c75bab806678:DRAWDOWN_VOLATILITY_RISK","7202b7b7-237c-439b-936d-c75bab806678","TDPOWERSYS","DRAWDOWN_VOLATILITY_RISK","252","[]","BLOCKED_HISTORY_AUTHORITY","REVIEWED_SESSION_CALENDAR_AND_ADJUSTMENT_COVERAGE_REQUIRED","","","","0"
"7202b7b7-237c-439b-936d-c75bab806678:OWNERSHIP_GOVERNANCE","7202b7b7-237c-439b-936d-c75bab806678","TDPOWERSYS","OWNERSHIP_GOVERNANCE","4","[]","CACHE_QUARTER_REVIEW","OWNERSHIP_SERIES_DEFINITION_AND_BASIS_REVIEW_REQUIRED","","","","0"
"77f3f9a4-62e0-4b36-8e73-09e1e281ecbf:GROSS_OPERATING_MARGIN_HISTORY","77f3f9a4-62e0-4b36-8e73-09e1e281ecbf","TITAN","GROSS_OPERATING_MARGIN_HISTORY","8","[]","CACHE_FIELD_METADATA_REVIEW","REPORTING_PERIOD_INVALID","","","","0"
"77f3f9a4-62e0-4b36-8e73-09e1e281ecbf:STUDDED_MIX_OR_MAKING_CHARGE_QUALITY","77f3f9a4-62e0-4b36-8e73-09e1e281ecbf","TITAN","STUDDED_MIX_OR_MAKING_CHARGE_QUALITY","8","[]","BLOCKED_CONTRACT","EXACT_FIELD_PERIOD_OR_SCOPE_CONTRACT_NOT_PROVEN","","","","0"
"77f3f9a4-62e0-4b36-8e73-09e1e281ecbf:REVENUE_SAME_STORE_NETWORK_GROWTH","77f3f9a4-62e0-4b36-8e73-09e1e281ecbf","TITAN","REVENUE_SAME_STORE_NETWORK_GROWTH","8","[]","BLOCKED_CONTRACT","EXACT_FIELD_PERIOD_OR_SCOPE_CONTRACT_NOT_PROVEN","","","","0"
"77f3f9a4-62e0-4b36-8e73-09e1e281ecbf:ROCE_OR_ROIC","77f3f9a4-62e0-4b36-8e73-09e1e281ecbf","TITAN","ROCE_OR_ROIC","3","[]","CACHE_FIELD_METADATA_REVIEW","REQUIRED_EVIDENCE_MISSING","","","","0"
"77f3f9a4-62e0-4b36-8e73-09e1e281ecbf:CFO_FCF_INVENTORY_WORKING_CAPITAL","77f3f9a4-62e0-4b36-8e73-09e1e281ecbf","TITAN","CFO_FCF_INVENTORY_WORKING_CAPITAL","3","[]","BLOCKED_CONTRACT","EXACT_FIELD_PERIOD_OR_SCOPE_CONTRACT_NOT_PROVEN","","","","0"
"77f3f9a4-62e0-4b36-8e73-09e1e281ecbf:NET_DEBT_INVENTORY_FUNDING","77f3f9a4-62e0-4b36-8e73-09e1e281ecbf","TITAN","NET_DEBT_INVENTORY_FUNDING","3","[]","BLOCKED_CONTRACT","EXACT_FIELD_PERIOD_OR_SCOPE_CONTRACT_NOT_PROVEN","","","","0"
"77f3f9a4-62e0-4b36-8e73-09e1e281ecbf:BRAND_TRUST_NETWORK_DISTRIBUTION","77f3f9a4-62e0-4b36-8e73-09e1e281ecbf","TITAN","BRAND_TRUST_NETWORK_DISTRIBUTION","3","[]","CACHE_EXCERPT_REVIEW","CITED_DOCUMENT_REVIEW_AND_REQUIREMENT_FACT_CONTRACT_REQUIRED","","","","0"
"77f3f9a4-62e0-4b36-8e73-09e1e281ecbf:FRANCHISE_STORE_ECONOMICS","77f3f9a4-62e0-4b36-8e73-09e1e281ecbf","TITAN","FRANCHISE_STORE_ECONOMICS","3","[]","CACHE_EXCERPT_REVIEW","CITED_DOCUMENT_REVIEW_AND_REQUIREMENT_FACT_CONTRACT_REQUIRED","","","","0"
"77f3f9a4-62e0-4b36-8e73-09e1e281ecbf:PE","77f3f9a4-62e0-4b36-8e73-09e1e281ecbf","TITAN","PE","3","[]","CACHE_FIELD_METADATA_REVIEW","REPORTING_PERIOD_TYPE_NOT_PROVEN","","","","0"
"77f3f9a4-62e0-4b36-8e73-09e1e281ecbf:EV_EBITDA","77f3f9a4-62e0-4b36-8e73-09e1e281ecbf","TITAN","EV_EBITDA","3","[]","BLOCKED_CONTRACT","EXACT_FIELD_PERIOD_OR_SCOPE_CONTRACT_NOT_PROVEN","","","","0"
"77f3f9a4-62e0-4b36-8e73-09e1e281ecbf:FCF_YIELD","77f3f9a4-62e0-4b36-8e73-09e1e281ecbf","TITAN","FCF_YIELD","3","[]","BLOCKED_CONTRACT","EXACT_FIELD_PERIOD_OR_SCOPE_CONTRACT_NOT_PROVEN","","","","0"
"77f3f9a4-62e0-4b36-8e73-09e1e281ecbf:ROCE_WORKING_CAPITAL_CONTEXT","77f3f9a4-62e0-4b36-8e73-09e1e281ecbf","TITAN","ROCE_WORKING_CAPITAL_CONTEXT","3","[]","BLOCKED_CONTRACT","EXACT_FIELD_PERIOD_OR_SCOPE_CONTRACT_NOT_PROVEN","","","","0"
"77f3f9a4-62e0-4b36-8e73-09e1e281ecbf:PRICE_HISTORY_252D","77f3f9a4-62e0-4b36-8e73-09e1e281ecbf","TITAN","PRICE_HISTORY_252D","252","[]","BLOCKED_HISTORY_AUTHORITY","REVIEWED_SESSION_CALENDAR_AND_ADJUSTMENT_COVERAGE_REQUIRED","","","","0"
"77f3f9a4-62e0-4b36-8e73-09e1e281ecbf:APPROVED_BENCHMARK_HISTORY_252D","77f3f9a4-62e0-4b36-8e73-09e1e281ecbf","TITAN","APPROVED_BENCHMARK_HISTORY_252D","252","[]","BLOCKED_HISTORY_AUTHORITY","EXACT_BENCHMARK_AUTHORITY_OR_TOKEN_REQUIRED","","","","0"
"77f3f9a4-62e0-4b36-8e73-09e1e281ecbf:GOLD_PRICE_INVENTORY_REGULATION","77f3f9a4-62e0-4b36-8e73-09e1e281ecbf","TITAN","GOLD_PRICE_INVENTORY_REGULATION","252","[]","CACHE_EXCERPT_REVIEW","CITED_DOCUMENT_REVIEW_AND_REQUIREMENT_FACT_CONTRACT_REQUIRED","","","","0"
"77f3f9a4-62e0-4b36-8e73-09e1e281ecbf:MARKET_DRAWDOWN","77f3f9a4-62e0-4b36-8e73-09e1e281ecbf","TITAN","MARKET_DRAWDOWN","252","[]","BLOCKED_HISTORY_AUTHORITY","REVIEWED_SESSION_CALENDAR_AND_ADJUSTMENT_COVERAGE_REQUIRED","","","","0"
"77f3f9a4-62e0-4b36-8e73-09e1e281ecbf:OWNERSHIP_TREND_4Q","77f3f9a4-62e0-4b36-8e73-09e1e281ecbf","TITAN","OWNERSHIP_TREND_4Q","4","[]","CACHE_QUARTER_REVIEW","OWNERSHIP_SERIES_DEFINITION_AND_BASIS_REVIEW_REQUIRED","","","","0"
"77f3f9a4-62e0-4b36-8e73-09e1e281ecbf:GOVERNANCE_EVENT_REVIEW","77f3f9a4-62e0-4b36-8e73-09e1e281ecbf","TITAN","GOVERNANCE_EVENT_REVIEW","4","[]","CACHE_EXCERPT_REVIEW","CITED_DOCUMENT_REVIEW_AND_REQUIREMENT_FACT_CONTRACT_REQUIRED","","","","0"
"da69b3eb-0343-44f8-912c-288b826118cc:OPERATING_MARGIN_HISTORY","da69b3eb-0343-44f8-912c-288b826118cc","TORNTPHARM","OPERATING_MARGIN_HISTORY","8","[""2024-09-30"",""2025-06-30"",""2025-09-30"",""2025-12-31"",""2026-03-31"",""2026-06-30""]","CACHE_FIELD_METADATA_REVIEW","CANONICAL_UNIT_MISMATCH","","","","0"
"da69b3eb-0343-44f8-912c-288b826118cc:ROCE_OR_ROIC","da69b3eb-0343-44f8-912c-288b826118cc","TORNTPHARM","ROCE_OR_ROIC","3","[]","CACHE_FIELD_METADATA_REVIEW","REPORTING_PERIOD_INVALID","","","","0"
"da69b3eb-0343-44f8-912c-288b826118cc:REVENUE_GROWTH_MULTI_PERIOD","da69b3eb-0343-44f8-912c-288b826118cc","TORNTPHARM","REVENUE_GROWTH_MULTI_PERIOD","3","[""2026-03-31""]","CACHE_FIELD_METADATA_REVIEW","CANONICAL_UNIT_MISMATCH","","","","0"
"da69b3eb-0343-44f8-912c-288b826118cc:NET_PROFIT_GROWTH_MULTI_PERIOD","da69b3eb-0343-44f8-912c-288b826118cc","TORNTPHARM","NET_PROFIT_GROWTH_MULTI_PERIOD","3","[]","CACHE_FIELD_METADATA_REVIEW","REPORTING_PERIOD_TYPE_NOT_PROVEN","","","","0"
"da69b3eb-0343-44f8-912c-288b826118cc:EPS_GROWTH_MULTI_PERIOD","da69b3eb-0343-44f8-912c-288b826118cc","TORNTPHARM","EPS_GROWTH_MULTI_PERIOD","3","[]","BLOCKED_CONTRACT","EXACT_FIELD_PERIOD_OR_SCOPE_CONTRACT_NOT_PROVEN","","","","0"
"da69b3eb-0343-44f8-912c-288b826118cc:CFO_OR_FCF_CONVERSION","da69b3eb-0343-44f8-912c-288b826118cc","TORNTPHARM","CFO_OR_FCF_CONVERSION","3","[""2021-03-31"",""2022-03-31"",""2023-03-31"",""2024-03-31"",""2025-03-31""]","CACHE_FIELD_METADATA_REVIEW","METRIC_CONTRACT_NOT_REVIEWED","","","","0"
"da69b3eb-0343-44f8-912c-288b826118cc:CAPEX","da69b3eb-0343-44f8-912c-288b826118cc","TORNTPHARM","CAPEX","3","[]","BLOCKED_CONTRACT","EXACT_FIELD_PERIOD_OR_SCOPE_CONTRACT_NOT_PROVEN","","","","0"
"da69b3eb-0343-44f8-912c-288b826118cc:NET_CASH_OR_LEVERAGE","da69b3eb-0343-44f8-912c-288b826118cc","TORNTPHARM","NET_CASH_OR_LEVERAGE","3","[]","BLOCKED_CONTRACT","EXACT_FIELD_PERIOD_OR_SCOPE_CONTRACT_NOT_PROVEN","","","","0"
"da69b3eb-0343-44f8-912c-288b826118cc:PE","da69b3eb-0343-44f8-912c-288b826118cc","TORNTPHARM","PE","3","[]","CACHE_FIELD_METADATA_REVIEW","REPORTING_PERIOD_TYPE_NOT_PROVEN","","","","0"
"da69b3eb-0343-44f8-912c-288b826118cc:EV_EBITDA","da69b3eb-0343-44f8-912c-288b826118cc","TORNTPHARM","EV_EBITDA","3","[]","BLOCKED_CONTRACT","EXACT_FIELD_PERIOD_OR_SCOPE_CONTRACT_NOT_PROVEN","","","","0"
"da69b3eb-0343-44f8-912c-288b826118cc:FCF_YIELD","da69b3eb-0343-44f8-912c-288b826118cc","TORNTPHARM","FCF_YIELD","3","[]","BLOCKED_CONTRACT","EXACT_FIELD_PERIOD_OR_SCOPE_CONTRACT_NOT_PROVEN","","","","0"
"da69b3eb-0343-44f8-912c-288b826118cc:PRICE_HISTORY_252D","da69b3eb-0343-44f8-912c-288b826118cc","TORNTPHARM","PRICE_HISTORY_252D","252","[]","BLOCKED_HISTORY_AUTHORITY","REVIEWED_SESSION_CALENDAR_AND_ADJUSTMENT_COVERAGE_REQUIRED","","","","0"
"da69b3eb-0343-44f8-912c-288b826118cc:APPROVED_BENCHMARK_HISTORY_252D","da69b3eb-0343-44f8-912c-288b826118cc","TORNTPHARM","APPROVED_BENCHMARK_HISTORY_252D","252","[]","BLOCKED_HISTORY_AUTHORITY","EXACT_BENCHMARK_AUTHORITY_OR_TOKEN_REQUIRED","","","","0"
"da69b3eb-0343-44f8-912c-288b826118cc:MARKET_DRAWDOWN","da69b3eb-0343-44f8-912c-288b826118cc","TORNTPHARM","MARKET_DRAWDOWN","252","[]","BLOCKED_HISTORY_AUTHORITY","REVIEWED_SESSION_CALENDAR_AND_ADJUSTMENT_COVERAGE_REQUIRED","","","","0"
"da69b3eb-0343-44f8-912c-288b826118cc:VOLATILITY_252D","da69b3eb-0343-44f8-912c-288b826118cc","TORNTPHARM","VOLATILITY_252D","252","[]","BLOCKED_HISTORY_AUTHORITY","REVIEWED_SESSION_CALENDAR_AND_ADJUSTMENT_COVERAGE_REQUIRED","","","","0"
"da69b3eb-0343-44f8-912c-288b826118cc:REGULATORY_RISK","da69b3eb-0343-44f8-912c-288b826118cc","TORNTPHARM","REGULATORY_RISK","252","[]","CACHE_EXCERPT_REVIEW","CITED_DOCUMENT_REVIEW_AND_REQUIREMENT_FACT_CONTRACT_REQUIRED","","","","0"
"da69b3eb-0343-44f8-912c-288b826118cc:OWNERSHIP_TREND_4Q","da69b3eb-0343-44f8-912c-288b826118cc","TORNTPHARM","OWNERSHIP_TREND_4Q","4","[]","CACHE_QUARTER_REVIEW","OWNERSHIP_SERIES_DEFINITION_AND_BASIS_REVIEW_REQUIRED","","","","0"
"da69b3eb-0343-44f8-912c-288b826118cc:GOVERNANCE_EVENT_REVIEW","da69b3eb-0343-44f8-912c-288b826118cc","TORNTPHARM","GOVERNANCE_EVENT_REVIEW","4","[]","CACHE_EXCERPT_REVIEW","CITED_DOCUMENT_REVIEW_AND_REQUIREMENT_FACT_CONTRACT_REQUIRED","","","","0"
"ae52fe71-8ded-4e7c-9a9c-d09efd600826:OPERATING_MARGIN_HISTORY","ae52fe71-8ded-4e7c-9a9c-d09efd600826","TVSMOTOR","OPERATING_MARGIN_HISTORY","1","[]","CACHE_FIELD_METADATA_REVIEW","REPORTING_PERIOD_INVALID","","","","0"
"ae52fe71-8ded-4e7c-9a9c-d09efd600826:VOLUME_AND_REVENUE_GROWTH_MULTI_PERIOD","ae52fe71-8ded-4e7c-9a9c-d09efd600826","TVSMOTOR","VOLUME_AND_REVENUE_GROWTH_MULTI_PERIOD","1","[]","BLOCKED_CONTRACT","EXACT_FIELD_PERIOD_OR_SCOPE_CONTRACT_NOT_PROVEN","","","","0"
"ae52fe71-8ded-4e7c-9a9c-d09efd600826:ROCE_OR_ROIC","ae52fe71-8ded-4e7c-9a9c-d09efd600826","TVSMOTOR","ROCE_OR_ROIC","1","[]","ACQUIRE_RAW_THEN_REVIEW","EXACT_FIELD_MISSING_AND_RESPONSE_METADATA_UNPROVEN","TRENDLYNE","get_parameter_values_multi_stock","{""type"":""stock"",""query"":""TVSMOTOR TVSMOTOR instrument 1430 ROCE Ann. % as of 2026-10-05; supply 1 distinct dated YEAR reporting periods, period start/end, unit/scale, currency, consolidated/standalone scope, publication dates and source field labels; no relative-year labels as period proof""}","1"
"ae52fe71-8ded-4e7c-9a9c-d09efd600826:CFO_OR_FCF_CONVERSION","ae52fe71-8ded-4e7c-9a9c-d09efd600826","TVSMOTOR","CFO_OR_FCF_CONVERSION","1","[]","CACHE_FIELD_METADATA_REVIEW","METRIC_CONTRACT_NOT_REVIEWED","","","","0"
"ae52fe71-8ded-4e7c-9a9c-d09efd600826:NET_CASH_OR_LEVERAGE","ae52fe71-8ded-4e7c-9a9c-d09efd600826","TVSMOTOR","NET_CASH_OR_LEVERAGE","1","[]","BLOCKED_CONTRACT","EXACT_FIELD_PERIOD_OR_SCOPE_CONTRACT_NOT_PROVEN","","","","0"
"ae52fe71-8ded-4e7c-9a9c-d09efd600826:BUSINESS_DURABILITY","ae52fe71-8ded-4e7c-9a9c-d09efd600826","TVSMOTOR","BUSINESS_DURABILITY","1","[]","CACHE_EXCERPT_REVIEW","CITED_DOCUMENT_REVIEW_AND_REQUIREMENT_FACT_CONTRACT_REQUIRED","","","","0"
"ae52fe71-8ded-4e7c-9a9c-d09efd600826:VALUATION","ae52fe71-8ded-4e7c-9a9c-d09efd600826","TVSMOTOR","VALUATION","1","[]","BLOCKED_CONTRACT","EXACT_FIELD_PERIOD_OR_SCOPE_CONTRACT_NOT_PROVEN","","","","0"
"ae52fe71-8ded-4e7c-9a9c-d09efd600826:MOMENTUM_12M_RELATIVE","ae52fe71-8ded-4e7c-9a9c-d09efd600826","TVSMOTOR","MOMENTUM_12M_RELATIVE","252","[]","BLOCKED_HISTORY_AUTHORITY","REVIEWED_SESSION_CALENDAR_AND_ADJUSTMENT_COVERAGE_REQUIRED","","","","0"
"ae52fe71-8ded-4e7c-9a9c-d09efd600826:DRAWDOWN_VOLATILITY_RISK","ae52fe71-8ded-4e7c-9a9c-d09efd600826","TVSMOTOR","DRAWDOWN_VOLATILITY_RISK","252","[]","BLOCKED_HISTORY_AUTHORITY","REVIEWED_SESSION_CALENDAR_AND_ADJUSTMENT_COVERAGE_REQUIRED","","","","0"
"ae52fe71-8ded-4e7c-9a9c-d09efd600826:OWNERSHIP_GOVERNANCE","ae52fe71-8ded-4e7c-9a9c-d09efd600826","TVSMOTOR","OWNERSHIP_GOVERNANCE","4","[]","CACHE_QUARTER_REVIEW","OWNERSHIP_SERIES_DEFINITION_AND_BASIS_REVIEW_REQUIRED","","","","0"
"84455cdf-46f9-48d3-a323-8b46ef8cd9f6:OPERATING_MARGIN_HISTORY","84455cdf-46f9-48d3-a323-8b46ef8cd9f6","USHAMART","OPERATING_MARGIN_HISTORY","1","[]","CACHE_FIELD_METADATA_REVIEW","REPORTING_PERIOD_INVALID","","","","0"
"84455cdf-46f9-48d3-a323-8b46ef8cd9f6:REVENUE_AND_ORDER_GROWTH_MULTI_PERIOD","84455cdf-46f9-48d3-a323-8b46ef8cd9f6","USHAMART","REVENUE_AND_ORDER_GROWTH_MULTI_PERIOD","1","[]","BLOCKED_CONTRACT","EXACT_FIELD_PERIOD_OR_SCOPE_CONTRACT_NOT_PROVEN","","","","0"
"84455cdf-46f9-48d3-a323-8b46ef8cd9f6:ROCE_OR_ROIC","84455cdf-46f9-48d3-a323-8b46ef8cd9f6","USHAMART","ROCE_OR_ROIC","1","[]","ACQUIRE_RAW_THEN_REVIEW","EXACT_FIELD_MISSING_AND_RESPONSE_METADATA_UNPROVEN","TRENDLYNE","get_parameter_values_multi_stock","{""type"":""stock"",""query"":""USHAMART USHAMART instrument 1456 ROCE Ann. % as of 2026-10-05; supply 1 distinct dated YEAR reporting periods, period start/end, unit/scale, currency, consolidated/standalone scope, publication dates and source field labels; no relative-year labels as period proof""}","1"
"84455cdf-46f9-48d3-a323-8b46ef8cd9f6:CFO_FCF_AND_WORKING_CAPITAL","84455cdf-46f9-48d3-a323-8b46ef8cd9f6","USHAMART","CFO_FCF_AND_WORKING_CAPITAL","1","[]","BLOCKED_CONTRACT","EXACT_FIELD_PERIOD_OR_SCOPE_CONTRACT_NOT_PROVEN","","","","0"
"84455cdf-46f9-48d3-a323-8b46ef8cd9f6:NET_DEBT_AND_INTEREST_COVERAGE","84455cdf-46f9-48d3-a323-8b46ef8cd9f6","USHAMART","NET_DEBT_AND_INTEREST_COVERAGE","1","[]","BLOCKED_CONTRACT","EXACT_FIELD_PERIOD_OR_SCOPE_CONTRACT_NOT_PROVEN","","","","0"
"84455cdf-46f9-48d3-a323-8b46ef8cd9f6:BUSINESS_DURABILITY","84455cdf-46f9-48d3-a323-8b46ef8cd9f6","USHAMART","BUSINESS_DURABILITY","1","[]","CACHE_EXCERPT_REVIEW","CITED_DOCUMENT_REVIEW_AND_REQUIREMENT_FACT_CONTRACT_REQUIRED","","","","0"
"84455cdf-46f9-48d3-a323-8b46ef8cd9f6:VALUATION","84455cdf-46f9-48d3-a323-8b46ef8cd9f6","USHAMART","VALUATION","1","[]","BLOCKED_CONTRACT","EXACT_FIELD_PERIOD_OR_SCOPE_CONTRACT_NOT_PROVEN","","","","0"
"84455cdf-46f9-48d3-a323-8b46ef8cd9f6:MOMENTUM_12M_RELATIVE","84455cdf-46f9-48d3-a323-8b46ef8cd9f6","USHAMART","MOMENTUM_12M_RELATIVE","252","[]","BLOCKED_HISTORY_AUTHORITY","REVIEWED_SESSION_CALENDAR_AND_ADJUSTMENT_COVERAGE_REQUIRED","","","","0"
"84455cdf-46f9-48d3-a323-8b46ef8cd9f6:DRAWDOWN_VOLATILITY_RISK","84455cdf-46f9-48d3-a323-8b46ef8cd9f6","USHAMART","DRAWDOWN_VOLATILITY_RISK","252","[]","BLOCKED_HISTORY_AUTHORITY","REVIEWED_SESSION_CALENDAR_AND_ADJUSTMENT_COVERAGE_REQUIRED","","","","0"
"84455cdf-46f9-48d3-a323-8b46ef8cd9f6:OWNERSHIP_GOVERNANCE","84455cdf-46f9-48d3-a323-8b46ef8cd9f6","USHAMART","OWNERSHIP_GOVERNANCE","4","[]","CACHE_QUARTER_REVIEW","OWNERSHIP_SERIES_DEFINITION_AND_BASIS_REVIEW_REQUIRED","","","","0"
"4365b9c2-3dd2-4086-9077-fcf0ec71e6c9:GROSS_AND_OPERATING_MARGIN_HISTORY","4365b9c2-3dd2-4086-9077-fcf0ec71e6c9","VBL","GROSS_AND_OPERATING_MARGIN_HISTORY","1","[]","BLOCKED_CONTRACT","EXACT_FIELD_PERIOD_OR_SCOPE_CONTRACT_NOT_PROVEN","","","","0"
"4365b9c2-3dd2-4086-9077-fcf0ec71e6c9:REVENUE_AND_VOLUME_PRICE_MIX_GROWTH","4365b9c2-3dd2-4086-9077-fcf0ec71e6c9","VBL","REVENUE_AND_VOLUME_PRICE_MIX_GROWTH","1","[]","BLOCKED_CONTRACT","EXACT_FIELD_PERIOD_OR_SCOPE_CONTRACT_NOT_PROVEN","","","","0"
"4365b9c2-3dd2-4086-9077-fcf0ec71e6c9:ROCE_OR_ROIC","4365b9c2-3dd2-4086-9077-fcf0ec71e6c9","VBL","ROCE_OR_ROIC","1","[]","ACQUIRE_RAW_THEN_REVIEW","EXACT_FIELD_MISSING_AND_RESPONSE_METADATA_UNPROVEN","TRENDLYNE","get_parameter_values_multi_stock","{""type"":""stock"",""query"":""VBL VBL instrument 4813 ROCE Ann. % as of 2026-10-05; supply 1 distinct dated YEAR reporting periods, period start/end, unit/scale, currency, consolidated/standalone scope, publication dates and source field labels; no relative-year labels as period proof""}","1"
"4365b9c2-3dd2-4086-9077-fcf0ec71e6c9:CFO_OR_FCF_CONVERSION_AND_WORKING_CAPITAL","4365b9c2-3dd2-4086-9077-fcf0ec71e6c9","VBL","CFO_OR_FCF_CONVERSION_AND_WORKING_CAPITAL","1","[]","BLOCKED_CONTRACT","EXACT_FIELD_PERIOD_OR_SCOPE_CONTRACT_NOT_PROVEN","","","","0"
"4365b9c2-3dd2-4086-9077-fcf0ec71e6c9:NET_CASH_OR_LEVERAGE","4365b9c2-3dd2-4086-9077-fcf0ec71e6c9","VBL","NET_CASH_OR_LEVERAGE","1","[]","BLOCKED_CONTRACT","EXACT_FIELD_PERIOD_OR_SCOPE_CONTRACT_NOT_PROVEN","","","","0"
"4365b9c2-3dd2-4086-9077-fcf0ec71e6c9:BRAND_DISTRIBUTION_CATEGORY_DURABILITY","4365b9c2-3dd2-4086-9077-fcf0ec71e6c9","VBL","BRAND_DISTRIBUTION_CATEGORY_DURABILITY","1","[]","CACHE_EXCERPT_REVIEW","CITED_DOCUMENT_REVIEW_AND_REQUIREMENT_FACT_CONTRACT_REQUIRED","","","","0"
"4365b9c2-3dd2-4086-9077-fcf0ec71e6c9:VALUATION","4365b9c2-3dd2-4086-9077-fcf0ec71e6c9","VBL","VALUATION","1","[]","BLOCKED_CONTRACT","EXACT_FIELD_PERIOD_OR_SCOPE_CONTRACT_NOT_PROVEN","","","","0"
"4365b9c2-3dd2-4086-9077-fcf0ec71e6c9:MOMENTUM_12M_RELATIVE","4365b9c2-3dd2-4086-9077-fcf0ec71e6c9","VBL","MOMENTUM_12M_RELATIVE","252","[]","BLOCKED_HISTORY_AUTHORITY","REVIEWED_SESSION_CALENDAR_AND_ADJUSTMENT_COVERAGE_REQUIRED","","","","0"
"4365b9c2-3dd2-4086-9077-fcf0ec71e6c9:CATEGORY_AND_MARKET_RISK","4365b9c2-3dd2-4086-9077-fcf0ec71e6c9","VBL","CATEGORY_AND_MARKET_RISK","1","[]","BLOCKED_CONTRACT","EXACT_FIELD_PERIOD_OR_SCOPE_CONTRACT_NOT_PROVEN","","","","0"
"4365b9c2-3dd2-4086-9077-fcf0ec71e6c9:OWNERSHIP_GOVERNANCE","4365b9c2-3dd2-4086-9077-fcf0ec71e6c9","VBL","OWNERSHIP_GOVERNANCE","4","[]","CACHE_QUARTER_REVIEW","OWNERSHIP_SERIES_DEFINITION_AND_BASIS_REVIEW_REQUIRED","","","","0"
"1b95d282-328b-408c-8fed-6b52b7544b05:OPERATING_MARGIN_HISTORY","1b95d282-328b-408c-8fed-6b52b7544b05","WAAREEENER","OPERATING_MARGIN_HISTORY","1","[]","CACHE_FIELD_METADATA_REVIEW","REPORTING_PERIOD_INVALID","","","","0"
"1b95d282-328b-408c-8fed-6b52b7544b05:REVENUE_AND_ORDER_GROWTH_MULTI_PERIOD","1b95d282-328b-408c-8fed-6b52b7544b05","WAAREEENER","REVENUE_AND_ORDER_GROWTH_MULTI_PERIOD","1","[]","BLOCKED_CONTRACT","EXACT_FIELD_PERIOD_OR_SCOPE_CONTRACT_NOT_PROVEN","","","","0"
"1b95d282-328b-408c-8fed-6b52b7544b05:ROCE_OR_ROIC","1b95d282-328b-408c-8fed-6b52b7544b05","WAAREEENER","ROCE_OR_ROIC","1","[]","CACHE_FIELD_METADATA_REVIEW","REPORTING_PERIOD_INVALID","","","","0"
"1b95d282-328b-408c-8fed-6b52b7544b05:CFO_FCF_AND_WORKING_CAPITAL","1b95d282-328b-408c-8fed-6b52b7544b05","WAAREEENER","CFO_FCF_AND_WORKING_CAPITAL","1","[]","BLOCKED_CONTRACT","EXACT_FIELD_PERIOD_OR_SCOPE_CONTRACT_NOT_PROVEN","","","","0"
"1b95d282-328b-408c-8fed-6b52b7544b05:NET_DEBT_AND_INTEREST_COVERAGE","1b95d282-328b-408c-8fed-6b52b7544b05","WAAREEENER","NET_DEBT_AND_INTEREST_COVERAGE","1","[]","BLOCKED_CONTRACT","EXACT_FIELD_PERIOD_OR_SCOPE_CONTRACT_NOT_PROVEN","","","","0"
"1b95d282-328b-408c-8fed-6b52b7544b05:BUSINESS_DURABILITY","1b95d282-328b-408c-8fed-6b52b7544b05","WAAREEENER","BUSINESS_DURABILITY","1","[]","CACHE_EXCERPT_REVIEW","CITED_DOCUMENT_REVIEW_AND_REQUIREMENT_FACT_CONTRACT_REQUIRED","","","","0"
"1b95d282-328b-408c-8fed-6b52b7544b05:VALUATION","1b95d282-328b-408c-8fed-6b52b7544b05","WAAREEENER","VALUATION","1","[]","BLOCKED_CONTRACT","EXACT_FIELD_PERIOD_OR_SCOPE_CONTRACT_NOT_PROVEN","","","","0"
"1b95d282-328b-408c-8fed-6b52b7544b05:MOMENTUM_12M_RELATIVE","1b95d282-328b-408c-8fed-6b52b7544b05","WAAREEENER","MOMENTUM_12M_RELATIVE","252","[]","BLOCKED_HISTORY_AUTHORITY","REVIEWED_SESSION_CALENDAR_AND_ADJUSTMENT_COVERAGE_REQUIRED","","","","0"
"1b95d282-328b-408c-8fed-6b52b7544b05:DRAWDOWN_VOLATILITY_RISK","1b95d282-328b-408c-8fed-6b52b7544b05","WAAREEENER","DRAWDOWN_VOLATILITY_RISK","252","[]","BLOCKED_HISTORY_AUTHORITY","REVIEWED_SESSION_CALENDAR_AND_ADJUSTMENT_COVERAGE_REQUIRED","","","","0"
"1b95d282-328b-408c-8fed-6b52b7544b05:OWNERSHIP_GOVERNANCE","1b95d282-328b-408c-8fed-6b52b7544b05","WAAREEENER","OWNERSHIP_GOVERNANCE","4","[]","CACHE_QUARTER_REVIEW","OWNERSHIP_SERIES_DEFINITION_AND_BASIS_REVIEW_REQUIRED","","","","0"
"26f75601-2e62-4272-8c49-f1475bb15dae:OPERATING_MARGIN_CONTRACT_QUALITY","26f75601-2e62-4272-8c49-f1475bb15dae","WABAG","OPERATING_MARGIN_CONTRACT_QUALITY","8","[]","BLOCKED_CONTRACT","EXACT_FIELD_PERIOD_OR_SCOPE_CONTRACT_NOT_PROVEN","","","","0"
"26f75601-2e62-4272-8c49-f1475bb15dae:COLLECTION_OR_TREATMENT_EFFICIENCY","26f75601-2e62-4272-8c49-f1475bb15dae","WABAG","COLLECTION_OR_TREATMENT_EFFICIENCY","8","[]","BLOCKED_CONTRACT","EXACT_FIELD_PERIOD_OR_SCOPE_CONTRACT_NOT_PROVEN","","","","0"
"26f75601-2e62-4272-8c49-f1475bb15dae:REVENUE_ORDER_BOOK_CAPACITY_GROWTH","26f75601-2e62-4272-8c49-f1475bb15dae","WABAG","REVENUE_ORDER_BOOK_CAPACITY_GROWTH","8","[]","CACHE_EXCERPT_REVIEW","CITED_DOCUMENT_REVIEW_AND_REQUIREMENT_FACT_CONTRACT_REQUIRED","","","","0"
"26f75601-2e62-4272-8c49-f1475bb15dae:ROCE_OR_ROIC_PROJECT_CONTEXT","26f75601-2e62-4272-8c49-f1475bb15dae","WABAG","ROCE_OR_ROIC_PROJECT_CONTEXT","3","[]","BLOCKED_CONTRACT","EXACT_FIELD_PERIOD_OR_SCOPE_CONTRACT_NOT_PROVEN","","","","0"
"26f75601-2e62-4272-8c49-f1475bb15dae:CFO_FCF_RECEIVABLES","26f75601-2e62-4272-8c49-f1475bb15dae","WABAG","CFO_FCF_RECEIVABLES","3","[]","CACHE_EXCERPT_REVIEW","CITED_DOCUMENT_REVIEW_AND_REQUIREMENT_FACT_CONTRACT_REQUIRED","","","","0"
"26f75601-2e62-4272-8c49-f1475bb15dae:NET_DEBT_INTEREST_COVERAGE","26f75601-2e62-4272-8c49-f1475bb15dae","WABAG","NET_DEBT_INTEREST_COVERAGE","3","[]","BLOCKED_CONTRACT","EXACT_FIELD_PERIOD_OR_SCOPE_CONTRACT_NOT_PROVEN","","","","0"
"26f75601-2e62-4272-8c49-f1475bb15dae:CONCESSION_CONTRACT_DURATION","26f75601-2e62-4272-8c49-f1475bb15dae","WABAG","CONCESSION_CONTRACT_DURATION","3","[]","BLOCKED_CONTRACT","EXACT_FIELD_PERIOD_OR_SCOPE_CONTRACT_NOT_PROVEN","","","","0"
"26f75601-2e62-4272-8c49-f1475bb15dae:TECHNOLOGY_PERMITS_MUNICIPAL_INDUSTRIAL_DIVERSIFICATION","26f75601-2e62-4272-8c49-f1475bb15dae","WABAG","TECHNOLOGY_PERMITS_MUNICIPAL_INDUSTRIAL_DIVERSIFICATION","3","[]","CACHE_EXCERPT_REVIEW","CITED_DOCUMENT_REVIEW_AND_REQUIREMENT_FACT_CONTRACT_REQUIRED","","","","0"
"26f75601-2e62-4272-8c49-f1475bb15dae:EV_EBITDA","26f75601-2e62-4272-8c49-f1475bb15dae","WABAG","EV_EBITDA","3","[]","BLOCKED_CONTRACT","EXACT_FIELD_PERIOD_OR_SCOPE_CONTRACT_NOT_PROVEN","","","","0"
"26f75601-2e62-4272-8c49-f1475bb15dae:PE","26f75601-2e62-4272-8c49-f1475bb15dae","WABAG","PE","3","[]","CACHE_FIELD_METADATA_REVIEW","REPORTING_PERIOD_TYPE_NOT_PROVEN","","","","0"
"26f75601-2e62-4272-8c49-f1475bb15dae:FCF_YIELD","26f75601-2e62-4272-8c49-f1475bb15dae","WABAG","FCF_YIELD","3","[]","BLOCKED_CONTRACT","EXACT_FIELD_PERIOD_OR_SCOPE_CONTRACT_NOT_PROVEN","","","","0"
"26f75601-2e62-4272-8c49-f1475bb15dae:ROCE_PROJECT_CONTEXT","26f75601-2e62-4272-8c49-f1475bb15dae","WABAG","ROCE_PROJECT_CONTEXT","3","[]","BLOCKED_CONTRACT","EXACT_FIELD_PERIOD_OR_SCOPE_CONTRACT_NOT_PROVEN","","","","0"
"26f75601-2e62-4272-8c49-f1475bb15dae:PRICE_HISTORY_252D","26f75601-2e62-4272-8c49-f1475bb15dae","WABAG","PRICE_HISTORY_252D","252","[]","BLOCKED_HISTORY_AUTHORITY","REVIEWED_SESSION_CALENDAR_AND_ADJUSTMENT_COVERAGE_REQUIRED","","","","0"
"26f75601-2e62-4272-8c49-f1475bb15dae:APPROVED_BENCHMARK_HISTORY_252D","26f75601-2e62-4272-8c49-f1475bb15dae","WABAG","APPROVED_BENCHMARK_HISTORY_252D","252","[]","BLOCKED_HISTORY_AUTHORITY","REVIEWED_SESSION_CALENDAR_AND_ADJUSTMENT_COVERAGE_REQUIRED","","","","0"
"26f75601-2e62-4272-8c49-f1475bb15dae:COUNTERPARTY_RECEIVABLE_REGULATORY_PROJECT","26f75601-2e62-4272-8c49-f1475bb15dae","WABAG","COUNTERPARTY_RECEIVABLE_REGULATORY_PROJECT","252","[]","CACHE_EXCERPT_REVIEW","CITED_DOCUMENT_REVIEW_AND_REQUIREMENT_FACT_CONTRACT_REQUIRED","","","","0"
"26f75601-2e62-4272-8c49-f1475bb15dae:MARKET_DRAWDOWN","26f75601-2e62-4272-8c49-f1475bb15dae","WABAG","MARKET_DRAWDOWN","252","[]","BLOCKED_HISTORY_AUTHORITY","REVIEWED_SESSION_CALENDAR_AND_ADJUSTMENT_COVERAGE_REQUIRED","","","","0"
"26f75601-2e62-4272-8c49-f1475bb15dae:OWNERSHIP_TREND_4Q","26f75601-2e62-4272-8c49-f1475bb15dae","WABAG","OWNERSHIP_TREND_4Q","4","[]","ACQUIRE_RAW_THEN_REVIEW","DATED_OWNERSHIP_QUARTERS_MISSING","TRENDLYNE","get_ownership_deals_insider_sast","{""stock_code"":""WABAG"",""type"":""shareholding""}","1"
"26f75601-2e62-4272-8c49-f1475bb15dae:GOVERNANCE_EVENT_REVIEW","26f75601-2e62-4272-8c49-f1475bb15dae","WABAG","GOVERNANCE_EVENT_REVIEW","4","[]","CACHE_EXCERPT_REVIEW","CITED_DOCUMENT_REVIEW_AND_REQUIREMENT_FACT_CONTRACT_REQUIRED","","","","0"
"d9c3bd06-63dd-4272-8408-1ced7ec9faa6:OPERATING_MARGIN_HISTORY","d9c3bd06-63dd-4272-8408-1ced7ec9faa6","YATHARTH","OPERATING_MARGIN_HISTORY","1","[]","CACHE_FIELD_METADATA_REVIEW","REPORTING_PERIOD_INVALID","","","","0"
"d9c3bd06-63dd-4272-8408-1ced7ec9faa6:REVENUE_AND_EBITDA_GROWTH_MULTI_PERIOD","d9c3bd06-63dd-4272-8408-1ced7ec9faa6","YATHARTH","REVENUE_AND_EBITDA_GROWTH_MULTI_PERIOD","1","[]","BLOCKED_CONTRACT","EXACT_FIELD_PERIOD_OR_SCOPE_CONTRACT_NOT_PROVEN","","","","0"
"d9c3bd06-63dd-4272-8408-1ced7ec9faa6:ROCE_OR_ROIC","d9c3bd06-63dd-4272-8408-1ced7ec9faa6","YATHARTH","ROCE_OR_ROIC","1","[]","ACQUIRE_RAW_THEN_REVIEW","EXACT_FIELD_MISSING_AND_RESPONSE_METADATA_UNPROVEN","TRENDLYNE","get_parameter_values_multi_stock","{""type"":""stock"",""query"":""YATHARTH YATHARTH instrument 1565404 ROCE Ann. % as of 2026-10-05; supply 1 distinct dated YEAR reporting periods, period start/end, unit/scale, currency, consolidated/standalone scope, publication dates and source field labels; no relative-year labels as period proof""}","1"
"d9c3bd06-63dd-4272-8408-1ced7ec9faa6:CFO_OR_FCF_CONVERSION","d9c3bd06-63dd-4272-8408-1ced7ec9faa6","YATHARTH","CFO_OR_FCF_CONVERSION","1","[]","CACHE_FIELD_METADATA_REVIEW","METRIC_CONTRACT_NOT_REVIEWED","","","","0"
"d9c3bd06-63dd-4272-8408-1ced7ec9faa6:NET_CASH_OR_LEVERAGE","d9c3bd06-63dd-4272-8408-1ced7ec9faa6","YATHARTH","NET_CASH_OR_LEVERAGE","1","[]","BLOCKED_CONTRACT","EXACT_FIELD_PERIOD_OR_SCOPE_CONTRACT_NOT_PROVEN","","","","0"
"d9c3bd06-63dd-4272-8408-1ced7ec9faa6:HOSPITAL_OPERATING_DURABILITY","d9c3bd06-63dd-4272-8408-1ced7ec9faa6","YATHARTH","HOSPITAL_OPERATING_DURABILITY","1","[]","CACHE_EXCERPT_REVIEW","CITED_DOCUMENT_REVIEW_AND_REQUIREMENT_FACT_CONTRACT_REQUIRED","","","","0"
"d9c3bd06-63dd-4272-8408-1ced7ec9faa6:VALUATION","d9c3bd06-63dd-4272-8408-1ced7ec9faa6","YATHARTH","VALUATION","1","[]","BLOCKED_CONTRACT","EXACT_FIELD_PERIOD_OR_SCOPE_CONTRACT_NOT_PROVEN","","","","0"
"d9c3bd06-63dd-4272-8408-1ced7ec9faa6:MOMENTUM_12M_RELATIVE","d9c3bd06-63dd-4272-8408-1ced7ec9faa6","YATHARTH","MOMENTUM_12M_RELATIVE","252","[]","BLOCKED_HISTORY_AUTHORITY","REVIEWED_SESSION_CALENDAR_AND_ADJUSTMENT_COVERAGE_REQUIRED","","","","0"
"d9c3bd06-63dd-4272-8408-1ced7ec9faa6:DRAWDOWN_VOLATILITY_RISK","d9c3bd06-63dd-4272-8408-1ced7ec9faa6","YATHARTH","DRAWDOWN_VOLATILITY_RISK","252","[]","BLOCKED_HISTORY_AUTHORITY","REVIEWED_SESSION_CALENDAR_AND_ADJUSTMENT_COVERAGE_REQUIRED","","","","0"
"d9c3bd06-63dd-4272-8408-1ced7ec9faa6:OWNERSHIP_GOVERNANCE","d9c3bd06-63dd-4272-8408-1ced7ec9faa6","YATHARTH","OWNERSHIP_GOVERNANCE","4","[]","CACHE_QUARTER_REVIEW","OWNERSHIP_SERIES_DEFINITION_AND_BASIS_REVIEW_REQUIRED","","","","0"
"462c3c0e-a356-417d-8e8b-d3aa7b3d7b10:REVENUE_GROWTH_MULTI_PERIOD","462c3c0e-a356-417d-8e8b-d3aa7b3d7b10","ZAGGLE","REVENUE_GROWTH_MULTI_PERIOD","1","[]","CACHE_FIELD_METADATA_REVIEW","METRIC_CONTRACT_NOT_REVIEWED","","","","0"
"462c3c0e-a356-417d-8e8b-d3aa7b3d7b10:OPERATING_MARGIN_HISTORY","462c3c0e-a356-417d-8e8b-d3aa7b3d7b10","ZAGGLE","OPERATING_MARGIN_HISTORY","1","[]","CACHE_FIELD_METADATA_REVIEW","REPORTING_PERIOD_INVALID","","","","0"
"462c3c0e-a356-417d-8e8b-d3aa7b3d7b10:ROCE_OR_ROIC","462c3c0e-a356-417d-8e8b-d3aa7b3d7b10","ZAGGLE","ROCE_OR_ROIC","1","[]","ACQUIRE_RAW_THEN_REVIEW","EXACT_FIELD_MISSING_AND_RESPONSE_METADATA_UNPROVEN","TRENDLYNE","get_parameter_values_multi_stock","{""type"":""stock"",""query"":""ZAGGLE ZAGGLE instrument 1690561 ROCE Ann. % as of 2026-10-05; supply 1 distinct dated YEAR reporting periods, period start/end, unit/scale, currency, consolidated/standalone scope, publication dates and source field labels; no relative-year labels as period proof""}","1"
"462c3c0e-a356-417d-8e8b-d3aa7b3d7b10:FCF_OR_CASH_BURN","462c3c0e-a356-417d-8e8b-d3aa7b3d7b10","ZAGGLE","FCF_OR_CASH_BURN","1","[]","BLOCKED_CONTRACT","EXACT_FIELD_PERIOD_OR_SCOPE_CONTRACT_NOT_PROVEN","","","","0"
"462c3c0e-a356-417d-8e8b-d3aa7b3d7b10:NET_CASH_OR_LEVERAGE","462c3c0e-a356-417d-8e8b-d3aa7b3d7b10","ZAGGLE","NET_CASH_OR_LEVERAGE","1","[]","BLOCKED_CONTRACT","EXACT_FIELD_PERIOD_OR_SCOPE_CONTRACT_NOT_PROVEN","","","","0"
"462c3c0e-a356-417d-8e8b-d3aa7b3d7b10:BUSINESS_DURABILITY","462c3c0e-a356-417d-8e8b-d3aa7b3d7b10","ZAGGLE","BUSINESS_DURABILITY","1","[]","CACHE_EXCERPT_REVIEW","CITED_DOCUMENT_REVIEW_AND_REQUIREMENT_FACT_CONTRACT_REQUIRED","","","","0"
"462c3c0e-a356-417d-8e8b-d3aa7b3d7b10:VALUATION","462c3c0e-a356-417d-8e8b-d3aa7b3d7b10","ZAGGLE","VALUATION","1","[]","BLOCKED_CONTRACT","EXACT_FIELD_PERIOD_OR_SCOPE_CONTRACT_NOT_PROVEN","","","","0"
"462c3c0e-a356-417d-8e8b-d3aa7b3d7b10:MOMENTUM_12M_RELATIVE","462c3c0e-a356-417d-8e8b-d3aa7b3d7b10","ZAGGLE","MOMENTUM_12M_RELATIVE","252","[]","BLOCKED_HISTORY_AUTHORITY","REVIEWED_SESSION_CALENDAR_AND_ADJUSTMENT_COVERAGE_REQUIRED","","","","0"
"462c3c0e-a356-417d-8e8b-d3aa7b3d7b10:DRAWDOWN_VOLATILITY_RISK","462c3c0e-a356-417d-8e8b-d3aa7b3d7b10","ZAGGLE","DRAWDOWN_VOLATILITY_RISK","252","[]","BLOCKED_HISTORY_AUTHORITY","REVIEWED_SESSION_CALENDAR_AND_ADJUSTMENT_COVERAGE_REQUIRED","","","","0"
"462c3c0e-a356-417d-8e8b-d3aa7b3d7b10:OWNERSHIP_GOVERNANCE","462c3c0e-a356-417d-8e8b-d3aa7b3d7b10","ZAGGLE","OWNERSHIP_GOVERNANCE","4","[]","CACHE_QUARTER_REVIEW","OWNERSHIP_SERIES_DEFINITION_AND_BASIS_REVIEW_REQUIRED","","","","0"
