cash_distribution_per_share,effective_date,evidence_hash,ex_date_close,ex_raw_price_observation_id,ex_raw_row_hash,ex_series,ex_symbols,historical_identity_id,normalization_id,old_factor_state,old_normalization_state,previous_close,previous_raw_price_observation_id,previous_raw_row_hash,previous_series,previous_symbols,previous_trade_date,raw_purpose,recovery_reason,recovery_state,total_return_link_factor
22.50,2023-10-17,3f88eed4f61216b3ecf7e58aba5d126c27e7d3705c104cd981b79e97ab49fe7f,631.1,532cc84e-847a-579c-89cd-582b1d313baa,ffc62a81b10125a2b0d4d55931ab9c683a2fb00469b79b0f681087bfca2b0adb,EQ,GLS,41be4a2f-3e96-500c-93bc-3760dfc4bc3c,34ed4fc9-46fe-541e-814e-942077f869e2,BLOCKED,READY,667.9,dd674e4a-5969-54ce-a2da-0968bc7aa094,e7488eafd113e62ddd5aff85a6e3dc8c934ac88b5abfa3d50fc08567a8924cfc,EQ,GLS,2023-10-16,Interim Dividend - Rs 22.50 Per Share,,RECOVERED,0.978589609222937565503817936817
0.50,2023-10-19,9c8a2854d9bff15c892e5c20c3090e4fec7061b2499be51d9c65a55ee3e8e330,498,79c27522-b64b-5ab9-91d7-cae69402bc8e,baf1a565121121738e0ed9c83dc8f39bb3b96ef52c1c56264a487a63027d98ba,BE,BCONCEPTS,e8ff8cc6-bcc3-5ee3-b61a-ddde1c9a7735,228c1f9b-4b49-5855-935b-d31f9e154c7d,BLOCKED,READY,500,e5720bec-58d5-55a8-b35c-f2cfce6d915b,120ed34719be17457bf7dbd47b78aa5e544efb33f8fed23ea825998abd31816a,BE,BCONCEPTS,2023-10-18,Dividend - Re 0.50 Per Share,,RECOVERED,0.997
5,2023-10-19,fb365de70089857909610f41fad8d200b86984310caa53a980bf433940074102,2371.5,ad71cecc-9244-5c32-acc9-c483b44d4331,68ba139d93596cc4b3d5b92c749d726cdf4373df3936c977cfa5320ac77f851c,BE,SEMAC,bbd8941a-451b-578e-861b-ecd1e9f5fd65,3718461e-81fa-5ddf-9679-87b039987651,BLOCKED,READY,2330,1f4fa0b1-667a-5118-b8b3-33c0828200b2,8073726ce02ce52122164b72a52b102c76614736e7056a11f192b8f94f6027c2,BE,SEMAC,2023-10-18,Dividend - Rs 5 Per Share,,RECOVERED,1.01995708154506437768240343348
12.70,2023-10-20,,,,,,,,618e10e8-d778-542a-b331-203add621a21,,BLOCKED,,,,,,2023-10-19,Interim Dividend - Rs 12.70 Per Share,IDENTITY_ABSENT_PREVIOUS_AND_EX_DATE,BLOCKED,
0.25,2023-10-20,,,,,,,,dd72e576-7b38-5e0e-a94a-dd9a8ddc5b0b,,BLOCKED,,,,,,2023-10-19,Interim Dividend - Re 0.25 Per Share,IDENTITY_ABSENT_PREVIOUS_AND_EX_DATE,BLOCKED,
7,2023-10-26,,,,,,,,6a55ad69-7e94-5c3b-b00a-9690438fa6d9,,BLOCKED,,,,,,2023-10-25,Interim Dividend - Rs 7 Per Share,IDENTITY_ABSENT_PREVIOUS_AND_EX_DATE,BLOCKED,
20,2023-10-27,b287a6c776e3e992950cb98c51acc092fcb96037baba18d0aeb635384a8b374d,5171,c33bc7fb-767a-5d59-aa60-7b5351d89333,fc5ac3c82fb1ee3598cc27ce79f6744fbb02ba9299d63d78daf8673ff55f572c,EQ,LTIM,da59889b-2853-5a54-b8d4-387a70bbf24b,87bf3f7c-a723-5c3d-9859-fa166c2b9180,BLOCKED,READY,5170.5,7d131bc8-a249-5f40-ad48-831691301205,e50d63121da982022a2b0012343b3419f7b85592e5c601346749dde4e2570f23,EQ,LTIM,2023-10-26,Interim Dividend - Rs 20 Per Share,,RECOVERED,1.00396480030944782903007446088
2,2023-10-31,f9513e9876d4901a78c689af5979c50da07bfa15f1dd7991fd1f1998f6606312,354.8,bb92970a-3248-5420-b4c0-7b8fee03851b,3deaef7ed1b3c9bc10d68e7fcb3c69b977f570574e8106082cf568ee0a191d60,EQ,TIPSINDLTD,401d7d89-bcfb-5c31-ba44-c10a89369455,442b5b33-8d7c-5fad-876d-f92dc5787a2d,BLOCKED,READY,351.3,b6af3a86-cd1d-5b76-96d6-f9cc2dddb121,bb32438db5117d55b82da4eaa7fc95e8be0715d04284d734f39479d43e88c5b6,EQ,TIPSINDLTD,2023-10-30,Interim Dividend - Rs 2 Per Share,,RECOVERED,1.01565613435809849131796185596
1,2023-10-31,,,,,,,,a6a3d9af-6f84-5139-9cd6-ed085ccc915d,,BLOCKED,,,,,,2023-10-30,Interim Dividend - Re 1 Per Share,IDENTITY_ABSENT_PREVIOUS_AND_EX_DATE,BLOCKED,
,2023-10-31,,,,,,,,ff5275ad-dfbe-5390-b1f1-94a3987cb7f3,,BLOCKED,,,,,,2023-10-30,Dividend - Rs 0.55 Per Unit/Interst Amount - Rs 0.5489 Per Unit/Return On Capital - Rs 1.2411 Per Unit,MULTI_COMPONENT_DIVIDEND_REQUIRES_SEPARATE_POLICY,BLOCKED,
140,2023-11-01,,,,,,,6d72b4e8-5f95-52cb-9bc4-d41c60eb888a,89822215-70ca-5e07-9a17-4500accac0d5,BLOCKED,READY,,,,,,2023-10-31,Interim Dividend - Rs 140 Per Share,IDENTITY_ABSENT_PREVIOUS_AND_EX_DATE,BLOCKED,
3,2023-11-02,,,,,,,,1b995121-1b51-5a0e-bfe8-140f87561fb7,,BLOCKED,,,,,,2023-11-01,Interim Dividend - Rs 3 Per Share,IDENTITY_ABSENT_PREVIOUS_AND_EX_DATE,BLOCKED,
19,2023-11-02,,,,,,,,9ebc7abd-31cc-50e6-a163-a7770eed5d88,,BLOCKED,,,,,,2023-11-01,Interim Dividend - Rs 19 Per Share,IDENTITY_ABSENT_PREVIOUS_AND_EX_DATE,BLOCKED,
,2023-11-03,,,,,,,,b6e3a43b-7825-5f96-9e06-56a270825a17,,BLOCKED,,,,,,2023-11-02,Distribution - Rs 5.53 Per Unit Consists Of Interst Amount - Rs 1.21 Per Unit/Dividend - Rs 2.30 Per Unit/ Repayment Of Spv Level Debt - Rs 2.02 Per Unit,MULTI_COMPONENT_DIVIDEND_REQUIRES_SEPARATE_POLICY,BLOCKED,
,2023-11-06,,,,,,,,2c6ee0bb-6560-5de7-b751-40bbcd8a716d,,BLOCKED,,,,,,2023-11-03,Distribution - Rs 4.79 Per Unit Consists Of Interst Amount - Re 0.49 Per Unit/Dividend - Rs 4.30 Per Unit,MULTI_COMPONENT_DIVIDEND_REQUIRES_SEPARATE_POLICY,BLOCKED,
20,2023-11-06,,,,,,,,b4849471-22f7-5b20-86ef-0cc3c00029f5,,BLOCKED,,,,,,2023-11-03,Interim Dividend - Rs 20 Per Share,IDENTITY_ABSENT_PREVIOUS_AND_EX_DATE,BLOCKED,
30,2023-11-10,32ff12bd0eda4a31ff68b3d833aebd9d63cc733ca201ef1fb35e0b3e9fef3b6c,630.05,e56605c2-e8ce-5169-bf14-7fe762c955ba,c1606e1d57fd0741af785567d1a955b5a4dccf4f26ff1dbbf188819433bf8c1e,EQ,ALLSEC,34dc42cd-35ea-518e-9aa2-8fa863003528,fb88f5db-0d26-51d1-b572-fa4c063a4d84,BLOCKED,READY,664.55,643a2411-f873-53ee-ad92-6c7416e57b05,60cd8b9e7b766dfd787859926c6e2dedbf0a2bfccd19fbec67e833dcfdab9c24,EQ,ALLSEC,2023-11-09,Inteirm Dividend - Rs 30 Per Share,,RECOVERED,0.993228500489052742457301933639
1.35,2023-11-15,,,,,,,,0513622f-2866-59ee-9400-78613f4f878e,,BLOCKED,,,,,,2023-11-13,Interim Dividend - Rs 1.35 Per Share,IDENTITY_ABSENT_PREVIOUS_AND_EX_DATE,BLOCKED,
0.15,2023-11-15,ec909ea90e37948025632b79efd79cbe25adcd2253dfe0dc1f59061cf2157403,95.8,25ec25a9-44eb-5ff7-ab51-599729c1933e,52ac2b3c79ee89f3ef74294632693fbb8938f000766ae7077c00529e4d982368,EQ,SATINDLTD,7bc093e2-bbc7-50d9-879f-b2a1da5bfa72,324427c2-fffd-5ff5-b778-5c2981203444,BLOCKED,READY,97.4,a5d315d3-1e89-578f-b934-888340bbd39d,c998cc06e0b98ef992b15ebd65d11fd88271443ea041c0e8ff847ad6a2b81326,EQ,SATINDLTD,2023-11-13,Interim Dividend - Rs 0.15 Per Share,,RECOVERED,0.98511293634496919917864476386
0.40,2023-11-16,ad0edd2cbd1d6bdd17cce40f41085869dddfa525eae43616d7dbfc380f6cf0f1,360.8,94f91730-2973-5f8c-9b32-ed607cfed605,a01c6a79e9960029eb54f683bd56ebcf7b88a0601ecc6e402eb240d9bb1cefbc,BE,SAKSOFT,cedb44ca-278a-5701-8f7d-b5012b970fa9,19edd641-87eb-5048-8bb5-f9ba1208fe39,BLOCKED,READY,361.45,5d08602d-2390-5c29-bb36-07d8d0aae832,477012b12f74e1b3ed6dcda7863b5165e676e2c46112843ef9669c5b397a81d0,BE,SAKSOFT,2023-11-15,Interim Dividend - Re 0.40 Per Share,,RECOVERED,0.999308341402683635357587494813
,2023-11-16,,,,,,,,e86daf6c-52a1-5993-98c9-9dfd961d9025,,BLOCKED,,,,,,2023-11-15,Distribution - Rs 3.3434 Per Unit Consists Of Rs 1.4435 Interest Per Unit & Rs 1.2975 Dividend Per Unit/ Re 0.6024 Per Unit As Return Of Capital,MULTI_COMPONENT_DIVIDEND_REQUIRES_SEPARATE_POLICY,BLOCKED,
,2023-11-17,,,,,,,,288a0d93-6608-5607-852b-69987ba02a7e,,BLOCKED,,,,,,2023-11-16,Distritbution - Rs 2.98 Per Unit Comprising Of Rs 1.84 Per Unit In The Form Dividend & Re 0.85 Per Unit In The Form Of Interest & Re 0.29 Per Unit In The Form Of Repayment Of Loan,DIVIDEND_CASH_AMOUNT_NOT_UNIQUELY_PARSEABLE,BLOCKED,
,2023-11-17,,,,,,,,63a76f9b-64cb-5721-a6f3-a3be3ed6df00,,BLOCKED,,,,,,2023-11-16,Interest Re 0.5088 Per Unit/ Return Of Capital Re 0.0835 Per Unit/ Dividend Re 0.2802 Per Unit,MULTI_COMPONENT_DIVIDEND_REQUIRES_SEPARATE_POLICY,BLOCKED,
4,2023-11-17,fba9fd4562b9edb0454259c8322d81b08c7b54f984745a915d59a6188fc29f7d,1056.45,4fc93278-54a1-51a5-aba5-bfcd8c170971,257affc90fd20c639bd33e3776b44bb85dc11cc277b6354b35e52c99d9100b56,EQ,MCDOWELL-N,baf84521-1bf6-5fb5-bdf2-764da6221b06,700bee43-89f0-5357-a7d8-cc9041928ee7,BLOCKED,READY,1040.65,458cb7b6-818a-5dac-ad8f-8255adb5ea98,da1fe29a71c96403f70870b477ee4a23eaa7d7ad73a414e66dac7f477b9a93cf,EQ,MCDOWELL-N,2023-11-16,Interim Dividend - Rs 4 Per Share,,RECOVERED,1.01902656993225387978667179167
10,2023-11-17,,,,,,,,a3762821-dd62-54eb-a52d-6cc45ac53bc3,,BLOCKED,,,,,,2023-11-16,Interim Dividend - Rs 10 Per Share,IDENTITY_ABSENT_PREVIOUS_AND_EX_DATE,BLOCKED,
10,2023-11-17,,,,,,,,b8e78f77-52ad-5899-9da5-40e03f83f1cb,,BLOCKED,,,,,,2023-11-16,Interim Dividend - Rs 10 Per Share,IDENTITY_ABSENT_PREVIOUS_AND_EX_DATE,BLOCKED,
8,2023-11-20,,,,,,,9357fdb4-0a95-555c-8752-34e9e5a7a917,00de90a8-5622-5126-ab7d-3829483b87b0,BLOCKED,READY,,,,,,2023-11-17,Interim Dividend - Rs 8 Per Share,IDENTITY_ABSENT_PREVIOUS_AND_EX_DATE,BLOCKED,
15.34,2023-11-20,,,,,,,,349c48ca-a508-5eca-ab7c-827d8506a202,,BLOCKED,,,,,,2023-11-17,Interim Dividend - Rs 15.34 Per Share,IDENTITY_ABSENT_PREVIOUS_AND_EX_DATE,BLOCKED,
20,2023-11-21,f65f27d9a83981f82a7288a2085bf1ed9316194b0919f0c64d9a64ba4b1bfb1b,1269.45,be0ae19c-c8fe-5035-8b24-323dbeadaf2c,a52f88138d951b42e1e4ee7b6e5ef8046b7663eed955f030c516f166c3eb659e,EQ,TIDEWATER,5e3ebb6c-8d23-51c1-a0b0-eca99897fde9,1294871c-2422-5ec9-b67a-654d84598fce,BLOCKED,READY,1282,6e3d2875-9a1a-597c-b804-7d64894a8d8c,0fb73be479cd4ab47a6d1c82afc7b4bb816d33b30d2cd24c493bdb10397ed16f,EQ,TIDEWATER,2023-11-20,Interim Dividend - Rs 20 Per Share,,RECOVERED,1.00581123244929797191887675507
1,2023-11-21,,,,,,,,54f18c84-11d5-51a7-844c-16361a4fe49d,,BLOCKED,,,,,,2023-11-20,Interim Dividend - Re 1 Per Share,IDENTITY_ABSENT_PREVIOUS_AND_EX_DATE,BLOCKED,
0.50,2023-11-22,,,,,,,,2f0fe7f7-0272-5cd8-806f-ffcd7e36e533,,BLOCKED,,,,,,2023-11-21,Interim Dividend - Re 0.50 Per Share,IDENTITY_ABSENT_PREVIOUS_AND_EX_DATE,BLOCKED,
12.5,2023-11-22,,,,,,,6d9059e4-30ad-5cdd-a797-2e37441dcb8e,51c084d7-2f36-5315-9889-dde8f319a461,BLOCKED,READY,,,,,,2023-11-21,Interim Dividend - Rs 12.5 Per Share,IDENTITY_ABSENT_PREVIOUS_AND_EX_DATE,BLOCKED,
1.50,2023-11-22,,,,,,,,a7a9cfe3-e247-5653-987f-f2142de67c8a,,BLOCKED,,,,,,2023-11-21,Interim Dividend - Rs 1.50 Per Share,IDENTITY_ABSENT_PREVIOUS_AND_EX_DATE,BLOCKED,
1,2023-11-24,238e0a8cc663c1969bc3ae6f64268374ed3391df2877fb43123d661005424f12,134.7,18cd32d6-0a55-591e-8b42-e9a481b71e5e,40fbf0cd90e9f4067da32651fd08708361cc238697fee76195df3dd5fb29e56b,BE,GPTINFRA,ad2cbffc-c84b-5a1c-9b11-111a9d1f2d0e,2b38f6be-c310-5cdd-96c9-ec91c153880b,BLOCKED,READY,133.1,b10d3f4b-306a-58fc-acd6-17e864643469,1defe9f8aff81e631bd55c095be95cffdee514b27344fa91f5445d22aa30abc8,BE,GPTINFRA,2023-11-23,Interim Dividend - Re 1 Per Share,,RECOVERED,1.01953418482344102178812922615
1,2023-11-24,f7a1f5984f43434ada34453d0c18d0a951b09c2e3bc347f211a3542a22fac9c8,213.25,2742c0ff-dad2-5a24-ac44-d5e7ad7d3893,ab63b20d80b1f7447735260e31d9499f8371c88a629d10c28b3575440d8c5a92,EQ,CAREERP,b3590ec8-edc8-57de-8b31-c7ad47c71eb7,ac983b5a-f3fe-519a-b237-c77b34bb39aa,BLOCKED,READY,215.15,d0d370f4-e4f1-53f2-a32a-9513f62c85a0,c72fe7dc9a90238b6b85ab5a5a527d11e457782e136057503ebf6045365d9126,EQ,CAREERP,2023-11-23,Interim Dividend - Re 1 Per Share,,RECOVERED,0.995816871949802463397629560772
1.50,2023-12-15,,,,,,,,4691bcb2-a66b-563f-a852-28e7bb634a88,,BLOCKED,,,,,,2023-12-14,Annual General Meeting/Dividend - Rs 1.50 Per Share,IDENTITY_ABSENT_PREVIOUS_AND_EX_DATE,BLOCKED,
,2023-12-19,,,,,,,,92c1513e-2f79-576b-8383-4e61ef5f124b,,BLOCKED,,,,,,2023-12-18,Distribution - Rs 4.22 Per Unit Consists Of Interest Amount - Rs 2.16 Per Unit/Return On Capital - Rs 1.35 Per Unit/ Dividend - Re 0.71 Per Unit,MULTI_COMPONENT_DIVIDEND_REQUIRES_SEPARATE_POLICY,BLOCKED,
8,2024-01-15,,,,,,,,419dd3c2-ef5b-52f5-bae7-56e6d3eb6460,,BLOCKED,,,,,,2024-01-12,Interim Dividend - Rs 8 Per Share,IDENTITY_ABSENT_PREVIOUS_AND_EX_DATE,BLOCKED,
,2024-01-22,,,,,,,f901e6ea-e5da-5242-9246-329faeb1c553,dd83034a-7fce-5dea-a5d5-ca3340820170,BLOCKED,READY,,,,,,,Interim Dividend - Rs 3 Per Share,EFFECTIVE_DATE_NOT_PROVEN_TRADING_DATE,BLOCKED,
12.70,2024-01-23,,,,,,,,75fbc4e1-8d7b-5d20-a49a-b6cd8a8bb6b8,,BLOCKED,,,,,,2024-01-20,Interim Dividend - Rs 12.70 Per Share,IDENTITY_ABSENT_PREVIOUS_AND_EX_DATE,BLOCKED,
7.50,2024-01-25,,,,,,,,16e3c325-311f-5619-b26f-bc457685f5d5,,BLOCKED,,,,,,2024-01-24,Interim Dividend - Rs 7.50 Per Share,IDENTITY_ABSENT_PREVIOUS_AND_EX_DATE,BLOCKED,
32,2024-01-30,,,,,,,,7269c16d-4904-5134-a338-499a0bce6261,,BLOCKED,,,,,,2024-01-29,Interim Dividend - Rs 32 Per Share,IDENTITY_ABSENT_PREVIOUS_AND_EX_DATE,BLOCKED,
,2024-01-31,,,,,,,,74d93071-e617-528d-9218-2d0db6488ce2,,BLOCKED,,,,,,2024-01-30,Distribution - Rs 5.1 Per Unit Consisting Dividend Rs 2 Per Unit/ Interest Rs 2.2782 Per Unit/ Return Of Capital Rs 0.8218 Per Unit,MULTI_COMPONENT_DIVIDEND_REQUIRES_SEPARATE_POLICY,BLOCKED,
3,2024-02-01,8bd4e8a2bf9493fd7474388f5f4582527872aafc595518fc4106c55b2d4f29b6,427.7,beb30eb4-1f42-5e51-8fea-cd9dd56b1487,fe39645036992296742c7f54dee1558678a453e08e1e227d297f396a4c66d4fe,EQ,TIPSINDLTD,401d7d89-bcfb-5c31-ba44-c10a89369455,13c56a83-2666-5bdf-b7b1-54137bb54467,BLOCKED,READY,427.2,365dc542-0e16-54dd-a963-c102b43b1be3,25c9d2f5d201475a416a25989d807a3f2091bee3a6f4e0a654b2f1b0b846b8d4,EQ,TIPSINDLTD,2024-01-31,Interim Dividend - Rs 3 Per Share,,RECOVERED,1.00819288389513108614232209738
3,2024-02-02,,,,,,,,026b1d0d-52c5-5603-a423-e2e943b7360f,,BLOCKED,,,,,,2024-02-01,Interim Dividend - Rs 3 Per Share,IDENTITY_ABSENT_PREVIOUS_AND_EX_DATE,BLOCKED,
1.25,2024-02-02,,,,,,,,c1a7cd51-951c-5f25-b145-d15622a8251f,,BLOCKED,,,,,,2024-02-01,Interim Dividend - Rs 1.25 Per Share,IDENTITY_ABSENT_PREVIOUS_AND_EX_DATE,BLOCKED,
19,2024-02-05,,,,,,,,3f4c454c-6e44-5a9d-a38b-e89e7af8afb0,,BLOCKED,,,,,,2024-02-02,Interim Dividend - Rs 19 Per Share,IDENTITY_ABSENT_PREVIOUS_AND_EX_DATE,BLOCKED,
,2024-02-05,,,,,,,,5437d0f6-7973-51b1-99da-9593b889d99e,,BLOCKED,,,,,,2024-02-02,Distribution - Rs 2 Per Unit Consisting Of Interest Rs 1.70 Per Unit/ Exempt Dividend Re 0.30 Per Unit,MULTI_COMPONENT_DIVIDEND_REQUIRES_SEPARATE_POLICY,BLOCKED,
,2024-02-06,,,,,,,,7b6034d6-e390-576a-8957-0bd0a971207b,,BLOCKED,,,,,,2024-02-05,Distribution - Rs 4.80 Per Unit Consisting Of Dividend - Rs 4.29 Per Unit/ Interest - Re 0.50 Per Unit/ Other Income - Re 0.01 Per Unit,MULTI_COMPONENT_DIVIDEND_REQUIRES_SEPARATE_POLICY,BLOCKED,
2.50,2024-02-06,,,,,,,,9e259b20-f95b-5d51-aa2a-279884869d40,,BLOCKED,,,,,,2024-02-05,Interim Dividend - Rs 2.50 Per Share,IDENTITY_ABSENT_PREVIOUS_AND_EX_DATE,BLOCKED,
10,2024-02-06,,,,,,,,b7d36e7e-d6cf-5811-9b8f-ca3daa8b2a7c,,BLOCKED,,,,,,2024-02-05,Interim Dividend - Rs 10 Per Share,IDENTITY_ABSENT_PREVIOUS_AND_EX_DATE,BLOCKED,
1,2024-02-09,5af5248035070986ced4c8bd4a77237af6ecd036e485833d5a1a9c538497517b,182.95,f74d8a80-eba0-5c74-93a8-8c700085ae5a,b68bb9c2b0f645ccd2b4dc65699fd4c0826122e7ffbd22e3ce76a18096b4007b,BE,GPTINFRA,ad2cbffc-c84b-5a1c-9b11-111a9d1f2d0e,5c160274-f6bc-57bd-ab2c-e18dce00916f,BLOCKED,READY,184.9,ee3bb4eb-14b0-5e3a-bc3c-16af95cce186,892f40ebe82f9bb0e0695c8e3f153c4b51e53720236328923cef1c915d763cc1,BE,GPTINFRA,2024-02-08,Interim Dividend - Re 1 Per Share,,RECOVERED,0.994862087614926987560843699297
,2024-02-12,,,,,,,,85f6d33b-511f-555a-9b6f-bc13a191b7dc,,BLOCKED,,,,,,2024-02-09,Distribution - Rs 5.20 Per Unit Consists Of Interst Amount - Rs 1.28 Per Unit/Dividend - Rs 1.54 Per Unit/ Repayment Of Spv Level Debt - Rs 2.38 Per Unit,MULTI_COMPONENT_DIVIDEND_REQUIRES_SEPARATE_POLICY,BLOCKED,
2,2024-02-13,45f7fbe9e087c49b8b98b613423cc5982906b59198e8f6bf48cbbd3cc22a84b7,168.95,6b1775f1-cb35-5082-a637-eee8a17186f7,213971fc287e22de5d412014189e88d677a3fe532a652d4d57fb641351534194,EQ,SUNDARMHLD,cc9860c3-db87-5ebf-8f54-e60dac420481,068f3a2d-7231-5bb5-b011-02bbe148ae66,BLOCKED,READY,170,c93324ab-c927-5441-9f59-8e6bd11f2bbb,4e39e8bd0eadca0710d77842ddee0e63b2f047aec39edbd1a6701d188885e823,EQ,SUNDARMHLD,2024-02-12,Interim Dividend - Rs 2 Per Share,,RECOVERED,1.00558823529411764705882352941
1.35,2024-02-13,,,,,,,,4ba99bd3-dd1e-5a53-a671-f988067b6ac0,,BLOCKED,,,,,,2024-02-12,Interim Dividend - Rs 1.35 Per Share,IDENTITY_ABSENT_PREVIOUS_AND_EX_DATE,BLOCKED,
1,2024-02-13,,,,,,,,a53e45bd-3846-5b26-9ea6-b905a3ab097e,,BLOCKED,,,,,,2024-02-12,Interim Dividend - Re 1 Per Share,IDENTITY_ABSENT_PREVIOUS_AND_EX_DATE,BLOCKED,
,2024-02-14,,,,,,,,02b85f0c-969c-52ee-bee8-f767c1d48d6a,,BLOCKED,,,,,,2024-02-13,Distribution - Rs 2.5706 Per Unit Consists Of Rs 0.8533 Interest Per Unit & Rs 0.6895 Dividend Per Unit/ Rs 1.0278 Per Unit As Return Of Capital,MULTI_COMPONENT_DIVIDEND_REQUIRES_SEPARATE_POLICY,BLOCKED,
15,2024-02-14,b9356a83104f3cbaf514e13f75244c2575526fc13fad05f32a6cdbd51f16dabc,2770.35,208b5407-4a35-5c73-abf3-2696e3d22669,e177998dbc1837a175c68c30a22cf6fa27dbde72180f1d26d566c0a786fee80b,EQ,HIL,d1abdcf5-da4d-5a78-a6c0-e632d5d295e7,6865fa27-5a6d-5ce6-b5fc-d46525a86107,BLOCKED,READY,2764.05,b78c9720-37a1-5ca9-992d-becf726e8117,d7c8b9de9323cb6eeb0fbe35cc5c70529e8fdc393b234303eea3938ac618ec52,EQ,HIL,2024-02-13,Interim Dividend - Rs 15 Per Share,,RECOVERED,1.00770608346448146741194985619
12,2024-02-16,,,,,,,,0902d992-977b-52db-9e35-585f1f11fd92,,BLOCKED,,,,,,2024-02-15,Interim Dividend - Rs 12 Per Share,IDENTITY_ABSENT_PREVIOUS_AND_EX_DATE,BLOCKED,
5,2024-02-16,,,,,,,,1bc39d6e-13a8-5760-b9dc-260449a1926b,,BLOCKED,,,,,,2024-02-15,Interim Dividend - Rs 5 Per Share,IDENTITY_ABSENT_PREVIOUS_AND_EX_DATE,BLOCKED,
50,2024-02-16,7d8c0844360139404f8a0506c25f9ed218d8e42f1ee90f96aacb1bc2816f9094,2840.45,028dcfa6-4a3f-5ab1-9c3c-fe9a2cb6112e,aefd5bc156c165776d23610959a3794c44e28076547b8aae5707fe6e25594e88,EQ,AKZOINDIA,0bcef901-4811-5bb1-9d9b-dc145204f313,db3ee9e4-e4a7-5015-abbf-03690d1caf7f,BLOCKED,READY,2799.7,a1b8e3db-92f9-5ac0-986e-6f20551a85a5,c34f7c92624354d4d640aa652d8a826f2529bb295ffe3d7b8a0b08ef38a838e8,EQ,AKZOINDIA,2024-02-15,Interim Dividend - Rs 50 Per Share,,RECOVERED,1.0324141872343465371289781048
5,2024-02-16,,,,,,,,fc8bc644-7690-5d82-b456-82635e8fbb58,,BLOCKED,,,,,,2024-02-15,Interim Dividend - Rs 5 Per Share,IDENTITY_ABSENT_PREVIOUS_AND_EX_DATE,BLOCKED,
0.50,2024-02-20,,,,,,,,742cf5ac-119a-5bd7-81b7-88459b90c1df,,BLOCKED,,,,,,2024-02-19,Interim Dividend - Rs 0.50 Per Share,IDENTITY_ABSENT_PREVIOUS_AND_EX_DATE,BLOCKED,
0.60,2024-02-20,f0b94f176d5c4f01431d4ed009cb7dacb3389274c73987c1a07e79eea74cd6f3,287.6,bb21c24c-f5fe-5c8e-8b54-21d4ca11394b,f83a00fce8f32435855591bae140d493afd076ed2d4a28d23c0c5771117d5a57,EQ,HIKAL,d032bb5b-2e56-59a0-bc5b-9b2c31476585,fabc9bcc-c236-5267-967c-bf6f4fe1e2fb,,BLOCKED,290.15,f00d3bfc-5040-5a7d-9d08-c33bf8dfc3a5,6f575d45008b46d82fe40ba2281eb4940658ced997498fc5ed531d4360c27cdc,EQ,HIKAL,2024-02-19,Interim Dividend - Rs  0.60 Per Sh,,RECOVERED,0.993279338273306910218852317767
1.25,2024-02-21,,,,,,,,1658a2ae-06e0-5682-9b34-c53e4628a3c8,,BLOCKED,,,,,,2024-02-20,Interim Dividend - Rs 1.25 Per Share,IDENTITY_ABSENT_PREVIOUS_AND_EX_DATE,BLOCKED,
12,2024-02-22,f4798ffaec9d851baa9533bfd145868c7dca07aded0436ded7dc78b8757849f1,1740.2,d4611e03-fa15-587d-99b8-b5d450638847,ad5e7012735bf6bf6449ac9e32a38ee3943a4bfa478360ce6c44f2a852598744,EQ,TIDEWATER,5e3ebb6c-8d23-51c1-a0b0-eca99897fde9,765d516a-3d49-5da1-8682-b8533fc29dfb,BLOCKED,READY,1721.3,50094587-2a8a-55b4-8010-9fac6898ac0f,11037c933790d1b7d1f760f88b0f66f45b2f5b38fb9aae4521715215d63f6bd0,EQ,TIDEWATER,2024-02-21,Interim Dividend - Rs 12 Per Share,,RECOVERED,1.01795154824841689420786614768
1,2024-02-23,fd7e44bc44b3a7da0720498c0384af4b166c51eeee79dc3e5a4f27edd7dede59,258.8,ed2805e8-a53f-5695-b456-2fc22acd9690,0baf6d60a201d6dba7cbc9688c34b0b7030e1cbcc3c1a982dd84afead2e02ea3,BE,CAREERP,b3590ec8-edc8-57de-8b31-c7ad47c71eb7,2e8e0627-24af-5245-ba9b-fe3d88d5fc74,BLOCKED,READY,259.35,bcfc0ffa-1693-5869-80f0-b5eff77a368c,9629588c294d6e65dfc00fc4f2658f9f08eff9e4d24c9e5a69044e7948a748d8,BE,CAREERP,2024-02-22,Interim Dividend - Re 1 Per Share,,RECOVERED,1.001735106998264893001735107
2,2024-02-23,412dd6b4f795afd24730475b7913f08daed32ebcedddcb4dbe761d04ed3a373d,443.85,0a22e8a8-3300-5025-9df1-26f39846f8fd,d9b2d3faf4b7ca1ee014ca968ab64fe78068d1896a98336f7355e4c8b0e3e33f,EQ,AEGISCHEM,f0d5da41-8d86-5ff6-885b-b439a64a9d6d,58b751a8-9be1-59fe-8a98-e1058563ec2d,BLOCKED,READY,447.6,bcc21e1e-c2e1-5a32-8de2-add9fec555a8,6276b17bf9d00a0490c78ddf9fd1da63c3eb012e371f755cab2d341718c14c60,EQ,AEGISCHEM,2024-02-22,Interim Dividend - Rs 2 Per Share,,RECOVERED,0.996090259159964253798033958892
2.50,2024-02-23,9345a08747b0b775b6e1eebafc3d9ab8b038fa2110e4c6d02e3d22e6dfe3a7d5,634.4,e01e650e-9ab4-511d-9eb7-02e99372d014,bc9636270974c6da1a3325eb067bbd551b09684c8ba9256e4ecb3bcf2953a546,EQ,SUNTV,3885f7f2-30d8-516f-9e99-b7cd61d3f8dc,bf34080a-3b52-51ea-8b5f-861bff521762,,BLOCKED,624.65,b409b2f6-92f8-5f0f-b5ec-456a07c96d0d,b2faca1b9fb59102f552125ff5d03879ec4a5b1ab7d33b8f454c6ae5d9f7168f,EQ,SUNTV,2024-02-22,Interim Dividend - Rs 2.50 Per Sh,,RECOVERED,1.01961098215000400224125510286
1.20,2024-02-26,,,,,,,,31ae2f1a-626e-5c69-8408-24db55ac8738,,BLOCKED,,,,,,2024-02-23,Interim Dividend - Rs 1.20 Per Share,IDENTITY_ABSENT_PREVIOUS_AND_EX_DATE,BLOCKED,
0.75,2024-02-26,86773c1cd749acd15e27497629bfe69d3018c54abfb1dd52b4e31e62ca89cc30,109.05,ed360548-e305-5c14-9e33-42ae677f81d1,28013de1b37fbc7db965d25d79b45f5f49ce02e49f906acca198a84eb8f22475,EQ,GATEWAY,5876756c-bab9-526a-8d8e-db6b176a9d64,99d7c53c-47b5-5a4c-bbb1-9d415d2e3107,,BLOCKED,108.4,54738de0-07d6-5f4a-b33b-95b8998cf494,56f73f78d4d5614aa9e84cc737ec8ea6b0de2151a3361f377c6d717a1f22269e,EQ,GATEWAY,2024-02-23,Interim Dividend - Rs 0.75 Per Sh,,RECOVERED,1.01291512915129151291512915129
0.50,2024-02-29,cb836f9b8d73a7ccfbfafda0f290ba0a43b3c6c85d5ff18ac363ed0ddb35dc16,189.75,21b9b7f2-d4d2-5e36-8f82-d9fb7c1ff1aa,25f81b3ad8f09a44fff5c02bed6db5430aa26dc899daa5f3fdba496712876317,EQ,BTML,f9999c10-c718-57ed-8ab9-52446b98995e,8c6aa88a-1e87-5110-9d2a-2a5158208926,,BLOCKED,177.5,27b4f1c9-8901-57f5-924b-3d80b6f33ec9,64daced7c7b6c380d5ef4c4cbf4cd0628247fb5f8d1c368801e3cfce6e53002f,EQ,BTML,2024-02-28,Interim Dividend - Rs 0.50 Per Sh,,RECOVERED,1.07183098591549295774647887324
6.50,2024-03-06,4018e7846f2dbb500271d378f591fee234383c22f9de33f809f47ea9e9ea04fd,505.65,1525fdcd-9aed-51a7-a0ec-8a6f640dd864,1e5c10b2d3d9d5b6566c2022d514af71a1c3b0f37a42410ff2f91a0f032635bb,EQ,MARICO,2e74b429-ebed-5dbc-8f2f-708115bdb8d1,97a48d2e-819e-5247-8620-2c85e3969bd7,,BLOCKED,518.5,0cdfd2f7-25f3-5724-8a86-b97e089d5ffd,a1e9839b400daee0536aafa265ed6ee97e2d68343f39e39b360061dea40b53c6,EQ,MARICO,2024-03-05,Interim Dividend - Rs. 6.50 Per Share,,RECOVERED,0.987753134040501446480231436837
3,2024-03-15,567b712d7bd0a3ae3b284004003ef32bbfe1b93b84970804a55d0178f68fd9b4,117.45,74e6ba8d-7b16-5bb4-a519-670cf9568130,26c4d7aa601ff008b3a733fbde572e05934ce752f9e680af3843674dfa206075,EQ,IIFLSEC,a0f13a7b-b6ab-5707-8ecc-dbe8f6ff8880,9ff06ab7-8f92-50b9-a434-edcd5485565f,BLOCKED,READY,120.7,b150a0ec-fc59-5d4b-a440-74d123a53ee8,6d8d0e8a21301e2e539b08dbbbd3da55b16fff4f7271dca97a1a6c574949bdb5,EQ,IIFLSEC,2024-03-14,Interim Dividend - Rs 3 Per Share,,RECOVERED,0.997928748964374482187241093621
,2024-03-21,,,,,,,,c93076ab-d611-5775-86cc-0b6714fb4036,,BLOCKED,,,,,,2024-03-20,Distribution - Rs 5.50 Per Unit Consists Of Interest Amount - Rs 1.42 Per Unit/Return On Capital - Rs 2.94 Per Unit/ Dividend - Rs 1.14 Per Unit,MULTI_COMPONENT_DIVIDEND_REQUIRES_SEPARATE_POLICY,BLOCKED,
1.25,2024-04-22,c26f438b7d4c4995275da01bbac53e9be235835dce62145dc3d98fa6660c44d1,511.05,d1d8fe20-7cb9-5c44-bd59-5c939e3f0f04,ca2e2cfcb064f491c61e550bf7b882688a9904a5adbde2201560e94650e469f7,EQ,AEGISCHEM,f0d5da41-8d86-5ff6-885b-b439a64a9d6d,8cba6345-cb83-5b5d-ae7b-d6bcc604057f,BLOCKED,READY,494.55,906d64b4-8a37-5fd3-b666-264e89e4e83f,c84e124ca42d9e9c2d3f979c501cc2edc5a6cb048434ea46c29dd4659315a763,EQ,AEGISCHEM,2024-04-19,Interim Dividend - Rs 1.25 Per Share,,RECOVERED,1.03589121423516327974926701041
,2024-05-06,,,,,,,,a60ce69b-aef6-5d5d-a978-9f66f74ae393,,BLOCKED,,,,,,2024-05-03,Distribution - Rs 5.22 Per Unit Consists Of Interst Amount - Rs 1.35 Per Unit/Dividend - Rs 1.04 Per Unit/ Repayment Of Spv Level Debt - Rs 2.83 Per Unit,MULTI_COMPONENT_DIVIDEND_REQUIRES_SEPARATE_POLICY,BLOCKED,
,2024-05-07,,,,,,,,dd020808-4fa4-5b2f-8926-654ea82f295e,,BLOCKED,,,,,,2024-05-06,Distribution - Rs 2 Per Unit Consisting Of Interest Rs 1.70 Per Unit/ Exempt Dividend Re 0.30 Per Unit,MULTI_COMPONENT_DIVIDEND_REQUIRES_SEPARATE_POLICY,BLOCKED,
,2024-05-09,,,,,,,,88c0be3b-c564-5df2-991e-c85db0b99222,,BLOCKED,,,,,,2024-05-08,Distribution - Rs 4.77 Per Unit Consisting Of Dividend - Rs 4.31 Per Unit/ Interest - Re 0.46 Per Unit,MULTI_COMPONENT_DIVIDEND_REQUIRES_SEPARATE_POLICY,BLOCKED,
0.20,2024-05-10,2da915ab1258c159518e5488f3b1a61355bce1b25fbe936fcf4302658724604a,588.3,bdd96ee1-b8c3-50ec-a97f-28c480af1cce,83019c654e07c0ae0f19d714314c9dc7497707039067e18d3ceb76b19ff7f76f,EQ,TRIL,9ce772c0-2517-5d0c-bc50-64ceda0f8daf,4b5e1487-c648-527a-a1ed-26ce61f779f0,BLOCKED,READY,574.55,44c206da-28c6-5d10-b0b1-0b87b87bfbff,b704229d285dce76ed9751ae14bb6a33682636fe4d3cf67debd1e15f01b87ba6,EQ,TRIL,2024-05-09,Annual General Meeting/Dividend - Re 0.20 Per Share,,RECOVERED,1.02427987120355060482116438952
,2024-05-10,,,,,,,,de0a7ced-4324-5b86-9b05-4ae63c8da326,,BLOCKED,,,,,,2024-05-09,Distribution - Rs 4.7313 Per Unit Consisting Of Rs 2.1837 Per Unit Of Interest/ Rs 1.2435 Per Unit Of Dividend / Rs 1.3045 Per Unit Of Return Of Capital,MULTI_COMPONENT_DIVIDEND_REQUIRES_SEPARATE_POLICY,BLOCKED,
1,2024-05-14,928e69850582135b94cade744b8fdcbaac4c6fbb5476dfea5f5c8fe7da5ccda0,134.3,85137f0b-9475-5e6c-b0b1-7bfa1665b93d,303103d2f36fcfe5995fe7d4ab9d205e65d12c183588db1eecb676b2bbce18c9,BE,OMAXAUTO,2d9fb9c4-920a-5c7d-9d99-4f607f5bb283,a6af999c-4f8a-5120-ae31-c76a39978376,BLOCKED,READY,132.7,a3f994a3-6fc8-5320-b464-ab0317bc4260,3d4f12b5b329bfdc0aa031d263c549eb4d1d687909f711b94fda58c953b6d715,BE,OMAXAUTO,2024-05-13,Interim Dividend - Re 1 Per Share,,RECOVERED,1.01959306706857573474001507159
18.50,2024-05-15,d72e7d0644157eb6b0aeade8ee3e3b36ecb5d77c383f498339238a85ed2ba820,1351.55,5c659b17-a0d6-576e-b6a3-1d41fc6cac6d,89b97f5b25d43eb3775a1523af66dbceac65e11a4a4d93b39d87f08e2e6e6a11,EQ,ADORWELD,8115ea0c-7aa9-5dcc-a622-ab1c4d443449,a8dbf832-9b05-5caa-96e4-48fb7c87fa32,BLOCKED,READY,1340.3,2fe639db-6040-5f2f-9211-d84eacc380b0,f641d10fd6138280ba0a34e0f1c318f225fe2dc1e5a4f57022034f98c538825f,EQ,ADORWELD,2024-05-14,Interim Dividend - Rs 18.50 Per Share,,RECOVERED,1.02219652316645527120793852123
,2024-05-16,,,,,,,,235d3055-2f87-5704-aa4a-44cd9451a82d,,BLOCKED,,,,,,2024-05-15,Distribution - Rs 3.6962 Per Unit Consists Of Re. 0.1129 Per Unit As Dividend/Rs. 1.1621 Per Unit As Interest/ Rs. 2.4182 Per Unit As Return Of Capital,MULTI_COMPONENT_DIVIDEND_REQUIRES_SEPARATE_POLICY,BLOCKED,
,2024-05-22,,,,,,,c17bb532-32a2-5b05-aa3e-e14931922357,261c5b32-3d05-5a67-8a87-ea0688ef2652,,BLOCKED,,,,,,2024-05-21,Special Dividend Rs -10 Per Share/Interim Dividend Rs - 26 Per Share,MULTI_COMPONENT_DIVIDEND_REQUIRES_SEPARATE_POLICY,BLOCKED,
,2024-05-24,,,,,,,,7e8e5d2c-b006-524a-abfa-95d6ed0ed742,,BLOCKED,,,,,,2024-05-23,Distribution - Rs 9.3792 Per Unit Consisting Of Interest - Rs 1.0209 Per Unit/ Dividend - Rs 8.0575 Per Unit/ Return Of Capital - Re 0.2535 Per Unit/ Other Income - Re 0.0473 Per Unit,MULTI_COMPONENT_DIVIDEND_REQUIRES_SEPARATE_POLICY,BLOCKED,
,2024-05-24,,,,,,,,b71310ea-964a-5253-8f00-21d96558144b,,BLOCKED,,,,,,2024-05-23,Distribution - Rs 3.94 Per Unit Consisting Of Interest - Rs 1.79 Per Unit/ Dividend - Re 0.20 Per Unit/ Treasury Income - Re 0.01 Per Unit/ Repayment Of Spv Loan Rs 1.94 Per Unit,MULTI_COMPONENT_DIVIDEND_REQUIRES_SEPARATE_POLICY,BLOCKED,
,2024-05-28,,,,,,,,d8f18e5b-c529-55e9-b26e-627d8b1ba8b0,,BLOCKED,,,,,,2024-05-27,Distribution - Rs 3 Per Unit Consists Of Interest- Rs 1.78 Per Unit/Total Dividend - Re 0.45 Per Unit/Repayment Of Spv Debt- Re 0.75 Per Unit/Treasury Income Re 0.02 Per Unit,MULTI_COMPONENT_DIVIDEND_REQUIRES_SEPARATE_POLICY,BLOCKED,
1,2024-05-30,3a7d0bc095b29b58b09e8b4e3b4aaf3e28458d78b70d16751d70096566f0cfe0,234.05,66ff61e6-a300-51ad-9fff-d0eed4c4a312,8519e2cf3e8b396cb312e3c2e703511950c4fd614368e2ef0bb18b6445354b7a,BE,GPTINFRA,ad2cbffc-c84b-5a1c-9b11-111a9d1f2d0e,42ea695f-4091-5cc2-82ef-278a8502a4d4,BLOCKED,READY,240.65,765c22b3-a037-55b8-978c-f1dd9f20266f,b71e9912b021632ed9780ca8bef5dbddb890ceec3a5f2a1aa4504bd74c804dd8,BE,GPTINFRA,2024-05-29,Interim Dividend - Re 1 Per Share,,RECOVERED,0.976729690421774361105339704966
,2024-05-30,,,,,,,,a4396d98-f567-5839-8ca2-dcba9fbfdffc,,BLOCKED,,,,,,2024-05-29,Distribution - Rs 3.55 Per Unit Consisting Of Interest Rs 2.7361 Per Unit/ Dividend Re 0.8139 Per Unit,MULTI_COMPONENT_DIVIDEND_REQUIRES_SEPARATE_POLICY,BLOCKED,
3.65,2024-05-31,439e1e17e5c97d77a397d92591c1202e189d7afd9fcd777fedd396ef05e9247e,278.15,9b60b32d-7457-5b65-a4a3-2dfb9f00cb8c,bd01a97ff77cd092d5372a6b1af2a04c68a8bb6bb9e59911c290621ef5d70fc3,EQ,SUNDARMHLD,cc9860c3-db87-5ebf-8f54-e60dac420481,0375e065-4aec-5060-aef0-5e3320fe790f,BLOCKED,READY,277.45,6fcbe16b-ae96-5c38-8c8c-4f34f709c536,ed94c8f19ec402d451f2988b043b0c84191258351be6529fb36eed9b61d15317,EQ,SUNDARMHLD,2024-05-30,Interim Dividend - Rs 3.65 Per Share,,RECOVERED,1.01567850063074427824833303298
,2024-05-31,,,,,,,,171b06b6-7aea-531b-8b07-989bda6d4540,,BLOCKED,,,,,,2024-05-30,Distribution - Rs 3 Per Unit Consisting Of Dividend Rs 2.50 Per Unit And Interest Re 0.50 Per Unit,DIVIDEND_CASH_AMOUNT_NOT_UNIQUELY_PARSEABLE,BLOCKED,
3,2024-06-11,9573e0acb42c5ab6bbe320718716823b5eb22cb855098591c369d0ee25e80267,987.1,830fb1db-b0c7-547f-928e-2f8414853454,bef6b82867c17dcdb9b2f029ea5ff38a2b7dddefd62f2fe82a53967e40e77156,EQ,TATAMOTORS,015c4c0a-4e2b-50e7-912b-fca35d69b4fb,fc8ac38a-0772-55b9-9a90-8c2d387cc54a,BLOCKED,READY,975.15,77321937-9d0a-5cb2-9beb-cd59e8e237cd,e2debe266ba116ccd27768aee0d6f6c78b7bcad957fc1b8aa00df910b7794cd1,EQ,TATAMOTORS,2024-06-10,Dividend - Rs 3 Per Share & Special Dividend - Rs 3 Per Share,,RECOVERED,1.01533097472183766600010254833
5,2024-06-14,e835673e1b2238834e70e84fe28695d414ceab984bded078289ec866a83985ba,2132.5,809d35e0-8b9b-5e9a-b74d-168e95987048,05594dcf4a36c9d3e82bff50b6bf481c82dca1ca29356ef12cbf529eb658b8b4,BE,EIMCOELECO,c5c56d04-09fb-5972-bbd8-eb38484f93e9,d8cf2579-6dcc-521b-b831-9dd3f8467b1f,BLOCKED,READY,2154.45,13822237-0f90-5c65-b633-45d0e6919162,1d920938e977b14e6361ba8f871cc2843525b64f6a7fdb192fdf1c46b388ebc5,BE,EIMCOELECO,2024-06-13,Annual General Meeting/Dividend - Rs 5 Per Share,,RECOVERED,0.992132562835062312887279816194
45,2024-06-19,7b14a07457d9d870bed77fe634a3274a6a8d6b60e191c6732d6dbfec14ae46b5,5019.85,16e72267-beac-53d9-a02a-729e665fdfba,0dafd62562f25a357d9b7f014d08c3e0c91c6e0e1f7191b0911159156a4ba5ba,EQ,LTIM,da59889b-2853-5a54-b8d4-387a70bbf24b,d089db17-a3fc-5f2b-ac24-f719cb49e961,BLOCKED,READY,5089.6,c59c6ff5-7b7e-5f03-8839-d0c9115c686a,caca010a6a27d8494c5531826ecce1aeda652f9813dfcda4ff9874a47d09dcc5,EQ,LTIM,2024-06-18,Dividend - Rs 45 Per Share,,RECOVERED,0.995137142408047783715812637535
1,2024-06-20,dfc1af4efc7f4c806e8d30e2497fff8d167fe674ace3775dd0e0e2353aaf8dc0,201.06,82d83476-c9ce-5176-957c-0a48bda5676e,7060c3ef3d467f861b789287da146aa1ee15ed95d62a40c589651b7e7f95f269,EQ,PRIMESECU,37dc3a27-3043-54d3-ae0f-ab73ab1b235f,2ed50658-9166-55d4-8a56-bcccb35c89f0,,BLOCKED,199.73,23ec6514-03a0-5059-9407-07f25a940bc1,4648a66882d77274b42499886b39efde0809e46edb7e54c8ed7afbe3af6120e9,EQ,PRIMESECU,2024-06-19,Annual General Meeting /Dividend - 1 Rs Per Share,,RECOVERED,1.01166574876082711660742001702
1,2024-06-21,b413a73eca3b055998514f4e835e68bfdb767d17026c57d2ee0915fe9d657545,181.9,6d5e8e12-4141-506a-af20-fb04ffd9ae2e,4a967ae8f700d55f88ac1898828685ce678053ef17b82e60cc1ae89898d9ec35,BE,GLOBAL,eb0f8273-218d-537d-896c-41bdcfe20560,252cbc20-0f41-5405-a556-926c6423ffe4,BLOCKED,READY,186.2,9def1935-4ac2-558b-bacf-111f8875ce82,66d4fd188dba8284ade6abcdc40e2df02bbd000e6fbf40fa566e41575c204b2f,BE,GLOBAL,2024-06-20,Annual General Meeting/Dividend - Re 1 Per Share,,RECOVERED,0.982277121374865735767991407089
20,2024-07-04,91804362ca2eb2037af0607fb746daa9458218ab8f49a2ef451435722a9d58ab,2358.5,a96ad5d6-58e3-5714-b0c0-913b7370abbb,d7c4e56a96e26fd6fb65b17dce81436caffc73ca6308fdf576c233c37e227081,EQ,TIDEWATER,5e3ebb6c-8d23-51c1-a0b0-eca99897fde9,b93adef1-57e0-5d4d-84fb-e5889dd0a414,BLOCKED,READY,2403,1ca3e12b-3b92-5cef-913e-113954ba6091,244196bad3d810089be899494de323b60b08c7e4c1e62a738c6513f5d432676e,EQ,TIDEWATER,2024-07-03,Dividend - Rs 20 Per Share,,RECOVERED,0.98980441115272575946733250104
15,2024-07-05,3dc070e8499f9e09f485c61623ad66903a773890150602d23f33d71d3c969b24,1133.9,5be07a20-704c-5b5e-ba07-81f97f9a19f0,bfeda635a32fbcebe1931114aaf0d0184c9f5e07628f69c709860e90ee0dad2f,EQ,ALLSEC,34dc42cd-35ea-518e-9aa2-8fa863003528,00dc9900-18f1-54cd-9963-a38ae6377466,BLOCKED,READY,1151,574ad795-ba2a-52e6-a56b-3277df8c9d3e,22414ee97908014f28b765ae6a1f92aacc270ff9d7dcb62600186fe719213aca,EQ,ALLSEC,2024-07-04,Dividend - Rs 15 Per Share,,RECOVERED,0.998175499565595134665508253692
0.20,2024-07-05,ac0143a551b60ec9d40e706b63677b8eeb35be3a50491490bdf27771228d9edd,342,9bb1559d-ff14-5b04-bdd8-58f9e5c640a3,5c09fba6a114d0a53db9ec89e9d6e148133fb8fd8380d0ba517cb2ff29cedcb1,BE,DJML,2c6b0834-32bf-5276-b1a9-77e3067828e1,615207e3-3715-5301-b4fa-197946550605,BLOCKED,READY,335.55,440caf5d-f0b7-5754-9e06-ce2be9d0144d,615dcb13de055e29ef420e6f7fd3f84c5865d66493119cf97b7478174acef9e9,BE,DJML,2024-07-04,Annual General Meeting/Dividend - Re 0.20 Per Share,,RECOVERED,1.01981820891074355535687676948
2.05,2024-07-05,ea71ff9f0a8480138c2360e7c20ab10b49c3c422dfd2e64356a3eea2fc533c3b,269.65,49385e2f-e6aa-58e1-9a66-0754432b59a2,b31b5569bfac7282a843900f7ef6ed70fd04b3d8ea851a13eda9237a4a47b833,EQ,SUNDARMHLD,cc9860c3-db87-5ebf-8f54-e60dac420481,996b01f0-1a7f-5d14-8d8a-ed5ff9c77804,BLOCKED,READY,264.2,d7189255-471f-574f-bd20-d7794ecc8831,0f84086cddd67b1bc0ed076b0a5cb5631c9ea45b360091526b825cc3e88bb7f7,EQ,SUNDARMHLD,2024-07-04,Annual General Meeting/Dividend - Rs 2.05 Per Share,,RECOVERED,1.02838758516275548826646479939
0.50,2024-07-09,554fd3b978c57ec4979fc2039ed7a482a79db6feaaa48b7e3ad26b067a57cf7c,152.20,55213998-177b-5dea-a8bc-199123ab9d85,6853db51fb63891fecb8901b1f6b331b55b51e6c7cb10f73ad587f29c857700b,BE,LAGNAM,40086172-fd62-5cfc-9508-37864843b6e2,ddeb116b-630f-539c-a904-9f85be261c2b,BLOCKED,READY,145.46,cf625ce0-1712-5e32-b655-5117c9546bc7,d07b73b87fc1bc2d870c1966a7caecd11e870b1166ac4260422308d5ccd6bd2c,BE,LAGNAM,2024-07-08,Dividend - Re 0.50 Per Share,,RECOVERED,1.04977313350749346899491269077
5,2024-07-11,b301e82bfb922274f59910b7023410619deb619a1b5fb0c881bd36a65ec06758,2187.70,effa3778-b9b6-5531-b1b3-aebbbeb1918e,76a35a8c1542aca33e74dacdfb7ababa4ab428aaeedeca1bc9e7749278542875,EQ,CENTURYTEX,2f1b621a-f355-5599-b26c-f40eb87047cd,2abc0234-248c-5e36-a981-aa3011c2b72d,BLOCKED,READY,2186.85,49ce0109-f6a2-57ee-b74b-0ba9cb1edb3b,17879a96d5fceebf49b600ecf801071d8aff3ba9b0058be86fd47787504bc7d5,EQ,CENTURYTEX,2024-07-10,Annual General Meeting/Dividend - Rs 5 Per Share,,RECOVERED,1.00267508059537691199670759311
1,2024-07-12,1701dd937d169ef7c119977cd549d73b02e9b79fddc4f5152315e3d90c70120b,149.08,981406f5-13b4-583f-b2d0-f6cb06fd1106,76a5ed55f8c793f64aff6cee0abfbd49a1261e4331a5f243ca1cff2e6b9ff814,BE,SHRADHA,aaa64d34-eabe-53a2-a21c-a662c9123310,29f20780-d225-532e-b2b0-190bf0557daf,BLOCKED,READY,153.13,5bb80321-b586-5e2f-86ee-fa26424c168e,38d5214ce7b3e3fd19a72c6ea577e27ab8e2f20198c688bdbae2ca5a01414f47,BE,SHRADHA,2024-07-11,Dividend - Re 1 Per Share,,RECOVERED,0.980082283027492979821067067198
0.15,2024-07-12,94be84e37a834c9dce9d819bc7ad0e488b70b4eaf66ac021ab19528b250009e0,88.83,11e0c050-3a4e-51d4-91ed-d4d2249ed424,37fdce481e34e10fafa8d2c2607ec58bd5d98143985c6601af7aaa7309ebf805,EQ,SATINDLTD,7bc093e2-bbc7-50d9-879f-b2a1da5bfa72,c222621c-bf9b-5a36-804d-60ba291216cd,BLOCKED,READY,89.27,bd6f8d72-80bc-5d66-a8b5-cf3582c3eb3a,49c45e2a455a984b0bc54e81569aa3a83e907daf020eb40aa4b2f18bd9208338,EQ,SATINDLTD,2024-07-11,Dividend - Rs 0.15 Per Share,,RECOVERED,0.996751428251372241514506553153
,2024-07-15,,,,,,,dca95a22-0c36-5060-be56-fd368e132887,20fe1c69-efc5-598e-9b85-463adbd0ae12,,BLOCKED,,,,,,2024-07-12,Annual General Meeting/Dividend - Rs  Per Sh/,DIVIDEND_CASH_AMOUNT_NOT_UNIQUELY_PARSEABLE,BLOCKED,
7,2024-07-16,6156c9ef3981bd1c1bdb1adfa61cc8f50160773e2b83684d5ed5727479f52ab9,1569.05,953c5e11-de32-5a88-80ef-9cc2ea5e6f34,40522be8cc0dcbbbcba41a655de9f5b935c948aecadef09b901944ce81e94292,EQ,PIXTRANS,8247eab1-34ea-5de7-8a2e-43f8ec9aeb9b,a028c369-cb6d-519e-8bc8-a32eb2b9eb3b,,BLOCKED,1612.70,8799f14a-9ce1-5739-8448-c1b82830309a,4312e897393a84d3d8e6604372d96297f8640d0480a06209fa99abf3caaefa2a,EQ,PIXTRANS,2024-07-15,Dividend - Rs 7 Per Sh,,RECOVERED,0.977274136541204191728157747876
10,2024-07-16,ff5d1643d2d95e39e1c18c10e8fa646ee7e76390654980d415839bc4697f4c64,1430.95,71b3fe7e-0446-5528-9339-0a82ca5d7f63,33d8e05f3e11124562014e297c7817f6745c7b595b643560dd79cc068a911427,EQ,TTKHLTCARE,463982ad-06b9-592e-b804-3f07b00be315,ecf86d0b-1ae4-58b5-8d80-9bde417d28b1,,BLOCKED,1426.75,f048452a-3530-538b-bcef-8e7e01fa7a6b,4a38144597686205969daa2cfefdd23e5ec3119df5b65ef3e9c1da91dc040e22,EQ,TTKHLTCARE,2024-07-15,Annual General Meeting/Dividend - Rs10 Per Sh/,,RECOVERED,1.00995268967934115997897319082
6,2024-07-18,ef8bd5ba0e183714a921cdd3ef59f4c0e0122ce578a4bddcd674efd90dfd2c15,702.00,0774ff73-8aa2-59fa-8485-7af5982a8939,3fccc44cef260c4823719ce897f940f79398f13930a441cd65d94db75e4ad5f9,EQ,PRAJIND,34870117-17f2-5e51-9d24-3e511bfb3282,478489da-6d4c-5f8e-883f-74347da98c03,,BLOCKED,717.35,6072d8ed-3674-5838-8a58-17640e32413d,96177ecf542db3c8dffd7e4d4dac1219e9a84b30ba84e0904ee587050f923527,EQ,PRAJIND,2024-07-16,Annual General Meeting/Dividend - Rs 6 Per Sh,,RECOVERED,0.986965916219418693803582630515
0.25,2024-07-19,0a89318de35be7718ca4fc25b8d5506784a39d4a8343772ae4ed8f95769060e8,242.01,123978c0-d6e3-5163-9186-f6d76cbc4f91,844dbb63f27e61fe6a58508b3be6e05425cedd45c660c197e07356a6331a6a02,BE,RSSOFTWARE,94bd6cab-a88d-5f3f-b66a-cd87e6231ec3,1fd93cfb-d162-5565-b5b0-f87a35ad1c34,BLOCKED,READY,232.51,8d188597-8d38-5951-9930-06168ad8eadc,c5f774be1a12f8d7d9de8b48c0d92a64834d534d8233efa758ffb7d8ff344d92,BE,RSSOFTWARE,2024-07-18,Interim Dividend - Re 0.25 Per Share,,RECOVERED,1.04193368027181626596705518042
0.60,2024-07-19,c87c6cc79f92ab4a5a37d21027f9e0fff92b452ed2e5ab180a55072217a9e0bf,253.35,c51d29e2-b773-5318-b31d-f108cecae60e,29e37a4b28f79d67a70001708b58c061b9aced4c9bbf457cae6b27c1e55887df,EQ,LXCHEM,f322e250-2a3d-522f-9608-3901459a6504,ff0d42e4-b7dc-54c7-8bac-7550da6342fd,,BLOCKED,260.65,8ebe281c-9d36-53b7-bd11-dd82b6ea95f1,68c5822fa6163fa289ffe6e29d3d302ca0b128aea76c41d388a0aad533333df0,EQ,LXCHEM,2024-07-18,Dividend - Rs 0.60 Per Sh,,RECOVERED,0.974295031651640130443122961826
7,2024-07-23,874b8c17a65e8a6ad511cd4af7cea10f680c1faee0b9a1e662bbd03d1218e69b,352.35,cf059523-05d8-5de4-802a-5178892773d1,fa5a107e9aa96dc5d5e6bc4d9ef97dca64ddf8982f0f026c2a4f4672b030a1d4,BE,OCCL,0b0e8e9d-ecd9-5304-9133-501cf5af10e9,52ebd4b3-2467-54ce-9830-410dba435344,BLOCKED,READY,377.90,59a09f0a-76ae-53bb-b454-066a6d7daacc,cbbb273567c89f2f85153fb69016233826eadc7fc81ab36de6de2313c6a33e44,BE,OCCL,2024-07-22,Annual General Meeting/Dividend - Rs 7 Per Share,,RECOVERED,0.950912939931198729822704419159
22.50,2024-07-23,bf71ce1cc064b6de17eb77d33b48bd5af806e7f4adaeded0d914220a3a33393c,3005.80,3ba3a7a0-d216-58bb-b4fb-e18a8c2a7959,de5f97432b1ce182993070fa34c51563881262facec6bbb92abd9bb736d9d2ec,EQ,HIL,d1abdcf5-da4d-5a78-a6c0-e632d5d295e7,a9b1d445-f1ae-570a-920b-25429449405a,BLOCKED,READY,2987.60,9aeafd7e-21fa-53f3-8e06-cf91958b7222,3c23aadec6cb5b817c2b909b56d1cafb17ebba944d1709856014a2d6daf829fd,EQ,HIL,2024-07-22,Annual General Meeting/Dividend - Rs 22.50 Per Share,,RECOVERED,1.01362297496318114874815905744
0.50,2024-07-23,7ef30750e71b886ff0c93a58905c9b825c29d78b033e33fec232a78914771fbe,122.33,4c9c5346-4329-54df-8684-7a618863ea82,d47dd99d9a636279d072a61b3246469db35d6759cace8cd42fc3ad35c0389a9f,BE,WEIZMANIND,3e0ab3bd-7eab-52a8-a027-ebff71b4caa0,efde69e1-9be3-5502-8214-dacf4aa525b4,BLOCKED,READY,124.80,6ec00f9c-945a-55b7-97a5-398117f21a10,967bcc185bb8cceb3793b09fd9c5d36f8f7fbb8437134efa223f5040d8637131,BE,WEIZMANIND,2024-07-22,Annual General Meeting/Dividend - Re 0.50 Per Share,,RECOVERED,0.98421474358974358974358974359
75,2024-07-24,e9d667607e82c67685b44ef6df96cd055409337a6f9ff8db4baab998fd884468,15641.95,c64f4bf6-11d1-5396-819c-4de0aaf754c9,8270b5dbf4382920480f0bd5dcbbc6314e5b82b56947042afe9dedde7f6e901c,EQ,LAXMIMACH,1e5ca76e-8518-586c-9564-758fbb238eda,6b4b72a7-992f-5fec-88c9-e21e02fd5a00,BLOCKED,READY,16052.30,9002ac0a-7803-5006-bac1-1971acfaa919,0f4a134c94953811106f97c9d749b252c9c832c90fd7cd48336a66beb98f9815,EQ,LAXMIMACH,2024-07-23,Annual General Meeting/Dividend - Rs 75 Per Share,,RECOVERED,0.979108912741476299346511091868
25,2024-07-25,887f5df17973f14cc5f09665c468be793857d4fee1d67903faa8815ff7e5c1fc,2802.05,84850cf1-5387-53ba-aa4b-174d3c241694,73d3216c334424cf58864015eb0a2aa5e5a9d8a60c95243616abe971549ffe76,EQ,AKZOINDIA,0bcef901-4811-5bb1-9d9b-dc145204f313,915f0932-a740-5832-8c77-a7c9f533c1b0,BLOCKED,READY,2827.45,e96f8668-8483-5a82-aba0-6710bc5e7d9d,f736f879e291b75fa12ae5890f8e086e3b1baef3dd49d9c0d585bb172bc346ba,EQ,AKZOINDIA,2024-07-24,Annual General Meeting/Dividend - Rs 25 Per Share,,RECOVERED,0.99985852977064139065235459513
2.50,2024-07-26,47a66d6e573db788e421fb2b4758b7e872ede1d9f0953c5cc694c56a99d07117,78.19,77dec2ae-c728-53ac-838f-5f530f85c321,8458e9fb613a3695d3db321005ee6cd10ffebf72222accf704417ad36584f15d,BE,21STCENMGM,da052b01-27de-568b-bdb9-15128e8ec831,1e88b6eb-30be-5d18-98d9-f0affbe4f7cf,BLOCKED,READY,79.16,8884088c-9142-56c1-916b-b3df0f076f4f,6a93feb7d0d87d5778031db9efb2f0f722a5cb0ca9916bbb9ebe7484928700b6,BE,21STCENMGM,2024-07-25,Dividend - Rs 2.50 Per Share,,RECOVERED,1.01932794340576048509348155634
13,2024-07-26,98bef9f6e3832e1eda7b74f390de2ce20f90d550d95559848d5461fd0d60d4c9,1712.75,ff2838f6-711b-5912-8cad-b33b6d82c97c,168208c210f3dbadf1269659e386683aa96ad7f453db69c53c0265707d7cc4e0,EQ,SASKEN,dd4195ca-b713-5e97-97bc-e69b704f96b2,55eb6fd5-49bb-577a-97ff-d2268d95b704,,BLOCKED,1686.00,0dae02f9-1f7a-554f-a48c-30c9a782633b,224c5bfee42133df83eb1c0ab39373d11dc80a1577e5e07f50fd3f50e07df19c,EQ,SASKEN,2024-07-25,Dividend - Rs 13 Per Sh,,RECOVERED,1.02357651245551601423487544484
8,2024-07-26,bbda285ccab76b191fd146d2bf88a375fd355c284b497e9272db4d0a8559bd46,1162.65,49272605-e5f9-5a7d-8971-c85f44276c8b,7a20f37cc2de27254b69a8a2d2595cc755a9fd00204d5cd3595c88f56a862e27,EQ,SYMPHONY,42dd6b60-cfad-5cc6-81c9-d88daadd9794,7a65e8ee-52f3-5b55-8c16-08807b4623aa,,BLOCKED,1181.80,0ae13c2b-c43b-5efd-a0e0-ee7d40067791,833cd57ef7fa7cbc7af643fcb47443ac01566fde6a523dc6bdff9f708cf6048a,EQ,SYMPHONY,2024-07-25,Annual General Meeting/Dividend - Rs 8 Per Sh,,RECOVERED,0.990565239465222541885259773227
37.50,2024-07-26,09c6f2e0cce4c3ddda3f2e8757115ba1f6e6c66ce4008a9f3c100a947e6ab7ed,14983.10,28c84b8c-f53b-5134-b29c-57b8e50ec220,eff23d5dafff22aaaae3753aeb976e7ad07e3fff6b90fcd957b6c226d2c7c7f2,BE,GRPLTD,29201b8a-b231-554e-b9a5-025cc7b63233,87421b4b-66b0-50d1-841f-2768663fd6cc,BLOCKED,READY,15092.90,452d8fd6-1d2d-5026-81be-67b62fab01c7,2a6ec373ea7a97d818a9b6c938ab908717b84d1e431ae8bf98fa3c84fa3ff4b4,BE,GRPLTD,2024-07-25,Annual General Meeting/Dividend - Rs 37.50 Per Share,,RECOVERED,0.995209668122097145015205825256
3,2024-07-26,5e215a7ddf06a2e12ed711dd55efc92d189de704b03153307446ae256b783ca3,875.40,c4facb86-3ea2-5a00-bc0c-a8774e8aa590,8bac3849dcb7cccd8ef18d0e61e2b0ebeeb74ed2c1bc9445ec740f6dc17fe63c,EQ,UNIVCABLES,39edb8e8-a11e-5f94-8552-ccc0e1220761,db056138-561c-5884-aa23-b5293948108e,,BLOCKED,883.50,df59df3b-c300-5b61-a0d6-2c6f21815a2b,db322f9ff5769138788211b7c912e45165c16f241f3fa5789d65d89b220eb9cf,EQ,UNIVCABLES,2024-07-25,Annual General Meeting/Dividend - Rs 3 Per Sh,,RECOVERED,0.994227504244482173174872665535
0.02,2024-07-26,4514dc7dc08a09cf1fb886502985feb9ee014187393843c55083dbad2be3403a,27.89,dcc1a98c-f145-5a0f-86a5-530822770796,0177556a3b3d32b10bd9829164ecf5c6ea30e1d300e1560dd379fd5c22b0c7ba,BE,MGEL,338ad98a-92f2-55f3-bdbc-655b866eaac8,de67fba1-c7c4-5f41-977e-e7291553cc66,BLOCKED,READY,27.04,351c64eb-fea4-5df1-aa01-956dc508b421,dd567ca99ca34607040389d6bbda4e06d8b5784ced9d14b50a9ee29b3eb76ff1,BE,MGEL,2024-07-25,Dividend - Re 0.02 Per Share,,RECOVERED,1.03217455621301775147928994083
0.60,2024-07-26,486ca86a8fb5e3d5a69ccfa48a71f3b7fb735a8f258d31b6dbecbb1a43c483be,211.29,b1f66041-bec9-589b-9996-98ba0ca30ea9,15e447587b5004cdcbd19d4d3a996251857f70400c14eb19c758ee98d84e3116,EQ,JTEKTINDIA,f66656c6-2d16-5d91-8a4f-0974746c0712,ed5a10dc-6a34-5a61-9882-e7def6e2efcc,,BLOCKED,206.46,907874c3-df2b-5dc3-884c-249365b5e3e3,a039e9374ebf791fe957c96761e989e2894a0b4460d2fc914d18c27af4f19233,EQ,JTEKTINDIA,2024-07-25,Dividend - Rs 0.60 Per Sh,,RECOVERED,1.02630049404242952630049404243
1,2024-07-29,d2761672f345437026fd19c38905283c6efc796fbb60371fb9edbf10818d9a96,497.70,de7b117f-4680-510e-a69a-bb5b3faa7479,3f406107dc6f43733467d16dc91a8b44d082c51b6399f0d10a996d544d8545b6,EQ,CAREERP,b3590ec8-edc8-57de-8b31-c7ad47c71eb7,c73b1ab7-32f7-54bb-a5be-5989b67d288d,BLOCKED,READY,488.30,8f8c2144-7e9d-52ec-a84e-b24d1adb94ae,f278e1ce84913d4498ff4ea26dd512b261a037ad76874e2405104725f18a056e,EQ,CAREERP,2024-07-26,Annual General Meeting/Dividend - Re 1 Per Share,,RECOVERED,1.02129838214212574237149293467
7.50,2024-07-29,16e79ed86bde805852f0f4be58faffeec0815876ac75fab4d0ac84c9c5cdbc07,1387.25,c3be7774-3290-55dd-9f00-5cffcd1e3595,4129a79a91b012e7b9a80cdff4c5b756b24f1bd036612efdf237c41a4c65d109,EQ,FAIRCHEMOR,31409683-14c0-5f77-9dac-aeeb1b53a032,f41a3029-f862-5f2b-aa22-19fa2fca857f,,BLOCKED,1381.05,2e909b47-dd20-550c-8c25-39b799f11da3,8eebea974bf877ae7d78275c87ed72271cb7ce09f08b85fa9756ab1277d90a5d,EQ,FAIRCHEMOR,2024-07-26,Dividend - Rs 7.50 Per Sh,,RECOVERED,1.00991998841461207052604902067
,2024-07-30,,,,,,,,922f1cd8-4c4b-58ae-adf7-5f48f495e5db,,BLOCKED,,,,,,2024-07-29,Distribution - Rs 5.2949 Per Unit Consists Of Re. 0.1719 Per Unit As Dividend/Rs. 2.6464 Per Unit As Interest/ Rs. 2.4766 Per Unit As Return Of Capital,MULTI_COMPONENT_DIVIDEND_REQUIRES_SEPARATE_POLICY,BLOCKED,
,2024-07-30,,,,,,,,e0bb0a29-1978-5157-8366-9e0b890ce254,,BLOCKED,,,,,,2024-07-29,Distribution - Rs 3.75 Per Unit Consisting Of Dividend Re 0.2082 Per Unit/ Interest Rs 3.1954 Per Unit/Capital Repayment Re 0.3464,MULTI_COMPONENT_DIVIDEND_REQUIRES_SEPARATE_POLICY,BLOCKED,
22.50,2024-07-31,,,,,,,19e67159-dbbe-52ac-b40c-8410df02a845,6fe849b0-2164-5c5a-8b32-13228a861d62,BLOCKED,READY,,,,,,2024-07-30,Annual General Meeting/Dividend - Rs 22.50 Per Share,IDENTITY_ABSENT_PREVIOUS_AND_EX_DATE,BLOCKED,
,2024-07-31,,,,,,,,a7edc3db-7836-5af8-8660-d10977b2466f,,BLOCKED,,,,,,2024-07-30,Distribution - Rs 2 Per Unit Consisting Of Interest Rs 1.35 Per Unit/ Return Of Capital Re 0.36 /Exempt Dividend Re 0.29 Per Unit,MULTI_COMPONENT_DIVIDEND_REQUIRES_SEPARATE_POLICY,BLOCKED,
1,2024-08-01,fc5c0f5a5d2a9fba1ac7b679e807a2ff70aff6c7c47b53d41437c5848176d7cd,198.92,69eccd28-4030-570d-b4de-4349c98779d4,6cde10a573b120f319bc1bd0e6aeb67bad1e988f8ccea8da0a2f69852f8f7d2c,BE,IVP,2c45cbde-21cd-5447-a7e5-4aa777d8b0bf,0019df04-e353-52a2-b2a3-03c66a486058,BLOCKED,READY,202.60,59871638-3018-553f-8df0-ef3d9a0d4a2d,f58fd8ec15b0a6e9874548ff86b708789442735af74a50d0ec91d8aa33cc1447,BE,IVP,2024-07-31,Annual General Meeting/Dividend - Re 1 Per Share,,RECOVERED,0.986771964461994076999012833169
2,2024-08-01,23df30701bf913152c1267e553b917de8aeb5142541b968a201ba523b92b4312,637.55,7164ec6d-ded7-5bc1-b684-a30e25c5bdf7,dc6cc88eb0326381a794765a991137b9cb8d07b0decb0de8aa999eda983d3400,EQ,TIPSINDLTD,401d7d89-bcfb-5c31-ba44-c10a89369455,74146d63-75ce-5066-8536-87f9d53f67a1,BLOCKED,READY,629.40,974cf29a-baf2-5b1d-a3c1-9aed757c627e,ff1ecb2bcebbcfae31fcb8193d4a773a7660cf001bae0b1b220d88f02ef3ab0b,EQ,TIPSINDLTD,2024-07-31,Interim Dividend - Rs 2 Per Share,,RECOVERED,1.01612646965363838576421989196
1.50,2024-08-01,e0cc323e6e7f4e0e74b2adb507c5b409daa13dcddc9601e6d302c7be7e16d279,181.11,34ec6505-e4ec-53c0-aae9-56d7bfb08f4c,f9ed1ecd749aa94e0b8f4c0181df1c7c38731f8b441e7ddfd1989e86b0ed137d,BE,EMKAY,20a5bc5d-8515-5d06-a792-b4d24384bfb5,aedaa904-aecc-5c95-bbd8-5aa1ac9cce6f,BLOCKED,READY,189.07,8ed5c4ed-77be-5162-8f97-aa498cecbec6,67baef44e9f04ad36591a20b9b87e6b1c90edc2cded6fe8679e4147a8abeb0e4,BE,EMKAY,2024-07-31,Annual General Meeting/Dividend - Rs 1.50 Per Share,,RECOVERED,0.965832760353308298513777965833
,2024-08-01,,,,,,,,c3236886-b51e-5295-8d85-532bc117b610,,BLOCKED,,,,,,2024-07-31,Distribution - Rs 3 Per Unit Consists Of Interest- Rs 1.99 Per Unit/Total Dividend - Re 0.44 Per Unit/Repayment Of Spv Debt- Re 0.55 Per Unit/Treasury Income Re 0.02 Per Unit,MULTI_COMPONENT_DIVIDEND_REQUIRES_SEPARATE_POLICY,BLOCKED,
1.50,2024-08-02,28a9e461b208d31c6ab236f9935b59ebbe54847c2dffb430225abb07f71b411c,951.25,7c55e514-0751-5b68-ac34-23e1d9193ee8,87d7c6d1673a2773262b78c313d6f80f022837aa8ba69f373e021cae3454f34f,EQ,CELLO,5ad7f710-97c9-5a6b-9571-1f6346481290,376e2442-6497-5035-89a9-5df392eaead6,,BLOCKED,934.55,5a8a3b1f-cc23-54a7-84a4-cecdfa73370f,9c9b667ad63f51948f5b5880766f096aece6eff54f03dde9a9ac5a380651c060,EQ,CELLO,2024-08-01,Annual General Meeting/Dividend - Rs 1.50 Per Sh,,RECOVERED,1.01947461345032368519608367664
0.20,2024-08-02,dae6faf1f2f4b5125aa46001c19f3db224a4da089d64d71ca869471617cb5110,299.55,faed44f2-9ba9-5452-8415-73e79ab04e68,974fe5319e107cdcb94832c69f0dce46783a1118d6760b05cfc9a637c1e2f1c9,EQ,SHAREINDIA,85dbf240-9533-5d6d-bf14-d67a51a8dc70,57dfd96b-e9a3-5b5b-82f6-205736097051,,BLOCKED,300.95,88755c8c-5754-574d-aaa1-bd61771bb6ee,f8aefaf51e9dc2b8bd2a66701777e7b7c9b8ab0e6b1435449a07ee60046fb4c2,EQ,SHAREINDIA,2024-08-01,Dividend - Rs 0.20 Per Sh,,RECOVERED,0.99601262668217311845821565044
20,2024-08-02,cc081a4fb2baff6f50b038533f094feb4ad660f8e1ba2d5d83b90a2025f14a2c,814.80,f4f0bc45-69da-5516-b8ca-e13e88eae6bd,980e7296c818806507d6eb12e6e86a6014534f3a611f48404665aa725bbfd304,EQ,GLOSTERLTD,9b528805-daa7-532f-90ed-b6b0dbb62689,90127259-9dc7-574a-9657-a94380a5107f,,BLOCKED,839.05,696f6fd6-6e8b-5639-aa96-aff607cf54a0,1b0a26465cff93464ec9f43bcb16b5da58a0b8fb86028074c5ff059f5d17abc4,EQ,GLOSTERLTD,2024-08-01,Annual General Meeting/Dividend - Rs 20 Per Sh,,RECOVERED,0.994934747631249627554972886002
,2024-08-02,,,,,,,,95507663-7d3e-5698-8cc4-b228b8ba29cd,,BLOCKED,,,,,,2024-08-01,Distribution - Rs 5.60 Per Unit Consists Of Interst Amount - Re 0.85 Per Unit/Dividend - Rs 1.56 Per Unit/ Repayment Of Debt - Rs 3.19 Per Unit,MULTI_COMPONENT_DIVIDEND_REQUIRES_SEPARATE_POLICY,BLOCKED,
4,2024-08-02,dfc770cb04979fc96878d77287ac76e577c45783675777cb903a61cc972e069a,718.20,96a987bb-bcbc-5078-aa66-fcb5ea33dd77,dd88b9ee2bade5aca157bd6877a3249cf5ec2e8c2b8fa5b1d024212b0089dc85,BE,AJMERA,567ed24e-f4e9-5afa-ac81-4699b9ab5a01,ab45a759-12e6-536e-86a8-bfa9e1ef550b,BLOCKED,READY,741.35,802f2a5a-b3dd-53f0-b417-150cc1f9ba6e,04d5dbaae633ef0203296bf22fd922ead4ad8f46e39ba5a44aa6da7e99590353,EQ,AJMERA,2024-08-01,Dividend - Rs 4 Per Share,,RECOVERED,0.974168746206245363188777230728
,2024-08-02,,,,,,,,d517a854-2844-50c6-a139-f706559365ed,,BLOCKED,,,,,,2024-08-01,Distribution - Rs 5.04 Per Unit Consisting Of Dividend - Rs 3.03 Per Unit/ Interest - Re 0.34 Per Unit/ Repayment Of Spv Debt - Rs 1.66 Per Unit /Other Income - Re 0.01 Per Unit,MULTI_COMPONENT_DIVIDEND_REQUIRES_SEPARATE_POLICY,BLOCKED,
1.50,2024-08-02,bd2879a9c0a82d8f8aa8fbae42328580cb82e0dba43e39ffe2beb89aef9bda2d,177.90,77c04c6c-ca0f-5568-a5a1-90192287536d,474d20a5d45c20b0d073a7fbae70023f778cbbcbb633852d1ecd9f7de436c16e,BE,HBSL,6cf49fd2-c5f7-523f-8550-8666779e4a33,fbc65038-d91d-5346-9f05-51171bcf1c9c,BLOCKED,READY,184.20,9228d700-add9-5b46-acda-df7c8f1c49e4,236b78f3dbaae4598fa2db58ec57d4b6229dde7704f08339beb7c15d0987a625,BE,HBSL,2024-08-01,Dividend - Rs 1.50 Per Share,,RECOVERED,0.973941368078175895765472312704
0.05,2024-08-07,c91c3a88074fc3579629d9957b77d3cbcc24de5f197a43f21fd2a08360cf8926,32.43,3ffdc3dd-8887-5f4f-98d3-a5db576f797e,6c7309c0e9ef0d9c6bacb1e21b87009d9b20d060be2c36ab58b3431493e9e357,EQ,INFIBEAM,c338a706-4bec-5672-8108-a86f2b8ad5ac,bc8dfdd7-85d5-555b-9a5e-5e67b6ce5d23,BLOCKED,READY,31.00,abe419f5-b746-5c2d-9409-2b55b3f78553,c363288dd0778a8f91eb9ee2ba9534419714828270eeff9efab487a118e10f6d,EQ,INFIBEAM,2024-08-06,Annual General Meeting/Dividend - Rs 0.05 Per Share,,RECOVERED,1.04774193548387096774193548387
0.50,2024-08-09,ef91fb9fd0628eb4f9d5636d847983bb0d3f213b41974b7098854f345c802d4a,2399.55,568b3f7b-2d74-5776-a564-b0efc187b78c,e77186321dcfcfa1abacd38f16a84cf49846ebb9e8952af5bd46f10449487311,BE,NBIFIN,3411ce67-8fe8-5f36-a2ad-00e0818db764,10565a87-2216-5622-9d9c-546414a54313,BLOCKED,READY,2374.00,0f704bc2-2707-50e3-9dbe-20707bf1b0d9,6378efd1f474b418755213bf25a601e2947242a435f08d5ca0541dc275f5ec22,BE,NBIFIN,2024-08-08,Dividend - Re 0.50 Per Share,,RECOVERED,1.01097304128053917438921651222
,2024-08-09,,,,,,,,16c7ab59-bbf5-5bd3-9c98-9c11c1afc582,,BLOCKED,,,,,,2024-08-08,Distribution - Rs 2 Per Unit Consisting Of Interest - Rs 1.04 Per Unit/ Dividend - Re 0.22 Per Unit/ Treasury Income - Re 0.01 Per Unit/ Repayment Of Spv Loan Rs 0.73 Per Unit,MULTI_COMPONENT_DIVIDEND_REQUIRES_SEPARATE_POLICY,BLOCKED,
1.25,2024-08-09,21af678c6ee185461a9c8fdb3182e05de670882291f2aeea154bcd82745449f9,1508.60,32eade72-0995-568f-85ea-162e27b0b8e3,c752aa0fb428f6c5cfa5d9dc7a3277705e00af230884ad19feab8a6a910bb295,EQ,VBL,dd89a946-70a5-5b84-97a8-51c1902eb333,2aa88386-1950-57c8-9483-4e2fe7ae8201,,BLOCKED,1489.55,6ea42df4-d64a-5858-b3ca-fe2f62b75d62,c654a0c427e7d794b8767562a48e8d91d85d186539809eb972d16fbaaaf8b9d4,EQ,VBL,2024-08-08,Interim Dividend - Rs 1.25 Per Sh,,RECOVERED,1.01362827699640831123493672586
2,2024-08-09,7156cb3efad173320094164248f95fdb03f4116a9698c604e2116787e19d461e,226.86,ac9a1fea-3032-5d08-87e2-d339fe913b77,009b91cfced0e2c1a0a3821cef267904d4a9798ccb785e09f061df302daf2fb5,BE,NATHBIOGEN,cf511d91-f3a6-59ae-9896-f5c9ebbb7e18,757bee83-3644-5525-b28b-8d752058b3ed,BLOCKED,READY,226.24,1c108c1b-e634-5aa1-93fd-082d20dabd01,8b3cb479fadbaaee20ca110a82001cb501bd30c8eea05c8b18d8ff720cc465bd,BE,NATHBIOGEN,2024-08-08,Dividend - Rs 2 Per Share,,RECOVERED,1.01158062234794908062234794908
1,2024-08-09,695782a5a138ee8eefba068479f28b27ca4a250030ab4620189c1f51081471d7,130.11,50fb2e72-f370-5ef6-bdf1-cf6ebe8b6cda,49fd5a68a21861c3d21521d4355cdfda7b27efd312b32ef8196e6ce77bc14c49,EQ,WORTH,8888bb8e-3c0f-5567-8ba0-dfdb858a6189,d844560c-ea07-5075-b682-f8a324c27b9f,BLOCKED,READY,124.42,8a033d81-0cc1-570c-a702-897c2905abf9,6107a377acb626caf9a3475d54e93abcf111f0078fb9d9898cdcbb58b7f37671,EQ,WORTH,2024-08-08,Annual General Meeting/Dividend - Re 1 Per Share,,RECOVERED,1.05376949043562128275196913679
,2024-08-12,,,,,,,,ec9f3793-1be7-5893-b54a-25ea06812340,,BLOCKED,,,,,,2024-08-09,Distribution - Rs 2.6123 Per Unit Consists Of Interest- Rs 1.3082 Per Unit/Dividend - Re 0.6011 Per Unit/Return Of Capital Re 0.7030 Per Unit,MULTI_COMPONENT_DIVIDEND_REQUIRES_SEPARATE_POLICY,BLOCKED,
1.50,2024-08-13,9727c0293576fbb56c2d413b9c1bd85e7b3847165a978f1dfee6ef319670b255,525.95,a2c8a880-0a5d-5930-a85d-9b01ea60c893,599b07b66c52b37be221e6558c0d2b8996e019064d7791f7287c77cd2a836aac,BE,PRECOT,7fa2814b-be52-5d6b-bb9f-81936129b039,48cf64c1-b968-5bce-94f8-e418d183a294,BLOCKED,READY,516.95,90bfa2ee-96f6-5f4a-910b-86269763db14,c09347c85a3e8fa858f22b1813dc153d55815ebe0a3784a0b046ba9ec2b5c056,BE,PRECOT,2024-08-12,Annual General Meeting/Dividend - Rs 1.50 Per Share,,RECOVERED,1.02031144211238997968855788761
,2024-08-14,,,,,,,,6e88e3ba-ecab-5759-9ced-fe62c2316721,,BLOCKED,,,,,,2024-08-13,Distribution - Rs 4.50 Per Unit Consisting Of Interest - Rs 1.79 Per Unit/ Dividend - Re 0.51 Per Unit/ Interest On Fixed Deposit - Re 0.07 Per Unit/ Repayment Of Spv Loan Rs 2.13 Per Unit,MULTI_COMPONENT_DIVIDEND_REQUIRES_SEPARATE_POLICY,BLOCKED,
2.50,2024-08-16,874aade7e05ebd350a1bc06b634a910278c75154a9999a3d88158acb8a36b5df,3175.00,602d2045-5768-5203-9ffc-a949f74ec1c4,69655503c907384e8eaf212725897580644f991fbe862d10f0941854c0b0d3f0,BE,NDGL,449c7ae6-7a0e-5451-aad3-633bbc4407b8,de0f14df-e9dd-5a49-ac3e-1fe98c235039,BLOCKED,READY,3153.00,8636d0bc-0810-565e-b343-4cdf9625a76c,41998027a27158c7dd1fc8bf0c68679de6655c4e958984c867fcbd81710e27cc,BE,NDGL,2024-08-14,Annual General Meeting/Dividend - Rs 2.50 Per Share,,RECOVERED,1.00777037741833174754202346971
,2024-08-16,,,,,,,,fecfd3e3-88ee-5566-b941-4d2410809ba1,,BLOCKED,,,,,,2024-08-14,Distribution - Rs 3 Per Unit Consisting Of Interest - Re 0.72 Per Unit/ Dividend - Rs 2.28 Per Unit,MULTI_COMPONENT_DIVIDEND_REQUIRES_SEPARATE_POLICY,BLOCKED,
7,2024-08-20,c99be28989533f56ce619131fd2f34d8818915bf654b93695a91a8d9ecab111d,1332.30,417852ff-ad10-5c34-bc2f-50b83f5ba2d8,d46410ee4c2d6dfa64090c55fb9d69ef46373570e8dcd8df25deebd849c8d36c,BE,WEALTH,fd38ed57-2a9f-5fb8-a665-fcfa29cc2ab3,695ce9bf-7f2b-5605-a40e-ede3c9557762,BLOCKED,READY,1334.85,5b00c9fb-47c2-57ce-8480-f47c398a17ea,a6eac32c5c5654e3db56b4bb43ee2298294c3aa722f5d75022bc243b7b8d0341,BE,WEALTH,2024-08-19,Dividend - Rs 7 Per Share,,RECOVERED,1.00333370790725549687230774993
1,2024-08-20,eb3f5f1e0204ccf78b3086a463a59c45c1b62551e3b20808092c8c65f4121557,158.55,3d81d61a-194c-5b76-82b0-52fa073d3d39,b76a2149290b38a6ddb6672c9f549819a22d980b774431e710c92615d1a40dd7,EQ,RAIN,f18db0b5-7dd5-5600-97e9-7f7c3ee22a99,ce9f0abf-15cb-52af-b730-795f08c51370,,BLOCKED,156.38,187886ef-a452-58d4-9700-5c18f5a342aa,920127183c75d6fb687b74692cf8797d66cd81990cc430bf5358a9e59502bf35,EQ,RAIN,2024-08-19,Interim Dividend - Re 1 Per Sh,,RECOVERED,1.0202711344161657500959201944
1.70,2024-08-21,974f8bcc4c849b302d46ddd4308181c874b75b032773f161b2325ad67b5e8d05,546.70,dc9958d4-5115-5b47-91b7-507ca00a1563,ea685a27d299cee1275ce0b53d16028005744c7c3240e831ecf9be9414af4f76,EQ,ITDCEM,c1d33cdd-f6cf-53b6-bbc0-f132d8dfe798,74d798c0-0270-52e6-8580-7a4bf3369872,BLOCKED,READY,548.35,b54e8fb7-bc0b-5520-84f9-3eff6f00fc09,9b894522bf9cced5abe26b2f2f088fff00f8794dbfbfa667f76c945948d5453e,EQ,ITDCEM,2024-08-20,Annual General Meeting/Dividend - Rs 1.70 Per Share,,RECOVERED,1.00009118263882556761192668916
0.20,2024-08-21,c8753185d7cce480b7cd2b7a02ab77ac52b2ebebcb097ca86f56b91adf7aec8a,937.70,4242d20e-1e9b-51d9-bb71-aeea36c8ab85,ef2c986e0ed7242619e88bda849bbb0f98f04c9428a14219ab872f0cfbf60634,BE,KPIGREEN,cf923b3c-e09c-5c8a-b0d9-853607c03bc9,b479e40f-b705-5e5c-bfa8-35aeb3850004,BLOCKED,READY,979.05,d207e35a-4021-56d2-9c8d-05b4f6746b4f,1c10a804bc3a5ee133da20b631e8c78ba40ef2671d715dde7ddb7dc19ed46755,BE,KPIGREEN,2024-08-20,Interim Dividend - Re 0.20 Per Share,,RECOVERED,0.95796946019100148102752668403
1,2024-08-22,f75680c43a65e593488134265e2f4566599416c953e28b1ff068aa59638178fa,134.90,b2ed96ad-7629-5a3f-9434-585e94104586,bc676e7a599175729fce4ae770671fe637bbebe43e9727e442391cf49b404e0b,BE,OMAXAUTO,2d9fb9c4-920a-5c7d-9d99-4f607f5bb283,e5d0e356-1941-52cb-a290-934b0f4ce89f,BLOCKED,READY,135.47,7fc0afb8-2364-55ec-9183-e1c853206a36,13f007744050b951c60469effba549146bf9d2e7675b5eabcfe24aae004e1e9f,BE,OMAXAUTO,2024-08-21,Annual General Meeting/Dividend - Re 1 Per Share,,RECOVERED,1.0031741344947220786890086366
3,2024-08-23,009ef689ac793826be8db2130b5eaf882c0216c01315362ccb5ef98a4e42aed5,148.83,316891d2-8e8e-5816-a50a-4ec9e5ef6e5c,7f898c4e5bfbc38a1de1305ef213f8779d64141376b84c6a8a27b2ce87f60523,EQ,KUANTUM,b657a4fc-9373-5b06-b7d3-81791dde7e55,1aa86353-9ed9-58b4-8ce4-53d2b15b9149,,BLOCKED,150.89,52e34293-8c3d-536d-ac42-377c748d0c32,46c02bfccf82f65a6bd36c20a9299c9f2a42d3bde390fd6a6c38424ab9cc5611,EQ,KUANTUM,2024-08-22,Dividend - Rs 3 Per Sh,,RECOVERED,1.00622970375770428789184173902
0.70,2024-08-23,a1d6778d4ae3ea2b55182c5176cc67783a9a610eaaebc3e42568eada63702006,13.78,016f62b0-6f12-5057-b3d0-beecb7dc8ec0,4bd8086fa4d5ad7a803156af9966083015cc0737eb84756ff83ec82f8c0dbe6c,BE,IVC,a8e7030d-8144-51e5-96a4-72c47490fc39,d0ff6066-ba15-5729-b476-3bd14caa1322,BLOCKED,READY,14.29,4e67957d-ccc1-52b8-932f-42bd78398776,a1a171b0406f9b9fec347e788a2c9a3cf6e2ab1d9c377a842e601fee696dc61f,BE,IVC,2024-08-22,Annual General Meeting/Dividend - Re 0.70 Per Share,,RECOVERED,1.01329601119664100769769069279
0.25,2024-08-26,49375e6c0610b271d79c8b782ada6ae47834ba04980def9cbf5501d99d23b18c,151.48,a62fc99c-af36-5905-8f37-bc8b2eed8798,eae4132f83d6796b95250109cdbfe9fbebc349e5304fabe7a428530338c8d3cb,BE,DHRUV,357ae6cb-7e1b-5899-aa07-bd17f9794b68,5202a3b8-c17f-5c7d-bd5f-fbfc7acbc47c,BLOCKED,READY,149.46,f9fdaefc-ccaa-5c92-8320-aa5815c95e96,cc9c7129ab4b1dbeeed27da97ce3a8c6bdc3fdcbdb6016a3ac518c700240aac7,BE,DHRUV,2024-08-23,Dividend - Re 0.25 Per Share,,RECOVERED,1.01518801016994513582229359026
2,2024-08-28,7d96b999140175217f06facaf9ee53204c39779dd3b136deaa132eb6532b2029,1699.35,01ed855a-8363-587f-b4c5-dc3d1f6d2f67,f5fbd16405248b70caa2afcf16da330185fe5d903f793b457d4e2ff2a14d9ed8,BE,GET&D,91cfc33b-5c5a-570c-9811-eb4851e6144b,c30a8bce-41c9-50f8-a8c7-93577af51687,BLOCKED,READY,1679.90,c4798572-3b43-5abc-9890-c63d24098ca0,b700694161b3fc92ad9023d548e88ac12e2aa3ceb2bf5e502635167f6021a1ba,BE,GET&D,2024-08-27,Dividend - Rs 2 Per Share,,RECOVERED,1.01276861717959402345377701054
0.20,2024-08-29,e9000a7c0a8a59b43af4e8ed1be4974dee17c6bb40cdead5d0795d49c875dc8a,55.15,3d77c502-6867-5ffe-94d8-2e83decb38ec,2604f174e9f1e89d191c091ac9505e1e982a6f9cc433f7cd7cc4e1116a0d6939,BE,AMJLAND,6d85f2f0-a88c-5ebf-be1a-d2cf18248154,7786b816-55ff-5be7-a337-6400a824b2e7,BLOCKED,READY,56.44,a7e7f821-83a9-57d6-a2e7-3218f52791d2,026cbbbcb38cff3044e3bff13bf74f221afdefaa28c1a81f2c77731a59eb3e9a,BE,AMJLAND,2024-08-28,Annual General Meeting/Dividend - Rs 0.20 Per Share,,RECOVERED,0.980687455705173635719347980156
2.50,2024-08-30,b9bd6f0f0cd78854eccaf7a95fd68da0d415b704f6a3c9afc9535ec6cddfa935,1087.85,85cdcfb8-b489-589e-9c9b-0bc71492e0df,e832d9a42a05b606ff4b583d2ccd75b66fa4b49e0631d455e9d2598b316bf34a,EQ,SALZERELEC,a35b851f-78d7-5704-a4c9-e5ccb30e1c87,21aa112f-f7e1-5e1b-9675-59777819fd00,,BLOCKED,1097.30,2f780bc0-c1f6-5bea-b6ec-ab8a0ee32bca,07ad57a547435c3cbebe6224493a50de5893bccd2727501dedbb48f9fd8166bc,EQ,SALZERELEC,2024-08-29,Annual General Meeting / Dividend - Rs 2.50 Per Sh,,RECOVERED,0.993666271757951335095233755582
2.50,2024-08-30,8456e0b0293378e6d768191e2fe60c749feb3c0e8f74b89def76e831dd0292a1,741.00,d4dbb95b-2263-5383-94df-a834413c4e0a,ec380473ce1d52686cc219dd041506b963581419b2cf6b5660b9e8086baf4d9f,EQ,OIL,f440f5b0-7735-54d9-b3b7-9980a7138595,3278622b-4709-5827-8be0-23b2d7dfff6a,,BLOCKED,733.90,bd27f786-2941-5182-8cec-a8e022ff1501,1f0e0c3d2a382df9063024be2d577a85062650a0af69e482083e2ec10fa24255,EQ,OIL,2024-08-29,Dividend - Rs 2.50 Per Sh,,RECOVERED,1.01308080119907344324839896444
11,2024-08-30,deae698476b443b9a6e6ae24abd213dba93184a38198fe078bf4ffcb14cdbb3b,845.60,a3896984-a347-5b5a-97a7-86c36673fb9d,c101c831f153282605d96b05aba3e153967654c64b12a69c6986ee6369488ce9,EQ,GANESHHOUC,f9587cf3-31b1-59e6-a69b-03d3f86c86f5,43d6a301-483f-5e0a-b27b-1ac3e97c9bdd,BLOCKED,READY,858.20,51f14bc8-1e83-54a1-a8cb-f1c77c410613,620f400cd1e5510583b85550745615404b34f3580e28b2406f262bc70cc7883b,EQ,GANESHHOUC,2024-08-29,Dividend - Rs 11 Per Share,,RECOVERED,0.998135632719645770216732696341
1,2024-08-30,b9ef5a3f52144ad4fc492e952ab29ebab09554f6c0c85dcf2999665a9bc5ff74,518.90,9681e472-66ba-56ad-a7ed-124805918f14,17c68f7413f27d5698ff5e7f0227b3cab5018fdd41d817a4a1302d69fd5da979,BE,CAREERP,b3590ec8-edc8-57de-8b31-c7ad47c71eb7,d287f795-1dd4-5a87-9719-2c3e6f068ba6,BLOCKED,READY,520.50,11156184-4b2d-565f-ba1f-0383a21a6f03,f02a161c036f776d0c0802910c7ea6bf80feee80c8447b7c3deedf915bc64ffd,BE,CAREERP,2024-08-29,Interim Dividend - Re 1 Per Share,,RECOVERED,0.99884726224783861671469740634
0.50,2024-08-30,9476dffa43f5e677168aa0db93bccabe91ad3170c64168db97946d6902b33631,111.26,cc8db2a8-751e-5ed0-8e87-92d06391ab81,4ac1bdf69c2fe9fbdfc2afad0e15f1d850fa7b11ac8795cecc1fb2d90f3f95d8,BE,FOCUS,aa89b87e-b127-5dc1-ba2e-7103156397e1,dd985cdc-30eb-56b8-850d-25f9f6081102,BLOCKED,READY,106.48,06caf901-555d-5e44-9e91-81f4083b7232,c0510431177b3bf530bc464696bd1932282007cc380deee5ecbe20c2ed668124,BE,FOCUS,2024-08-29,Dividend - Re 0.50 Per Share,,RECOVERED,1.04958677685950413223140495868
0.60,2024-09-05,a7289b3acce9f1a023161d8a30d86403c31e074e936e6189ffb8fd3834ad79ec,122.10,5585c73b-3556-55d0-9a4c-ca04dc2f58a1,ef961bc6f88ca19441cee3bda39de63dc3ef89686f17255d0f77ba20166f8f8f,BE,GEEKAYWIRE,c8445840-0550-5ce2-97e0-63e3fe701d3b,0df195ac-69ce-54ff-afb0-dc878c7f0b7e,BLOCKED,READY,129.13,44c33aa7-a23e-5ace-b630-f5ef1734f46c,8288a8f0f99ea21be244de60fc7d6f2dde07ccd9db209077dcc932be819cf1fb,EQ,GEEKAYWIRE,2024-09-04,Dividend - Re 0.60 Per Share,,RECOVERED,0.950205219546193758228142182297
16,2024-09-06,f7681bc5cd7a9675bce0d8c8548d9f8e9559c2234e25cc09a44d8ad9ca219f88,2041.35,a0542b95-a41e-5c7b-9cfa-fcebf1c4e4ca,36804924e55a4b3135977f4d3e510bf0d5e602f5ff4da63cd0507530abfbb522,EQ,SMLISUZU,5e83df4f-d709-5240-bef0-afc4ebfbc8f8,91380164-5e4a-51e2-b170-3644a1232084,BLOCKED,READY,2042.55,f5214698-bcaf-5e5b-8397-cf899b99b4bd,9d3fc126a23ad45c38d2033e66752c57dd41863433ae4afad4c43adfb9f8f1af,EQ,SMLISUZU,2024-09-05,Dividend - Rs 16 Per Share,,RECOVERED,1.00724584465496560671709382879
1,2024-09-06,8ecbef202f648d8a990194db2d6b7450c950c5e9e3231f70bfad541d892ffab7,276.15,9bb38035-a6c8-568d-ae7a-cab7fc85d3ba,f008b557be1ea398c918acaddf72444afc9529c6e07e53ab88ae67b0eedb3ed4,BE,NAHARPOLY,648a4c67-e2b7-5c1b-8e00-a6e25f88632d,94b897f6-e17d-5809-a1ae-64cc4471c23f,BLOCKED,READY,264.70,d7c6afbb-9e62-5cab-b148-0e37e651ff31,6d6f634b49aa55379768a89814c8ddc3db5292b99d75adfba5bef233a843ff3f,BE,NAHARPOLY,2024-09-05,Dividend - Re 1 Per Share,,RECOVERED,1.04703437854174537211938043068
1,2024-09-06,59182f677be22bef492a421d13f645fb5873da8bb694f21be435271e21e42465,113.85,39d71346-e415-5413-9b48-030514f2c83a,c19997a58edff952ac831641c9bc1b5d10a2f5d2cfd72c1dd6c1297838d287f8,EQ,NDLVENTURE,bf8322be-336a-5fa5-af81-3c83a71ca8c3,ee802b67-594f-5e6c-922a-98a31603c628,,BLOCKED,124.98,038fb2fb-0003-5bd3-ac1c-4fdd8b4ca085,6667e2b30668e75d39847834e3a29c082d1e67a98638ccbeccb43f70d44ead5e,EQ,NDLVENTURE,2024-09-05,Dividend - Re 1 Per Sh,,RECOVERED,0.918947031525044007041126580253
5.66,2024-09-09,d1acd6963b85dc685310d4783cf85ec64717b80cf897fe6687e945011eb243ea,653.75,10220ba2-3a17-5b83-9fc5-d18e9f5fcc62,07e91cfd3b2be390f1f8dbd6577df9f19a10709c19e8211e378add891bb58077,EQ,GUJGASLTD,af65f053-1d7b-5844-b99c-894f39441856,6c56b4c1-ca6c-5aca-a9bf-6dde09d0ab04,BLOCKED,READY,667.00,de31850d-b991-50b2-8108-45d5cd4283b9,82833c60b66b75576fd19fb29e102a8ed84974147bf31531150b82a77a25001d,EQ,GUJGASLTD,2024-09-06,Dividend - Rs 5.66 Per Share,,RECOVERED,0.988620689655172413793103448276
2.50,2024-09-09,83486144665662d59e2df21c352ccbc3a6c7a127b0d77b351f9a3371919f6500,417.00,f59151f2-49a7-5c7b-8769-20f970041a6e,5c71bd23e6eaa18d45b4b1a49745031bfba2de53d528599d7e20ae5fb6f3b0d7,EQ,NITINSPIN,b0f6c016-a52a-56dd-b2d1-9ca349e6561f,8643ae43-7b10-585c-bcac-ab3fb8eb3898,,BLOCKED,418.05,f60c9e2c-5d84-506d-92f4-3f3750b0e863,ffb9494d1698edc4e1c220da3fbc0b99eb19e66b7d7df1ddb4625e177cce298d,EQ,NITINSPIN,2024-09-06,Annual General Meeting/Dividend - Rs  2.50 Per Sh,,RECOVERED,1.00346848463102499700992704222
0.50,2024-09-13,fc7c30613e76fb81c67c071be639d996a79d32530dc41f7035f27041ac209f9f,631.95,7eb86a79-7769-55e9-8ccd-cbb497053b4d,da42fa8941aa6c845b996b76b89c088622842ceb88eaa6e8e99b1fa6e5665dad,EQ,HBLPOWER,cbb599b9-8e3e-58e3-a82b-170f1bf21c4f,1d289d69-592e-5001-8c6e-b92715393615,BLOCKED,READY,608.70,4734fc57-26b6-58e0-8e8c-cfc79afc8a36,b8da42afe914847eac2b280d90147c241042aaccc2bd9fb91581a531e0a6ad5f,EQ,HBLPOWER,2024-09-12,Annual General Meeting/Dividend - Re 0.50 Per Share,,RECOVERED,1.03901757844586824379825858387
0.05,2024-09-13,8163cb1293fb95a8a69f12f5d0b5798b64c04330fcb9d3d74bdbe9b41eb02294,65.15,591491c5-d2da-56af-8859-04d255d7ad63,5cd6886ac677a6d71fe549022c914682dfbbba759999505416f64596210b8862,BE,MANAKCOAT,de86d233-5e5d-50de-a5af-9edf2d7aa672,78a760f2-343a-566b-a5da-bcd4a13ddde5,BLOCKED,READY,66.70,895577c9-b5c3-5f99-a460-f6a05ff1fe93,9498bb4d63dca4801d8e3b54163f740619c10f08e28203abf54ae86e4d5b2356,BE,MANAKCOAT,2024-09-12,Annual General Meeting/Dividend - Re 0.05 Per Share,,RECOVERED,0.977511244377811094452773613193
0.20,2024-09-13,b9a0fcc969a6c86f0b08573ec0256dff3e7704284f74a4ba182c96b4e5bceda7,56.26,a0f9c0ac-0435-50b9-a53d-8d5fac2be82e,f36d44fd98425d2f1543744a99d270460194a61be7e9772be659ec6ecad9696d,BE,KCPSUGIND,ee38f8a1-a5c5-58fc-9d82-72c48ba5fd9e,9e1ac7cd-8388-5a54-a6f8-c99af8726b86,BLOCKED,READY,55.46,186c87c4-b13c-58d0-978b-8dbfae2d132f,af96ce4fc6d39a5ed5b2fdb8355ac3774c4694ef83f8492e4f9178c196fc7659,BE,KCPSUGIND,2024-09-12,Annual General Meeting/Dividend - Re 0.20  Per Share,,RECOVERED,1.01803101334294987378290659935
1,2024-09-13,12b4fa84f8406b71330879bcfb3664ae6edf1eb36c86c4dd425ca268dd9f38f2,205.53,4777a4ab-e001-564d-b405-504ce622d212,41a757d8978682539b6c1b79a734d394f087ca1abd5cddb28341c2f56284bd44,BE,CORDSCABLE,fca7e90c-c368-51d8-916e-ba5724bdab65,b121b67e-2990-509b-92b9-728c6ee479b4,BLOCKED,READY,208.15,2208c6f2-bd55-51df-bae4-3b233beda123,22a5e3d3d4caf61620a87852379463f033f5ca8ca05123edd71c1aee845dd174,BE,CORDSCABLE,2024-09-12,Annual General Meeting/Dividend - Re 1 Per Share,,RECOVERED,0.992217151092961806389622868124
0.07,2024-09-13,3b68be5b26d0985f8a165b69e3ecc57728e56565af85bf4a363e9cbd21dc18ed,29.62,cb896ca6-12d8-56a1-9a9d-8008390b1aed,3fa7fb1305e4e46117255688c46528e0db1cd28b0706de7b5310e4fc2751a9a0,BE,MANAKALUCO,ffa13728-88b6-51f8-81dd-9417919d9065,eb66cccf-f435-58c5-ba3d-e6b0a722bcc4,BLOCKED,READY,29.57,8e4d5ff6-8517-5114-b843-c6edd6d18c87,859f7f3b9e373f19d6c0ef7bbd56bbb9ad9cf19ce2fa2f2706bda2c76d7a7cae,BE,MANAKALUCO,2024-09-12,Dividend - Re 0.07 Per Share,,RECOVERED,1.00405816706121068650659452147
3,2024-09-13,,,,,,,0b89ba40-f424-54a0-bdfd-56158cba8e82,f823037a-c0e1-5c95-9ca6-909eeaca7403,BLOCKED,READY,,,,,,2024-09-12,Dividend - Rs 3 Per Share,IDENTITY_ABSENT_PREVIOUS_AND_EX_DATE,BLOCKED,
0.80,2024-09-17,36e03cf81d760cc36a07c9791dbf4c18f1799b4cd57fc875a4b46e05057afefe,115.23,feb7cc4c-b966-5922-89c6-70d86ab94825,8990c73a4c7c7ca53e5181f584331acd6d16b131e348945aeb0c0ea0d03a16ce,BE,TPLPLASTEH,aeeffae9-67e2-5889-8078-8e11469d979d,0fd35a3f-9271-5aa1-b431-dec9f029e542,BLOCKED,READY,112.45,70fd340f-a017-5dd7-9833-f573ffb25a81,6bad266203d166103ce75130f066a953e60927b8a60a5980dd8c49610fd74e44,BE,TPLPLASTEH,2024-09-16,Annual General Meeting/Dividend - Re 0.80 Per Share,,RECOVERED,1.0318363717207647843485993775
1.20,2024-09-17,b3804251a8e0afaebea425da4e457cafa148e2692032e7923fdaf103700449d6,195.89,1ab55d0f-2823-52d1-8587-b0518a86b975,06a0a754a6c696de662dc5eea32d8c63dc29f45531a3705d8f43106324e0dbd7,BE,WIPL,44a13210-f6ef-539b-b24f-17e59dfe6ff2,13114add-ca18-5e54-9adf-dd49d9fcc3ff,BLOCKED,READY,200.43,5ced6d0a-95e9-502e-8260-8b2ecbdcb28f,9c2138ee7adeb7817939bbd1a0414885cd4159002286ff26185d68b891382762,BE,WIPL,2024-09-16,Annual General Meeting/Dividend - Rs 1.20 Per Share,,RECOVERED,0.983335827969864790699995010727
0.60,2024-09-17,66690e69f2ac46ca336af712a230fecfb9e5861903cb7f21ee39b6f1e8d8cd22,139.84,ae5cc280-1c7a-55cf-b8bc-f5fbbd4f30c4,74d35acfcee1282b8a8f70cfcf8b328ef6b309ed881742aa0cafb8a40dcf3256,EQ,MANCREDIT,0a4c57ce-5a1a-5eb8-bf77-ec9942817018,25ff0629-6b45-5152-b6d0-4c36fb865f21,,BLOCKED,140.35,c3cf6b0f-9a00-5a25-ae45-03da020d9e31,8c7d3780f74f7ae96084d78ce07ec3324438119b1871864107143133a465a430,EQ,MANCREDIT,2024-09-16,Dividend - Re 0.60 Per Sh,,RECOVERED,1.00064125400783754898468115426
1.2,2024-09-17,bdf22158ed448b2b5937c1b3070ee116fa21c9d86f3e29a5f4e1b9b2fcc90690,134.14,3eb09508-e8b2-56f3-9a5f-4a1ab06b1b66,8b5e315537baf4295a8e1123473ccd69d5297229af69fd395dce16352f5725c0,BE,BALPHARMA,dd67cc11-8bc8-554c-b1d8-c600b569ad85,31a5296e-7919-5c02-bfdb-1a0f5ceafb45,BLOCKED,READY,135.27,4b73f974-8db9-5117-be4b-a59aa2bff331,1182948cd15edbce2b8f09bd8672d4600610ea1c1b1309470c2821b7aea942ee,BE,BALPHARMA,2024-09-16,Annual General Me0etingdividend - Rs 1.2 Per Share,,RECOVERED,1.0005174835514156871442300584
4,2024-09-17,15168c43230b4e846a134fdcc43895f55eb6ff3b63fac29c7b28522749071e10,583.85,e51aaf32-ec94-56f6-93b2-2e7c3e2d6bce,690dd70eaa1a320e2c08ad5f2074771640c6358b2241175434844553ea3644aa,EQ,SOTL,122c4762-84d1-56ce-9eed-5c0c95d7cf67,7112071e-0dcd-5fd1-90e8-2183a40b2de3,,BLOCKED,580.95,6956dd70-75f2-5037-ba5c-ae9845a153b2,00ed157255ef9b46fb35e56bec2af90e0af2dd668abe4ce431f370025cccc380,EQ,SOTL,2024-09-16,Dividend - Rs 4 Per Sh,,RECOVERED,1.01187709785695843015750064549
1,2024-09-17,66fd2fb40b6b059a1558d24e9978d30420f1863b62dcbeca8c3f31f08bd1d91c,622.45,9c43efce-d2c9-591b-8331-10b445a31040,377d86f2199160f8fe64f69a961fca4b05fb271bbaf1a8322b08bcdf32a0b56f,EQ,APOLLOPIPE,17bd4300-f943-5279-a0a0-e706b03a036f,bdefd002-e777-5c5a-ae96-ad0f56b179ff,,BLOCKED,630.10,c59a74aa-7c69-5b66-9634-0867cb416381,f42f23fd911ba08736919dc096e818f915fd4572767ccc6b68f7bb7f633cc931,EQ,APOLLOPIPE,2024-09-16,Dividend - Re 1 Per Sh,,RECOVERED,0.989446119663545468973178860498
5,2024-09-19,07286a5f4016452213578b701ae7ecedb3f4bde824103e64ae02e3bc87d42734,875.40,ae31bcee-a70a-53ce-b253-2f3c377f3821,345f9e27d528c7df0728a62c1c6093040ed5f8151daf0b3bb96fd4977baf56be,BE,HITECHGEAR,f7261c7f-30b9-5cac-a3d6-2dfe7c417508,90272d5e-fd38-523d-abfc-183a80ec8ec8,BLOCKED,READY,867.55,02b78971-bb03-5798-98ae-117f6b634c1f,628fe40ad98bc45d5dfbf5047e059f810efdcae553549972b052efc8592f2318,BE,HITECHGEAR,2024-09-18,Annual General Meeting/Dividend - Rs 5 Per Share,,RECOVERED,1.01481182640769984438937237047
1,2024-09-19,b331c745f75ab03eb4895283befb366b25fc24ec387ee9cf3f01821069e009a7,427.50,2727723d-a4b7-52a0-b579-4a127f470c97,835e93f7b729249eb61fdaddfbf2dcfafaeca6090b2c708b3a3c44d55d4d1bbe,BE,PKTEA,3b5b753f-292a-5933-95cf-ceeef8a77d91,c37707ef-32ee-5d26-b16f-146c4bdff154,BLOCKED,READY,423.00,bd2c2679-053f-5963-b1e8-eb151b498e4c,47c4487caa347ff190da3f06f78075db4cc2074397acbd8bf647f83e5a4d46ea,BE,PKTEA,2024-09-18,Annual General Meeting/Dividend - Re 1 Per Share,,RECOVERED,1.01300236406619385342789598109
0.10,2024-09-19,211e6237e6810492efd9f962f10fccb8226b1b63667aae444a9b50c3dc6d2054,573.60,b9617fb0-97e8-543f-801e-6e0361dc1179,398387e2fcfaf077c126754c3111be6e2880a044d199c5a9282dcf186ba53415,EQ,SWANENERGY,09d9626b-b6fd-5150-8998-77f6fe834a11,cb5e1710-6c83-5dbb-a47c-c54dd154ccad,BLOCKED,READY,589.20,8aac0eb0-dd25-5c48-a123-2f312bb2811e,e9d13a2a399c3bba867806db632b65fa080df788d77b31e2b356cd9c35e5305f,EQ,SWANENERGY,2024-09-18,Annual General Meeting/Dividend - Rs 0.10 Per Share,,RECOVERED,0.973693143245078071961982348948
2,2024-09-19,0106c9d25c36aecf980e32c2586a82f37a58fd78c83798223118314133fa7523,215.65,72475468-4082-518d-aafd-0742f409045c,a9aa1496d2840fa2751cdfc74dc55e7441369026146f51e6e2fbb393e1183e79,BE,CYBERTECH,b4ebdb8c-014a-53a5-8267-9338d66850dd,f1c5153d-f3ae-5245-ba3e-f0ff291bda01,BLOCKED,READY,217.15,16f22b47-d311-5847-aa15-18274eec2411,a156d693e290e953cb1b927349ef51d9608e7f2a227b13ecdcb23f6b08ba8ae2,BE,CYBERTECH,2024-09-18,Annual General Meeting/Dividend - Rs 2 Per Share,,RECOVERED,1.00230255583697904674188349067
1.50,2024-09-20,ffa1ce8a223364f89a61ff4fb4d65829012c90153ed0efad670bd80820982b6c,1262.75,b00b6ae1-ac1b-51f6-85d3-1bf72bc90db5,8b3d8768da78ad257487ad3328347b1847cf7261d892f78e1f3606ddcd74def2,BE,MACPOWER,2c189302-cc25-56fc-8559-754542e3b046,35f507f2-240c-5f8e-9c66-fa71c9ace499,BLOCKED,READY,1283.30,7b5328db-53e6-5bae-907b-aef2749e30f5,59e8e54d22060770e47148227a547bce1804bb8040f5d251ab89ab41435d4663,BE,MACPOWER,2024-09-19,Annual General Meeting/Dividend - Rs 1.50 Per Share,,RECOVERED,0.98515545858333982700849372711
0.50,2024-09-20,82c2d1138edf96be372d68c6f883f15f9ec308314d2da2b08b0832322b1a2c2d,488.55,67d40519-ede1-5cee-9daf-507de4fd749b,07c23aa870cc760255515debe85c7c8eb8055f345bab35a5ba8922772073f212,BE,ASAHISONG,1263b658-edac-5ced-aea5-8de6b39f2db5,36be4054-5f61-58c8-a795-cea03669049e,BLOCKED,READY,492.20,651db0bb-8a7c-5eb9-93e6-c77bc218ab18,23a1f22f2eaed5572b5cc821fefc9d41a8faf4ff27a6af04cabd509c7ed62581,BE,ASAHISONG,2024-09-19,Annual General Meeting/Dividend - Re 0.50 Per Share,,RECOVERED,0.99360016253555465258025193011
1,2024-09-20,5a5d7d586301a151b520d1d5a3972c361c1197b02eaa35143f87397e09b51801,797.25,b060b43d-0b15-5ce6-a0d3-570873f2cf1e,6f364e396a4395755112412db8429c9fa683642b38bf5a4c1e41a0c4f442fa19,BE,SURAJEST,90ee0a57-d791-508e-9d6c-94426a4cd5c5,4dd965bb-e567-5c43-8de0-c53ac01e11e2,BLOCKED,READY,790.75,452bb27d-57cb-5bba-aef8-722ef55e1aa7,dbc3246158e311a4d19412371c42cff7c069beb31e242b246ab4756c0e5584f7,BE,SURAJEST,2024-09-19,Annual General Meeting/Dividend - Re 1 Per Share,,RECOVERED,1.00948466645589630098008220044
0.20,2024-09-20,d158920f3dee2f564761a370c8e5d0531232052109f579ca9d909ba4ae20a311,119.70,e9c61b2e-2c89-5eee-979e-845d04463b6d,d67e0e5e3659006dc600b129dace1f75a70a016def14ea835162ec8b947ad8b2,BE,DONEAR,ab7975a6-c963-5732-b49c-6ca28dfe7260,56b75de6-9673-5731-832a-60be7a83fb59,BLOCKED,READY,121.15,4c74b13d-bced-5e4d-aec9-7a9940c1b7ce,daafd71fb24eedaad2da3e3a21064c75b8d0a20d23f56550e808832acc6f3da8,BE,DONEAR,2024-09-19,Annual General Meeting/Dividend - Re 0.20 Per Share,,RECOVERED,0.989682212133718530747007841519
1,2024-09-20,6ffeac6a360e2a66ca8fe16c63c7f7ae228e3eb700ab93a3e02daf2b2c395c4f,152.47,64924606-e6cf-5b0b-b506-15d7fcbd68fe,ab3d23a77dfc83e37cdf81055fb66c69d034f88db6b248b730870b1fb9fc34a4,BE,VETO,74b6b09d-ac41-5d7f-9090-e3fc1e765290,58441e7e-a28d-5334-9480-5aeee8b0644b,BLOCKED,READY,153.78,b2e559fa-0e21-5876-9e68-8989fe88cc36,06e5648612d048264d9822173e448401401eb7882377f7c0876f18dfb23c6642,BE,VETO,2024-09-19,Annual General Meeting/Dividend - Re 1 Per Share,,RECOVERED,0.997984133177266224476524905709
1,2024-09-20,d7723836470b7b7fcaaf541eefaebdaa05942f7fb6a5c12ee2243510d3d4906c,94.00,c48fe84b-73bb-5803-b86c-eea63e5cce44,b3c163f34a684d0e624ee3225bd895ef566bf619afa6b0a234ba600e9b16a0fe,BE,AUSOMENT,e82823b4-6d85-5c47-a0aa-51349dfbc475,5dc87a37-0c13-5747-965d-35e7fc455bd4,BLOCKED,READY,96.04,6875ab9a-ddeb-555c-bd56-a61ecea9c8d1,e27957da68b44bebb6981ec918679ee040a3d563e60d283bd5ea34d7507ed5dc,BE,AUSOMENT,2024-09-19,Annual General Meeting/Dividend - Re 1 Per Share,,RECOVERED,0.989171178675551853394418992087
0.03,2024-09-20,f7cbdcdbf1f078213fc9e0af3a1a72c2f5e2c37f1f4536826caa0c62ab0ea143,81.37,da8c87f4-30eb-55ae-8ceb-0c457d3a3b46,95447859fd04c62c570fc406d86636159e9930e28c51e293ceae7d986d751857,BE,RELIABLE,9a6d6401-7bb8-563d-a512-572e88d63c6f,66c58240-7883-59b9-aaea-0e27c0a95ea4,BLOCKED,READY,81.52,84a4af97-7d6c-515e-aebf-71daf0c64a02,8dfb58ec13b394a45a9b080b12358da62744b92893c163a372433392b74c309e,BE,RELIABLE,2024-09-19,Dividend - Re 0.03 Per Share,,RECOVERED,0.998527968596663395485770363101
3,2024-09-20,30de3c474639d4630c938b753dd5637fe72656c9957d4540891f9fbd7538483d,806.80,058f6d02-a179-5081-b3a8-35f4a9884ba2,20955b965695aa6aabfd7f35e660c6f37075777a8ac769e5ebd84972e491762e,EQ,ATFL,9bed1968-6ac7-58fb-97d4-6816cc77eb85,6f9f30cb-1373-5007-a732-ffa0917cce4b,BLOCKED,READY,797.85,bffe5c1c-6e6f-573f-817b-b1662bff8ef8,edcf3760d3de5b966af48f75485c85682c823a2f2a09ba75c2df10a510d2798c,EQ,ATFL,2024-09-19,Annual General Meeting/Dividend - Rs 3 Per Share,,RECOVERED,1.0149777527104092247916274989
0.50,2024-09-20,48128d692ca93a94528e199c85fcd8edcea8e6db1cb6189f4d8ffadb44b47bbb,131.58,2e5ddb4f-11fe-58d1-84be-e9fda452e220,2153757e01f0475931019d5f3e3703a985cec6ebab4773691007a0ec7e329bc1,BE,SOUTHWEST,da85724a-b425-527a-9aa2-97ff2401d694,76715f72-e1bf-5458-b384-052fb5c689a3,BLOCKED,READY,132.86,1a11f0c4-e56d-5675-a4f2-cd45a60690aa,b9f6b987617635c04805b260bee7a9ddf0fe7390e4df5494c36caa4fcbc94e36,BE,SOUTHWEST,2024-09-19,Annual General Meeting/Dividend - Re 0.50 Per Share,,RECOVERED,0.994129158512720156555772994129
0.2,2024-09-20,e7585a2bfb3b8e8dd270c2414c2f107d14189e2f255ebbb47119857f203596cb,227.70,99a6f9f9-a9f3-5533-ac4e-c2414445bde3,c7fbed5b01f5bc4033b0d1b2ad2079ca0868e0258593a81e488ee1a9af97e291,BE,MARINE,62f2d230-179e-5fd9-8821-dfc2984491c6,8b7766b8-593b-5520-974f-d5aca52ca799,BLOCKED,READY,233.15,d117d757-3b9d-5d33-8ee1-c5c87945aa24,a6664ba1ee9bc998b016a25d67fff8e2e9d311351be5b854412548d45ca6ed20,BE,MARINE,2024-09-19,Dividend - Re 0.2 Per Share,,RECOVERED,0.97748230752734291228822646365
0.40,2024-09-20,1ed2ad162d6e9308fc2342cf923fe37d2ebb1c2a77dc314c549ef1e3bfc4daa6,166.00,05391f02-6e6a-5aca-af28-6213a18f520f,a96e644587462cfa57cc94232e0a61c56239ab94a0b3a9595a1e63701e2f3f50,BE,TOUCHWOOD,a17e1675-e51c-5d30-b95b-c78e9b69163d,a37a78ea-dd36-5723-aee2-728f0bd7a4c3,BLOCKED,READY,166.42,4d222e68-2b94-580f-8835-6fb785f89fde,bf93db5bde329f0059e84ac79d456f7a081af3e41d914ba0f0de3f20737e7bde,BE,TOUCHWOOD,2024-09-19,Annual General Meeting/Dividend - Rs 0.40 Per Share,,RECOVERED,0.999879822136762408364379281336
1.50,2024-09-20,e6ca73f9330915d536812041d0fa0d2a079666fe6ea5d41a2b697bf88120b191,251.25,91ebc46b-5067-5915-8020-01832d5b1ac7,62239380e32e0a37dd705993ce1a739dcd3b2fd91016d98b60d0d0f0021ec563,BE,SHREEPUSHK,f71e01b6-5d08-5f53-930b-d0206b329f8d,a9a5bc4a-3ba8-5937-9ca4-9ad6c13184e8,BLOCKED,READY,251.70,63c86264-62e4-5259-8ed9-b7b395f4014c,c1f525a5a8a8dc0c23683fa8972c13ff71c3e796963dd6a6925b95bbb602f4c3,BE,SHREEPUSHK,2024-09-19,Annual General Meeting/Dividend - Rs 1.50 Per Share,,RECOVERED,1.00417163289630512514898688915
3,2024-09-20,df16ca85906e8f24a8fbb91754201940cecee2a568c36fab130b76ed1faf76ca,488.60,4604317e-42e8-5f6b-9dc2-0f4977980ebc,d187042a1696cecdab844f92c87b7f3534f3ac9e0aa97fbb63d883d50501ab6b,BE,KALYANIFRG,d1197955-b1c7-5a92-b643-5efdcfb9f9c5,b26a5306-181c-59d8-bbe3-bc58685eb32f,BLOCKED,READY,488.80,5befb6a9-7f0b-542a-956f-770eb85c44d1,0137c30791d12f2592d64015948c15ddb2173defc7b62740044f75d1bb352f61,BE,KALYANIFRG,2024-09-19,Annual General Meeting/Dividend - Rs 3 Per Share,,RECOVERED,1.00572831423895253682487725041
0.50,2024-09-20,d81fe4fe91881e7090e0cdcc40cb57ec1ef0598956c7123d9df8225cd1a10440,533.25,dba33c5d-4978-5253-9a57-5cda1caa9764,8bd4c4a22e31ba083b4781ffd24f87e5034710e71c1848fe8490a6f23ffbab37,BE,PREMEXPLN,f324d30e-c428-5038-9962-a22f1fdbf57a,bc111447-2076-5921-949d-4a04637c99e4,BLOCKED,READY,533.55,a1532349-6659-53e1-87f2-206a9952d546,40dc55b7ea880df18797d93d88ff40d56db316b8592bf167678aaeedf457af3b,BE,PREMEXPLN,2024-09-19,Annual General Meeting/Dividend - Re 0.50 Per Share,,RECOVERED,1.00037484771811451597788398463
0.60,2024-09-20,6184fb68d458d8662ef6501c38847ed14828945bf2af98f1eb8c095c7733416d,685.00,6f3958e6-b456-5488-85ba-51f3af4e85ef,d8246771b8f1fae44946051e80ee298cdd005eaa6e3ac022cc83e04f306dda7a,BE,INDOTHAI,44b2f315-b874-5f22-8647-905497edd950,bc2a6cc0-914e-52d7-9355-69a1ed8bd4e5,BLOCKED,READY,680.00,ed8d63bb-b2ea-5b9e-a67d-c7309f9cbbb3,b18b410dfb395ca01f7044faaaf3fd57797e0d85d461429b277addc2341584cf,BE,INDOTHAI,2024-09-19,Annual General Meetingdividend - Re 0.60 Per Share,,RECOVERED,1.00823529411764705882352941176
8,2024-09-20,7303227962bd8510a8b0a2192dad471ee56d41187c7943d60b43531233c0794c,415.35,68627cec-696d-5b39-8efc-2e0b1168d92e,e2aaf0347cdce4b30d556367b9d79d8bed3935627f2b56a794cf437f85f5dafe,BE,ALPHAGEO,b4081951-e597-5fff-8295-80ef5077b6cd,f501d558-5ed7-5b16-a8df-afc17077e8a4,BLOCKED,READY,423.10,28ce0eab-5065-5075-a8bf-9b6e9d01fd02,aa45f3eea1ce73aa6010419ca40c3e3461329c15462de40c26ecef8463d7dc5b,BE,ALPHAGEO,2024-09-19,Dividend - Rs 8 Per Share,,RECOVERED,1.00059087686126211297565587332
1.50,2024-09-23,63cc3ba4358ae1b3d9befe6fdfbfe9a7ad598440eca0efcf60deda8e8303a1f9,1513.15,012b2579-d576-5fe0-8f3d-dbdb4af82b60,ef2ad9b9e5f8fdbe170a6b9ffd38a4bad01125f6aa2d99cbb40708fab29158e4,BE,SMSLIFE,9d79fd3f-6df3-555f-a6e6-578ec91891e2,174b46fd-b934-5114-9e4e-cba04b2d0d66,BLOCKED,READY,1485.00,09952279-94ed-5325-8054-43f4783e3768,87eb24016b6ebb8db3d44f6db221f2255cbdeb1611e704c85e09e48124823d18,BE,SMSLIFE,2024-09-20,Annual General Meeting/Dividend - Rs 1.50 Per Share,,RECOVERED,1.01996632996632996632996632997
1,2024-09-23,c3bbddaae07e60305888d0c51c4d7aa39d2bd0f1a44ee783e919a03b46b9a9cb,386.25,bf25329c-743f-5a19-a6c2-a4117b98e9bd,d4eb8665f3620a0e6c92994ac60b2ef099c1605699440fd4e2db3e68bee45761,BE,GALLANTT,717b1cf1-8a82-5dea-8a55-51659f14449e,1fc05851-9cd4-5f41-a80c-3f72712b281b,BLOCKED,READY,390.10,48f08665-0609-559b-a669-507331b62e48,83813ac9b7c1f274b67bc97d892fe6e3e463def983c4fd6a8149d8473eadf5ec,BE,GALLANTT,2024-09-20,Dividend - Re 1 Per Share,,RECOVERED,0.992694180979236093309407844143
0.50,2024-09-23,fb970a695a4870d12909b26fa80738162b9b9f7913b39109999e577080bcee48,873.50,5cfdfe55-1a40-5b8a-8e33-c2c643ef3431,030199f470ae901d11874f1cb683101353e94eba6c9d2319e9f9c6709f06e0d6,EQ,CREATIVE,29c76d49-4688-5659-878a-e0d40574eb47,3449798f-17c9-5b67-98b5-89b28cd95d92,BLOCKED,READY,875.90,233cee94-851a-5185-aa16-67c1a3e84cd4,dd423fa2e9a3c8a1ad1dbf4038aeb145d00a5e18ae445d17931a1a7c88215224,EQ,CREATIVE,2024-09-20,Dividend - Re 0.50 Per Share,,RECOVERED,0.997830802603036876355748373102
0.25,2024-09-23,7721e37a2f2e44190884ac7552dd121b515fd02129b1b5875eb92f981e8ec8b3,263.30,387ba0a7-7be7-5fc9-a7d3-17981e2c78a8,9440c881ed286d14e8dcc494a95c0922754b764810a2799bf50a795c7bd90400,BE,STARTECK,b6389f83-bcc8-505f-992b-00a6be387dc2,5596e462-15eb-5e71-bbbd-bcf169dac0d1,BLOCKED,READY,268.55,dc251438-9552-54a0-8d88-36851687bc14,bc9961b852a56eb1e12052ee6dc69ceb51e60ad932cab02f2e3ed576cd81ebae,BE,STARTECK,2024-09-20,Dividend - Rs 0.25 Per Share,,RECOVERED,0.981381493204245019549432135543
1,2024-09-23,64e8f6de93d4baa24c2ef0e472bb5a0153174e70d8de78a27eb69bd61c4d236a,443.40,80fe22a7-314a-592a-a278-8d14bc264eef,2b7a3fa3df945e6d4b33b9baf0408a4967d9eb0bdbcaa949c3d5761d08c3fe44,BE,TEMBO,fb3723c3-d03a-5030-aa21-4a31040fe83f,751effb4-1a0c-5b67-afe8-a60f5b62eff7,BLOCKED,READY,423.30,f52e3ed0-983e-5867-83d8-a0911d3f7f0d,a7c1e38ff11bec04a86e054b3a7a4389669c2bd620592f48241e2ea602034a8f,BE,TEMBO,2024-09-20,Dividend - Re 1 Per Share,,RECOVERED,1.04984644460193716040633120718
1,2024-09-23,9539aa9dc1c9f3d3e1afc59115f8512116bd2fe41a7e460458ececa62554498b,139.16,2a360050-a785-5f78-a20c-b62f32ca6e3d,d4b57b2e227359cac5d19f586b839e8223c4f038990f82b72a3d11cbdbb0e4b5,BE,INTENTECH,bb5b11a6-d783-5ff6-b31c-df6241abd396,89d1f0d1-b603-5db0-b897-809a77b5ebf5,BLOCKED,READY,139.45,7142d495-529b-553d-b0b6-c4a5c731d281,6681b31db493bdf9de67fd2a15da496468a638931f48d2fdc1d83a7c16a5f896,BE,INTENTECH,2024-09-20,Annual General Meeting/Dividend - Re 1 Per Share,,RECOVERED,1.00509143062029401219074937253
4,2024-09-23,9c5830c02e3fa99c2f5c5cdd3e54c782a49b80918d365b4cb87aef652aeec500,3977.25,ddc8da91-1c94-596e-973a-1d55cd8fc07c,eb993421b895af836783e56464c97736a192ba798fe9974b4361c7bfc11e55a0,EQ,SHAKTIPUMP,22272b17-ace4-5fe2-bfc7-d61c22bcf770,bb1c1f15-cacd-513a-a4e8-8da9962ed5c8,BLOCKED,READY,4073.10,9cbc42fc-902f-5477-af71-3cbfc6951a0b,b02f101c4a584b0d80ca291e1d41d913573782e0787cbe4063e33f97b0d95efd,BE,SHAKTIPUMP,2024-09-20,Annual General Meeting/Dividend - Rs 4 Per Share,,RECOVERED,0.977449608406373523851611794456
2,2024-09-23,36f6f9587b17052c2e3d56df9553450b8b1f4874079f6cd189e65e106a3d6e91,389.30,e5eaf558-162b-5a59-9d99-114524284ee5,0bdf1c77db860e5be67a8a8600945c991166e8fdff5bde4f322b461ba3e3cb42,BE,GUJAPOLLO,8c3bedf7-5626-5033-b38a-24fc14a4b1ff,d701e07d-7d6a-5b8e-a883-912d9c0d4f90,BLOCKED,READY,379.40,9315d053-3eb2-5608-ab75-593db35cffb1,20b648505a0ff83c575d7db7de8647d77f6e14d4ebbe642ce49a909da7096e39,BE,GUJAPOLLO,2024-09-20,Annual General Meeting/Dividend - Rs 2 Per Share,,RECOVERED,1.03136531365313653136531365314
0.20,2024-09-23,4733e0f7d0d30f3636f3a515d8d100451f890f56ec63c6348e0a31387a056abc,166.45,88262b17-5048-5938-a678-54dc0a4f31ff,f6f3a7851b51919e9a8803b94d501691fe9baddeada84ba6d347669cc186fbcf,BE,PIGL,80fc7fdc-13f3-5746-a900-c38cdea15973,eb916869-f3c4-5804-a7a4-3b252b1f6a1a,BLOCKED,READY,170.05,4dee2c8f-1630-5dbb-b0ab-3c9d27f57f17,42fcbfb9d7d0b331ee530b13e176368781393367a0d2750e3e2296e2e7dbc82e,BE,PIGL,2024-09-20,Dividend - Rs 0.20 Per Share,,RECOVERED,0.980005880623346074683916495148
0.50,2024-09-23,e48797d082326c37a03763b805fe04dad7d6f6c665f2c267b2e6449b58136dc6,170.37,cd545fa0-23ec-59b5-b4e3-d9ed94a75de3,a3e46af3a7884f16a0c706cce3cf0a9ad6b3c37fe029dd7a4da70e6d7c43c164,BE,OMINFRAL,e83979b6-f484-5bf4-b2e3-9c03b0fbe3e5,f34363b9-e7c8-51df-aa2c-501e67acd6b6,BLOCKED,READY,170.82,52645664-9c96-50bf-b327-4e89151df024,6c4c76af79c54074e97038a313a436ddf1c9f78bd27acfef044560cf04cb9f6c,BE,OMINFRAL,2024-09-20,Annual General Meeting/Dividend - Rs 0.50 Per Share,,RECOVERED,1.00029270577215782695234750029
0.20,2024-10-04,e1402f4d82c7e4679d45c78ea8a480089b94a0352c803013f93ea6e35b7c91e8,806.60,e4ecd6e3-860f-5ae2-8533-8052fe6ccb4c,f0ccccdb780a368ddfd78125024ec7cd7956ba505fb42a48768cd9a2fbeac624,BE,KPIGREEN,cf923b3c-e09c-5c8a-b0d9-853607c03bc9,0c02f548-df7d-5320-b549-52b947a7836a,BLOCKED,READY,829.95,f7eda3cf-b3ba-546f-9941-4ba380fa5cdc,913464b72a351b81a2cdb2622b594fdd170ccbf83b0ffe30f8ea2bc793e147d5,BE,KPIGREEN,2024-10-03,Dividend - Re 0.20 Per Share,,RECOVERED,0.972106753418880655461172359781
,2024-10-25,,,,,,,,18f7ae49-bea1-5f50-85ca-20e22122d19b,,BLOCKED,,,,,,2024-10-24,Distribution - Rs 3.5 Per Unit Consists Of Rs. 1.16 Per Unit As Dividend/Rs. 0.9863 Per Unit As Interest/ Rs. 1.3537 Per Unit As Return Of Capital,MULTI_COMPONENT_DIVIDEND_REQUIRES_SEPARATE_POLICY,BLOCKED,
20,2024-10-25,dacccc881d41b64da1edb025134c6062162c3051a5298fbb704024c6e9e48a90,5903.20,9a53837a-03d0-5e69-a7b7-27d034375a8d,fb0126c7b655026cc3395753fdbb63b3ceb0f11d1d68ed8e8919dde0f445c3d0,EQ,LTIM,da59889b-2853-5a54-b8d4-387a70bbf24b,26d53537-9921-5e8b-94fe-78222de30388,BLOCKED,READY,5970.35,6311cf6d-3bca-5915-9d21-937fcb93710b,dfbf8891546adc64ff8a727523f933296cf87cc8da6bc097a037514bab5bca83,EQ,LTIM,2024-10-24,Interim Dividend - Rs 20  Per Share,,RECOVERED,0.992102640548711549574145569355
8,2024-10-25,0795a85f5af7995e121388831e75d52477ea3d4293afa06220d5117033ac5023,1538.80,ea814f99-ce6f-5825-a939-73ca3d431eb5,da823cb60bdcf00a161d637d62af1205aa4a76aa708b593afea994577eb14940,BE,WEALTH,fd38ed57-2a9f-5fb8-a665-fcfa29cc2ab3,b81e0da4-4857-5b54-a669-5c8f31b70b15,BLOCKED,READY,1521.30,7ed3b708-5579-5200-b94b-58cd8e7f0ea9,974702b342af594709c50ea247cc97261d1fdfbe503464d3b220098eda28c34a,BE,WEALTH,2024-10-24,Interim Dividend - Rs 8 Per Share,,RECOVERED,1.01676197988562413725103529876
,2024-10-29,,,,,,,,210a62ad-bd1c-5e05-a2d1-3b42446fad6c,,BLOCKED,,,,,,2024-10-28,Distribution - Rs 5.83 Per Unit Consists Of Interst Amount - Re 0.93 Per Unit/Dividend - Rs 1.25 Per Unit/ Repayment Of Debt - Rs 3.65 Per Unit,MULTI_COMPONENT_DIVIDEND_REQUIRES_SEPARATE_POLICY,BLOCKED,
,2024-10-30,,,,,,,,0d0aae81-9a64-5403-9f1e-516c09752e6d,,BLOCKED,,,,,,2024-10-29,Distribution - Rs 5.15 Per Unit Consisting Of Dividend - Rs 3.10 Per Unit/ Interest - Re 0.28 Per Unit/ Repayment Of Spv Debt - Rs 1.76 Per Unit /Other Income - Re 0.01 Per Unit,MULTI_COMPONENT_DIVIDEND_REQUIRES_SEPARATE_POLICY,BLOCKED,
,2024-10-30,,,,,,,,50116d2e-6956-565d-b725-aea3c65a0268,,BLOCKED,,,,,,2024-10-29,Distribution - Rs 3.75 Per Unit Consisting Of Dividend Re 0.11357 Per Unit/ Interest Rs 3.61763 Per Unit/Other Income Re 0.01880,MULTI_COMPONENT_DIVIDEND_REQUIRES_SEPARATE_POLICY,BLOCKED,
,2024-10-31,,,,,,,,063e0642-42d8-5dec-979d-69f4a22b14f2,,BLOCKED,,,,,,2024-10-30,Distribution - Rs 2 Per Unit Consisting Of Interest Rs 1.20 Per Unit/ Return Of Capital Re 0.57 /Exempt Dividend Re 0.23 Per Unit,MULTI_COMPONENT_DIVIDEND_REQUIRES_SEPARATE_POLICY,BLOCKED,
,2024-11-04,,,,,,,,d939e7db-8587-58f2-8836-d3ab212cfe86,,BLOCKED,,,,,,2024-11-01,Distribution - Rs 2 Per Unit Consisting Of Interest Rs 1.27 Per Unit/ Treasury Income Re 0.01 Per Unit/Dividend Re 0.01 Per Unit/ Repayment Of Spv Loan Re 0.71,MULTI_COMPONENT_DIVIDEND_REQUIRES_SEPARATE_POLICY,BLOCKED,
,2024-11-08,,,,,,,,35fbc9f5-53fd-5079-a255-35a35ac4fd06,,BLOCKED,,,,,,2024-11-07,Distribution - Rs 2.20 Per Unit Consisting Of Interest - Rs 1.66 Per Unit/ Dividend - Re 0.30 Per Unit/Return Of Capital 0.19 Per Unit/ Other Income 0.05 Per Unit,MULTI_COMPONENT_DIVIDEND_REQUIRES_SEPARATE_POLICY,BLOCKED,
,2024-11-08,,,,,,,,a009a266-879d-5bcb-9a65-feb48b1ff6e2,,BLOCKED,,,,,,2024-11-07,Distribution - Rs 4.60 Per Unit Consisting Of Interest - Rs 1.66 Per Unit/ Repayment Of Spv Debt And Ncds - Rs 2.38 Per Unit/ Dividend - Re 0.51 Per Unit/ Interest On Fixed Deposit - Re 0.05 Per Unit,MULTI_COMPONENT_DIVIDEND_REQUIRES_SEPARATE_POLICY,BLOCKED,
,2024-11-12,,,,,,,,6336ca5d-ea3b-5317-b14e-6f304bb591a1,,BLOCKED,,,,,,2024-11-11,Distribution - Rs 3 Per Unit Consists Of Interest- Rs 1.91 Per Unit/Total Dividend - Re 0.86 Per Unit/Repayment Of Spv Debt- Re 0.22 Per Unit/Treasury Income Re 0.01 Per Unit,MULTI_COMPONENT_DIVIDEND_REQUIRES_SEPARATE_POLICY,BLOCKED,
,2024-11-18,,,,,,,,6487f61b-0df6-51bc-93e7-3ea814ad59d5,,BLOCKED,,,,,,2024-11-14,Distribution - Rs 4.3267 Per Unit Consists Of Interest- Rs 1.9074 Per Unit/Dividend - Re 1.7533 Per Unit/Return Of Capital Re 0.666 Per Unit,MULTI_COMPONENT_DIVIDEND_REQUIRES_SEPARATE_POLICY,BLOCKED,
4,2024-11-19,0a9c63b145b98989c8ffa8ba7f0ed4e02f5b2657daa9bcd6ea153b686decc2d4,1360.50,2f7dd2a0-b65c-5a75-8b25-6422687d47ba,a9eba977e5679700e37846fa9a7b4454b132d14c6894f592b6d84a4ca5546eff,BE,COCHINSHIP,9357fdb4-0a95-555c-8752-34e9e5a7a917,17f38738-1cd4-542e-b1f6-be452524f983,BLOCKED,READY,1301.45,9d2c4cd6-23e5-502b-9f81-8bbe3bb3ce6e,5340216c1285f2828d3097cf5cad30dd392f04c5ddfe0fa2b55beb448f402e76,BE,COCHINSHIP,2024-11-18,Interim Dividend - Rs 4 Per Share,,RECOVERED,1.0484459641169464827692189481
70,2024-11-19,50f4d68ae7c68d5f3f8ce6cb6880a5ef09677ad2f8a1d9d40f9bfca67837ed27,3645.70,6cbb87a7-1c90-5aa8-82bf-66bea0d85a79,5cc5aebdeb7cf2106aeb2e3eb9e018bea861d621756a44d693e6b667f45a31e2,EQ,AKZOINDIA,0bcef901-4811-5bb1-9d9b-dc145204f313,208b10bb-51c4-557e-919c-59a84257d6a2,BLOCKED,READY,3703.90,e14258d1-4082-58f0-b92f-4544438f97b1,30ae315784929fc54ef897f64d7f55a2443441c65a387d32667e1f0a49c09863,EQ,AKZOINDIA,2024-11-18,Interim Dividend - Rs 70 Per Share,,RECOVERED,1.00318583115094899970301574017
2.50,2024-11-27,8134f21b20da7934390380afffb6298918e62ac19393534cc189bb719cb29e32,730.10,9e15aae4-f9a6-59c3-bc76-fe5a40214e10,f712b17b92716a72dc179967d039191b621fd5c3ea0e4bd5f1fe1f946e480ed8,EQ,HAPPSTMNDS,2df35fad-502b-5fc2-bedb-e4478ada6a8b,4cbfc834-2606-5a18-9468-b2432d1e6c3d,,BLOCKED,727.05,0bf9565f-fb1d-51da-8a4f-d02f4d232da7,81ccf73941a80927214514fc97d6a6f6963420c239cb7a8681a8b189207e0eb9,EQ,HAPPSTMNDS,2024-11-26,Interim Dividend - Rs 2.50 Per Sh,,RECOVERED,1.00763358778625954198473282443
1,2024-11-29,02ff80d2c4b3b483071c155f593e56b912a9c7c59f7f830dc1ab0c49b6c3eaba,420.80,03be66f0-25b2-522f-9052-d85f58ec0295,27a6ded72bb4766b664f97ff0616f9ba1c32f53acd6fa1276e7b70f6c219642e,EQ,CAREERP,b3590ec8-edc8-57de-8b31-c7ad47c71eb7,0139b5ef-8426-5335-97ce-40558caebf39,BLOCKED,READY,422.95,9eadc6e0-4d31-5557-8eb4-f6773a778497,8ff587d337a0f573e19f71a88e6a652f70a78b6873594c8704b31a0c98c24304,EQ,CAREERP,2024-11-28,Interim Dividend - Re 1 Per Share,,RECOVERED,0.997281002482562950703392836033
,2025-01-27,,,,,,,,303a680c-3733-5e3b-a63c-5857959bb4f2,,BLOCKED,,,,,,2025-01-24,Distribution - Rs 3 Per Unit Consists Of Interest- Rs 1.88 Per Unit/Total Dividend - Re 0.46 Per Unit/Repayment Of Spv Debt- Re 0.65 Per Unit/Treasury Income Re 0.01 Per Unit,MULTI_COMPONENT_DIVIDEND_REQUIRES_SEPARATE_POLICY,BLOCKED,
3,2025-01-28,c77f5fbef5f3c57459b5695fba120f4e43a50f8033d944213a76ed41ae0e7451,615.85,4eaa582a-2621-5641-8d78-4ec891dec7ab,045ae991ce4140743b2ef043dc83187cd92b4d61a5993168dedf6210ddb2a819,EQ,TIPSMUSIC,401d7d89-bcfb-5c31-ba44-c10a89369455,681cc96c-5496-5427-b1b4-e081d502c4b7,,BLOCKED,629.40,cdb43a56-184b-5e62-9c92-56fef984b602,9c0cce3e7b94df80c49d9cce3f4adf29a473c24bd2d28c21396ed6f2782e8cc9,EQ,TIPSMUSIC,2025-01-27,Interim Dividend - Rs 3 Per Sh,,RECOVERED,0.983238004448681283762313314268
,2025-01-28,,,,,,,,bc607428-3247-5b82-a9bf-19e3821ff36e,,BLOCKED,,,,,,2025-01-27,Distribution - Rs 3.75 Per Unit Consisting Of Dividend Re 0.1284 Per Unit/ Interest Rs 2.7533 Per Unit/Capital Repayment Re 0.8188/Other Income Re 0.0495,MULTI_COMPONENT_DIVIDEND_REQUIRES_SEPARATE_POLICY,BLOCKED,
2,2025-01-28,a934ebf00b2e48c6983c8e8919e9c681e357a750f20bafa217ce181488041dfc,786.25,9eaa33d2-6a0d-5276-a673-061616208426,0ae20ec051bf32a9a994eee167671e0122c5e4eb596a3f3ce1c5f09ee9339c4e,EQ,ZENSARTECH,983b9d0e-1633-56de-b30d-22d03665cc9e,ddec97a6-0602-5706-b203-3fd02062f60f,,BLOCKED,817.40,346ec8d7-6f69-5bfb-b08b-f81dee335523,1b5061f52eac3952728fe50afcb86aa497a8d472263be92d958bee6a8d4bfb4a,EQ,ZENSARTECH,2025-01-27,Interim Dividend - Rs 2 Per Sh,,RECOVERED,0.964338145338879373623684854416
,2025-01-29,,,,,,,,1444e09e-2c83-5a46-96b2-9cba1c0972b3,,BLOCKED,,,,,,2025-01-28,Distribution - Rs 5.32 Per Unit Consisting Of Dividend - Rs 3.20 Per Unit/ Interest - Re 0.22 Per Unit/ Repayment Of Spv Debt - Rs 1.88 Per Unit /Other Income - Re 0.02 Per Unit,MULTI_COMPONENT_DIVIDEND_REQUIRES_SEPARATE_POLICY,BLOCKED,
,2025-01-30,,,,,,,,97ae313b-bf90-55d6-b19c-46eacdd7e177,,BLOCKED,,,,,,2025-01-29,Distribution - Rs 2 Per Unit Consisting Of Interest Rs 0.74 Per Unit/ Return Of Capital Re 1.02 /Dividend Re 0.24 Per Unit,MULTI_COMPONENT_DIVIDEND_REQUIRES_SEPARATE_POLICY,BLOCKED,
26,2025-01-31,14d8de23a57b7e99041af1d631289a1bead734c12e251baaf267b2b0e8aea4db,3269.10,be3cca85-ddd3-5850-b1cc-7af8e9bf284c,466b5514d1237f8009d67126b1832da2670d812f1a62a12cf9ec36eb3cb42d6f,EQ,TORNTPHARM,adb90d92-99ba-5c67-90f8-2325ef32d5d4,16d56d2f-4bce-5f44-8f21-8e4dfa3ce6e3,,BLOCKED,3358.25,79132cc4-6c55-57b4-9693-9163528abece,1d5b7cf3306edd6859e903efafa6bf0384b5cb2b3799c0bc5a83dd490e4fd330,EQ,TORNTPHARM,2025-01-30,Interim Dividend - Rs 26 Per Sh,,RECOVERED,0.981195563165339090300007444353
4,2025-01-31,39f07ccb9b1f978c7c3cba0e41c7f38d03a14851609572b8b8cd8fbfb2c32153,1109.30,0f4ba5b7-be46-51e3-922f-6cd4f54b8cf6,110c165477b416b1090269e9dd2b6c181b8a24b1be4949e281fe5e0f98fb7517,EQ,WEALTH,fd38ed57-2a9f-5fb8-a665-fcfa29cc2ab3,602d9b89-31b2-5816-bb5c-ab9dc23e44d0,,BLOCKED,1079.90,192fedbd-13e4-5db5-89f9-a87d5ecc64dc,0ddfc3adda821f40220ec164b2b01c4037e8b94101f77c2203a3bb0468acf978,EQ,WEALTH,2025-01-30,Interim Dividend - Rs 4 Per Sh,,RECOVERED,1.03092878970275025465320863043
3,2025-01-31,b33516ffd487461ce6d4c8eceb92e2c0b750b82194247d751e1fca8307a62523,1197.00,3a93a004-58e1-5dc1-ac18-0e698d9dfd06,739b6315aa3444f20e7e4745d35a65eea2ffcf4a14186abc82352bb4e73a95a5,EQ,ROUTE,9c2bc9bd-dee0-5e99-9b87-ea2c2fd3d1e8,933fca28-c83a-593e-b5eb-b6859de4904d,,BLOCKED,1190.70,a570ab05-21b6-502b-a08e-f4c926779d59,c294d3b85d69aa3e7405d223c8d50a9019933c1320200a252773a6039063a3c1,EQ,ROUTE,2025-01-30,Interim Dividend - Rs 3 Per Sh,,RECOVERED,1.00781053162005542957923910305
,2025-01-31,,,,,,,,95bfee83-7c9e-55a6-a5cd-6943e4eb82e8,,BLOCKED,,,,,,2025-01-30,Distribution - Rs 5.90 Per Unit Comprises Of Re 0.52 Per Unit As Interest And Rs 3.01 Per Unit As Repayment Of Spv Level Debt And Rs 2.37 As Dividend,DIVIDEND_CASH_AMOUNT_NOT_UNIQUELY_PARSEABLE,BLOCKED,
5,2025-01-31,4555ccaec5d0035a9a8c5510afbcca864f198c105e66c8cac7f9626694877949,637.15,6a7507d8-9796-5788-a9cc-4cde15e728f2,61cb31d209ccdcc3a5d2828ad4aff00e5468dcd6f9bd4baa2dd8c51a18a31e05,EQ,MOTILALOFS,442bbc55-c12c-5abe-881a-c76eda3055f8,c0fb3807-5625-556d-96c8-4f8c472e3fe7,,BLOCKED,645.80,e5576238-f365-5821-9e3e-a4cdbaaf0059,b44ae1ee93d4bbe569c0d8e7ba0fb16f5a6561a83efca929d72e4333a6b58300,EQ,MOTILALOFS,2025-01-30,Interim Dividend - Rs 5 Per Sh,,RECOVERED,0.994348095385568287395478476308
,2025-01-31,,,,,,,,f22fbd74-eec7-56b5-a942-3ed69d2cfede,,BLOCKED,,,,,,2025-01-30,Distribution - Rs 4.5 Per Unit Consists Of Rs. 1.4798 Per Unit As Dividend/Rs. 1.4254 Per Unit As Interest/ Rs. 1.5948 Per Unit As Return Of Capital,MULTI_COMPONENT_DIVIDEND_REQUIRES_SEPARATE_POLICY,BLOCKED,
,2025-02-03,,,,,,,,05fc0b0e-dbef-5a8a-85d7-cbda0f256de0,,BLOCKED,,,,,,2025-02-01,Distribution - Rs 2.75 Per Unit Consisting Of Interest - Rs 2.51 Per Unit/ Dividend - Re 0.24 Per Unit,MULTI_COMPONENT_DIVIDEND_REQUIRES_SEPARATE_POLICY,BLOCKED,
0.75,2025-02-04,1348fe34b18ea96e4e9cb8dd682abcb7d13121f5b08cb08cde1c1112115ec289,234.96,feef87e1-8d49-5031-b60b-29f6c93b8b08,37d8e52f4c35dfff6215f4ae6b2ae8b940070a76f4790b661913f1a44a17016b,EQ,ORIENTELEC,581bb81d-375a-5cb9-9a55-fd80ad8f2b45,012c81bf-19ab-566d-b1ce-243a3421515a,,BLOCKED,237.98,6e50516a-0ed2-5898-a7c9-028be46c8695,6fd37147cf8275e46e54346f2465159cc179ff5b57584b85204521254d3efec6,EQ,ORIENTELEC,2025-02-03,Interim Dividend - Re 0.75 Per Sh,,RECOVERED,0.99046138330952180855534078494
3.6,2025-02-04,c4abbf6c1c4605415472c402c11a8a5c4de961047986832a52fbf29f1e4a683e,2970.25,22b43af7-8b5e-526f-8ae9-c555ccd775b8,5118146f61e28e575cae60434fff9bc58fb408d78b03e5ff4dd0cc80d083462e,EQ,SRF,cfb89968-d4f5-54e4-9a86-2e5d6b7c1347,1afda8eb-65b9-5f1b-a0b6-b89aa1de0f5f,,BLOCKED,2942.70,5db3473b-d682-53fc-ba43-5f7caf8ab74e,86fca512eff66c0c9820869832a2c211a33ee1c1b6ee5c6ef970d6ad96ae23cd,EQ,SRF,2025-02-03,Interim Dividend - Rs 3.6 Per Sh,,RECOVERED,1.01058551670234818364087402725
,2025-02-04,,,,,,,,4d5bbd25-5eb7-5d5a-b864-7ae46ff742a1,,BLOCKED,,,,,,2025-02-03,Distribution - Rs 4.90 Per Unit Consisting Of Interest - Rs 1.55 Per Unit/ Repayment Of Spv Debt And Ncds - Rs 2.21 Per Unit/ Dividend - Re 1.05 Per Unit/ Interest On Fixed Deposit - Re 0.09 Per Unit,MULTI_COMPONENT_DIVIDEND_REQUIRES_SEPARATE_POLICY,BLOCKED,
2.5,2025-02-04,c4c2cb8d76d0ca179db34cfd3e81422cbd84068beb31323f5a55372878905dd2,1419.80,3a2fc3c6-a1ea-549f-83aa-0acd3acba868,f7a161b75d4f32c9a7d97fe626fe92cdc27b98751df734d9bd6151a53f862705,EQ,KPITTECH,45b5dcea-7b7c-500b-a79e-238093dc141c,d9d79736-7f4c-5e58-9897-111061170cb9,,BLOCKED,1413.60,53c9239a-4185-52b7-bd6e-7ce1989feac2,13c88b74aeecbfd416c4ef7c56b3ee3e462c71b696eda9fa5996b7472620b3e5,EQ,KPITTECH,2025-02-03,Interim Dividend - Rs 2.5 Per Sh,,RECOVERED,1.00615449915110356536502546689
3.7,2025-02-04,a505780aa730cb74e7869bffd873339882474c3fbd1e02dffbec0ee59736873c,285.90,51de081f-769b-5f57-816a-458bce7f92df,a07bf4a7e89aac477277b5c58a3d841abc179efa1f2f051a7ad02402ea5f30b4,EQ,SUNDARMHLD,cc9860c3-db87-5ebf-8f54-e60dac420481,f27cab91-a937-5803-b1fe-4176733cebea,,BLOCKED,286.60,4b044ee0-7c64-5627-807d-c086c5f830d6,dd685e1292f6fcdb0553847b9157f6f1d11547bf1b7397762529aaf721b85037,EQ,SUNDARMHLD,2025-02-03,Interim Dividend - Rs 3.7 Per Sh,,RECOVERED,1.01046755059316120027913468248
2.25,2025-02-07,11ad72722226f365d4a090ac8d6a693e695193b065b0928f1f06879c9eb025a0,133.18,0e048194-9bb4-5f22-a16d-77439b28615a,1643f710b441dda72bd86cf84015cedaae66509897a21e09ddbbc1e1680e6557,BE,BANARBEADS,1a0b786d-b0ee-5595-81ba-2500b65e3b69,9f782fe0-ff78-5e36-aaf6-855c17988a7d,BLOCKED,READY,133.71,6983d2a8-e375-510a-a764-dc92d60bea29,2be4ccca63e492f6edb2397ca799dbcb4de9a5609bcf2632b4d62a6e3cd50ebf,BE,BANARBEADS,2025-02-06,Interim Dividend - Rs 2.25 Per Share,,RECOVERED,1.01286366016004786478199087578
0.20,2025-02-07,45aba6f2a5cfb84af41375d63c7a4e20ec77e8dd8279007ca94c001e71a479c2,56.91,823d392a-1e2d-533d-9e21-6c83d1012bf0,4f33e10d1e1b63a7105bb6d1c894f11e433388ef6bcaf4a33eda3572c52c9d67,BE,TARACHAND,d5c4df96-92bd-50bb-8ffc-4188288aa417,c32e1340-a7e5-51ab-9c45-002a3c957f28,BLOCKED,READY,55.22,30404b80-af53-5184-af6e-335beb8d0c6d,e8b021c757c9e44eddb789b3eac97d14921e7061fce681a4530e86f3010cd949,BE,TARACHAND,2025-02-06,Interim Dividend - Re 0.20 Per Share,,RECOVERED,1.03422672944585295182904744658
1.50,2025-02-10,24f3139fdfd813107e142a2816d3169bbae6cc6f6833ef5c7217f12a69b54ea1,397.15,5d34aec2-c5a9-515d-845a-77777bb06dc7,42160e884ae26c8a76edc87532452e12cc5c34a328977436bbfbbf2740c11278,EQ,SURAJLTD,64e668c2-c96e-5148-b22b-74a91e97b81e,d69537eb-5dc8-590a-97a3-586b3f88ea56,BLOCKED,READY,404.40,8a5e376c-5208-5a18-bec6-0cf90d0e9e2c,7cc2e7143baffc8e8bf3cb5be27eb035c4512eb0f84bb8dd91bc4208f7a75504,BE,SURAJLTD,2025-02-07,Interim Dividend - Rs 1.50 Per Share,,RECOVERED,0.985781404549950544015825914936
0.45,2025-02-12,3d97175a199bb34b8b58d05eb0182247f0f803a5184d51645bc7d00a553e2f3e,177.99,031df063-f329-572d-8418-6b654b62318a,59afe2bc1c64ddd6f7d4fff9544cc9897a1c46331bedafa6694332c84ed78b1f,EQ,MANINFRA,cb902fe2-baa7-57a7-8052-3a9f1eb90d91,a0bf2bb0-6c06-56cc-92d2-c3ab53a0d96e,,BLOCKED,180.10,11df2747-5dbe-5a21-afe7-236006b15b5b,67c098534ea8f808a208eddce8c793fd9be04f82f92ac6c0b015c17cad10543a,EQ,MANINFRA,2025-02-11,Interim Dividend - Re 0.45 Per Sh,,RECOVERED,0.990782898389783453636868406441
1,2025-02-14,f2ad86aeaedf49f10e7516421ca7129f34627d06e63fc48ca94f0ad969820d5f,679.10,08eaca20-2e64-56cc-b207-6db9d2214108,f1c1bdf1f16a4e11d91392da34f9ff65c7539d6007de6f31bd42fae583c01f67,BE,TEMBO,fb3723c3-d03a-5030-aa21-4a31040fe83f,0dec1e6f-f17b-5b35-9a76-9cf9f43ddf1d,BLOCKED,READY,715.80,2c7389ff-3dc4-5628-954c-21789559180e,4adad1cf3939d4cb721c2b0f3a6f1af2758097fa3691df8f47911c96807e71f5,BE,TEMBO,2025-02-13,Interim Dividend - Re 1 Per Share,,RECOVERED,0.950125733445096395641240569992
0.10,2025-02-14,bc47ac24d9fe85dd57a9b55c103c0f3fb15af02037ff50130f6e2356cecad9e9,95.67,259baf82-4440-51fd-acd8-7c5373adf9ad,ce9f2e5c101ef29ddb923d9f48d702e2f3478a6d99d8058fe8a218c9bcac266f,BE,DHRUV,357ae6cb-7e1b-5899-aa07-bd17f9794b68,f5abe81a-8c99-56df-a2f4-57cb33ca9b33,BLOCKED,READY,100.81,3ff5b5be-9e4b-5914-9af0-f7eb5a7f0154,5c7a22981bbb77c8b9d46d3b80c729f52700d47f726e8d416b5764a7cdd723d6,BE,DHRUV,2025-02-13,Interim Dividend - Re 0.10 Per Share,,RECOVERED,0.950004959825414145422081142744
1.65,2025-02-17,5a478e76f5bed466df5bece2c2a87a8f07a92e45c1d32e1367035f86a2b8baff,154.54,91c87ebe-4af9-5bfe-8771-2e658b80b97f,541367f40a0816907a5a36d1834d71988a5f976458869bfe2ce075a89ec30e7a,EQ,IRCON,59818f3b-b6b0-5951-8194-1980b6e77528,3cc975f4-c57f-5ec9-8c71-1c7a647ce44c,,BLOCKED,157.92,e822344c-991a-5520-b7a7-8d9d2e2699a9,1513acecbb56e12fa22c6052076f6c816a9f845172bcce2a434fd9b67ab1b9bb,EQ,IRCON,2025-02-14,Interim Dividend - Rs 1.65 Per Sh,,RECOVERED,0.989045086119554204660587639311
,2025-02-18,,,,,,,,da1c0645-d1f9-5339-aa65-63bc37fbdae4,,BLOCKED,,,,,,2025-02-17,Distribution - Rs 2.6219 Per Unit Consists Of Interest- Rs 1.4213 Per Unit/Dividend - Re 0.6049 Per Unit/Return Of Capital Re 0.5957 Per Unit,MULTI_COMPONENT_DIVIDEND_REQUIRES_SEPARATE_POLICY,BLOCKED,
1,2025-02-21,d23350a919cafbb0d2a818d06995fbe7884197c41c577aedcc673aafdd4da6d7,348.00,08083fb2-9126-5cc5-9561-bd08cb4ab04e,2a048a6689dcee838880bc707bf416e9a7c2cccd8e8122c7e5ba9ef5256d806a,EQ,CAREERP,b3590ec8-edc8-57de-8b31-c7ad47c71eb7,bf33cd19-ac63-5d08-91be-f5bc6c0869b1,BLOCKED,READY,332.70,14bce300-902c-54ed-aeb7-d3b9150a9121,e78d16482d99550a2f0769689b7af5a1d53a8cde739e02be2c920bee430c657c,EQ,CAREERP,2025-02-20,Interim Dividend - Re 1 Per Share,,RECOVERED,1.04899308686504358280733393448
,2025-03-04,,,,,,,,4469d209-9fc7-5c9d-854b-c01b2e334aa6,,BLOCKED,,,,,,2025-03-03,Distribution - Rs 12.71 Per Unit Consisting Of Rs 11.22 Per Unit Taxable Dividend & Rs 1.38 Per Unit Exempt Dividend/ Interest Payment Re 0.11 Per Unit,MULTI_COMPONENT_DIVIDEND_REQUIRES_SEPARATE_POLICY,BLOCKED,
,2025-03-19,,,,,,,1cf2d277-3429-5482-893f-14678167b2c9,0a49ce0b-4aa8-5a66-85d7-a20a30507c9e,,BLOCKED,,,,,,2025-03-18,Interim Dividend - Rs Per 0.50 Share,DIVIDEND_CASH_AMOUNT_NOT_UNIQUELY_PARSEABLE,BLOCKED,
,2025-03-26,,,,,,,,996bffdd-6d42-5ce8-a138-679bfc8f3d80,,BLOCKED,,,,,,2025-03-25,Distribution - Rs 2.50 Per Unit Consists Of Interest Amount - Re 0.54 Per Unit/Return On Capital - Re 0.48 Per Unit/ Dividend - Rs 1.46 Per Unit/ Other Income - Re 0.02 Per Unit,MULTI_COMPONENT_DIVIDEND_REQUIRES_SEPARATE_POLICY,BLOCKED,
,2025-05-02,,,,,,,,9f822396-3b46-55ce-b828-4a2a8044a354,,BLOCKED,,,,,,2025-04-30,Distribution - Rs 5.68 Per Unit Comprises Of Re 0.27 Per Unit As Interest And Rs 3.71 Per Unit As Repayment Of Spv Level Debt And Rs 1.70 As Dividend,DIVIDEND_CASH_AMOUNT_NOT_UNIQUELY_PARSEABLE,BLOCKED,
,2025-05-06,,,,,,,,8ae86714-d65a-5abe-a9dc-2186cb896b02,,BLOCKED,,,,,,2025-05-05,Distribution - Rs 6.44 Per Unit Consisting Of Dividend - Rs 2.77 Per Unit/ Interest - Re 0.13 Per Unit/ Repayment Of Spv Debt - Rs 3.48 Per Unit /Other Income - Rs 0.06 Per Unit,MULTI_COMPONENT_DIVIDEND_REQUIRES_SEPARATE_POLICY,BLOCKED,
,2025-05-08,,,,,,,,63a0c1c4-255c-51f6-8793-f05df6ba017d,,BLOCKED,,,,,,2025-05-07,Distribution - Rs 5.25 Per Unit Consisting Of Interest - Rs 1.97 Per Unit/ Repayment Of Spv Debt And Ncds - Rs 2.70 Per Unit/ Dividend - Re 0.54 Per Unit/ Interest On Fixed Deposit - Re 0.04 Per Unit,MULTI_COMPONENT_DIVIDEND_REQUIRES_SEPARATE_POLICY,BLOCKED,
,2025-05-08,,,,,,,,a4f7c35a-d493-59f0-b6d0-d7abb4809e29,,BLOCKED,,,,,,2025-05-07,Distribution - Rs 6.1297 Per Unit Consists Of Rs. 0.3606 Per Unit As Dividend/Rs. 2.3983 Per Unit As Interest/ Rs. 3.3708 Per Unit As Return Of Capital,MULTI_COMPONENT_DIVIDEND_REQUIRES_SEPARATE_POLICY,BLOCKED,
,2025-05-09,,,,,,,,e477a687-9706-59cc-9c5f-12a112a7152a,,BLOCKED,,,,,,2025-05-08,Distribution - Rs 2.25 Per Unit Consisting Of Interest - Re 0.96 Per Unit/ Dividend - Rs 1.05 Per Unit/Return On Capital - Re 0.24 Per Unit,MULTI_COMPONENT_DIVIDEND_REQUIRES_SEPARATE_POLICY,BLOCKED,
,2025-05-13,,,,,,,,e9137de4-85e7-5e93-9e17-60e4457870cc,,BLOCKED,,,,,,2025-05-12,Distribution - Rs 2 Per Unit Consisting Of Re 1.69 Per Unit As Interest / Re 0.05 Per Unit As Return Of Capital / Re 0.26 As Dividend,MULTI_COMPONENT_DIVIDEND_REQUIRES_SEPARATE_POLICY,BLOCKED,
,2025-05-16,,,,,,,,744215a3-c918-5839-a88d-87031cf465df,,BLOCKED,,,,,,2025-05-15,Distribution - Rs 2 Per Unit Comprises Of Interest - Re 0.593 Per Unit / Dividend - Rs 1.221 Per Unit / Other Income - Re 0.043 Per Unit / Repayment Of Spv Level Debt - Rs 0.143 Per Unit,MULTI_COMPONENT_DIVIDEND_REQUIRES_SEPARATE_POLICY,BLOCKED,
,2025-05-20,,,,,,,,871b259b-c871-5170-befe-0e26c03dd39f,,BLOCKED,,,,,,2025-05-19,Distribution - Rs 4.10 Per Unit Consisting Of Dividend Rs 0.1419 Per Unit/ Interest Rs 2.6287 Per Unit/Capital Repayment Rs 1.2711/Other Income Rs 0.0583,MULTI_COMPONENT_DIVIDEND_REQUIRES_SEPARATE_POLICY,BLOCKED,
,2025-05-21,,,,,,,,c3c79989-a2d9-5953-91d7-3371ae79d8c1,,BLOCKED,,,,,,2025-05-20,Distribution - Rs 3.25 Per Unit Consisting Of Re 1.1564 Per Unit - Interest/ Re 1.3603 Per Unit - Capital/ Total Dividend - Re 0.6966 Per Unit/ Re 0.0367 Per Unit - Other Income,MULTI_COMPONENT_DIVIDEND_REQUIRES_SEPARATE_POLICY,BLOCKED,
45,2025-05-23,6aac74e4efb2404063ebbdb46fd32a47f3d8757cc5a1b80ed810c6bea30629bf,5045.80,0f2a3c38-0eca-515b-a46e-3ff4893a6963,9c1f3d91a53cc24a711353ed4a58ad5854076da48201e40053a2c60a919de973,EQ,LTIM,da59889b-2853-5a54-b8d4-387a70bbf24b,434a3d8d-5aa9-5be5-b604-8b69e00d3045,BLOCKED,READY,5023.20,b12a36b1-967a-5dda-be05-bb6616047199,df0153b94d9bd2314c700be603f84f6d6b9fd6ec334dba42d92232169d0a93be,EQ,LTIM,2025-05-22,Dividend - Rs 45 Per Share,,RECOVERED,1.01345755693581780538302277433
,2025-05-23,,,,,,,,e477367f-1ddc-53f5-be8e-0a73d995e620,,BLOCKED,,,,,,2025-05-22,Distribution - Rs 0.38 Per Unit Consists Of Dividend - Rs 0.38 Per Unit,DIVIDEND_CASH_AMOUNT_NOT_UNIQUELY_PARSEABLE,BLOCKED,
0.60,2025-05-28,aa653766ec5abdff39a99fed5e1ae391d02e4c80191b18e48e938628b3a55a30,351.25,bd9cb201-5d75-5257-b2b8-08697f6d9d49,c9ebcea7b4727066ece6f933223e9c2079185da382b6e84798e839c082a5ee95,EQ,SUNDARMHLD,cc9860c3-db87-5ebf-8f54-e60dac420481,75ec2be2-95de-56f4-9673-740bd32b93eb,BLOCKED,READY,348.95,6be3e6ae-0957-5e9e-93d2-eeeb493dc41c,38f94b65e7e3a30bdc185a04dd04d529d4064c9959fb6cdd8f4d6b11cd7e5a60,EQ,SUNDARMHLD,2025-05-27,Interim Dividend - Re 0.60 Per Share,,RECOVERED,1.00831064622438744805846109758
,2025-05-29,,,,,,,,71b6f6f0-9eea-5ab5-89e7-357698b880da,,BLOCKED,,,,,,2025-05-28,Distribution - Rs 3 Per Unit Consists Of Interest- Rs 1.67 Per Unit/Total Dividend - Re 0.57 Per Unit/Repayment Of Spv Debt- Re 0.75 Per Unit/Treasury Income Re 0.01 Per Unit,MULTI_COMPONENT_DIVIDEND_REQUIRES_SEPARATE_POLICY,BLOCKED,
,2025-05-30,,,,,,,,8c2f1df7-723b-5dc2-b2ba-2337b844d1cf,,BLOCKED,,,,,,2025-05-29,"Distribution - Rs 3.649 Per Unit Consists Of Interest- Rs 1.8475 Per Unit/Dividend - Re 0.9003 Per Unit/ Dividend For Apr 01 To Apr 15, 2025 - Re 0.6669 /Return Of Capital Re 0.2343 Per Unit",MULTI_COMPONENT_DIVIDEND_REQUIRES_SEPARATE_POLICY,BLOCKED,
,2025-06-02,,,,,,,,46a7c318-a52f-590b-b08b-8a45fb4cc307,,BLOCKED,,,,,,2025-05-30,Distribution - Rs 3.75 Per Unit Consisting Of Interest Rs 1.96 Per Unit/ Treasury Income Re 0.01 Per Unit/Dividend Re 0.32 Per Unit/ Repayment Of Spv Loan Rs 1.46 Per Unit,MULTI_COMPONENT_DIVIDEND_REQUIRES_SEPARATE_POLICY,BLOCKED,
,2025-06-03,,,,,,,,36a87a7d-1394-5bf0-bfb1-c3520904a66f,,BLOCKED,,,,,,2025-06-02,Distribution - Rs 11.18 Per Unit Consisting Of Interest - Re 0.93 Per Unit/ Dividend - Rs 6.87 Per Unit/ Return Of Capital - Rs 3.37 Per Unit/ Other Income - Re 0.01 Per Unit,MULTI_COMPONENT_DIVIDEND_REQUIRES_SEPARATE_POLICY,BLOCKED,
6,2025-06-04,ee939ab9170e003a22653c1ca14e61b340264d6c1fc36df8027ba62017b24999,709.15,4d5830e2-e553-5c1c-bcca-54334a6c7795,8253cf2446e90e577f25d5acbea259bd238ee3ae846a1d5f505f6449c7b1458e,EQ,TATAMOTORS,015c4c0a-4e2b-50e7-912b-fca35d69b4fb,738b8855-f01f-5e91-aafe-81cf0157ec7c,BLOCKED,READY,703.85,9bd2d9ed-90a9-553a-9c32-55ac16e09388,ec2e2837cf2aba84edfc8197df82641f3d3d40b46a0d888c4e2f24be421bf6c3,EQ,TATAMOTORS,2025-06-03,Dividend - Rs 6 Per Share,,RECOVERED,1.01605455707892306599417489522
1,2025-06-06,d6c759342f90d8f1049551ef161a1d028185a74ec1b1bf7192db6779b74c0de6,524.30,183e2567-75e2-5341-b012-1c0eb207773f,cdcc0ca49bf97d5c6a7bfbee660d20f98d3179985163d8b45ab6ab150e847696,EQ,IFGLEXPOR,5265c067-221a-5c34-89e8-34591a859f57,2e52747c-7880-54ca-a559-34d65088b166,,BLOCKED,525.40,bd3d8c3a-ce3c-51be-badc-39c169501466,8d3401971784235a969d163d03896357961bcf8aa7874bae969d6e65608f2b89,EQ,IFGLEXPOR,2025-06-05,Dividend - Re 1 Per Sh,,RECOVERED,0.999809668823753330795584316711
15,2025-06-10,b9099b478462a07b16c17261ee85a13323ee4541c8d548e0a0993828fe4d8040,1721.70,453ae3d1-430f-594a-883b-a5ed65ad6672,2dcbfd2e9ef08255203132e340f73b690d3f1a3313b4f8a48f75a1bc8085b7f6,EQ,JCHAC,c1e99d0c-5395-524d-871d-143e4ac8c21d,f31d529d-b77d-5c51-a9e9-ae07286764e2,BLOCKED,READY,1722.40,07f06747-c69b-53bf-bf71-178cc9e22f3a,f5c13fdc4670f1ea60113535e706a74e4af2cf7e7ed59246818ea54bee43b1f9,EQ,JCHAC,2025-06-09,Dividend - Rs 15 Per Share,,RECOVERED,1.00830236878773803994426381793
3,2025-06-18,097bb90e0517d9bb3338785ddc02c4ad28e58a8a10eeba06dca26cba77f330ad,114.93,86df8857-6822-5edb-8c96-d56d8f29abff,fc4b1c471db8e205cc8e78bba69571ead501f0457143066178e3310dc56a9f66,BE,SARLAPOLY,87f20712-3ccc-5a5d-bdc3-83fd38b5253a,450bfa69-8cc9-5d1e-9393-ea499b66aa90,BLOCKED,READY,117.95,6e302868-97a3-5b5a-8d38-bbc15c260e3c,3454e7d5eab26299384ecdb30098f293e7dd1e700bb67deb83c274b04a8c1876,BE,SARLAPOLY,2025-06-17,Dividend - Rs 3 Per Share,,RECOVERED,0.999830436625688851208139041967
2.25,2025-06-30,fdb192b0e6d40d66c3f0303dd79948eb2fc6a45a9b307d46d91bb88d044a10ab,760.30,b336055b-bdcc-52b2-8a2b-298042e58721,44eb380e7132f6f6fe50e8b6bdc9507a511abcefd932787897e53f9b0470755e,EQ,INDHOTEL,35866c8b-5137-540d-9e44-0322936c1257,3c648bc1-4c55-52c6-b6bd-3d5510e1ad74,,BLOCKED,767.40,3b1b887d-7928-58f1-8667-99ee549517a8,0a88f99a41aad97ce27f9c87e996e5b413350964e1e0bdc92597d267d437d3a3,EQ,INDHOTEL,2025-06-27,Dividend - Rs 2.25 Per Sh,,RECOVERED,0.993679958300755798801146729216
65,2025-07-01,797667c4d89c431430b5263e22f2c5ec9215ee58698b9e9a8e38e2c11434b46c,6788.50,31468c2e-ab3b-5954-a513-033e89a7a065,058e8316bd9c2869b1d62cf2f0201ed12c1a13bd7d18f7d696f46f1b31a1e472,EQ,CERA,7adfa9e1-1bb8-52b3-bacb-c145d9ce3a94,82a75c2b-4a56-5b6d-a45a-50e0f7554f44,,BLOCKED,6875.00,7e306e75-4589-531b-9b0e-2ee98560d75a,654d104f5e7be6f908879925fd351f62661144196a5a2a60f84458fa568a5955,EQ,CERA,2025-06-30,Dividend - Rs 65 Per Sh,,RECOVERED,0.996872727272727272727272727273
1.10,2025-07-02,a8a48b425a09610258958421fa2437becbcc091fa25fd1e024e3b6162912d79e,113.43,7b4bdb4d-81e8-5853-a978-6d5790fd4701,052b211dae93704b159aa0e8b7b302df75018e86e3142cdd6b6a09b652d7d735,BE,BHARATSE,13ab4851-1207-5145-86af-5f45cdb4b608,2d60d588-021f-59a2-af3e-46dcf7fd033f,BLOCKED,READY,110.62,d9839044-7a04-521a-9d79-3ff604fa67ff,193a02d80d1dd77507c7ed44f42ec0787718ce0c1731379baa82791803979d12,BE,BHARATSE,2025-07-01,Annual General Meeting/Dividend - Rs 1.10 Per Share,,RECOVERED,1.03534623033809437714698969445
1.25,2025-07-04,295bb7a1ed6275184aed8170aa4c65c3075c3ef591fb5a6c4695a6e5ba2aa441,82.07,44be05fe-0ce0-5386-b9c1-20a0c90536e9,217d0d81be54eb88bffd0be59ba73a5e45c0e3e00b7090652bae40379d2c7e32,BE,DBOL,eb3ee52a-df18-5bf0-b6ab-4564920c2efb,5250b31d-5fa2-5616-b0ea-2ce632c07da8,BLOCKED,READY,83.39,3240752d-2386-5d3d-a0cd-5cce4a71c305,9a0b79ad016265ee0ab20031ffaf1a38961b02d6f4d6c31a33a27a0c322e867c,BE,DBOL,2025-07-03,Dividend - Rs 1.25 Per Share,,RECOVERED,0.999160570811847943398489027461
1,2025-07-04,93340130a8147857ae2bc05a4d44eabb677065386c98d019b20d5eda81735050,1177.60,263262e9-1f34-5b62-b650-a6603c187fd1,6fc105215de2559b29fe4bb7403829faba88ee88d929e2c4f08842c8fce070e5,EQ,AXISBANK,8389d4b5-9904-5b47-b2c5-2b6c4d5deff7,7f93099b-a42d-58f0-b1db-7ac0dccae16a,,BLOCKED,1171.10,542d1286-f9b3-58f3-923d-aafd6c898d03,a5e13418b71ae7dee4929ed249a3d52711365a47fec20a56f0fcff6cdb108793,EQ,AXISBANK,2025-07-03,Dividend - Re 1 Per Sh,,RECOVERED,1.00640423533430108445051660832
5,2025-07-04,eeda501931fe5991d6a20dd9a9f989aa13f9d731f61cb885e6159ed7c5204120,334.50,40dab6c9-47c3-541d-958e-90288524323f,c9750e9145e6a055d373c743f18f966f7ef5b9d0e5fcad4a1db82c544a0324d6,BE,ONWARDTEC,3a7b7d3f-890d-59de-8dc7-a8cab08a8a39,d18190c9-e802-5c94-bf37-185b1b9c6d9a,BLOCKED,READY,333.25,3d9677d9-ba80-50f8-921a-24efa054973b,861f041b7dfdfe8c95cea04ef09f634e7c3fd3f96e52c4409bc21188255c9b47,BE,ONWARDTEC,2025-07-03,Dividend - Rs 5 Per Share,,RECOVERED,1.01875468867216804201050262566
36,2025-07-09,61264ccf311b08c1635edeb5fb16070f3ff05466c24d0a9c4fb6956d6c691673,1756.30,612c68e0-3006-5015-98ce-f15538df2ccc,036e49260120e1ac4a12213dfcf46f9e5c6eeeebd1f53694e232c2d965991e9f,EQ,JCHAC,c1e99d0c-5395-524d-871d-143e4ac8c21d,2859961f-8f37-5058-84f5-9a2ed9e188e5,BLOCKED,READY,1814.80,b273c119-226d-5bc5-a00e-afe45148cb6a,cd16c3a218781c7b59f4381256149b0922baaeddf95bbdbbb78205e753523423,EQ,JCHAC,2025-07-08,Interim Dividend - Rs 36 Per Share,,RECOVERED,0.987601939607670266696054661671
2.50,2025-07-09,aa2a48d0ade5a5396610983bdeb28d4e7127d67810eaee165a8caa0f7a4b307c,309.25,232014a0-b7ce-52d3-8b40-1cf0afb0da64,8fc758dd5ee8decf932a185551c162869c698a4386e9a8776c4fc4700a46ab2b,BE,KABRAEXTRU,8f0e44fb-86f5-5b32-a152-38dfc3faab30,b83f8a13-2e84-53c2-a82b-cb74d72de317,BLOCKED,READY,310.15,d7bee95a-cb86-56ce-b4f7-01e3b63bf7c9,3a8123bd3c5546cb68e2c5420ac25bd2fd0f941a2bdfb97cf0f1a8fd4033e59d,BE,KABRAEXTRU,2025-07-08,Dividend - Rs 2.50 Per Share,,RECOVERED,1.00515879413187167499596969208
18,2025-07-09,453516907263608f00a17f544bcbe281f7400ad8859b6ce5cd64f4b9c5674df5,3057.60,adb5194f-7a8c-541e-8220-7f076ad55e3b,0665507afcd8b84057096dbdac5b05157b5aec747033fb5398629ddf991536ff,EQ,SMLISUZU,5e83df4f-d709-5240-bef0-afc4ebfbc8f8,bee2cf00-7d4a-5f9a-b997-3bd52e79ccb7,BLOCKED,READY,2849.80,80adf166-e2b6-56a0-8ceb-3e1860f1e235,be2e0186c2ee79c631defeb08cf666e9dc300ed98a00f45026121946784dbdad,EQ,SMLISUZU,2025-07-08,Dividend - Rs 18 Per Share,,RECOVERED,1.07923363043020562846515544951
0.50,2025-07-11,d1668b753f7afe56e7493247c63fd954e2a8627db2718bb09e838b0367400e6e,64.73,d43808b9-3a0e-55fb-b363-61ed35f20020,0642d4c2c610aa2829bcd1d9ebd77ce63e3ac9990ee22446ad81d8b32537ecdf,BE,GLOBAL,15d80b9f-6960-5ae9-8baa-5ee4a74e1a24,56c70fb3-15dd-59be-b034-acfddbb80a96,BLOCKED,READY,66.86,4a56dceb-b4bf-5866-a888-e7f7123aecba,8e401d9e03cb4758dfe482947981df1973a233816f94d712c66b8af9a989c4de,BE,GLOBAL,2025-07-10,Dividend - Re 0.50 Per Share,,RECOVERED,0.975620699970086748429554292552
1.55,2025-07-11,d9b0a2e202f2978f48fd00605df0341777d14915671bf5bf26b9e8bf7117fdb6,492.90,40ebdcb6-1878-55fa-a06b-445b3081b45e,6544c31710cb7419ed413b0d270d26e5f3388b2d32940cf2632de3466bcd575e,EQ,SUNDARMHLD,cc9860c3-db87-5ebf-8f54-e60dac420481,ce88f2c7-33a1-5e02-9752-77f4172f4abd,BLOCKED,READY,492.65,b8db946d-91c7-5888-9df4-32d6fccc5139,68f73faced0b55a687a8f89fd93007e99fb8f6c5d7e52ae26db6b30350039075,EQ,SUNDARMHLD,2025-07-10,Dividend - Rs 1.55 Per Share,,RECOVERED,1.00365370953009235765756622349
7,2025-07-15,bdcd20a3084a9ca9762e9c1557f575f3e6a18970938831235b4e48f2e07fdf45,319.85,230d2130-01e5-5e9e-872e-7a699131b14f,90d755c612bf369ccfa8fcb4b4c9168eaf30f8f2e465b46fd13437a08762d77c,BE,VINYLINDIA,98ab3734-b826-5a0c-8497-dc2ba34fa89a,d0729f43-2a17-55e8-9419-f60ef194015f,BLOCKED,READY,322.70,065b3e2b-d73a-506c-81dd-4d9365965769,2b4d3d0c261956ed998babffc01047da8b10f40e87a227568dd21a9915dfc27f,BE,VINYLINDIA,2025-07-14,Dividend - Rs 7 Per Share,,RECOVERED,1.01286024171056709017663464518
2.80,2025-07-18,d24298ce74713a4b6855f97e7f73db71ae948478d872a6c1150310fe2ab96ad7,382.95,a666934d-5890-506c-aa10-7d6a292606d1,ed0d6e4a9fd929514886835b15a09db88b69b5e355f232ed6eba611bfec4d83d,EQ,MAHLIFE,d159bb5c-1702-52e2-8d6c-01baea30c0cd,f94ae641-af07-5d1a-9543-a227f01c36f6,,BLOCKED,369.35,be258107-ca14-57a2-b062-5e61edb1c662,e04602f91939d2f12784d6e27fe4fa4380902a00d74a1ed1780809462e6b771c,EQ,MAHLIFE,2025-07-17,Dividend - Rs 2.80 Per Sh,,RECOVERED,1.04440232841478272641126302965
0.75,2025-07-21,ff8175e2d9f82b08922bcf1170b2d68dcf1dc256ec24bcae17c23a4e4b713919,1159.50,cb26f831-7f7c-5164-99b2-b9eeb6145ac7,617f3469ff0d394f781fc67f4d1a6c8d3a86309344a5a9b61b9892e7819b3856,EQ,ANURAS,8a02f149-3dcb-54b2-9670-d82bac36758c,217b6d5a-5f5e-5d72-a848-d3fb62e1ec62,,BLOCKED,1150.00,dcec2bc6-f41f-56fe-ab97-c444e9fd6bb8,dc770e281c4c583a4924b47b44f01e22a6ae89c2dd07d50ab6087c9b3642b727,EQ,ANURAS,2025-07-18,Interim Dividend - Rs 0.75 Per Sh,,RECOVERED,1.0089130434782608695652173913
1.50,2025-07-21,58bdb9a5780a20ee6fef47bcb967c99ba428c40c2e7b2309a58f4e40ad1265b3,143.10,3471f352-c001-57cb-a704-fe775734fef2,96541badc31b0529e8b21e7b27622bac5dd25dca30425dae328817763d3f34cb,BE,OCCLLTD,dca0c803-a6e2-5c75-82bd-e4e0b55c4508,3669fe00-b2f8-59ab-b186-5d579c7bf208,BLOCKED,READY,142.25,f6ded86e-f710-5b3f-a5d3-66e1411aa492,a1063ad85902a7344cf676058f281776218a61662101f2cef6bb72873b23e386,BE,OCCLLTD,2025-07-18,Dividend - Rs 1.50 Per Share,,RECOVERED,1.01652021089630931458699472759
3,2025-07-23,02ec6783ee8e8b36f6b6a97c678cd0e8ba8b673d1aa2dc7b3a6e53725cccab1f,932.80,5e7b3097-bfdc-50d6-8833-a7c792fddfdc,27febbef168c03439e84682fb89e2966dbefa99f19f7ea64fe864d7c563d025d,EQ,ROUTE,9c2bc9bd-dee0-5e99-9b87-ea2c2fd3d1e8,2921e35b-eeea-59d7-8b45-ed7892129818,,BLOCKED,936.60,8b33a798-0623-5580-b877-3be35cd4d177,506bf7cb879a7ccd06746247944097ce1b97ad2b86e504704ae7feccc2819024,EQ,ROUTE,2025-07-22,Interim Dividend - Rs 3 Per Sh,,RECOVERED,0.999145846679478966474482169549
,2025-07-24,,,,,,,,ffe0710c-61d8-51df-825a-b61c8958f6c0,,BLOCKED,,,,,,2025-07-23,Distribution - Rs 2 Per Unit Consisting Of Interest - Re 1.57 Per Unit / Return Of Capital - Re 0.15 Per Unit/Dividend - Re 0.28 Per Unit,MULTI_COMPONENT_DIVIDEND_REQUIRES_SEPARATE_POLICY,BLOCKED,
77.50,2025-07-25,914c310de467def933977dc6d454936eda46496058252bfe33a442e333eabace,12250.00,6bd68d3a-c670-5ac3-be08-8c86adb398ac,7eb35bef45532a792c36fb29db11c92f68f6049fc4855756ea79f65ad12bf34d,EQ,ULTRACEMCO,afaa0c26-e0da-549d-bd98-b7c50348e0a6,71fe2e7d-97cc-55a4-be70-6b0520ef32c1,,BLOCKED,12304.00,1a73fde9-ba2c-5702-a96a-d334a53c581f,55e9527689e43a67a276d76db800731328d0049046259c6291f4905196450b44,EQ,ULTRACEMCO,2025-07-24,Dividend - Rs 77.50 Per Sh,,RECOVERED,1.0019099479843953185955786736
30,2025-07-25,b73baf288f80c56db8251ece2182eef4c4b7b2a2a531caed3a3070e7a4415210,3766.80,a6b187c9-cc88-50a9-9c52-5284446db9f8,ec809303b46630b5d8b74d853e4f9ff06bc5d3fb3ae9ef4deb98caa0f3c10870,EQ,AKZOINDIA,0bcef901-4811-5bb1-9d9b-dc145204f313,91b35276-5240-51fa-9712-0acd7a1a3981,BLOCKED,READY,3872.50,7ad8cba9-3701-5a00-b929-88b34b5e6018,287d6ecff3158ff920916b05008a616d5a34bb6c82cf7427624d2d120dc6cddf,EQ,AKZOINDIA,2025-07-24,Dividend - Rs 30 Per Share,,RECOVERED,0.980451904454486765655261459006
1,2025-07-25,fa687b1ed52bee3634a3dd981440137a0df4cc8d57105b5f2b56c4fc2c00bc4f,85.25,4f423810-5f63-59b8-a6c2-d235910f0c05,d62b666f6bd95810507567d4ad69019e6693c015e102ad0d60f21f9e521d0099,BE,HBSL,6cf49fd2-c5f7-523f-8550-8666779e4a33,eb7538d0-39c4-54ae-b6d0-551aca4a301d,BLOCKED,READY,87.00,0720a8ee-fe2d-5e38-ac6e-8987518d5a80,5db7d7368945798bcff4b230b5408dff649d94637e45576d9ccc17f45ea81316,BE,HBSL,2025-07-24,Dividend - Re 1 Per Share,,RECOVERED,0.991379310344827586206896551724
4,2025-07-29,7c8851b92022123b8df1fd1bef0ad5719bce820542b5703ec1ec9b7cf22cbad2,3110.00,6cecec3c-85e7-5169-9500-029ec7420a62,30405c7aad27192e88fe457a86c6631678e5776982c73792816a270c8577e1da,EQ,SRF,cfb89968-d4f5-54e4-9a86-2e5d6b7c1347,006fca68-f42b-5e88-b249-4aa44918e18c,,BLOCKED,3056.60,75e9edf5-debb-51ea-a276-f4b34d9ec728,f163a5fcbd539680de0206a61665e4c2b6cebbd72fc2a98bb4301fcd2b2b072d,EQ,SRF,2025-07-28,Interim Dividend - Rs 4 Per Sh,,RECOVERED,1.01877903552967349342406595564
,2025-07-29,,,,,,,,3df4e4ec-2475-586b-a64d-7b653b4add95,,BLOCKED,,,,,,2025-07-28,Distribution - Rs 4 Per Unit Consisting Of Interest - Rs 1.5989 Per Unit/ Dividend - Rs 0.1670 Per Unit / Capital Repayment - Rs 2.1350 Per Unit / Other Income - Rs 0.0991 Per Unit,MULTI_COMPONENT_DIVIDEND_REQUIRES_SEPARATE_POLICY,BLOCKED,
2,2025-07-31,74f2fc1a8e2012997cfbfd58ec249e71ba2913ce20de9413ad51b37c45b00db0,777.70,4d63edb5-2045-5c65-a235-7521982d2dfb,fc88771b1e70b8302f955b4a96a07b60a9ead5ed2a8e8a727f2f561894ae86f5,EQ,ITDCEM,c1d33cdd-f6cf-53b6-bbc0-f132d8dfe798,59be606f-081c-5217-a24a-22d24ff7261e,BLOCKED,READY,785.50,e7335860-f7d3-5c61-9b76-784994c5a621,5374b063d733dae1979b0f4c52202d88c9f97229cebc44e3182fac38e21780c5,EQ,ITDCEM,2025-07-30,Dividend - Rs 2 Per Share,,RECOVERED,0.992616168045830681094844048377
4,2025-07-31,f9c4ce684edc898d883607a8f509de8d85fcfb33e3a9414744bbf705de829924,904.20,4ada399e-3335-573d-9c43-0a30718d6596,8235b73849a72538edae6b9bbec1ac03649dd41d454da1964eed07b53c6a6075,EQ,KIRLOSENG,8f88191b-9706-54d9-83f9-d6872adbb12f,91da258c-2de3-5c8b-89ed-7bd4118b4bd8,,BLOCKED,918.15,ac30430c-6b5f-51e2-9f71-5b40b928931a,a9548c31c4e497bd310450c9fb07d18cd163a05d9c3caa7c97477960888cd25e,EQ,KIRLOSENG,2025-07-30,Dividend - Rs 4 Per Sh,,RECOVERED,0.989162990796710777106137341393
0.25,2025-07-31,01a7fc8946d9c539bbd64444defff8dfc3228ca82ff618f3553884ac95a294e6,160.97,464dd2f0-ec86-55c9-aa9f-b5aaf05c6bb9,56a87c5516ec32b3b06a65b5acfe5d42f21d6bf48ef50ad5847081f8d9b83aae,BE,RAMAPHO,e07e2b2e-aff3-53a9-ac54-52ec7042834f,a22c804c-0e77-5114-a138-c509b9a10bf1,BLOCKED,READY,161.00,62ee0014-732c-5d03-a25a-b63e3ca5abe5,4045db442d0cb1ac338b77982b54e99ca4340928089b3ee13b73781d6fff6b5c,BE,RAMAPHO,2025-07-30,Dividend - Re 0.25 Per Share,,RECOVERED,1.00136645962732919254658385093
1.75,2025-07-31,c8c09613ff43447716b85c3168f03228be6668441d37a8856e417f358a20e1a6,181.05,e0a99a2c-1dc3-5862-b9ea-d04661c78a70,153907450023cff3682992d8bd30ffba9bfd2c20df8a957a7a4a12cba54d0099,BE,CHEMBOND,e1d1c3a2-0167-5ff9-8780-133e553f2ecf,fdd75d5c-bd19-53b7-8458-c07607c8892a,BLOCKED,READY,184.77,da769091-ca6d-522b-935b-d554dc0f3118,1ace24aedc741f5f923af75d077fabef52febba6792a0857ef96c8c356d81815,BE,CHEMBOND,2025-07-30,Dividend - Rs 1.75 Per Share,,RECOVERED,0.989338096011257238729230935758
1,2025-08-01,828192acef81ef01c3bd0d29a558c923c243c256628704aa7cbcf7b1a63d4648,200.71,4160e708-046d-5f2e-94f1-5b6d9855a33e,df6dc6d76dfd17459aa23191c8e154f61f972689f8e7585d8712b8455f5b3d46,BE,MINDTECK,2ecae8a6-d2d4-5d18-bd8d-24e3afb373cd,13da6d88-37a4-5d93-a75c-993f5f7b2b0e,BLOCKED,READY,204.24,4b4365a6-09c7-55fb-ac87-988832eb2c8e,9ae2c32504482287551a18a43d03d6035c69c8dbce79d1aa0e0dc0540037b5bb,BE,MINDTECK,2025-07-31,Dividend - Re 1 Per Share,,RECOVERED,0.987612612612612612612612612613
,2025-08-01,,,,,,,,5e26d337-57a4-5f85-bf08-220a6a7a10ef,,BLOCKED,,,,,,2025-07-31,Distribution - Rs 3.9312 Per Unit Consists Of Rs. 2.0440 Per Unit As Dividend/Rs 1.8872 Per Unit As Interest,MULTI_COMPONENT_DIVIDEND_REQUIRES_SEPARATE_POLICY,BLOCKED,
3,2025-08-01,eafc81da7179bfb20a412c81d234a15f1950231c38a0d12393f0a45861340996,582.70,faaad168-0aa2-581a-8323-37f092b9a02f,34ad57bdd6e1d0064f29f897ed6270b97079f1d4fb21ee2cfd71f3623e3ad850,EQ,UFLEX,e837a156-d30f-5480-8c07-ee3e63b2dfe3,690a0933-e628-54c6-8014-ef3c59595d88,,BLOCKED,591.55,81c3abb3-6928-521d-8bbb-d00854bd76f8,f77ac163464a64381f3f9c5b735a1f18162384dd655d4747cb14345d8a076dd7,EQ,UFLEX,2025-07-31,Dividend - Rs 3 Per Sh,,RECOVERED,0.990110726058659453976840503761
,2025-08-04,,,,,,,,3e16d8c9-3dd1-5cc8-9d99-4e270abc9a73,,BLOCKED,,,,,,2025-08-01,Distribution - Rs 3.25 Per Unit Consisting Of Interest - Rs 2.78 Per Unit/ Dividend - Re 0.04 Per Unit/Return On Capital - Re 0.43 Per Unit,MULTI_COMPONENT_DIVIDEND_REQUIRES_SEPARATE_POLICY,BLOCKED,
,2025-08-04,,,,,,,,e8410863-e397-5744-bafa-36ea1b1aef99,,BLOCKED,,,,,,2025-08-01,Distribution - Rs 2.230 Per Unit Comprises Of Interest - Re 0.642 Per Unit / Dividend - Rs 1.299 Per Unit / Other Income - Re 0.007 Per Unit / Repayment Of Spv Level Debt - Rs 0.282 Per Unit,MULTI_COMPONENT_DIVIDEND_REQUIRES_SEPARATE_POLICY,BLOCKED,
3,2025-08-05,f7aafeded075028ed9888718d6a4bb52af64a7dfc01a7a7855b4474d207fbbd1,229.26,2082490b-8c05-5c89-a720-259e3cd73683,53d7cc87367612e3afe33a5e78be10b3d0a1bcb235994e03c5f6ec412c1aec1f,BE,SHREYANIND,d1638919-4f2f-5bb0-a187-2d6e6b1b75e2,8241ed96-a468-56f2-b79c-a629ae1f1217,BLOCKED,READY,234.14,9bb15d67-ecf0-5163-9f5e-aee4be3c102f,08ce8e14a98fd63a0de7c1054e80d86102631e379fcb267d5f85d82410461b27,BE,SHREYANIND,2025-08-04,Dividend - Rs 3 Per Share/Special Dividend - Rs 2 Per Share,,RECOVERED,0.991970615870846502092765012386
30.50,2025-08-05,c823831662307644b379f3f3fc327226c145028c116ef8df6eebcde585a0bf33,1822.40,d7806888-ede5-5fd3-8657-af43ef85f48e,24f8bf6a540829586a347b014c45444835346ad27fdfb5e0ebf670d82464c999,EQ,AUTOAXLES,8807c2f5-7975-5b0f-9e44-ac3a516ac3b0,b65da9cf-33b6-53ba-9630-a6435b4101f4,,BLOCKED,1882.50,51318fec-5e27-5764-8a0c-f34aa49caa48,a08dc27e731804e8b86af11cb2401b37d897d4f5a8acc3ca8d28c4085c794e83,EQ,AUTOAXLES,2025-08-04,Dividend - Rs 30.50 Per Sh,,RECOVERED,0.984276228419654714475431606906
3,2025-08-05,fb1825875a320edeeaa7e200a280d02db78720a3dafef1384734d65c7cc78964,1090.10,3d1d0cbc-4bf1-5608-b555-0a1b542a34c6,bd9425ac17536eb30d07417785a68aae4f616f0d1392deb8f6ef8038f0d3bb25,BE,GROBTEA,be8a44e5-282b-57f8-8111-dd3dac59c3f3,eab71f25-e415-5c2c-81ab-e66c796a4dad,BLOCKED,READY,1080.20,af9e1f04-7632-5444-babd-a3ee922fb600,88be405a0b7a0f5dd66331fc037d8f181ff5e21e0377ab21073a5a3dc8ffc60b,BE,GROBTEA,2025-08-04,Dividend - Rs 3 Per Share,,RECOVERED,1.0119422329198296611738566932
,2025-08-05,,,,,,,,f932d5f5-1120-534d-b041-fd079fd33d6a,,BLOCKED,,,,,,2025-08-04,Distribution - Rs 5.80 Per Unit Comprises Of Re 0.18 Per Unit As Interest/ Rs 2.01 Per Unit As Dividend & Rs 3.61 Per Unit As Repayment Of Spv Level Debt,MULTI_COMPONENT_DIVIDEND_REQUIRES_SEPARATE_POLICY,BLOCKED,
1,2025-08-06,eb228ca34d2bbd7c105d551225c8a001f1b6018b9990851f531be85638d99db7,296.30,7b07fe81-2011-5d76-9a5c-561b7ba3bfc1,c24c41bd5094636ff78146295f9661fc9ba0ec46ce05cf9ad3919768cee71460,EQ,RAMCOIND,443f0bbf-7efe-51d1-bcda-73da531e9b71,29737c63-e6a8-5355-b266-b6516bc9ac21,,BLOCKED,294.65,f18ac9ec-fbd4-590f-83b1-63d75a078737,c2ee2c35cdee94e5c6e5a6f324d02fc464addb833365718f276e3097dd616f82,EQ,RAMCOIND,2025-08-05,Dividend - Re 1 Per Sh,,RECOVERED,1.00899372136433056168335313083
,2025-08-06,,,,,,,,6c50386a-7432-5f12-9207-379926a9eff1,,BLOCKED,,,,,,2025-08-05,Distribution - Rs 5.25 Per Unit Consisting Of Interest - Rs 1.89 Per Unit/ Repayment Of Spv Debt And Ncds - Rs 2.71 Per Unit/ Dividend - Re 0.63 Per Unit/ Interest On Fixed Deposit - Re 0.02 Per Unit,MULTI_COMPONENT_DIVIDEND_REQUIRES_SEPARATE_POLICY,BLOCKED,
25,2025-08-06,5fb887ee71eebeacd50e000aa0032eca2085e26e81b619d9090599a4dc0071e3,5788.50,6b4a3b67-e638-5f6f-bc1e-31f7f32e9cdb,43c13be0ce71472491d916d50f4132eb554f6e75c5935d678aafc7790c176706,EQ,BLUEDART,a543630b-6197-54b3-bf9c-a4314c31bbb2,b1b7efac-5fba-5506-93fc-4659ff56e229,,BLOCKED,5794.00,f72b298f-b8ab-5c6a-b511-91d7c9b03d13,51d2ba87046a87b202f68eb7ceb66073d86ba6ae64f57002c2d322335791bff5,EQ,BLUEDART,2025-08-05,Dividend - Rs 25 Per Sh,,RECOVERED,1.0033655505695547117707973766
,2025-08-07,,,,,,,,50bdbe78-37e9-5508-9e44-41053648128b,,BLOCKED,,,,,,2025-08-06,Distribution - Rs 5.79 Per Unit Consisting Of Dividend - Rs 3.19 Per Unit/ Interest - Re 0.10 Per Unit/ Repayment Of Spv Debt - Rs 2.47 Per Unit /Other Income - Re 0.03 Per Unit,MULTI_COMPONENT_DIVIDEND_REQUIRES_SEPARATE_POLICY,BLOCKED,
0.10,2025-08-08,68c0fcd8a392c651fc3ba53cf181e0e457022701d3815830fc7d3b4ff84fad27,182.00,70f58dfe-e5a9-5161-ae02-f5720d58f894,ca23de19bdea766bbcbaf88adecbaf9608ec65f5c4a68b913e4003ac9ac3ced2,BE,INDOTHAI,b60f843f-d197-5fb9-9497-da45240a9f7b,1a13a86c-2bbf-53a2-bb91-686b09f9c82a,BLOCKED,READY,184.71,db11f419-53cc-5f28-ab24-4f76c304d4bc,f73c5caf97e42ad19c22b9720a9590f51e83fda91dab0db8981d42954b7042fd,BE,INDOTHAI,2025-08-07,Interim Dividend - Re 0.10 Per Share,,RECOVERED,0.985869741757349358453792431379
,2025-08-08,,,,,,,,aab9bce6-c7ea-5910-bb13-0d67f33cb0a7,,BLOCKED,,,,,,2025-08-07,Distribution - Rs 3 Per Unit Consists Of Interest- Rs 1.76 Per Unit/Total Dividend - Re 0.44 Per Unit/Repayment Of Spv Debt- Re 0.78 Per Unit/Treasury Income Re 0.02 Per Unit,MULTI_COMPONENT_DIVIDEND_REQUIRES_SEPARATE_POLICY,BLOCKED,
1.80,2025-08-08,,,,,,,,cebe8f33-d1f3-5d82-a567-f7262d741bf1,,BLOCKED,,,,,,2025-08-07,Interim Dividend - Rs 1.80 Per Sh,IDENTITY_ABSENT_PREVIOUS_AND_EX_DATE,BLOCKED,
156,2025-08-11,12b8dddad75bc211fb24b57d5b05ea5227d9e9835f8fa0c467565948be065296,3452.80,5b7fef00-07ae-58d4-aea1-42c372d623be,7a533c68c25e882451e5a18e1232684e9a2640017169fa76ddf64c0e1b75de00,EQ,AKZOINDIA,0bcef901-4811-5bb1-9d9b-dc145204f313,35c9df30-6548-592e-bde0-a332ab93739b,BLOCKED,READY,3644.60,da2c2f98-25cc-58d8-ab5b-4b62301b1352,e6de3aa1c9cf30bc63f15f995cf64ac46c842e38699bc56a65fa058272d20c9d,EQ,AKZOINDIA,2025-08-08,Special Dividend - Rs 156 Per Share,,RECOVERED,0.990177248532074850463699720134
10,2025-08-11,72dd0f8dab6047be60d6d442a1bb5c92900ac923c6fb80c9dd05cfe67858eec7,887.30,65c7800c-6e30-578a-b1f9-748f343e588e,c020692656263746c1b7a29ab4ca41e5042e24175f907da552f8110251eeabda,EQ,KSL,5d030fa3-df20-5f76-9578-bcea6b769493,71a294f3-f727-5147-9fba-afef8220f5e1,,BLOCKED,896.20,03019d53-d617-57e8-a1a8-480de5f3439b,ac5901c8e5b6eddb1563099ca055e72e022eb75fda9a8bcbc123bd02a140137a,EQ,KSL,2025-08-08,Dividend - Rs 10 Per Sh,,RECOVERED,1.00122740459718812765007810757
1.80,2025-08-13,d145a26f3748d9402ebbd5c53e5b1f683661870c42f4bea21760973f3f94dc6d,503.00,bac265de-2a88-51d4-8527-27723fc80398,2739eff2c09eaf2791afb420164dbfc6c35cde181240cd6416f016a940ef9b3a,EQ,HEG,19e67159-dbbe-52ac-b40c-8410df02a845,0bf85f8a-e9c4-5a30-a383-448b0d6c4c86,BLOCKED,READY,507.00,47e95f81-065b-5879-952b-7b9faa83281e,a4d05b647b00808c7e21a34ebe91ac8576d5dd24cbf6cd8ca36d384ddf4bfa80,EQ,HEG,2025-08-12,Dividend - Rs 1.80 Per Share,,RECOVERED,0.995660749506903353057199211045
5,2025-08-13,25e4e91461ce39511ed9f9b40320011ae00cbb29cc692fa98b18d6996e773ad0,586.20,662f6189-dc59-5641-9556-7dbd1fe33f9d,b95e71106f02da52aab729d4662b9ca7fb862e589b98a6b93281dbc0770b0fe4,EQ,SUNTV,3885f7f2-30d8-516f-9e99-b7cd61d3f8dc,9d0eac63-107f-5d4b-abf7-c6c8885bb10a,,BLOCKED,576.90,00b741dd-38db-58e0-9438-40953ffdac86,8577d833f8118172e2995350deb66dbc8a0d4e8c2bf5a86bb79c96300c162c05,EQ,SUNTV,2025-08-12,Interim Dividend - Rs 5 Per Sh,,RECOVERED,1.02478765817299358641012307159
3,2025-08-13,40b74c360504cbf533453f8cba2d792e500857e3af7e4bd8eda5238cf5a8bfcc,467.25,6be7ff00-2774-5e33-ae89-0a002707e8be,8a76e20cda031458e47acaa810359664eb4f895ea427d666a54d984ce6ddcb63,BE,PRECOT,7fa2814b-be52-5d6b-bb9f-81936129b039,e076845e-a772-51d0-bb0b-be6560603376,BLOCKED,READY,494.80,9ea3813f-b8d6-5a1b-ac3f-b13ba506e811,5b250c8fd5f479ced2e29aea654b8e8eb3d60e1e0d1190d99e89e21c1610551e,BE,PRECOT,2025-08-12,Dividend - Rs 3 Per Share,,RECOVERED,0.950383993532740501212611156023
1,2025-08-14,f38259187a1223684ca7acde259d6ce18999801247d84c1cd9b977c1328ebeea,75.52,58468963-bc2b-509f-a706-1190f77a0435,14c02e14b528d9a86b3ddefd0bad1a3d7a7d512e6763a6d0efb78a35a7e36f95,EQ,MUNJALAU,e30bf51c-256c-5ba8-bebf-766025670316,0063d98b-ceb1-50a2-b7d2-bdd19fe2f6e6,,BLOCKED,75.63,6e975961-1ae2-52d4-b287-53d82c155738,68e4c641b496cdaadc2b0dd084b0b25c63b779439f0920b8d8f7ac385eed1dd1,EQ,MUNJALAU,2025-08-13,Dividend - Re 1 Per Sh,,RECOVERED,1.01176781700383445722596853101
2,2025-08-14,675aedde3d0d509ccf004118719f04fe07cece04bd0f2d6b7d16fff6e74e4dfc,171.32,9948f23e-d011-52ff-80ab-51cc8a62a5da,0417658a315249c3165a276c43944836e8188e66cf763cbb49bb101ac5da5ea1,BE,NATHBIOGEN,cf511d91-f3a6-59ae-9896-f5c9ebbb7e18,86fa8991-1029-5e0c-898e-934c54213dbc,BLOCKED,READY,174.92,c8c69893-02ee-509e-954d-71d20591bf36,a26fbf4653806dadf1302c364931062682c5815b26aa7ecf76a278a118490e77,BE,NATHBIOGEN,2025-08-13,Dividend - Rs 2 Per Share,,RECOVERED,0.990852961353761719643265492797
10,2025-08-14,b2c6add075f52f29faede67fc73b241ee889c9f1de05382944809d16f1f284f2,674.45,99448a2b-1bd0-56cd-a84a-be44d34b903d,edae032b09dec7f724a8f8f6f5e9ff5e7dd4b2f30f4d8b126dde1cf8066054cd,EQ,MAHSEAMLES,755b43c1-13e7-5578-8e95-045dff7ae08e,909f7beb-f46e-5d2a-9ec8-b2e71690ff63,,BLOCKED,685.15,2886f567-71b8-5114-a641-f32550030579,afd949e7b2ee793a739b5e52cd337a8cf93776000e0dfe103410900e0d9a30e8,EQ,MAHSEAMLES,2025-08-13,Dividend - Rs 10 Per Sh,,RECOVERED,0.998978325914033423337955192294
,2025-08-14,,,,,,,,eb309c2d-6af8-5bfb-b2c7-45dd9ea61590,,BLOCKED,,,,,,2025-08-13,Distribution - Rs 1.19 Per Unit Consists Of Interest Amount - Re 0.42 Per Unit/ Dividend - Re 0.76 Per Unit/Other Income - Re 0.01 Per Unit,MULTI_COMPONENT_DIVIDEND_REQUIRES_SEPARATE_POLICY,BLOCKED,
,2025-08-19,,,,,,,,41a76d10-3d5e-5577-b7d6-edcb9a39d855,,BLOCKED,,,,,,2025-08-18,Distribution - Rs 2.516 Per Unit Consists Of Interest- Rs 1.29510 Per Unit/Dividend - Re 0.71170 Per Unit/Return Of Capital Re 0.50920 Per Unit,MULTI_COMPONENT_DIVIDEND_REQUIRES_SEPARATE_POLICY,BLOCKED,
,2025-08-19,,,,,,,,7738a827-963b-5273-9218-3f80eaf6ee25,,BLOCKED,,,,,,2025-08-18,Distribution - Rs 2.3711 Per Unit Consistingrs 1.1113 Per Unit - Interest/ Rs 1.1182 Per Unit - Return Of Capital/Dividend - Re 0.1374 Per Unit/ Re 0.0042 Per Unit - Other Income,MULTI_COMPONENT_DIVIDEND_REQUIRES_SEPARATE_POLICY,BLOCKED,
1,2025-08-20,4a09e57a6882d6fe2c2635095443761ed35e7d4f2e107b02357299b54e2c774e,374.85,5b29745e-b07e-554a-8577-e6f2131832f9,d2eb1dbe9fce296e295c09b70bb736c03ed0b1d981da2a468aaea0761ac6310f,EQ,SENCO,1d04519a-40bc-5cd8-892f-6b24e4ff3ff4,530019c1-d7f7-5b41-8af2-862759dab203,,BLOCKED,375.90,c6e06c2c-6cde-5ad4-a03e-14ac01093ec1,4c6f13cb5da921dde69526a134c6cd885a6c8bed431e8875aa04fba8a477e5f7,EQ,SENCO,2025-08-19,Dividend - Re 1 Per Sh,,RECOVERED,0.999866985900505453578079276403
0.80,2025-08-21,a3968db50989e88d7f881a786779e6900621c2ca66c409e3b7bee3f0e606f7f1,165.95,ad7575eb-9756-5cd5-a6b2-063cc869cd14,52d4300f95f75b29fdc7ed32c86f843a29073cea8b5b76fab80c0aafb4857a87,BE,BSL,1009822b-1e28-5d30-a774-5cd56103537a,610e91f3-5773-5a46-ad1c-9f7f465c5d39,BLOCKED,READY,158.85,1d0ac546-8e55-512f-94c7-1ada9efe45fe,93ba2f3c0e335c4d879b0e34f3d1f6337d0ddfe9651ac6c333c2b887c5b4278b,BE,BSL,2025-08-20,Dividend - Re 0.80  Per Share,,RECOVERED,1.04973245199874095058231035568
0.50,2025-08-22,73246424bd0c6186c2f61a9e9f6eba60efa3567a11de7c8fca590ccd0a514f14,89.27,6ffa7356-a933-5499-9769-f25cbc06c9ae,c9f61e4f70de612713ac644913a32fe07efa143b5a1502534cb1640aec2c8db1,BE,NDLVENTURE,bf8322be-336a-5fa5-af81-3c83a71ca8c3,0d913abe-fe22-5d00-a890-9eb8165df75d,BLOCKED,READY,89.24,7676b7e8-612a-5d66-84f6-88d65f6c15a2,68c1de2f7cb63614ba947fbc6f92a8ea49610299c6e521866dbff4e13670db46,BE,NDLVENTURE,2025-08-21,Dividend - Re 0.50 Per Share,,RECOVERED,1.00593904078888390856118332586
2.50,2025-08-22,366b20b4fb230bac756134b7a9439a6e4ed22c58e7deaefe2642ef6c5d4dd49d,156.02,e62988b0-9976-5446-838c-f45816251645,3a38c5287349cdb6f1e490c2b6abb9af76fc309bd27519008190cbae98de7933,BE,OMAXAUTO,2d9fb9c4-920a-5c7d-9d99-4f607f5bb283,eeca13fe-0a43-57e6-96e0-10851457ce1d,BLOCKED,READY,158.08,6759309e-b8df-5882-a6bd-d1bd8ac71779,1428c8b4c26623bec582dae56bf12ba6bdf50a995762c35ac6d58018b2852cc5,BE,OMAXAUTO,2025-08-21,Dividend - Rs 2.50 Per Share,,RECOVERED,1.00278340080971659919028340081
3,2025-08-25,0583b3abccfbf2e4ef25bbeffdbfe7e59a45effde0361f8ea25640cdfdc88c7f,198.17,6e93c059-7fb9-5ec6-bd54-d9dcbdb35fc4,925a2d413ce432b20f0aa2afdc9a1fbed9c3b84d911cd9764908921e109caf5e,EQ,RUPA,7ecbc9ee-7121-5b2a-b743-05f1ef19ce71,48bd1485-b3f1-5400-ac7e-e6e04e93fcc5,,BLOCKED,198.86,ca82230b-adb2-5e17-9654-3c3a7f396a6c,9d87fd1f38ab5e6c550db03a63038d9a215bf3194582952494410b469e794a49,EQ,RUPA,2025-08-22,Dividend - Rs 3 Per Sh,,RECOVERED,1.01161621241074122498239967817
1.50,2025-08-26,ec1bd91bf5559b5731f31a2c4a6498f14a970feab299dc0ddacb0ece207b51f2,363.40,8dc4b076-3a85-56a7-a18f-859c637ee819,b74d3fed32d0ccacd135fd60d589153abbac9c6e7909477beb5a193b04518c8c,BE,SKMEGGPROD,9679eaa7-317d-554b-879e-fec9f7135c50,65d45c62-db5b-5ef4-a18f-c01d93ebd6ba,BLOCKED,READY,349.75,e646c6da-f278-5edd-b953-dd36c19ad102,3da29bee3486b97743871e8f09f95abe0e23d4f3214feec0096f1c4d73de0965,BE,SKMEGGPROD,2025-08-25,Dividend - Rs 1.50 Per Share,,RECOVERED,1.04331665475339528234453180843
0.70,2025-08-26,b9293b3c8ee094b7cbf8abb093cb50cd74c6063f6c594eb225aead7105b77777,84.35,3137a73e-25c6-5216-8645-858c41e052fc,42d4dd814a7a054b09ea00d223771fcfa88c8ec3372d2ba329b7b82cedf01c24,BE,JAYBARMARU,3fa606e4-4087-5bf9-85ff-378966e993fc,9ea77565-8aff-5475-aa7e-ba290dd8a4f0,BLOCKED,READY,84.25,b59b8af5-4f1b-54e3-b07c-1335136e5925,d99caebd08b08b340fc85e6ab1765f03f52ac2e4787f2c868a56a0c3592e6b46,BE,JAYBARMARU,2025-08-25,Dividend - Rs 0.70 Per Share,,RECOVERED,1.00949554896142433234421364985
1,2025-08-29,6f758cf0d05a4b112682085c06634b39df290c020048a088c64c1441bf473c2e,452.00,089af61a-5d88-5687-8f4e-b2f3ae95b24f,53c54c0f184b0c0c1f2bce4587866d41e7cf65ec1c97fa14dab3889a100ec8e1,BE,BBOX,053f16fb-939d-55b8-b7dc-86026695f088,7fb920e5-3a68-5982-bfbc-4980faaee4b3,BLOCKED,READY,455.55,5256a3cb-a8fe-5427-83a2-b1a5e5a91cb9,2f89362a56c424b6330e4c3de0b4891377736b98067fd9d5dd3063755568107d,BE,BBOX,2025-08-28,Dividend - Re 1 Per Share,,RECOVERED,0.994402370760619031939413895291
5,2025-08-29,05dbca2f1d7f67780b4641e4f512a95b079be3ee762824ff8f503de9ea9099bb,859.00,db183a5e-d57c-5771-bcd7-5308cba5647e,362a0631ecab6f295e8ac40935c9c246a638fbdb63de2600263fc652d57951eb,EQ,GANESHHOUC,f9587cf3-31b1-59e6-a69b-03d3f86c86f5,d1be1168-2fee-5c4c-94ee-a1f400ddb07d,BLOCKED,READY,864.60,373fc862-e719-57ae-85d9-df1affc44d98,f2ad7d30064197842eceb91c3927a77b01c119c4610be811fdd1e0f263ba343e,EQ,GANESHHOUC,2025-08-28,Dividend - Rs 5 Per Share,,RECOVERED,0.999306037473976405274115197779
1.50,2025-09-04,86bbcb12e68c39892a407b10784d0f9f92d4c419e2e109f62771832a58213e93,288.30,cdaeacd0-6234-5306-9696-4f277e967503,f56e3f3f723c0f4f682f52c82157ea8a7b33a6367d414ce9f7a81151ad1ca598,BE,NAHARCAP,e841b220-253e-56a5-93ce-df8c33080a00,ca52451c-453b-53d6-98c6-114c87dca295,BLOCKED,READY,289.40,da764a78-ce4e-53e7-a128-458fb8174e04,28cb6e5c10e480fa6597c7bf81a8d9f9a79e942e9eb272d12c27d8ec10cc1271,BE,NAHARCAP,2025-09-03,Dividend - Rs 1.50 Per Share,,RECOVERED,1.00138217000691085003455425017
5.82,2025-09-04,fc3846bd1903c524dbb8fa31485522b82a4074b8b88d78e485e531f21f0bc0a3,442.55,eb815dcb-32c5-5a33-974e-420bb11e5655,ba963a6051c7a103a5fd1752a3482cc5cff9b9be3d341aa7d7fe4c3562c6d471,EQ,GUJGASLTD,af65f053-1d7b-5844-b99c-894f39441856,e24d29ad-a2cf-57d7-a5b8-c4a65e635e7e,BLOCKED,READY,442.35,06062edf-00ab-57b4-873e-68b44c209872,3181121f1d6a39c416d60586387d59acb8d6956cd80f9d76d4ad988d72b1b997,EQ,GUJGASLTD,2025-09-03,Dividend - Rs 5.82 Per Share,,RECOVERED,1.01360913303944840058776986549
1,2025-09-08,f75e52a8dfbabde250cb6e634086f0b65ef8349327f25c4e1094d03bde95c729,176.50,c4f5f9fa-2468-59ff-a78d-0b675d568976,e117befaa86a1f53025eed3a690e2e0d81560c5b8aa553d7a5e9ddcb32cfec6a,BE,BLSE,38ca8c3c-d017-541b-82a0-77e225c8f6c4,0712d4b6-43aa-5469-9b4a-93113412c8ef,BLOCKED,READY,177.78,b1e7b6d0-cdba-5143-b265-fc6a581c0f37,49a39ea5a7a02ff4309eb1308e5872716bac37ebd4a15deadfeddfbb161c0c14,BE,BLSE,2025-09-05,Dividend - Re 1 Per Share,,RECOVERED,0.998425019687253909326133423332
1.20,2025-09-08,a9120f14afe1041f77b337097b9a51a858229324152737d414a2234ce7d12bdf,101.98,ea46b0da-cb62-5a18-8405-454450e06fb0,b3b62ea7a2e528d46457738bf41ec983398721e7d4f1736c2944875f3ae93b41,BE,TNPETRO,fdf51162-dcd4-59b4-a6be-7fd8e3503309,9848bb14-4e7c-57d9-b5ab-9cfe508a8801,BLOCKED,READY,103.04,3724513e-3226-59f4-8da0-31601fd5e1e5,3d60c5ade7ecdd85230f30c667ba6369b7eb1619dfd58c92ebd1b55cef9dfad0,BE,TNPETRO,2025-09-05,Dividend - Rs 1.20 Per Share,,RECOVERED,1.00135869565217391304347826087
0.50,2025-09-08,,,,,,,,adedd95a-d684-591b-971d-cbc8c13d8bf0,,BLOCKED,,,,,,2025-09-05,Dividend - Re 0.50 Per Share,IDENTITY_ABSENT_PREVIOUS_AND_EX_DATE,BLOCKED,
0.75,2025-09-12,efabaa4b6cd5e2ec377bef319dbf38dfb2b1e5d3dc16bb231317d09da45cbb15,392.40,3d8d11d6-7b6f-5fe1-8cbb-9296d6d3ba29,49bcde3e3f5d3c2f65d5a9d36ea4e320c2c07c5d8af210b1ab2ea3eef62cf794,BE,ZODIAC,086ef422-cd53-55c0-8695-c7e5b77f00d9,6d35e198-7a37-53c3-8a86-10f53a37adda,BLOCKED,READY,398.35,89f2fcdd-dbd3-518d-adc9-e6c1c7b56c75,fffd238dbf8f9d5e70f3b962832e58269ce9068cda7062762e834652051c1600,BE,ZODIAC,2025-09-11,Dividend - Rs 0.75 Per Share,,RECOVERED,0.986946152880632609514246265847
2,2025-09-12,2a053dadac1023a27545624b0fdba4e7982f49e0751d5a49b5295cfa01535a5d,403.15,4be0fd36-50fa-5583-be1f-c4799196a349,d4e3b9425606a38e29c2a518b87e518fba9591b87784a1c754daf8249a8bf8b7,EQ,SANGAMIND,f4470c51-d5a7-5a34-97d1-46fa60d36590,9737e851-b807-5224-8b84-852134fd7407,,BLOCKED,401.65,3695e194-dca7-5e6d-96a8-0c46ad0a36ba,1e5cf3308a41f1775baf221a517bfc5bd8c21378eb45d12f6e7f81f82a1d9e93,EQ,SANGAMIND,2025-09-11,Dividend - Rs 2 Per Sh,,RECOVERED,1.00871405452508402838292045313
1,2025-09-12,61c5f5b9eeaf685cb78c17a82f1ef9d59cf00e1c7d23d4d9908dbe3bfb9fd03e,757.60,8460b916-8018-52d3-9c19-da528b5f4447,e21d56c6cb129ceaa1875d7186fdb7c4ce9d083a65a0c7da337f803b4f2474fe,BE,PKTEA,3b5b753f-292a-5933-95cf-ceeef8a77d91,a4a263f0-4e57-5480-a686-d6baf2383151,BLOCKED,READY,745.05,d7396c89-1536-54af-9e3a-9afe6d92d9be,da43ea08dc352dba3f1e7e6ba8d986be00c06d808902f41d80aee214f10f0f80,BE,PKTEA,2025-09-11,Dividend - Re 1 Per Share,,RECOVERED,1.01818669887926984766123078988
0.04,2025-09-12,1427a6ab90133f2317a6007cab6dd3773481589aba1f1f07f14462da27713897,119.90,5aa5f582-2015-5c3d-a209-20c69a734f24,f4ce06531a7d5a9e92e7054b02ab758cc30e09b78212cbc6e3ca38d5f16bb2fa,BE,RELIABLE,9a6d6401-7bb8-563d-a512-572e88d63c6f,eaf60461-d982-5f25-8723-e4d2d4542149,BLOCKED,READY,122.35,8504a108-6024-5cdc-b42a-fd4178b7bde3,ab64c14f5cb94579dd3b146a60b031b445a5ad7608f78a11e863daaa9fdfabef,BE,RELIABLE,2025-09-11,Dividend - Re 0.04 Per Share,,RECOVERED,0.980302411115651818553330608909
0.30,2025-09-15,c5466dc61205e1b86d2b294a3d28d9131c8fb3f6704cf4cb10d9c0965ba21b48,91.90,50a505a8-6129-5838-babd-aa569f26028b,78848ca4279fe1a05453a81049ffa07ba7e150f4d77a470f9061233340d32189,BE,FOODSIN,8f56e14a-0f77-5aa5-a1d4-102cfc854d46,2cc09c86-1802-5e21-87d2-4c0d0da4c896,BLOCKED,READY,93.26,f661eb79-765b-5bd9-b52d-710365ba1272,815281835b18441c26e6d512bfd4f7dbd60602aa12300e8e21b5915c7c9bced2,BE,FOODSIN,2025-09-12,Dividend - Re 0.30 Per Share,,RECOVERED,0.988633926656658803345485738795
1.50,2025-09-16,26397258e3e9b23261015f816bfa78fcaa5c99001f5054d193473071c1830508,129.93,c9922e7f-4765-5491-8c0c-6a13a53e6221,eee522115857938fa53097d01f2da52512659b17ddb554536e800c0e84eecd92,BE,LINC,0d3a266a-90c6-5905-8665-1a40ccd6af1a,02a0de7f-130a-5adf-91b2-a96dae7d344e,BLOCKED,READY,130.00,e32665ac-a8e4-5f8e-8717-416b4c217dd6,787416194d2e9040a9d50f053808f55e0159e9255c0457f313853bb3968109e4,BE,LINC,2025-09-15,Dividend - Rs 1.50 Per Share,,RECOVERED,1.011
1,2025-09-16,64f773501d06121fcc1cdcc0ab1d8fb6c5c2ab1138c6688b3a82fb1b3f54e3bd,156.18,bd020a39-1260-5cdd-851c-9dfe82a4c0f0,0e987093663113e47f70fc190ee6ecec346ff18d3f2d722c70dcd0cb7f8d1366,EQ,WORTH,8888bb8e-3c0f-5567-8ba0-dfdb858a6189,912cc623-34b0-51fc-8267-a6cf433b6b5b,BLOCKED,READY,156.72,ee30b537-f5e2-50af-b517-417f91fc3c8a,f5e2a903fdb49fc6b2e3e9ab0d57c5e8758a8391eb16f80572122456ac04a452,EQ,WORTH,2025-09-15,Dividend - Re 1 Per Share,,RECOVERED,1.00293517100561510974987238387
0.05,2025-09-17,c8cfa17c256c01b30dbc92f4a2dcbf622c45ce00955b05785d54617acdb37d12,11.23,a88d2471-c447-5a57-8ce8-da6aa2160fee,3ba471677d4f98a07de36b17af4fcd2e1ab6781065ece5dd31d7e17e732eb3f5,BE,TTL,b8cd64d4-5aac-5376-ba3d-ec33e8b009bb,2d9e203a-62b3-5fd1-a278-36d9fdcd745e,BLOCKED,READY,10.86,d124d56e-3200-5f10-a232-b08af6e7cc20,7b743efbdc8c225765f5ad61ef174ef36e63c24248db3dbc783758fda18828bb,BE,TTL,2025-09-16,Dividend - Re 0.05 Per Share,,RECOVERED,1.0386740331491712707182320442
2,2025-09-17,00015b66d6d54a08d30b8ef0c0228ea2c09f8419c7d1b36936e9b23cea0ce0db,391.75,fb63e5fa-c15a-5649-a8f2-3457c2aceb94,c4d77870f891590fbfeffe34298aa2c9ce33abd8a6d5c4cb43035ee1260689e6,BE,NRAIL,9bc5c1c5-2df8-5ac8-b5d4-1c90992d30db,fc41602a-b071-5e4b-bded-d016a1edd2ee,BLOCKED,READY,396.40,16734110-b48b-5b39-b5e1-9747cf795f07,b06eab469497acc522cb63dbd75cc3051d1ae7e2fede47d67d3023a698d3c16f,BE,NRAIL,2025-09-16,Dividend - Rs 2 Per Share,,RECOVERED,0.993314833501513622603430877901
0.24,2025-09-18,357d8b0c1273ca90370bc846d83bcd8201a0d4c091a76da2dafeeb9a9bf457e2,468.50,7d31e2b9-aebe-567c-ad6d-7e9ffa38f0d8,38eeaf4516da3d2d126eb5df2e73f49b8cb798da15173f70f17fb35a8f0dd447,BE,KRISHIVAL,b22bb9c2-db36-50e1-9c66-2cd72201eb5c,3cc282ac-b081-52c5-9d1d-336a34a44c93,BLOCKED,READY,461.95,745222e3-6137-558b-9205-582d6308119b,f25f5e00c8d3601f8e538acc00c47d79ac19308b701b6b295525850a154f9907,BE,KRISHIVAL,2025-09-17,Dividend - Re 0.24 Per Share,,RECOVERED,1.01469856045026518021430890789
1,2025-09-18,49e96b732b56eafecfeb49948cab8bd0c8dc3e249fa4a8a0450029f92a61590d,237.16,10a4afd6-61a1-58e9-88d2-ba8d45c8f642,64e26ae70e1297e8be72424a76b5318a763cb4c2ba87d7dcb6d7ae003eaaac3c,BE,INDOBORAX,cce8419a-d7a4-528a-8819-1c5683dac4b6,b27a2aac-388e-5282-9c13-384c0fee7a54,BLOCKED,READY,239.65,5ef746d2-7fb3-5cba-9fa5-0ed3e49b5fb2,430e62c6414620157c490a2418e8c93928704819da16f6ca0bdd3f90653275ff,BE,INDOBORAX,2025-09-17,Dividend - Re 1 Per Share,,RECOVERED,0.993782599624452326309200918005
1.50,2025-09-18,71e19b0dc117e28c9cbf18b995dbbbdbeb677e8d315d3caa8e5184daf87af256,225.76,3e30c391-78b5-5935-8de5-19d84bd2a224,be007d3ae1495aee5899c9358f56d0b3778eae42843543346d5d46339925d176,BE,PPAP,2022e3f0-74cd-52eb-be95-eb2bd77930bd,cb0d92c1-a783-5285-a7c6-37434c915f3e,BLOCKED,READY,222.84,58cc3c17-8509-5f36-902d-9e9fa3d8fa5f,d2b7c0c632de522cf5d05d8f6bed708d45479f9c2215e439127a94c6f1f3e497,BE,PPAP,2025-09-17,Dividend - Rs 1.50 Per Share,,RECOVERED,1.01983485909172500448752468139
1,2025-09-19,7af3bbc3734bb43dfebbe83e4848a4bda94d8bc74576e0033a9f3bbf5dea066d,472.75,686b9d93-9665-52d7-bbb3-ce247ed9a192,7a8cef8d494c540db7231896114d7ce8f1a68c90f99bf4a450ea889dddba419a,EQ,LTFOODS,25b2b485-3bf8-5e56-a43a-4e28030947e2,262371fb-4125-5ad9-a980-579a17c26b59,,BLOCKED,464.20,27188c29-8e72-5529-ae78-9456e950a6c0,dde05d0c128aed29e276b8baa42cf9c894503cbf59bc0eb9b67ccc12d7033e6d,EQ,LTFOODS,2025-09-18,Dividend - Re 1 Per Sh,,RECOVERED,1.02057302886686772942697113313
5,2025-09-19,4b946d391d61d571fc90a8eb742929d68b95f233870975f83a8c74f9421b7a49,739.25,97083ff8-9dbb-5c29-82a0-a03ad9a0ca6b,3ab21b3c85088879da475935b8c9e2a6f090b1eea88be3f6602c86825011fb19,BE,HITECHGEAR,f7261c7f-30b9-5cac-a3d6-2dfe7c417508,3b309178-2dec-5990-b117-f6dbd2e32770,BLOCKED,READY,724.10,1940b2ad-9671-5fd1-9583-cfc105fa33b0,ff9232e7b94a48cae3658c8f0404e6346434b4f1b4474ec3adb046bed98ea216,BE,HITECHGEAR,2025-09-18,Dividend - Rs 5 Per Share,,RECOVERED,1.02782764811490125673249551167
15.80,2025-09-19,ffb9abb80d5cee0ae40061e85a0a5ba2f189c288d7798a12c842ab651ea263ab,594.50,a0cab225-609f-55f3-af0c-94f886e670d6,5d2c854769bec40816a7199376537f1fe60da57fdfad638657766d3c98daa8a6,EQ,GUJALKALI,0dc76183-fd85-5b26-b257-19840915d981,93cd667d-cbbf-5f3c-8e9b-708c9fc28850,,BLOCKED,614.95,0a0f42ee-a5ce-5013-ad66-fc3b4014f1b5,20a83588339b9caba26f64771ff9afecfb9c2b1ef1cfd7c60d4c9bed9e725a14,EQ,GUJALKALI,2025-09-18,Dividend - Rs 15.80 Per Sh,,RECOVERED,0.992438409626798926742011545654
0.20,2025-09-19,9087715a01c0b9e5c3e58fa930310a70d61dd145fc72dbff4cd30709734c1bc5,160.46,8d85c33b-ab62-547c-bee4-4018299df616,20428bc76e15a626c42f002b060616eb16870574a0a5b3987c726144cba72253,BE,PIGL,80fc7fdc-13f3-5746-a900-c38cdea15973,ba1c711c-257e-5d43-ace8-2dab9a66322c,BLOCKED,READY,164.76,45172874-0035-551a-9091-a49330dd0bf4,9aadd1209af9487ac7c377d6a0088c202c6441d81840c23dbcdec91e49e8d60b,BE,PIGL,2025-09-18,Dividend - Re 0.20 Per Share,,RECOVERED,0.9751153192522456907016266084
0.05,2025-09-19,96f483a5a3a0e6f6813b8197b7988d7d921b66b272c372d0a1d2bcfeeab66965,74.64,d840f7d3-642a-5f76-8f37-1018171423dc,ab8788f535b43141055c888aecbb193d94ea61da6a297b80559b7492a362d495,BE,SRD,4aeae4e6-38ca-5139-99f9-dfeaf6557c75,ed7f298f-db98-5278-920a-aaea285613f6,BLOCKED,READY,71.90,f56a8fb9-0241-51da-bcee-5e270b750ddf,766b84e28ab75b5be7fe3ebb2cb53f4ce678386230d3ff2663906853527b6a13,BE,SRD,2025-09-18,Dividend - Rs 0.05 Per Share,,RECOVERED,1.03880389429763560500695410292
1,2025-09-19,9956b5a20fbcddc5579d51461d0aba440b92dfb5d322aeb10224b4026c4f8080,447.60,63a3f6b4-c612-52de-9905-f247fd1ebd6f,85cea9a0709c89aaaae03e070139e77cbd698be992ec8be7a458426c6c3c8e12,BE,TERASOFT,2aef9cdf-81a4-50d6-b4a1-d98a7ff055dd,f2355d5c-6867-5ba7-bfa7-1c2ea59557ee,BLOCKED,READY,427.30,b9ef759b-f475-5685-ad1d-4886a7f34a13,6f1b5662563f9b7a5bf860f00021190c81ac30726802193eb67c7943003a52a7,BE,TERASOFT,2025-09-18,Dividend - Re 1 Per Share,,RECOVERED,1.04984788205008190966534051018
0.10,2025-09-22,81bdf4ca92d24c392fb4a871c5a9a18d3f4a06d83994901201c1d28adb6f6b6d,10.08,6983c2a0-a558-5a82-bf07-a2d412fa8b05,97c291b2dda3fb1b90d1bf46ed1e5f464d6bfb053636ba884d8dfd010bed6059,BE,SADHNANIQ,51b8c135-5032-59c0-a5ca-16a38cd8089f,b28b8e1d-4781-5f40-b175-50569501d6cf,BLOCKED,READY,9.99,bc406293-da87-56fd-a976-eaf68a0d50a5,c9aa140e05e74bc7da97a7759d134edf898f4ec38ce02f06dcd7bab2a3425f26,BE,SADHNANIQ,2025-09-19,Dividend - Re 0.10 Per Share,,RECOVERED,1.01901901901901901901901901902
0.005,2025-09-22,,,,,,,,f297f744-bdbd-583c-8eeb-dca26f978592,,BLOCKED,,,,,,2025-09-19,Dividend - Rs 0.005 Per Share,IDENTITY_ABSENT_PREVIOUS_AND_EX_DATE,BLOCKED,
0.50,2025-09-23,abd64ba68faa8d5ab7c18d445fe48dd98fef44d36b03163c042f3db9ccb902e6,691.00,23afe46d-4e4b-590e-a799-42c81d5f5e9b,799f522823ea696446c93f622d6e0d309e76865bd9f7d27cd1b727a971c03cbf,EQ,CREATIVE,29c76d49-4688-5659-878a-e0d40574eb47,0cb1ec0e-004a-5b43-ae86-b989b7aaa267,BLOCKED,READY,665.85,21326a4e-7147-5e3c-bc76-13f5c40806fe,3abc2c798fa5ae2156d1f3c4460490677c27775311d37ab1aea51b4b28b18c2b,EQ,CREATIVE,2025-09-22,Dividend - Re 0.50 Per Share,,RECOVERED,1.03852218968236089209281369678
2,2025-09-23,6a7ae9eab0de996cf6bd870ac6c9b2f00cc424c3a1411fa88a692a663e7bf9f7,505.45,859c1195-614b-5fbe-bdd6-e9735572d72b,ae8d362b8508bc9226ead332e21214efb57e5cb83edb4d1ac0b6950eda110178,BE,GUJAPOLLO,8c3bedf7-5626-5033-b38a-24fc14a4b1ff,34e2ffe9-a451-5b78-a389-de057456eed3,BLOCKED,READY,498.25,2e72497a-8cb1-5544-a141-d550919df340,b65c95fc31c78c987c49d9ee706cf0f6e4063556218b7bc98977967b4be7faa4,BE,GUJAPOLLO,2025-09-22,Dividend - Rs 2 Per Share,,RECOVERED,1.01846462619167084796788760662
1,2025-09-23,fdc982f8f9e38aa40f27269887d9934ec705108c8da7bb99db48ee8b53ce930c,45.21,3a4aef77-e323-597e-aa5c-b3df6156b506,eca363a92698aea158337ce9ea2f2bd19c0e4271ecabbc22b1b64b4dce318ed9,BE,AGROPHOS,f5a6dde0-33a1-5441-8340-b3d87efb6ba4,a909c651-c430-5b91-8dd0-b2ad407847f8,BLOCKED,READY,44.06,422cd444-f64c-5fa2-b6f6-3a03e49e8556,0904284e5497c1d24f91f5d48039a951d10c7877d592ec949d4b5bfbb6a206e8,BE,AGROPHOS,2025-09-22,Dividend - Re 1 Per Share,,RECOVERED,1.04879709487063095778483885611
0.005,2025-09-23,7a16070c5080a9b8b2c0baadc5c410661c231730ae88c3e498ac395b3580162e,2.69,70cf24db-5a03-5e5c-b81a-93b6891fb300,8820af093426bf2b4af61efce1315a89cb1b5038555fd99bb3e4195b75542c5c,BE,NAVKARURB,2f889af3-d4af-5950-9520-2380bac72cee,d2818e63-bf21-51ac-9ab0-60fa1cf3b481,BLOCKED,READY,2.76,00373352-e52d-5a9a-81d7-a2fa773c3d3d,debb712bfc17b5493067dbeb017170b3ce2bda8fd297f93e36c3f2c8e723233b,BE,NAVKARURB,2025-09-22,Dividend - Re 0.005 Per Share,,RECOVERED,0.976449275362318840579710144928
1.50,2025-09-24,dce1672b756054f51cbe0a8a1f6700fd237ff7c491317da4d36bac1ea6bb4112,1214.90,13098807-ec59-559b-85e2-02e972298840,1233e6ead939edfd390481d83be2feb0cc7b8a6df25291b1361158d74e8cf6ae,EQ,SMSLIFE,9d79fd3f-6df3-555f-a6e6-578ec91891e2,c4a18e13-d4c4-5d18-9411-9891cb7d468a,BLOCKED,READY,1198.40,fb851db0-12cf-5759-9b02-71a796bbf8cc,955124bf2de65fb21d5573f6ae667adb5b8df2523aa47a667489b77a4f14b6b4,EQ,SMSLIFE,2025-09-23,Dividend - Rs 1.50 Per Share,,RECOVERED,1.01502002670226969292389853138
0.80,2025-10-03,,,,,,,,65ecfe5f-d4b7-5677-8a6d-e01f2ced83fb,,BLOCKED,,,,,,2025-10-01,Interim Dividend - Re 0.80 Per Share,IDENTITY_ABSENT_PREVIOUS_AND_EX_DATE,BLOCKED,
22,2025-10-24,1d01ce6707a6ebb0589f48b056f37949491a8a355c237a9aa9ea900b83b5962b,5546.00,d9f372ae-ff54-5080-83df-f0ab0c0b68bc,df32584bc60ee8edb0c8315133f32a74373a729ff902e0ae55c4dd9f483950d9,EQ,LTIM,da59889b-2853-5a54-b8d4-387a70bbf24b,674580a8-bb48-52a6-b95f-37ae1aca9de7,BLOCKED,READY,5617.00,b8ac903f-2fa6-537e-a885-d81e6476df5b,8942cbea5e2df0c2dcedad04751aa16eae4da8da8fa56b8608e6cdc305fe26a7,EQ,LTIM,2025-10-23,Interim Dividend - Rs 22 Per Share,,RECOVERED,0.991276482107886772298379918106
0.80,2025-10-31,7c7f6578d3c45c6441daeb065df35043e246597fad59e8c4605a3c2dcd5877df,953.65,d8a273fa-e12e-5b93-81d3-f0f45f8106cb,0f4b6333f0ff7f01a132158cc4e00e6f1d777b3712b73359fa7094360f465e79,EQ,LAURUSLABS,c8837f20-0bd2-5a8e-8423-657f745925aa,0a692baf-9312-518d-9606-895da974d0d1,,BLOCKED,970.35,3a0adcde-250e-5886-acc8-bab4686b07ff,8431ffd24b3f7edbaa06be8662497a114823a656bf5a8f2fa63ffb942fb07a0e,EQ,LAURUSLABS,2025-10-30,Interim Dividend - Re 0.80 Per Sh,,RECOVERED,0.983614159839233266347194311331
,2025-11-04,,,,,,,,77711fb1-c5b2-55ad-8e50-0e7b51c4f6bb,,BLOCKED,,,,,,2025-11-03,Distribution - Rs 3.7248 Per Unit Consisting Of Dividend Rs 2.4095 Per Unit /Interest Rs 0.7542 Per Unit / Return Of Capital Rs 0.5611 Per Unit,MULTI_COMPONENT_DIVIDEND_REQUIRES_SEPARATE_POLICY,BLOCKED,
,2025-11-04,,,,,,,,a4a41f1d-f248-5ce3-b8fa-91d10cd1e441,,BLOCKED,,,,,,2025-11-03,Distribution - Rs 3.60 Per Unit Consisting Of Interest Rs 2.72 Per Unit/ Treasury Income Re 0.02 Per Unit/Dividend Re 0.54 Per Unit/ Return Of Capital Re 0.32 Per Unit,MULTI_COMPONENT_DIVIDEND_REQUIRES_SEPARATE_POLICY,BLOCKED,
0.40,2025-11-06,9a3c1d9c70fcaaac8d3336f1608070fc3359e2efae6636333a26e2feeaa4bd7b,180.08,ec2fd22f-ec2a-5981-8093-816ab19944a8,6f72fe5129e96a06d99112d97389b233cce09b5c6cb6c964ed9831ae46b7e4b7,EQ,SHAREINDIA,85dbf240-9533-5d6d-bf14-d67a51a8dc70,1261a888-82bd-5908-876d-accbab62cf20,,BLOCKED,185.62,075eb7ef-ee83-52b8-9449-936cd85c7e2c,971c565f69bb3f5c4f3d11692bc50939c9fbc8d8e265a13737cd0aae31522a45,EQ,SHAREINDIA,2025-11-04,Interim Dividend - Re 0.40  Per Sh,,RECOVERED,0.972309018424738713500700355565
,2025-11-07,,,,,,,,098dd3f1-ec2e-5eed-a3bd-965eee57296e,,BLOCKED,,,,,,2025-11-06,Distribution - Rs 5.83 Per Unit Consisting Of Dividend - Rs 3.02 Per Unit/ Interest - Re 0.03 Per Unit/ Repayment Of Spv Debt - Rs 2.77 Per Unit /Other Income - Re 0.01 Per Unit,MULTI_COMPONENT_DIVIDEND_REQUIRES_SEPARATE_POLICY,BLOCKED,
,2025-11-07,,,,,,,,47fd2835-077a-5bde-b94d-3aa662448a29,,BLOCKED,,,,,,2025-11-06,Distribution - Rs 5.25 Per Unit Consisting Of Interest - Rs 1.85 Per Unit/ Repayment Of Shareholder Loan - Rs 2.53 Per Unit/ Dividend - Re 0.83 Per Unit/ Interest On Fixed Deposit - Re 0.04 Per Unit,MULTI_COMPONENT_DIVIDEND_REQUIRES_SEPARATE_POLICY,BLOCKED,
,2025-11-07,,,,,,,,67087e42-8c19-54d3-9801-4d576b92f303,,BLOCKED,,,,,,2025-11-06,Distribution - Rs 6.51 Per Unit Comprises Of Re 0.66 Per Unit As Interest/ Rs 1.97 Per Unit As Dividend & Rs 3.88 Per Unit As Repayment Of Spv Level Debt,MULTI_COMPONENT_DIVIDEND_REQUIRES_SEPARATE_POLICY,BLOCKED,
,2025-11-10,,,,,,,,9bee04b2-b01a-5931-9bb8-0623eab0f5d2,,BLOCKED,,,,,,2025-11-07,Distribution - Rs 3 Per Unit Consists Of Interest- Rs 1.77 Per Unit/Dividend - Re 0.66 Per Unit/Repayment Of Spv Debt- Re 0.56 Per Unit/Treasury Income Re 0.01 Per Unit,MULTI_COMPONENT_DIVIDEND_REQUIRES_SEPARATE_POLICY,BLOCKED,
,2025-11-10,,,,,,,,e541158e-a73f-541b-b514-c43d18de3ea1,,BLOCKED,,,,,,2025-11-07,Distribution - Rs 2.198 Per Unit Comprises Of Interest - Re 0.623 Per Unit / Dividend - Rs 1.233 Per Unit / Other Income - Re 0.004 Per Unit / Repayment Of Spv Level Debt - Rs 0.338 Per Unit,MULTI_COMPONENT_DIVIDEND_REQUIRES_SEPARATE_POLICY,BLOCKED,
5.75,2025-11-11,2d13d97b64dac1f40bf9d63badd2081dcb07b7340f0a166956c9a6f7af8eed7e,2785.90,88c162d7-26fa-591b-a6ed-292eba10d652,632e29fc4f05753a786466ff2b7a40b399bfab31c2ecc9b7d57b1843996b1322,EQ,GRSE,627c001c-fd6b-588a-808e-870e6448cc49,be3a8799-4e91-50f2-aa0d-c5fddfe71cef,,BLOCKED,2682.50,5bd099d2-0317-545b-991a-c39991b0dba6,ec1e61fda1a01cc51fc517575f794644ae67a5274ab3fc87a72bfa4ed23c7885,EQ,GRSE,2025-11-10,Interim Dividend - Rs 5.75 Per Sh,,RECOVERED,1.04068965517241379310344827586
,2025-11-12,,,,,,,,13683ae1-88d2-5ddf-a2d9-4a3d64cf629c,,BLOCKED,,,,,,2025-11-11,Distribution - Rs 3 Per Unit Consisting Rs 1.4566 Per Unit - Interest/Rs 1.2157 Per Unit - Return Of Capital/Re 0.3197 Per Unit - Dividend/Re 0.0080 - Other Income,MULTI_COMPONENT_DIVIDEND_REQUIRES_SEPARATE_POLICY,BLOCKED,
,2025-11-12,,,,,,,,e267ec89-e9c3-50e1-a12d-0e8323dfb9a7,,BLOCKED,,,,,,2025-11-11,Distribution - Rs 3.35 Per Unit Consisting Of Interest - Rs 2.51 Per Unit/ Dividend - Re 0.10 Per Unit/Return On Capital - Re 0.74 Per Unit,MULTI_COMPONENT_DIVIDEND_REQUIRES_SEPARATE_POLICY,BLOCKED,
,2025-11-13,,,,,,,,582cbbf1-0ed7-569f-8b2b-e910d12aa497,,BLOCKED,,,,,,2025-11-12,Distribution - Rs 1.556 Consists Of Rs 1.388 In The Form Of Dividend And Re 0.030 In The Form Of Interest And Re 0.138 In The Form Repayment Of Capital,DIVIDEND_CASH_AMOUNT_NOT_UNIQUELY_PARSEABLE,BLOCKED,
,2025-11-14,,,,,,,,39271b55-d71a-5adc-aa9e-e1fafc9351cd,,BLOCKED,,,,,,2025-11-13,Distribution - Rs 1.34 Per Unit Consist Of Re 0.71 As Interest & Re 0.62 Per Unit As Dividend & Re 0.01 Per Unit As Other Income,DIVIDEND_CASH_AMOUNT_NOT_UNIQUELY_PARSEABLE,BLOCKED,
,2025-11-14,,,,,,,,f76e909a-8727-5a4a-b561-7aebc489e947,,BLOCKED,,,,,,2025-11-13,Distribution - Rs 4 Per Unit Consist Of Rs 3.0984 Per Unit As Interest & Re 0.0907 Per Unit As Dividend & Re 0.7465 Per Unit As Capital Repayment & Re 0.0644 Per Unit As Other Income,DIVIDEND_CASH_AMOUNT_NOT_UNIQUELY_PARSEABLE,BLOCKED,
0.11,2025-11-17,7443a4beeab24734f189ae572780ca3ed96f1fc1f826f8cd99d67e37269b639a,57.99,a894a90e-e7fa-53fd-b594-a22b13e35f45,62756b333185833eb7208080b8916314796ecc0611f30ac83f508c0ef4c2b665,BE,ARFIN,31b1180d-d5b7-561a-be27-089aaa9645ad,60758642-23a8-5641-a3c9-0487910ba6a7,BLOCKED,READY,57.96,7d02b2ef-9591-5334-be35-acb035260ead,39ddc91836368174abd851c2938c5c90e59b564dbd347672b0d2a3485ba6b370,BE,ARFIN,2025-11-14,Interim Dividend - Rs 0.11 Per Share,,RECOVERED,1.00241545893719806763285024155
,2025-11-18,,,,,,,,08e3eeb6-a41e-53e9-bd9d-e7a6f4fec656,,BLOCKED,,,,,,2025-11-17,Distribution - Rs 1.50 Per Unit Consist Of Re 0.90 Per Unit As Interest & Re 0.48 Per Unit As Return Of Capital & Re 0.12 Per Unit As Dividend,DIVIDEND_CASH_AMOUNT_NOT_UNIQUELY_PARSEABLE,BLOCKED,
,2025-11-18,,,,,,,,268c5488-6af4-5223-9abd-3444e0fa1b9c,,BLOCKED,,,,,,2025-11-17,Distribution - Rs 3.5325 Per Unit Consists Of Rs 1.6818 Per Unit As Interest & Rs 1.8389 Per Unit As Dividend & Re 0.0118 Per Unit As Return Of Capital,DIVIDEND_CASH_AMOUNT_NOT_UNIQUELY_PARSEABLE,BLOCKED,
,2025-11-19,,,,,,,,44301e27-c3fd-50be-904d-011cc21a50db,,BLOCKED,,,,,,2025-11-18,Distribution - Rs 3.25 Per Unit Consisting Of Interest - Rs. 2.52/ Dividend - Re. 0.71/Other Income - Re. 0.02,MULTI_COMPONENT_DIVIDEND_REQUIRES_SEPARATE_POLICY,BLOCKED,
,2026-01-30,,,,,,,,fc6f2c75-01ce-5d95-a5af-2057025db618,,BLOCKED,,,,,,2026-01-29,Distribution - Rs 5.83 Per Unit Consisting Of Dividend - Rs 3.12 Per Unit/ Interest - Re 0.05 Per Unit/ Repayment Of Spv Debt - Rs 2.66 Per Unit,MULTI_COMPONENT_DIVIDEND_REQUIRES_SEPARATE_POLICY,BLOCKED,
,2026-02-03,,,,,,,,70ab2b83-6105-5bfd-8f09-9abedc30f845,,BLOCKED,,,,,,2026-02-02,Distribution - Rs 5.40 Per Unit Consisting Of Interest - Rs 1.59 Per Unit/ Repayment Of Spv Debt - Rs 2.60 Per Unit/ Dividend - Re 0.94 Per Unit/ Interest On Fixed Deposit - Re 0.27 Per Unit,MULTI_COMPONENT_DIVIDEND_REQUIRES_SEPARATE_POLICY,BLOCKED,
,2026-02-04,,,,,,,,3107b28a-0156-5d26-b85d-8648223adece,,BLOCKED,,,,,,2026-02-03,Distribution - Rs 4.10 Per Unit Consisting Of Rs 2 Per Unit As Interest/Re 0.77 Per Unit As Dividend/Rs 1.33 Per Unit As Return Of Capital,MULTI_COMPONENT_DIVIDEND_REQUIRES_SEPARATE_POLICY,BLOCKED,
,2026-02-04,,,,,,,,3dfc225f-926a-5bec-8f8c-d8a0f47fc4b8,,BLOCKED,,,,,,2026-02-03,Distribution - Rs 3 Per Unit Consisting Rs 1.6001 Per Unit - Interest/Rs 1.3008 Per Unit - Return Of Capital/Re 0.0991 Per Unit - Dividend,MULTI_COMPONENT_DIVIDEND_REQUIRES_SEPARATE_POLICY,BLOCKED,
2.50,2026-02-04,b72711e5d9ea0a3b08981b1bc132fea792e7b0c377735d57f7a74ef6e86bab9a,375.75,d9767daa-1551-5f86-be1a-c9c6c6c37247,6a3966aff661fda3635cf7f027cc8310a3e9b2c329bd9dc14f7190beb477e3a4,EQ,APCOTEXIND,61823e2e-d92c-552e-974e-81b640634aa2,bf4be27f-27d7-508b-bbe7-3b48f8153b03,,BLOCKED,366.90,21c72897-f04c-58fd-9bb9-25f46e49e41a,6ef5f398c18648c16d68a93d451cdcf4587dcedb68dd0b57127d4ed3be00f828,EQ,APCOTEXIND,2026-02-03,Interim Dividend - Rs 2.50 Per Sh,,RECOVERED,1.03093485963477786862905423821
,2026-02-05,,,,,,,,f33b11fe-e9be-5a6e-9bd1-fec147d0004a,,BLOCKED,,,,,,2026-02-04,Distribution - Rs 2.367 Consisting Of Re 0.611 As Interest/ Rs 1.574 Per Unit As Dividend/ Re 0.014 Per Unit As Other Income/ Re 0.168 Per Unit As Repayment Of Spv Level Debt,MULTI_COMPONENT_DIVIDEND_REQUIRES_SEPARATE_POLICY,BLOCKED,
,2026-02-10,,,,,,,,1d486c3b-ccab-5948-9863-4035f9db6aed,,BLOCKED,,,,,,2026-02-09,Distribution - Rs 2.34 Per Unit Consist Of Re 0.41 Per Unit As Interest/ Rs 1.54 Per Unit As Dividend/ Re 0.38 Per Unit As Return Of Capital/ Re 0.01 Per Unit As Other Income,MULTI_COMPONENT_DIVIDEND_REQUIRES_SEPARATE_POLICY,BLOCKED,
,2026-02-10,,,,,,,,868c5cf4-1129-5055-87ca-faaa08d0fb9f,,BLOCKED,,,,,,2026-02-09,Distribution - Rs 5.418 Per Unit Consists Of Rs 1.109 Per Unit As Dividend/ Rs 2.738 Per Unit As Interest/ Rs 1.571 Per Unit As Return Of Capital,MULTI_COMPONENT_DIVIDEND_REQUIRES_SEPARATE_POLICY,BLOCKED,
,2026-02-10,,,,,,,,e4223a09-3eaa-5961-b156-c1a0ee2d02db,,BLOCKED,,,,,,2026-02-09,Distribution - Rs 1.568 Per Unit Consist Of Rs 1.081 Per Unit As Dividend/ Re 0.130 Per Unit As Interest/ Re 0.354 Per Unit As Repayment Of Debt/ Re 0.003 Per Unit As Other Income,MULTI_COMPONENT_DIVIDEND_REQUIRES_SEPARATE_POLICY,BLOCKED,
,2026-02-11,,,,,,,,4239b1fa-de13-55ba-a54b-85c4f78f8e5e,,BLOCKED,,,,,,2026-02-10,Distribution - Rs 6.47 Per Unit Consisting Of Re 0.66 Per Unit As Interest/ Re 0.71 Per Unit As Dividend/ Rs 5.10 Per Unit As Repayment Of Spv Level Debt,MULTI_COMPONENT_DIVIDEND_REQUIRES_SEPARATE_POLICY,BLOCKED,
,2026-02-12,,,,,,,,5c811855-d339-5b99-8f3e-05a79efd8f1f,,BLOCKED,,,,,,2026-02-11,Distribution - Rs 3 Per Unit Consist Of Rs 1.84 Per Unit As Interest/ Re 0.64 Per Unit As Dividend/ Re 0.51 Per Unit As Repayment Of Capital (Spv Debt)/ Re 0.01 Per Unit As Treasury Income,MULTI_COMPONENT_DIVIDEND_REQUIRES_SEPARATE_POLICY,BLOCKED,
,2026-02-16,,,,,,,,518bd8be-3b3a-552f-b3d3-c2e8bb049492,,BLOCKED,,,,,,2026-02-13,Distribution - Rs 1.875 Per Unit Consists Of Re 0.821 Per Unit As Interest/ Re 0.821 Per Unit As Return Of Capital/ Re 0.233 Per Unit As Dividend,MULTI_COMPONENT_DIVIDEND_REQUIRES_SEPARATE_POLICY,BLOCKED,
10,2026-02-16,c19a3d01f8a0c929a9887416a1e9f4282693f9d2acbe19ed95302aa674cb9a6a,7618.00,47a4a0ee-99f0-585f-a050-66b11d738689,21eb0dfcb89a8741658c69386f38f780ef95512534ee82429f08e04faff0d702,EQ,APOLLOHOSP,c347d65a-7019-52b1-aa5c-5d9607ef2663,adc7ceb1-3afd-5c3f-97cd-7233e9d5308e,,BLOCKED,7542.50,993eb86c-4865-5b7a-a44d-7b23ea0cda00,046d53f4cf7917bcc400d39c9104af76221ee914c6122b442b416189d5001c72,EQ,APOLLOHOSP,2026-02-13,Interim Dividend - Rs 10 Per Sh,,RECOVERED,1.01133576400397746105402717932
,2026-02-16,,,,,,,,e0f3cf68-9789-5dcd-8a02-c45bf9ea6113,,BLOCKED,,,,,,2026-02-13,Distribution - Rs 1.50 Consists Of Re 0.95 Per Unit As Interest/ Re 0.44 Per Unit As Return Of Capital/ Re 0.11 Per Unit As Dividend,MULTI_COMPONENT_DIVIDEND_REQUIRES_SEPARATE_POLICY,BLOCKED,
,2026-02-17,,,,,,,,11266de6-ff89-5871-8614-44f2db4e510c,,BLOCKED,,,,,,2026-02-16,Distribution - Rs 3.81 Per Unit Consist Of Rs 2.82 Per Unit As Interest/ Re 0.98 Per Unit As Dividend/ Re 0.01 Per Unit As Other Income,MULTI_COMPONENT_DIVIDEND_REQUIRES_SEPARATE_POLICY,BLOCKED,
,2026-02-17,,,,,,,,20a5f2c7-432c-56e8-a76d-2c059a10f418,,BLOCKED,,,,,,2026-02-16,Distribution - Rs 4 Per Unit Consist Of Rs 2.9465 Per Unit As Interest/ Re 0.0074 Per Unit As Dividend/ Rs 1.0143 Per Unit As Capital Repayment/ Re 0.0318 Per Unit As Other Income,MULTI_COMPONENT_DIVIDEND_REQUIRES_SEPARATE_POLICY,BLOCKED,
,2026-02-18,,,,,,,,16174b43-ada6-503e-8694-558a313efeb6,,BLOCKED,,,,,,2026-02-17,Distribution - Rs 2.2834 Per Unit Consists Of Rs 1.0781 Per Unit As Interest/ Re 0.7192 Per Unit As Dividend/ Re 0.4861 Per Unit As Return Of Capital,MULTI_COMPONENT_DIVIDEND_REQUIRES_SEPARATE_POLICY,BLOCKED,
1,2026-02-20,a70e2340c040361130c4b78b902c2bfa09034d9f491693cea5ebdc987c329600,130.00,8746d98b-959a-564b-bfd0-3190d94094de,8fc186e4c24a7d798b405a12714975d8c453e32686862ecd69d04fb3e5c7b012,EQ,RCF,f0688a1c-7a2e-5ded-9333-39db15afecd2,d6d5bc80-1e46-5a43-847a-23734a99767a,,BLOCKED,131.81,4f99a886-0de1-539c-b6f2-0d5fb82a246b,68579fc185031d29bccc9ca5e7614af79af3db2aa5149a1100c675dfa44b0f3d,EQ,RCF,2026-02-19,Interim Dividend - Re 1 Per Sh,,RECOVERED,0.993854790987026780972612093164
,2026-03-27,,,,,,,,b4c83e67-88c0-5cf9-bf54-10dad50648eb,,BLOCKED,,,,,,2026-03-25,Distribution - Rs 3.6078 Per Unit Consists Of Rs 3.6078 Per Unit As Dividend,DIVIDEND_CASH_AMOUNT_NOT_UNIQUELY_PARSEABLE,BLOCKED,
,2026-04-30,,,,,,,,b61677cb-f362-5d5a-86b3-0f9c9b4c3352,,BLOCKED,,,,,,2026-04-29,Distribution - Rs 6.50 Per Unit Consisting Of Re 0.14 Per Unit As Interest/ Rs 1.39 Per Unit As Dividend/ Rs 4.97 Per Unit As Repayment Of Spv Level Debt,MULTI_COMPONENT_DIVIDEND_REQUIRES_SEPARATE_POLICY,BLOCKED,
,2026-04-30,,,,,,,,d7dde0d7-4b59-5dea-a87a-eef4fdd94c10,,BLOCKED,,,,,,2026-04-29,Distribution - Rs 1.25 Per Unit Consist Of Rs 0.68 Per Unit As Interest/ Re 0.57 Per Unit As Dividend,MULTI_COMPONENT_DIVIDEND_REQUIRES_SEPARATE_POLICY,BLOCKED,
,2026-05-05,,,,,,,,082419ed-7b29-5c0b-b13c-00ab24c4f6b2,,BLOCKED,,,,,,2026-05-04,Distribution - Rs 6.64 Per Unit Consisting Of Dividend - Rs 3.35 Per Unit/ Repayment Of Spv Debt - Rs 3.26 Per Unit/ Interest - Re 0.01 Per Unit/Other Income - Re 0.02 Per Unit,MULTI_COMPONENT_DIVIDEND_REQUIRES_SEPARATE_POLICY,BLOCKED,
7.50,2026-05-05,2f29fc77e6ba8b14c2d9ce9a630633072aed7557293aac7cb1f34d3cae256c6e,9461.00,1b375444-a456-5099-9aa4-9be9371167a6,26e9da68c44f9d982bf3dbce45c81ae758cb2163e12263d1548834aeb963e0b0,EQ,ELANTAS,1e6d5297-6121-5ede-950d-28a8161cda9e,4ea3d153-cd80-508b-8088-5e705ec7ebcc,,BLOCKED,9606.00,6f51f48d-7865-56a0-930d-b72992faf809,8961258bb19e61aff3920a12aba80b468cc21bce2d0106c9e7e7403e99d4fa52,EQ,ELANTAS,2026-05-04,Dividend - Rs. 7.50 Per Share,,RECOVERED,0.985686029564855298771601082657
2.50,2026-05-08,ac43073cbaf802f2be51f866fbcb3fe8c241f84494aba255d0edd4f03b70f669,235.35,253b839b-0797-5041-afc6-2055cf6c0e7d,bb0fb98b65a20a44551d77fb17b897fd8899952a0f58f940524845ae82437ea5,BE,OMAXAUTO,2d9fb9c4-920a-5c7d-9d99-4f607f5bb283,f94388b5-1dfb-5ca6-971b-9d9ba8fd4330,BLOCKED,READY,226.65,9464ef41-b4bd-5faf-a136-c7924b7204a8,35e63e8c3dcb972cb22f6c18dafd75bcbd7325933da75922054137cc5c9373aa,EQ,OMAXAUTO,2026-05-07,Interim Dividend - Rs 2.50 Per Share,,RECOVERED,1.04941539819104345907787337304
,2026-05-13,,,,,,,,a73739a1-ca81-55ac-838f-1279ed745c5a,,BLOCKED,,,,,,2026-05-12,Distribution - Re 0.9294 Per Unit Consists Of Re 0.2540 Per Unit As Dividend/ Re 0.6754 Per Unit As Interest,MULTI_COMPONENT_DIVIDEND_REQUIRES_SEPARATE_POLICY,BLOCKED,
,2026-05-14,,,,,,,,f7e2dcf7-81e6-5cb2-bfda-fdba19e22ff6,,BLOCKED,,,,,,2026-05-13,Distribution - Rs 5.50 Per Unit Consisting Of Interest - Rs 1.60 Per Unit/ Repayment Of Spv Debt - Rs 2.96 Per Unit/ Dividend - Re 0.88 Per Unit/ Interest On Fixed Deposit - Re 0.06 Per Unit,MULTI_COMPONENT_DIVIDEND_REQUIRES_SEPARATE_POLICY,BLOCKED,
,2026-05-15,,,,,,,,cf9a220b-cb30-594c-9820-83c90c86a62b,,BLOCKED,,,,,,2026-05-14,Distribution - Rs 1.616 Consisting Of Re 0.207 Per Unit As Interest/ Rs 0.981 Per Unit As Dividend/ Re 0.002 Per Unit As Other Income/ Re 0.426 Per Unit As Repayment Of Debt,MULTI_COMPONENT_DIVIDEND_REQUIRES_SEPARATE_POLICY,BLOCKED,
,2026-05-15,,,,,,,,edf5f97f-b4c8-5c81-a2f4-fc319f9f7181,,BLOCKED,,,,,,2026-05-14,Distribution - Rs 2.286 Consisting Of Re 0.753 As Interest/ Rs 1.28 Per Unit As Dividend/ Re 0.008 Per Unit As Other Income/ Re 0.245 Per Unit As Repayment Of Spv Level Debt,MULTI_COMPONENT_DIVIDEND_REQUIRES_SEPARATE_POLICY,BLOCKED,
,2026-05-19,,,,,,,,121499c5-14ab-5814-a110-5fe9be851277,,BLOCKED,,,,,,2026-05-18,Distribution - Rs 4 Per Unit Consist Of Rs 2.5218 Per Unit As Interest/ Re 0.0964 Per Unit As Dividend/ Rs 1.2376 Per Unit As Capital Repayment/ Re 0.1442 Per Unit As Other Income,MULTI_COMPONENT_DIVIDEND_REQUIRES_SEPARATE_POLICY,BLOCKED,
,2026-05-20,,,,,,,,60880bdc-7a4f-5785-9168-129114cc4d09,,BLOCKED,,,,,,2026-05-19,Distribution Rs 1.60 Consists Of Rs 1.44 Per Unit As Interest/ Re 0.12 Per Unit As Return Of Capital/ Re 0.04 Per Unit As Exempt Dividend,MULTI_COMPONENT_DIVIDEND_REQUIRES_SEPARATE_POLICY,BLOCKED,
,2026-05-20,,,,,,,,839367f8-e2a9-58f0-8b01-631009700209,,BLOCKED,,,,,,2026-05-19,Distribution - Rs 3 Per Unit Consist Of Rs 1.71 Per Unit As Interest/ Re 0.50 Per Unit As Dividend/ Re 0.77 Per Unit As Repayment Of Spv Debt/ Re 0.02 Per Unit As Treasury Income,MULTI_COMPONENT_DIVIDEND_REQUIRES_SEPARATE_POLICY,BLOCKED,
,2026-05-22,,,,,,,,0a20450a-1769-5bee-b23e-b4133d52a640,,BLOCKED,,,,,,2026-05-21,Distribution - Rs 2.40 Per Unit Consist Of Re 0.99 Per Unit As Interest/ Re 0.63 Per Unit As Dividend/ Re 0.77 Per Unit As Repayment Of Capital/ Re 0.01 Per Unit As Other Income,MULTI_COMPONENT_DIVIDEND_REQUIRES_SEPARATE_POLICY,BLOCKED,
,2026-05-22,,,,,,,,a0221ccc-30d6-5279-8734-d18f35ed7be9,,BLOCKED,,,,,,2026-05-21,Distribution - Rs 3.6289 Per Unit Consist Of Rs 2.1929 Per Unit As Interest /Re 0.4111 Per Unit As Return Of Capital/ Re 0.9862 Per Unit As Dividend / Re 0.0387 Per Unit As Other Income,MULTI_COMPONENT_DIVIDEND_REQUIRES_SEPARATE_POLICY,BLOCKED,
,2026-05-22,,,,,,,,a9d544a3-7561-560f-8f29-7124423720df,,BLOCKED,,,,,,2026-05-21,Distribution - Rs 2.50 Per Unit Consist Of Re 0.4141 Per Unit As Interest/ Rs 2.0828 Per Unit As Dividend/ Re 0.0031 Per Unit As Other Income,MULTI_COMPONENT_DIVIDEND_REQUIRES_SEPARATE_POLICY,BLOCKED,
4.5,2026-05-27,d886fbabd62333ba896ba9772c71034d3391c353e8f346827be72edcf3bcebd7,107.76,737e4671-6971-580a-aa2a-806d847bd6b0,c5eb40021bff9b58a17d022b2f19b7f4286164568f4a3c734a173a837ef576fd,EQ,APTECHT,433ae5d4-be1a-50b2-8012-016621143f01,749597bf-9a28-5653-81e8-12491744d6bf,,BLOCKED,111.51,f5098761-9665-5a41-a982-fb823e215e12,6983ff9173625835b5722f19d1e3bba3d5f9e4425d3bd42fa7a635fe26737682,EQ,APTECHT,2026-05-26,Interim Dividend - Rs. 4.5 Per Share,,RECOVERED,1.00672585418348130212536992198
,2026-05-27,,,,,,,,a1491ad7-5d4d-5054-958c-6170e8cf1e5e,,BLOCKED,,,,,,2026-05-26,Distribution - Rs 3.57 Per Unit Consisting Of Rs 1.74 Per Unit As Interest/Re 0.27 Per Unit As Dividend/Rs 1.55 Per Unit As Return Of Capital/Rs 0.01 Per Unit As Tresury Income,MULTI_COMPONENT_DIVIDEND_REQUIRES_SEPARATE_POLICY,BLOCKED,
13,2026-06-02,826ae005694b038a7b04625d45aabf3689f684d8ec2670c54b47cdc7a55cffab,15.93,42766889-b0c6-5e0c-a25c-86394c202af7,8d415523a6f9884cc9db73c5c28654845a95c81574d26e21822c098b202c5819,BE,SETCO,7c88bfc2-474a-5e5f-8fb1-9956559b8a59,1f373ec4-03dd-59d2-a3d3-6f80a5cbafdd,BLOCKED,READY,28.62,07eda895-6509-5b6b-bfd7-9aa1c76c2f5c,1818bc3d384892243c9a2a8592c80699cb569050137f5269a5795688e6fa15df,BE,SETCO,2026-06-01,Interim Dividend - Rs 13 Per Share,,RECOVERED,1.01083158630328441649196366177
,2026-06-02,,,,,,,,7b94b719-8521-598f-9989-4a82bca1e8d2,,BLOCKED,,,,,,2026-06-01,Distribution - Rs 3.9155 Per Unit Consists Of Rs 1.2084 Per Unit As Interest/ Re 0.9735 Per Unit As Dividend/ Rs 1.7336 Per Unit As Return Of Capital,MULTI_COMPONENT_DIVIDEND_REQUIRES_SEPARATE_POLICY,BLOCKED,
0.01,2026-06-05,d7d0172d950bbf23b782e86cbdcad711c287aa99f521e73b227fff0efe5b74b0,3.56,142ffa0a-24e1-57e5-a5dc-9ffc219dba46,0a55ad546a9c9c40904c38885c81613522db44d2cc2c041e5e96859d503ffba1,EQ,SPCENET,5e01248f-e830-5557-a365-727073ace02e,847ac62f-81d3-546e-821a-ced9021f8bba,,BLOCKED,3.62,66b1dd01-ec0f-5194-83cd-0f9de98b2f8d,c0015dc1f8f4e01095bec2da543ea75520208098c04fc50008bdd90c110d25ea,EQ,SPCENET,2026-06-04,Interim Dividend - Rs. 0.01 Per Sh,,RECOVERED,0.986187845303867403314917127072
0.10,2026-06-05,0e761677751e7ee19ab0579282dca51640453aa7dce1ea4957461f44f4cb86ad,38.73,bddc1075-25eb-5e34-bd94-820101fd82ae,093d8f102282f5d8c0c4a3397deab043e923f41d1e2440736b4894b372a36ede,BE,VERTOZ,3b034573-8f16-52ae-a373-f5936f5213cd,aa195080-d4d9-5d17-824d-ab5c5d484265,BLOCKED,READY,40.86,afb9b88c-d1ef-5ea8-92d6-c83ca9eaaa1c,495f7bc4af6da99541c5eee33d87f6739060aba072f601e478e594597ec0b60b,BE,VERTOZ,2026-06-04,Interim Dividend - Rs 0.10 Per Share,,RECOVERED,0.950318159569260890846793930494
1.20,2026-06-05,d189bf273712b7edad64fd713cb5a5e6a0ba985243ed68b171e61136df78d8ce,79.19,a03af286-3998-5888-8b86-ea4388af54c3,d855e99a1deb25d68da9280b5dce45ebcf70fd3245e40cf23f3715e1e938f4bb,EQ,MAHABANK,0a9373a5-42b3-5709-9dec-49195ce9b2c2,dabbf62b-e3d9-5291-9aa9-681993802bc2,,BLOCKED,79.90,3058927b-cbba-554a-844b-0e55689412ef,28436331ac3a42daf492115c224e8469aaee7b531760b8d425dc6aefb98f2a7c,EQ,MAHABANK,2026-06-04,Dividend - Rs 1.20 Per Sh,,RECOVERED,1.00613266583229036295369211514
4,2026-06-25,0d20fd4217d13d1f06cf626b104aa79c1f2445d9659b4a8075a9b64ba4461dec,105.59,927292bc-be45-5d0f-9766-243d10d92ff3,dca88993819f9c6b4610ffdaa9b343caf72531fa82e695feabe71d154e6b7e7d,BE,MAWANASUG,624aa1f8-8273-5c93-8721-8715b5247636,2c47ddff-3e97-5907-a8a1-d498a8b877d9,BLOCKED,READY,113.74,2048d744-79b4-5482-9848-ba73d73b8109,274e570f905995bc9a8f6abb479298206f30477f91e8435822b77ab023b76775,BE,MAWANASUG,2026-06-24,Dividend - Rs 4 Per Share,,RECOVERED,0.963513275892386143836820819413
0.40,2026-07-01,a614a9d5e3bb851e3bb647491200b1bd3e8db7a008284637c7288bb98c7dda93,24.62,5f1e84b1-fd9e-56e0-a446-a666c67ef8ed,b04ff74cae5fbcc3a7cd35c0b1b36369ebd408045d7cc7efb5d617f2ad79eba4,BE,DSFCL,c3d18788-4287-557c-90c2-e2a9c8f8f2dc,e8620cea-adf6-5c24-af98-fc50a4b4c921,,BLOCKED,24.00,e8fe6c94-17d1-55e0-b845-f80d2cf2c47e,c9d545eef11ff2bbde837780aef893fdf85b90c9ec4e7887b83af1d6fad48283,BE,DSFCL,2026-06-30,Dividend - Re 0.40 Per Sh,,RECOVERED,1.0425
2,2026-07-02,1773958d28e4ad1ca4de7a5517c4a73bbc75362b95c4cf327c2511ab211bd23d,184.96,41ed797d-3348-52c9-8cd9-3821fcd7165b,b511d3c2e6fe4a347d2d7f782faf5bb82b03ae07b2b2a8f53f05f01d9fb96936,BE,CHEMBOND,e1d1c3a2-0167-5ff9-8780-133e553f2ecf,3912db99-8ee4-5eb5-a7dc-a710ab3a9ce7,BLOCKED,READY,187.18,c36987ae-a3d5-5801-80ad-018515ec8a03,674df615e3fd13725015df661b9c4d4948bdd7d599337158a1e30566bd03d50c,BE,CHEMBOND,2026-07-01,Dividend - Rs 2 Per Share,,RECOVERED,0.998824660754354097660006410941
0.40,2026-07-06,ab2b79ee7861f8e3e5cdcf456819122f0667739bcb383e57a270fbdfc381f351,70.99,fb658e58-2665-5e58-9bd7-c694ec23b739,c126761d23d63ab6b3be9a0af029307cff14bfa08a48481c8a70777012ef6e46,BE,DCMSIL,2c9c522b-4456-5277-8d95-2468f1a4a0b5,993c8c75-2483-5027-a4eb-e6c058d65525,BLOCKED,READY,70.00,68748545-759e-51a8-9319-03ac037a3f08,39059b790e3352551bbd8a56e9dfd43c4c6d3b97307fd20a92d9605c4a749b0d,BE,DCMSIL,2026-07-03,Dividend - Re 0.40 Per Share,,RECOVERED,1.01985714285714285714285714286
1,2026-07-08,b5366d21ec0478bfba0b53d1473fe235c384021830e517f86b3cba803e60caa2,512.95,02248efa-72e7-5a6d-b25b-eae4329f6574,981a4ea45e801d3fe15743d96f51a29cce43b60445f86038717848866191dd37,BE,BLISSGVS,b5a135d4-0c8a-5a17-8c77-a7bb4ad2236b,2b975c6c-e82d-58da-80d0-70f7b5e7e816,BLOCKED,READY,511.80,3aa8afed-57d0-5f1d-935a-abd1f82c0b39,ed963d05c2a1ea2216241d0d37608fda337ea17c4c4e5346ff3a3be23da40d82,BE,BLISSGVS,2026-07-07,Dividend - Re 1 Per Share,,RECOVERED,1.00420085971082454083626416569
1,2026-07-10,dbe3db61c3a3119540c4e87d5b2931f66c902fa48843432a6de64eaa896608f2,40.19,96a160a9-5132-5f01-b56c-f787794e25fa,2114d1c7f4d94841c0daa290a7b7585b2ebaf88a8aef21ba188f73daa7e9ff26,EQ,PTL,a6fad387-b26e-5ed7-b3f2-4dc7cf7fb927,cdf406fa-c798-527f-a211-4bed062f08f8,,BLOCKED,40.80,2880b91e-aa12-59c0-a4b3-67bda0be64b4,47e9b079122d21b088b02bee36f49ba32cf4395852c55415eb717e7b2cfd15ea,EQ,PTL,2026-07-09,Dividend - Re 1 Per Sh,,RECOVERED,1.00955882352941176470588235294
2,2026-07-10,4c669622d3411036683828c2b654cdf271087be7f60551619dfa8831223951ca,186.81,799871d5-0dd7-5d3c-b74d-a9a816b7422b,a55deec418ed33a7ff4082b2074d7901905346373dd59ea56433d8c17ae4b2d4,BE,SMARTLINK,6e875110-ef95-5b6f-8a4a-1688cbcba0b0,da1e32dc-5662-594d-a68b-6350e350dcb2,BLOCKED,READY,179.92,0c93ba10-51f9-548f-aae8-a947870ca006,9077c578c4fdb855b3822dcb321d2f3a2e56f56bbaeaaa0f73955188dcf52a26,BE,SMARTLINK,2026-07-09,Dividend - Rs 2 Per Share,,RECOVERED,1.04941084926634059582036460649
3,2026-07-14,32838b5af892992ffc910f158fabb1826831a005f8a2b62cad898b25fa44508d,288.65,4e3598c7-97f6-593c-838b-a301b0ef494a,4be6af57dabf7ed95e5519f8c7c0e6c7047fc42a12315bc1387bd2da9dfd6238,BE,MODISONLTD,b23d1ce1-a2ab-553c-8552-d2babc38e4a7,bc138c07-6433-5d4d-bb35-663091e9050d,BLOCKED,READY,296.70,251a14e9-31c8-5679-855f-401d2e69c195,6f5a02c07082e5f6cbae77d23ec5a58cc500ec30584ad6be3ed7731721385b27,BE,MODISONLTD,2026-07-13,Dividend - Rs 3 Per Share,,RECOVERED,0.982979440512301988540613414223
0.05,2026-07-14,766b6e13d498017985398d3bf0d9c84f84142fd4f063d1c27a1152a360aafddc,50.24,e3a9edeb-4ec4-52f0-afdc-3e31344efe5b,a97f6ee835f524c9bbe5ad8e14b29bee524e7b62e6ca9e3db69a167109085635,BE,KHAICHEM,3fdd509d-0412-535e-8543-40d8a6d7f7df,e850e141-14ff-55ea-b50b-88796dbf27d6,BLOCKED,READY,51.92,fa9f22b5-bf8a-59fe-a8fb-f4db429fe49e,3b4bb247cd6142b254fbc72f2358633678313f759241555489a4dd94fc220780,BE,KHAICHEM,2026-07-13,Dividend - Rs 0.05 Per Share,,RECOVERED,0.968605546995377503852080123267
11.25,2026-07-16,39a609840074590fb102ec257d3df6fa533e306cabf8d0092a7b7af92e3b5ada,9101.00,759a616d-c8b8-59cf-b365-7e599fc05bb2,c3912771678ae55cd42da91252fb6c2610abebef2716d8339f9e162c7d322a02,EQ,CRAFTSMAN,7f34201c-96e3-5b45-8e32-d963701af82b,037fb46d-989d-5256-94a6-e8480bb236a9,,BLOCKED,9230.50,90993301-016d-56df-befc-99304ed37d50,5494e1f4b2267e511086962c11f624ebcd4cbfe028ae11fc2bdbf97dc3bfac43,EQ,CRAFTSMAN,2026-07-15,Dividend - Rs. 11.25 Per Share,,RECOVERED,0.987189209685282487405882671578
10,2026-07-17,82eca96195608be0eb79231435fbef88b533260bf1bb4b0354b3a2ab1e408eff,533.90,59da04b7-05a0-5eec-80c0-030c6a35f6f3,e4a27aecf956613e42022a24511da09270d4edc3ea34ff33d4cbe3dda49540d7,BE,AVADHSUGAR,1426d5ce-17f9-5f61-bbe9-d25c11da3b53,2b04d33e-c294-5096-89b8-2f231899c9fe,BLOCKED,READY,532.70,c56afa7b-b070-5587-99ba-c8523a93f4f8,17e10edc8704ae5ff10549206a62d9056cd572991aadc99008ecec45c18e9caa,BE,AVADHSUGAR,2026-07-16,Dividend - Rs 10 Per Share,,RECOVERED,1.02102496714848883048620236531
0.01,2026-07-17,27e1b893217d8fc373be906083eeae9727ebf6248f30463a3202c46e477831aa,16.50,d2641218-7fcf-5fd6-adc3-414a4368a103,e263d2f95f3f93c31a57fbf059067cebfb1ccbe694bc291861f4d6ed3f5e47bd,BE,MGEL,58bf8498-f32a-513f-8c7b-f481c187319c,7698532a-fdcb-5a6b-9541-01c909c6dd29,BLOCKED,READY,16.06,74baf8dc-2fe8-538a-8f93-36a49f954d1d,c1d06e9159501acd1accc1a45088187178c573c8ae14d6e11a919413c44cc01b,BE,MGEL,2026-07-16,Dividend - Rs 0.01 Per Share,,RECOVERED,1.02801992528019925280199252802
1.50,2026-07-17,a85fd0bc7fdcb19c1b531d998ad291fd923c55a1ea0ea8da56bef9bab872fa39,111.78,3abeaa88-4385-5fff-9f86-a747d4a06ec4,3370c9d95f935621f7482f45f63c1829c7b31dd215dc8ce1e689d46e77354e68,BE,DBOL,eb3ee52a-df18-5bf0-b6ab-4564920c2efb,76bd64bc-0aff-582e-a2f6-c302c992e929,BLOCKED,READY,108.33,fc83c62a-8d64-5938-8146-86b48c1bc093,3a431f5c2d0523833f8b2e323e0313d0504fec9e4c5e851b340577357ed58e99,BE,DBOL,2026-07-16,Dividend - Rs 1.50 Per Share,,RECOVERED,1.04569371365272777623926890058
5,2026-07-17,5614dde0d2a556423859c59050da02d5cdf7279f47f19dc6d59270daa67e3402,1991.10,bb89bd2e-7fa5-597c-8ccd-52413e22405c,3f1a59dd331706fe285eeda96bdead7be6f87ac03c360c71e16daeb125d69823,EQ,WABAG,cb18fd52-eaa2-5693-87d3-af927b0174a4,81b8d642-cf40-5148-b8fe-049c2a4f1840,,BLOCKED,2054.40,e22f4b5b-5855-5334-906f-371598b773db,ec1ee7423ed926135ac41ad2ecd9243b030f70f5e9fb2167bb735751dc9fc858,EQ,WABAG,2026-07-16,Dividend - Rs 5 Per Sh,,RECOVERED,0.971621884735202492211838006231
0.65,2026-07-17,1aa9495e9957e36b6fd886abf3a4408ea78d9e4ebf5b7633a50934a4eacdbac0,813.20,00072fca-81b2-560c-b855-c4f13a2ddeff,f77945572c5577ffbb7dd1629ea0bfb3a4922789436b25e154e00c317ef26377,BE,SUNDRMBRAK,36a3d9ea-7b32-5a35-8f63-5a38cb11be92,b0e6f79c-44b6-5c78-872d-7f6fcfd141d3,BLOCKED,READY,827.85,55da1e5a-8b87-5fba-bc86-5d589a03daaa,217bd16a4198a1dc2c770055a8e364bcbab132590cf4132e8abfa14ac94ec2fc,BE,SUNDRMBRAK,2026-07-16,Dividend - Re 0.65 Per Share,,RECOVERED,0.983088723802621247810593706589
1,2026-07-20,83cb8a69f0db16af83205e5480350ff1db4e5b319d83417d75504403ac0d8b8f,700.70,eb43b0a1-a271-563a-83b5-d3639c087bd8,3a1724a48340983890d9bdf90e04b56e9750f1ef5f48cd2f5cd6e06276ea620b,BE,FAIRCHEMOR,31409683-14c0-5f77-9dac-aeeb1b53a032,74b87a7c-7ca5-5ef5-b168-3f952ecf330b,BLOCKED,READY,704.20,3cd0a8af-8706-5bb6-a330-55cdcb75a211,9935cc24f76b26b2b43de786319f628fc5e118f8fcd912d44a3eb9683876702d,BE,FAIRCHEMOR,2026-07-17,Dividend - Re 1 Per Share,,RECOVERED,0.996449872195399034365237148537
3.40,2026-07-22,b75db7e12903a6cd813f4ce152eb961eeb638953d4c065f32b9ffe94d908692b,598.85,329a3735-3065-5ba6-ace5-5f24de96636e,3cd97de640173661d2892749dab494aff0ed7e6d0b0dffabf5645434b324210b,EQ,HEG,19e67159-dbbe-52ac-b40c-8410df02a845,6f70e5d1-b1dd-5bf2-8d23-e722be71be38,BLOCKED,READY,604.95,fcbb34b8-2ade-5be1-859c-e7a3c0683e14,f5d6b6c4992524d11046442a81c2caa287716fe14cb7c45fa70c8fa4b3903541,EQ,HEG,2026-07-21,Dividend - Rs 3.40 Per Share,,RECOVERED,0.995536821224894619390032234069
2,2026-07-22,e9e2668871ab35cb2db7d0e06849c300f916a23db98971c3ab2b4f635c8a7c97,207.68,fc091c01-9e56-53bb-b312-4f05bba2c6c5,74abfc096c2b02f5f3549785f716b5ad16a75aa2785c31cf9665ae9a38dfce9f,BE,MENONBE,e100e5e6-e49e-5bfd-9a35-63e678d66026,fc834031-1d51-53a3-b481-6d30b13d2cfb,BLOCKED,READY,220.13,0cf3e1ab-ae2e-5f63-9841-2b6ccf82d883,2d7fe7a50c5a1859e9ab0a41456d1106fe917d654c99b3ed9e77f20d27fa4d37,BE,MENONBE,2026-07-21,Interim Dividend - Rs 2 Per Share,,RECOVERED,0.95252805160586925907418343706
0.03,2026-07-23,,,,,,,,6576b43c-3abe-53bf-a189-d523d772b891,,BLOCKED,,,,,,2026-07-22,Dividend - Re 0.03 Per Share,IDENTITY_ABSENT_PREVIOUS_AND_EX_DATE,BLOCKED,
2,2026-07-24,0be7125caa8dc7bcb0d824977430f336f4bca95dbdff14b1ac6d50de4a007086,622.30,2ab895de-be93-5cdc-b7f4-067fbda809b1,d47f0e90e53549fb512365f109edf0b62b03329b22b2621f03bdc65e9e5ddc57,EQ,RISHABH,77353ac8-78aa-55c6-bcad-491b91d028d8,2cb19166-d5e2-5ef4-8920-d3a24489bb6d,,BLOCKED,632.25,86e1baa8-9e76-5fe4-bc5b-e5f17985c954,65c202c26a09700d963cfc57cc39cddca734a0c37d8d5cbed32da2010d2f3727,EQ,RISHABH,2026-07-23,Dividend - Rs 2 Per Sh,,RECOVERED,0.987425860023724792408066429419
7,2026-07-24,2285ef97d515249b84e61077025af0cd74b1cd88eeed1dcfff542a29ee19c85d,1836.10,6dd32cb6-e924-5443-95da-ca1a19cd914e,abac13c283ad767732f0df29aa9b8bc84252f1d109f9f1ec1310f57fd7137149,EQ,KIRLOSBROS,56c39b59-5648-5043-928b-363ee34d8eb4,3d33de41-d976-5622-894c-c021a248bf77,,BLOCKED,1847.60,99c6ec20-60fc-573b-b552-53f445d2b792,9ac9db476ed083a06667341127ec01fe866b95d9776dd99e1dada5b047b4ce77,EQ,KIRLOSBROS,2026-07-23,Dividend - Rs 7 Per Sh,,RECOVERED,0.997564407880493613336219961031
,2026-07-24,,,,,,,,59d33dcc-c4a5-5040-b7fe-1ce463579ea1,,BLOCKED,,,,,,2026-07-23,Distribution - Rs 2.32 Per Unit Consist Of Rs 1.48 Per Unit As Interest/ Re 0.64 Per Unit As Dividend/ Re 0.19 Per Unit As Repayment Of Capital/ Re 0.01 Per Unit As Other Income,MULTI_COMPONENT_DIVIDEND_REQUIRES_SEPARATE_POLICY,BLOCKED,
1.25,2026-07-24,d8983ffe1d76042e9eee778f9135e2bebf3e3a7fc1a58046fb8ac261ac9f2b9c,247.44,8ef5b89d-22af-5d7a-92d0-966dd1e48a89,095e2593bc4a9d18989f81b93b36b52a347b14b448ef98cfc7bfc4c0a9fec6ee,BE,CHEMBONDCH,1d97e3c4-807f-5b46-b1b3-684f927736ab,5f187d37-a957-51eb-8292-2f185a3206c9,BLOCKED,READY,247.86,aa813d20-f1a8-5686-b800-e572ae80118e,3ffd4afc1429ba906f7e01fd3292c1a049c74975b99e12d4f6a58833c4c8266c,BE,CHEMBONDCH,2026-07-23,Dividend - Rs 1.25 Per Share,,RECOVERED,1.00334866456870814169289114823
2.50,2026-07-24,98082897fc46635f824e5ff964f1a73195254d04ff170ee65647198bd5b3c00f,228.98,926f090f-5938-58de-a8b6-fef9c26ccab7,23934e5b124bc7e17687932ec890cf1639a119c9d61db0a2042a2b81f8d03163,BE,BHAGERIA,737da57f-8360-5310-9486-29fa81b10611,b96df883-1bce-5d6f-a54b-1909d15d379c,BLOCKED,READY,228.12,33e37777-f9c9-5534-8a2f-f2c9b449abc6,786a955fa609ab8981125b0506790aacd31a3ae5ef591a8a43eb4d3658b81b4f,BE,BHAGERIA,2026-07-23,Dividend - Rs 2.50 Per Share,,RECOVERED,1.01472908995265649658074697528
1.25,2026-07-27,b65e4d99635c8f9386ca8ad9325d80c3ce9a3bae19fa9612474c46c37eb373ab,200.98,93fa745a-a9b7-5462-b321-b30ad7bfedef,505ff9113c90186733b195ebc655a8798bfcbd7a7e9a637b22976f9227ea614d,BE,BIRLACABLE,f5c8978c-ddd2-53ef-8ffc-c16b3426dc5d,6ee3a2c5-f875-5422-a4e7-9493039bf23c,BLOCKED,READY,197.31,ec35e23a-0316-5ac7-8679-5ad4a7b6c846,076288b333492cf2dc3177526fc96eb0a3046411c3d80ff5f43558df1b40b3dc,BE,BIRLACABLE,2026-07-24,Dividend - Rs 1.25 Per Share,,RECOVERED,1.0249353808727383305458415691
1,2026-07-27,43af648b77ea515c487fee15568faff1ce8d477dcbd3ac95c3c958170c6e1983,540.65,0c654fb0-0bbc-506a-8aaa-a958450feb83,8d3beaf4e540d1a6b69f2c5709b9da72a9b622257db93c496e6ec9ae99cc2f56,BE,EVERESTIND,41c2005b-ecdc-5b42-a99f-0dea58d7fbe5,fcc594fd-cff9-549e-b766-62c4bd911333,BLOCKED,READY,524.25,a631b10b-3e80-5da4-b862-0d597b4e25ee,ba412c5f09d89b1ba043ec2e1466f9605507875ee511e0c80db47af1ba66002d,BE,EVERESTIND,2026-07-24,Dividend - Re 1 Per Share,,RECOVERED,1.03319027181688125894134477825
1.50,2026-07-30,874f980f864a640da149fd8f7ad6b3d19de73caac47fb6c57b185064dc94e1ea,149.99,c321647d-11ea-51de-858c-137163900e68,f1847f2d53ddf6492f02c5c7da8f0bb3ba7fe2b39099aa2f20294152e6bb00d5,BE,IVP,2c45cbde-21cd-5447-a7e5-4aa777d8b0bf,1ef8364c-2cd1-5870-b453-2ab3318d038e,,BLOCKED,151.29,0a65034a-0865-5400-b927-f490951dac3f,0c923208b4d8ffbb1db2894d009bf010626b4116c9d9d1a8025824717b9afe4b,BE,IVP,2026-07-29,Dividend - Rs 1.50 Per Sh,,RECOVERED,1.00132196443915658668781809769
2.50,2026-07-31,7d20ce9147a50e15f5a2405bb71c3a7e57624917a516b51816ab8946da4bfca0,511.55,e4562fb3-eae3-5eb2-9fb8-13bae622e273,b2255e3bd3997a3a4f57298647f329a17e59c2642c7e2e255f95a74038fef37f,BE,PRADPME,444533f3-c6c8-5e49-aa1c-ce361ac7a451,54633973-9915-5cc4-aa80-72f167f8fb51,BLOCKED,READY,516.80,e0a949f9-b3d8-5daa-a300-ca43badc6980,97dac255918fae8ac62a59f8764cfc686fb299a6035fccb18e0ec8b4bd0561ed,BE,PRADPME,2026-07-30,Dividend - Rs 2.50 Per Share,,RECOVERED,0.994678792569659442724458204334
,2026-07-31,,,,,,,,5fb9d93e-2d75-5707-b0b2-6f9c164bd1fa,,BLOCKED,,,,,,2026-07-30,Distribution - Rs 1.695 Consisting Of Re 0.922 Per Unit As Dividend/ Rs 0.278 Per Unit As Interest/ Re 0.001 Per Unit As Other Income/ Re 0.494 Per Unit As Repayment Of Debt,MULTI_COMPONENT_DIVIDEND_REQUIRES_SEPARATE_POLICY,BLOCKED,
,2026-07-31,,,,,,,,d5a39921-d3c7-5399-ac25-a484c47c6725,,BLOCKED,,,,,,2026-07-30,Distribution - Rs 3 Per Unit Consist Of Rs 1.72 Per Unit As Interest/ Re 0.62 Per Unit As Dividend/ Re 0.65 Per Unit As Repayment Of Spv Debt/ Re 0.01 Per Unit As Treasury Income,MULTI_COMPONENT_DIVIDEND_REQUIRES_SEPARATE_POLICY,BLOCKED,
0.25,2026-08-03,58384fe29be0e20a03567c884051ffdc4e7825752644073e3d2e194be22084c6,27.06,8c40a683-3e99-5567-9510-4fe0b38970b3,4b39bd7b894254d55f7dae2468f89580e0555c5760e315207363740a5388de8b,BE,BASML,94510322-10e4-5b6c-ac6b-102d861e1c10,06ae2f55-6e44-53e0-bdea-e0b1c1418054,,BLOCKED,26.87,71652df0-4a45-5f32-83be-ca0df0cf6ab6,b9340aa34b8b43c6fa2d71228cdd1d94fe7bebbe5430cd5f0f73af5a6e963764,BE,BASML,2026-07-31,Dividend - Re 0.25 Per Sh,,RECOVERED,1.0163751395608485299590621511
3,2026-08-03,ed41589c1ce56b59294f442a373765a556c7987690dfc1df842f820b47e696be,119.87,930cf87b-55ad-546f-adc0-c1029ae6ec8e,5a794d36dbcd31ea32f1372276b9eb615d9446c6163e5c3d52d22d6684b6b29c,BE,KAKATCEM,f8a2e883-e071-574f-9693-d6165f271c71,5266da7e-ccfe-59ea-bf7d-5b5f81e40acd,BLOCKED,READY,122.37,935b54eb-44c1-583d-8397-0e1d3c47a28a,a4405a53830eca1ca3d6a118631fc97dba3e4920cede51e2e7e9e6977ca9c719,BE,KAKATCEM,2026-07-31,Dividend - Rs 3 Per Share,,RECOVERED,1.00408596878319849636348778295
,2026-08-04,,,,,,,,50a554e2-ec58-5a7b-b8cd-83110de286fd,,BLOCKED,,,,,,2026-08-03,Distribution - Rs 6.31 Per Unit Consisting Of Re 0.37 Per Unit As Interest/ Re 0.80 Per Unit As Dividend/ Rs 5.14 Per Unit As Repayment Of Spv Level Debt,MULTI_COMPONENT_DIVIDEND_REQUIRES_SEPARATE_POLICY,BLOCKED,
,2026-08-05,,,,,,,,3e01bc59-76b2-5ded-b7ba-48f89d4efce2,,BLOCKED,,,,,,2026-08-04,Distribution - Rs 3.25 Per Unit Consist Of Rs 1.9491 Per Unit As Interest /Re 0.4264 Per Unit As Return Of Capital/ Re 0.8706 Per Unit As Dividend / Re 0.0039 Per Unit As Other Income,MULTI_COMPONENT_DIVIDEND_REQUIRES_SEPARATE_POLICY,BLOCKED,
1.10,2026-08-05,,,,,,,,a6dc1dcb-ed1a-5d4c-bb6d-62eaa412b6e8,,BLOCKED,,,,,,2026-08-04,Dividend - Rs 1.10 Per Share,IDENTITY_ABSENT_PREVIOUS_AND_EX_DATE,BLOCKED,
1,2026-08-06,70f1af320cd0aef2864c7931ac563c065e3256459c6b4b7c146d31188c4be625,1136.50,f1a29b82-b82d-58c5-9d59-95d492b3339f,5ce8ff88331b3f9640208c899026557e012d42501941c1cde7db6bb46cfd8dd6,BE,INVPRECQ,6a191e6c-9bb2-5638-83d3-26c68a189b55,0dad5e0d-33a2-599b-a6d2-a2893f9342d5,,BLOCKED,1130.80,d1db7dc6-a045-534d-803b-cff338e2f33f,ee670912f2f4d00445d46cf475311203ebb7a67d84ef58993f17d711ba610b06,BE,INVPRECQ,2026-08-05,Dividend - Re 1 Per Sh,,RECOVERED,1.00592500884329678103997170145
1,2026-08-06,dc8321b36b69891f5dcd397c7027358dc96013b1291eaa9bf4b1476dc99b36a8,107.63,ca46acbb-8bdb-5f76-ac05-b88d5f3ffbd0,679e3632d18173d40fbbfd014b8f9f2578900dee64da1cd02660f96791f25bb9,BE,BHARATGEAR,96cfe01f-1650-5701-8180-3664b25cadf0,ba54389f-b16c-57f3-bbe7-e909d70f8e0f,BLOCKED,READY,111.53,c912e6fb-abb0-51be-8a2a-e2ea533a999b,98f631e9628fd156d4805fb104a5406a3e87924a74b65d2c16f82e270b7192e9,BE,BHARATGEAR,2026-08-05,Dividend - Re 1 Per Share,,RECOVERED,0.973998027436564153142652201201
,2026-08-06,,,,,,,,d67f7dd8-d3aa-5a10-b2a0-95ab8e06b79c,,BLOCKED,,,,,,2026-08-05,Distribution - Rs 2.442 Consisting Of Rs 1.041 As Interest/ Re 0.861 Per Unit As Dividend/ Re 0.003 Per Unit As Other Income/ Re 0.537 Per Unit As Repayment Of Spv Level Debt,MULTI_COMPONENT_DIVIDEND_REQUIRES_SEPARATE_POLICY,BLOCKED,
2,2026-08-06,372b1cf04fb4373075684a3120c91d78c78ada80ea541b511541eb6267466adb,114.42,71d3a11e-ff0f-554b-bb6c-8efbe6825aa5,eda4d1c8a788ec73f62ec9c35bae6765c08326de9cb8fed00e0a2e5165bf4aa9,BE,BLACKROSE,9338d443-a4fd-57c7-8eae-0304f02301d0,df4e78e7-b6e2-5b03-94f2-9053f4a2db25,BLOCKED,READY,115.30,942463f2-6e35-5d53-8e1f-187d91a94dfa,d73491e6294d40e053259237160e50d21ec05e9b15adaf02572ac84ae48df669,BE,BLACKROSE,2026-08-05,Interim Dividend - Rs 2 Per Share,,RECOVERED,1.00971379011274934952298352125
,2026-08-07,,,,,,,,42896e35-f44d-5cc3-9741-d4b95576c6b7,,BLOCKED,,,,,,2026-08-06,Distribution - Rs 3 Per Unit Consist Of Re 0.5469 Per Unit As Dividend/ Rs 1.2547 Per Unit As Interest/ Rs 1.1984 Per Unit As Return Of Capital,MULTI_COMPONENT_DIVIDEND_REQUIRES_SEPARATE_POLICY,BLOCKED,
10,2026-08-07,e1cefff8d6d7d137deb7cfde164e55fcc9d95a592919e24233f9991106c5e816,1540.70,27e99099-db53-5c7f-8eb6-2817c1bdeeeb,3761a566eb57fdcfc7b0228aca2aaac8e3c37d0b77b4833534c327e09f1169ee,BE,VENUSREM,9f9b5567-8137-541b-bc20-95e80f1870c5,589ccc48-2178-503e-bef0-62fd881bc506,BLOCKED,READY,1562.70,8a5b0959-96ab-5551-9e35-c46af3cec3ea,bec1c9d335db7fb87fc75ed9e7b8dafd04fdb513adc63ed9f87c1b2e2de2295e,BE,VENUSREM,2026-08-06,Dividend - Rs 10 Per Share,,RECOVERED,0.992320982914186984066039546938
,2026-08-07,,,,,,,,729a6e5c-ee99-5ac5-9b5c-f6d60646ae19,,BLOCKED,,,,,,2026-08-06,Distribution - Rs 6.67 Per Unit Consisting Of Dividend - Rs 3.34 Per Unit/ Repayment Of Spv Debt - Rs 3.33 Per Unit,MULTI_COMPONENT_DIVIDEND_REQUIRES_SEPARATE_POLICY,BLOCKED,
,2026-08-07,,,,,,,,c988820f-bf61-549a-b310-c6543ed0e9a5,,BLOCKED,,,,,,2026-08-06,Distribution - Rs 3 Per Unit Consist Of Rs 2.3790 Per Unit As Interest/ Re 0.2583 Per Unit As Dividend/ Re 0.3483 Per Unit As Principal Repayment/ Re 0.0144 Per Unit As Other Income,MULTI_COMPONENT_DIVIDEND_REQUIRES_SEPARATE_POLICY,BLOCKED,
25,2026-08-10,1d076eb2e3f8751ba990f5395ae51a36c3f771c5df106f5674d1266908e6d077,443.80,8259b324-cf31-5224-9fc7-d1d951ea33b4,0abaec8194409e3249843a604a07a1ac546e353470797d4ddb1c8e28a597c08b,BE,MAJESAUT,1a33233c-0b4a-57e8-9bde-809856859ba0,9d6884a5-25ec-5a14-bed4-fb919216e2ea,BLOCKED,READY,492.15,a3a2f4b1-fcaf-59c0-8b84-258051aa54e3,9c41430935396b62526d3da30cc7d368c5ef93786e4bbb7f5810776c4f9aa073,BE,MAJESAUT,2026-08-07,Dividend - Rs 25 Per Share,,RECOVERED,0.952555115310372853804734328965
33,2026-08-11,98dfad2d48a423b97299c3444fc1157158108d5e877e455606dab31630f6ddca,2224.90,fae737d5-736b-594c-a114-c4e50a717756,70fcd2eb2c62706cd3e2a0565f21326ab30c7edf21ee248910e30a0a567e0a3a,EQ,GODFRYPHLP,4615e111-a41d-56df-8c66-edd645d9c786,23777fab-6f10-5a33-a9ad-23bfcc3bd344,,BLOCKED,2289.00,9d5b5597-334f-5eff-a8d4-10c3ff44e44b,d051cd776f6e121ddee03e956e8caf2e3778f179312963fcd9a4457401112ae5,EQ,GODFRYPHLP,2026-08-10,Dividend - Rs 33 Per Sh,,RECOVERED,0.986413280908693752730449978156
20,2026-08-11,724e9dff8a302b6b00bd67e047a03a07c4560f9d543f7ca4cb808d515c61173a,2924.40,6141e652-eab3-5e02-a884-99183302c5fe,f9107475b8a82e7e0308c9ea7573d358c6b10c2020360701fc71193649b7241e,EQ,GLAND,d3736988-c90a-5ed2-a6ad-b1e7912016f4,3b6d797a-a4dd-594b-b8c8-888c5f87eadb,,BLOCKED,2667.30,50348bf7-61b9-5a85-ae70-b3f61a42cea3,05b64b9945dfbb8eed7532abe40a9a2102029480889d78e6b2d242dc0bf77ada,EQ,GLAND,2026-08-10,Dividend - Rs 20 Per Sh,,RECOVERED,1.10388782664117272147864882091
3,2026-08-11,4a77e3ee8e500540e166f22542e33dc95df7c1ab2dbc9952d64d4df62571b155,174.36,4691929a-9f46-529d-8e94-60258ffaac99,67621aa931c656e4479e1b44b3269853e19e9ce0750e68a144eac988896db519,BE,KOPRAN,62c1e646-0818-5645-903b-54b064a03643,9745dc7c-ee51-5110-8681-89e52f4bcf8a,BLOCKED,READY,177.71,7287975d-aa68-53e6-98b6-ea684d70d672,f5eece620fc42007b65a7670eae7d5fea2959a79d326f698320aa7d43fd4c58b,BE,KOPRAN,2026-08-10,Dividend - Rs 3 Per Share,,RECOVERED,0.998030499127792470879522818074
0.21,2026-08-12,bda9bfa84f5500f423d71f2173926a3d3b5a24dde251fc0faa6ac5a489ed2f4a,76.85,a747e43a-c919-5bd8-9454-c9e4c629f1db,7ea4a0be716a0abfb06a328df1c9a997f708cf2aebb51e8ad3b5510438d7b60b,EQ,NHPC,ff595e47-f5ae-5b0b-bea9-1b5c676d3d94,1e440b32-9e37-5533-a79e-22ac5845336a,,BLOCKED,76.95,6a9784ad-3653-5525-854f-9e66686207b7,fbb9a49b1389cb71c612b2ced5fed854b6d3cc6c4855d85dc8d16119e04c325a,EQ,NHPC,2026-08-11,Dividend - Re 0.21 Per Sh,,RECOVERED,1.00142949967511371020142949968
,2026-08-13,,,,,,,,d616679a-0857-53ae-a0a4-7abec56d21ed,,BLOCKED,,,,,,2026-08-12,Distribution - Rs 5.60 Per Unit Consisting Of Interest - Rs 1.65 Per Unit/ Repayment Of Spv Debt - Rs 2.67 Per Unit/ Dividend - Re 0.93 Per Unit/ Interest On Fixed Deposit - Re 0.35 Per Unit,MULTI_COMPONENT_DIVIDEND_REQUIRES_SEPARATE_POLICY,BLOCKED,
,2026-08-14,,,,,,,,033392e3-835f-520f-9ede-ba9dad21e2a0,,BLOCKED,,,,,,2026-08-13,Distribution - Rs 2.30 Per Unit Consists Of Rs 1.70 Per Unit As Interest/ Re 0.20 Per Unit As Return Of Capital/ Re 0.40 Per Unit As Dividend,MULTI_COMPONENT_DIVIDEND_REQUIRES_SEPARATE_POLICY,BLOCKED,
1,2026-08-14,d1384e147b7eeafdeb2ba637572f13444208b25aaeaf17511d105efc16beb3da,66.87,4288be95-f82b-56bc-a1ea-2b93790539a1,01bc622a00b89f66c86defff13b012cc4f0e57978a38b96cd9ed4ce63679f3c6,BE,ALKALI,61ba9ef0-09d1-5896-95b3-cb14e7ca4045,41edd0c6-7594-5ba3-ab51-88078dc2c354,BLOCKED,READY,69.93,46f35ef1-8ed9-5562-b2a2-1ba976362e4c,b0db6c549d5258bf8ccdf6168fca161746d5eafb4e8f9eceb1beaee0cc68ea19,BE,ALKALI,2026-08-13,Dividend - Re 1 Per Share,,RECOVERED,0.970541970541970541970541970542
10,2026-08-14,4dec06559df62664da331866e5a1e6964f9834e2b7d979b635e9deed5ba2ce35,8920.50,6ed1a346-ee3d-5c32-9a6a-30c0d0c624c3,3ee69fd73597651203792a31af0c8c1df1a5aeb0a30884d5d465c8d3468daf0d,EQ,APOLLOHOSP,c347d65a-7019-52b1-aa5c-5d9607ef2663,50f78732-dd96-5aea-9ce0-8da8e712d118,,BLOCKED,8600.00,1e8410dc-37ed-50fa-811c-d257588553a3,27504d35948282e583b8d67ae9726cc3cb58df5a6550fcb987406107be71a814,EQ,APOLLOHOSP,2026-08-13,Dividend - Rs 10 Per Sh,,RECOVERED,1.03843023255813953488372093023
0.4545,2026-08-14,19f5848c38bf0f41769c1d944051df3a7d8614d7ea42ec1e40208aa6f77b61eb,40.28,099fbc13-92fc-5767-834e-c35b48765811,51ae71dc242df780747a6ecce1262598ad5f8c40e53326961d184ae534cc35e6,BE,KOTYARK,484417c2-f16d-5f85-9953-66e513114182,8d5d698c-6b89-5593-aa66-424e439b43f7,BLOCKED,READY,42.84,1b60b21c-d8f5-5339-bd6d-f632e847c13d,97a7ff394d17d970b8e989638dfe0e56f7152c3eed77c6ef1e03b934b81ad384,BE,KOTYARK,2026-08-13,Dividend - Re 0.4545 Per Share,,RECOVERED,0.950852007469654528478057889823
10,2026-08-14,6ff464015903c2bba05fe589a23df71d0537a26a684c6c16e228fd12017d4575,5029.90,239a1aad-f8c9-5509-a70c-cecd9bb03583,cb0508acd2a0449f8f97ba9ee44d4534945108f6e65a0354b40027ce90e2aa8e,EQ,HAL,4126b7ae-3f00-59cb-bc8d-1558eae1c08d,938b7385-9c48-5d54-8b54-94c05c32dc69,,BLOCKED,4945.00,db3433c0-9650-5c2b-8c90-68c8b35637d4,a0744434a168034a99aa2d6d25fffb7b102f6be13c0b783ce27484d27a2e0989,EQ,HAL,2026-08-13,Dividend - Rs 10 Per Sh,,RECOVERED,1.01919110212335692618806875632
,2026-08-14,,,,,,,,ca4a289a-7e36-5646-ac35-9b390432c796,,BLOCKED,,,,,,2026-08-13,Distribution - Rs 1.50 Per Unit Consists Of Rs 1.3748 Per Unit As Dividend & Re 0.1252 Per Unit As Interest,DIVIDEND_CASH_AMOUNT_NOT_UNIQUELY_PARSEABLE,BLOCKED,
,2026-08-14,,,,,,,,cbd41c30-e128-5fa6-b8e7-8827ca8abe94,,BLOCKED,,,,,,2026-08-13,Distribution - Rs 2.50 Per Unit Consist Of Rs 1.1508 Per Unit As Interest/ Rs 1.3464 Per Unit As Dividend/ Re 0.0028 Per Unit As Other Income,MULTI_COMPONENT_DIVIDEND_REQUIRES_SEPARATE_POLICY,BLOCKED,
,2026-08-17,,,,,,,,f2eb0143-26ce-556a-be71-0709a1f234e5,,BLOCKED,,,,,,2026-08-14,Distribution - Rs 4.12 Per Unit Consist Of Rs 2.6909 Per Unit As Interest/ Re 0.0224 Per Unit As Dividend/ Rs 1.4067 Per Unit As Capital Repayment,MULTI_COMPONENT_DIVIDEND_REQUIRES_SEPARATE_POLICY,BLOCKED,
2.38,2026-08-18,0d5d337c32707535d3223fef4519e1f637e1ff9078013b88a5ad21b46a686a9f,112.58,7ac7a7d9-62a4-5491-9893-0a2600897dda,7661188ca7082fddb8ea1f7e3ce1d84910618b96c0929755ab244cce473e7884,BE,ECOSMOBLTY,ff5f1415-3497-513a-963f-473547c31553,0b917331-2dbf-5c8e-af17-bf95552e0da6,BLOCKED,READY,116.99,6015f92f-57fc-5474-9230-635697a39f72,de9925702d7e859493848efd76b330d7e68670d1ada7f04b3413c40cb19dc420,BE,ECOSMOBLTY,2026-08-17,Dividend - Rs 2.38 Per Share,,RECOVERED,0.982648089580306009060603470382
1.20,2026-08-19,4ef66cb81e909b2fbb77de6047ed8600f84c254a856a33051612556466ac645c,255.04,f3aafd40-7b94-51cf-b9c0-a9c33560d303,1585ac2ead917969a148dd81eb8f5ac519cbf134dbb584d86ac4d6530144c07c,BE,TAMBOLIIN,d1dd1361-da34-5c14-ad3e-47e8d5fbf0e3,19a2642d-fcee-54b8-a59f-a23ae788dc43,BLOCKED,READY,259.34,fb36ed85-daa5-523c-822a-bbcf5656c099,da33db6727600a3ba5716cb53f740e43e128ce2c6ae1fea20484d393318903b8,BE,TAMBOLIIN,2026-08-18,Dividend - Rs 1.20 Per Share,,RECOVERED,0.988046579779440117220637001619
,2026-08-19,,,,,,,,497ed11a-f20c-50ea-af64-fe4a61b88ada,,BLOCKED,,,,,,2026-08-18,Distribution - Rs 2.6123 Per Unit Consists Of Rs 1.1894 Per Unit As Interest/ Rs 1.202 Per Unit As Dividend/ Re 0.2209 Per Unit As Return Of Capital,MULTI_COMPONENT_DIVIDEND_REQUIRES_SEPARATE_POLICY,BLOCKED,
,2026-08-19,,,,,,,,5b563037-e639-55ef-8f96-51c6c47f7ad2,,BLOCKED,,,,,,2026-08-18,Distribution - Rs 3.95 Per Unit Consisting Of Rs 2.10 Per Unit As Interest/Rs 1.08 Per Unit As Dividend/Re 0.76 Per Unit As Return Of Capital/Rs 0.01 Per Unit As Tresury Income,MULTI_COMPONENT_DIVIDEND_REQUIRES_SEPARATE_POLICY,BLOCKED,
0.50,2026-08-19,1309578bde7efeec8175720295e1e824ee2791266be142944871f969ae6bf072,64.61,49679830-9535-533b-9ef1-d98321fa8866,b5ba7ff283cf79d412eca29483f3c015a24a2b5e450b4d4be5c0304b9b609584,BE,GULFPETRO,adbbc030-0e40-5922-b09b-29f819f9c67c,60ad4392-b105-5140-aca1-e9b8c38d8b3f,BLOCKED,READY,62.81,b66bd20b-6073-576f-930c-827b0fa550be,5d0cfb612659c9ff2a0378c8f2b6dceab2ee25da78a726cbc324340c4c98cbaf,BE,GULFPETRO,2026-08-18,Dividend - Re 0.50 Per Share,,RECOVERED,1.03661837287056201241840471263
,2026-08-19,,,,,,,,a3f4af05-06d9-5381-aeae-33c53f2e8235,,BLOCKED,,,,,,2026-08-18,Distribution - Rs 1.94 Per Unit Consists Of Re 0.88 Per Unit As Interest/ Re 0.87 Per Unit As Return Of Capital/ Re 0.19 Per Unit As Dividend,MULTI_COMPONENT_DIVIDEND_REQUIRES_SEPARATE_POLICY,BLOCKED,
1.80,2026-08-20,d4451878d6f476ba06e3a226fef0d4a8bde940b6e14ee434c47b6afde79039fe,165.41,8e727265-5fe7-5bf7-addb-d2a01673474a,edf64a7da103403711dc24f87daa7f75f602d7a6f5844fbe110df2a20e6dd04e,BE,OCCLLTD,dca0c803-a6e2-5c75-82bd-e4e0b55c4508,7b963e78-c7e0-5fc3-8a0a-972af312acab,BLOCKED,READY,165.14,fb5bbeca-6662-5810-82c2-f3c17ada5de4,955a05a99e5d52e4abffe224cb2d00ca71b10d5032be29a87799daec39e2585b,BE,OCCLLTD,2026-08-19,Dividend - Rs 1.80 Per Share,,RECOVERED,1.01253481894150417827298050139
8.50,2026-08-21,618fab64ce732d6eef122b0107b822722f72b00cddec0c1f9c15400e11e4291a,1785.20,34716580-9690-5427-8501-c83a0025d06c,e16a503ef87d8a55af5e4b032345c39acc217f4f8266e5cacb170d1edfc5af67,BE,VELJAN,0f91dcf9-63e0-5f8e-8bd9-930d25352dd6,0a2a59fd-42d0-5915-bd49-13ccc407af5e,BLOCKED,READY,1840.60,04383500-b394-5dac-9566-d6722691a661,a78ce5c7c26e93d712d2efe859c6589e14d38c7f8fbe5b11e3459ab2f84f4ca7,BE,VELJAN,2026-08-20,Dividend - Rs 8.50 Per Share,,RECOVERED,0.974519178528740628056068673259
6,2026-08-21,70d0c6254962e17845f96f1834844abb12e1d0b4cc458e5ad57739ee0e067df0,757.10,e4b2b134-7c85-54ff-9416-31a23c8f971e,f254c017b60581d9e572fa90c87775b8d4a740472e107f99f2402d635b52f720,EQ,MAYURUNIQ,1cdc8756-79f8-54e0-9cf1-39d13be879ab,893c0d51-6687-52ed-a8ed-b8e46dd16523,,BLOCKED,776.05,f829ea1b-ec6e-5d3e-9dd4-f89ed9797eaa,a6bb1c7bdf31246ed076152f381cb8aaef36e7609226569e66956c9a0b8bddf1,EQ,MAYURUNIQ,2026-08-20,Dividend - Rs 6 Per Sh,,RECOVERED,0.983312930867856452548160556665
0.60,2026-08-21,43b0d262a899a140ca94de03085c76689cc71b4fecbca817a743498833e4df78,226.21,4bbaba8b-6330-5053-9c45-6e5e6d57bda9,04bfa063da51400408c533a8fe48d317178aa08fa121e613e45179202c3b1490,BE,UNIDT,70c69920-e35b-59cd-91a1-a97e6a2d0ee9,bb2c6800-86b7-5ad4-b801-b11377108bc2,BLOCKED,READY,225.51,d2451d16-a108-5f03-8a13-7b92d9d4e52c,2703b98c85020862810386f40b2b95e27415f3b5322bbc8449ab5b3fd3971ef1,BE,UNIDT,2026-08-20,Interim Dividend - Re 0.60 Per Share,,RECOVERED,1.00576471109928606270231918762
1.50,2026-08-28,e6357bcdf7fde354b33e4381406972acef8ac22f546fe9cbf9260d93f0cca3c7,44.50,19195d0b-0bae-592b-ae63-31771fffbe87,bea442fcf33d47d542696c3ee8275c40dd41fdf2ac6dbb9b66a5cb9154ef96a4,BE,VARDHACRLC,20c60913-bbfa-5d10-8eb6-ba589bd5b3ed,30b1c1ff-f0f2-521c-b7ac-392e72468d23,BLOCKED,READY,45.32,d28e74ff-ca2b-5a71-b787-7453a584ea4f,e80ff507131d4f90855953810b4f5d2d5741904e11940e1b591273bec6162d64,BE,VARDHACRLC,2026-08-27,Dividend - Rs 1.50 Per Share,,RECOVERED,1.01500441306266548984995586937
3.20,2026-08-28,b96f44721ea88c89e48ec26f7c1f97522b9e16ff1be567f9c253d20f23131209,114.24,7d4e9608-3213-519b-95ff-a18cde35a0d5,6a9e93e59a1417de087531a1d4f48f29a54b0b6552c18b00dedccf78d9b3d6b5,BE,EMAMIPAP,4af48eab-e735-5d83-bfc2-1a92dd4b76da,44ac8195-e2bd-5b69-9ce5-c41ba593ad86,BLOCKED,READY,120.38,e3c027fc-3656-5132-afb8-68535913f834,2cfba6a98b338f529a2604df4a6a0e172a5d76fcbb2d37ee8a319bed0244e691,BE,EMAMIPAP,2026-08-27,Dividend - Rs 3.20 Per Share,,RECOVERED,0.975577338428310350556570858947
2.75,2026-08-28,81609acfbb6b88c564dcbf0603080d6ee52d393cf12879d1508d1a604cf52d8c,219.95,ce60012a-5317-5ff4-8cd2-1f8e95160f19,e86baa6444f07ee83f4fd94c252be3a9462cc6fa27ce3fb4c1d5c2cac42b6cb8,BE,STERTOOLS,697da427-605e-56f8-b46b-bcffe224128c,78bf5b4b-4d05-50f7-b712-b13283e63b02,BLOCKED,READY,222.15,15db047d-7b91-5207-a2a9-92e36ba27138,72eefbdbc95f046cd7fbea778575ff6ff810dd4fa8e5456eb949c441daebaa3a,BE,STERTOOLS,2026-08-27,Dividend - Rs 2.75 Per Share,,RECOVERED,1.00247580463650686473103758722
0.70,2026-08-28,f74c6e756e85e7649008f57fdf0c015bdd804ca4c45eda9938cee62ad87bbc94,139.29,99b7bd12-3be7-5202-b2b1-e6d5533d694e,a38e04c57e612d1a021b1b082b70f0a6cfcaa70c79ca2d81d4feff09838e5948,BE,HALDYNGL,d2f5d865-09c8-5157-a88d-71849a5f1c47,cbeaa0d2-383e-588f-9113-2ab81f7bc479,BLOCKED,READY,134.26,c29254a1-c1b9-5f11-91ec-92759f3a4c08,b957536679c55aa99ab85b1a0399e33ecc44b021983a70b1f31f2361634f02a3,BE,HALDYNGL,2026-08-27,Dividend - Re 0.70 Per Share,,RECOVERED,1.04267838522270221957396097125
0.50,2026-08-31,66e530566d8e2411678a94bca4289bbab02881f0e9cf8d5de165beb298c44d41,237.07,ae4c99eb-c1fc-5f5b-bcef-3328c61c7e1a,5dd6f18d4054306c442cb417f3356d6ab4ace7151cdb2178a0ab385a6dfbf2b9,BE,ORBTEXP,2f4b35dc-2741-5868-a913-8a9ed324c8b9,e8e4743c-f3bf-5ec1-b0a6-662f36ec83cd,BLOCKED,READY,243.62,554a4fb3-2996-589c-9d8a-345e185b2f5f,92cde2ce5dab31bf15334fde68b57d7565acb1e13012375619ce6bf26ef0e77b,BE,ORBTEXP,2026-08-28,Interim Dividend - Re 0.50 Per Share,,RECOVERED,0.975166242508825219604301781463
1.25,2026-09-02,bcfbd96892cb8cabe3a0ef307c2bd151b0ae329d5def83394c6dfe3e7bb92611,112.64,e65a2832-f8ee-58c4-89bc-50a668eb7bd5,0d31ab0714c4ed4ba0dfc35be255f73f55708c66eccd382aef4d4e6693122f46,BE,BLACKROSE,9338d443-a4fd-57c7-8eae-0304f02301d0,3c2068fc-4346-5911-b5ca-ef4fe91b7a6b,BLOCKED,READY,113.60,04e455c3-0690-5326-9cd6-50ebd0a17f19,5c6cd95031e4a3d40fa93e3d89ff908d7912856e82262175b988d8e636043070,BE,BLACKROSE,2026-09-01,Dividend - Rs 1.25 Per Share,,RECOVERED,1.00255281690140845070422535211
1,2026-09-04,a984f1632ad90fdc204a2b63299e6e658682abddc01c22580c8754a117c77a0e,337.00,72d64385-882b-5a33-8c6d-df683524e5a9,5242296993e8552ae474e80727178fd7cc3605ca58ebcdee7712c8f31ca4edc1,BE,HITECHCORP,65ad4853-14e3-5e31-ae23-3c7822aba4ea,448af540-09b6-5032-afb5-8d4ff7bc13a8,BLOCKED,READY,337.00,f6c48f00-a1a7-595d-bf91-912c9c58e6dc,48a7107c8227df9ab99d0ab1112eeddfbba2e84b55de7ac66fcda89cf5e3144a,BE,HITECHCORP,2026-09-03,Dividend - Re 1 Per Share,,RECOVERED,1.00296735905044510385756676558
3.50,2026-09-04,4294c36869eb92c9682a8d54f53a3230e70339db9954fcb52e7597e661d234a1,154.30,df3a5cf3-cdc7-50b3-9f23-63a524b87ef1,cbe3a4c07ffb0c12d93050f1868c693f2a7f6e7e0df0441a81db9e72ca4f3fd6,BE,JOCIL,bd9dc099-af1c-5971-a83c-e4c028a87307,46097fb1-fccb-527e-9706-b15e9f694515,BLOCKED,READY,152.89,099db9b8-514e-5bc2-8852-dc41d00d36f4,d3877852b7fff17e4149fb4d7d9988c271050e97837b8349fbc70a8022231868,BE,JOCIL,2026-09-03,Dividend - Rs 3.50 Per Share,,RECOVERED,1.03211459219046373209497024004
1,2026-09-04,9d3887bb97f5e0b02aef70e491d20a6fe76126b2c9cbfbb53bb19edb279eea1f,139.59,71722e7c-ad63-5868-aa8e-ef6af51b76c2,f41b515a852f6b3a0692e8f65704b0a3e86015b7c1814969efd59fb6c9bc2eef,BE,SPECIALITY,089fa15b-6d8b-5827-86a1-f494d638ee04,8530fcfd-001f-55ac-b8a8-4bff76a731d4,BLOCKED,READY,135.67,9d3256cc-a23e-5dc1-8133-9ed916e077b5,b02a630a045df9194cb5a1c32c44fe785c22afab5722d3adde1136f055ffc412,BE,SPECIALITY,2026-09-03,Dividend - Re 1 Per Share,,RECOVERED,1.03626446524655413871895039434
4,2026-09-04,0c2fd5dc0d339edb9f60b8ff713ae3e73d4ec789f8afe9e326e1ca60e5c77bd4,270.00,8378acd9-f2e6-5ec4-a738-aab178e0b2eb,3c9a063512bbb6f6213c7bc9c9b4d32dbd6bb3a4cc2b035976d0de81d4f4354f,BE,MAZDA,7ba373c8-413d-5c2d-acea-b2c687f9e282,9c6722cd-c774-5da9-b6d2-c0a1443d28a0,BLOCKED,READY,272.85,de549801-4a71-5e4a-b4b0-0dade7fe34ba,43a9b3e3d2923ea9d29a1e992811c932f72f1f2bd9c535567f2b6f2a28e9ba93,BE,MAZDA,2026-09-03,Dividend - Rs 4 Per Share,,RECOVERED,1.00421477002015759574857980575
2,2026-09-07,d85231661eed6bc52048d6b19c04da2acc5540608c59c3734975b833a77a22fd,370.85,b292b2e9-bc77-50a6-964c-5ebe88a98d0b,be58c37addda416e835d861c4ff881fb87003ea4ff5df0391c9920d0a28c5523,BE,GEECEE,14d09c9b-c276-5f22-baf0-59afb2d58256,8c6b2e71-8626-5815-8544-121ffec02ce1,BLOCKED,READY,366.20,b8a1671b-3b5c-5365-819a-dd15f41e535a,6c81828b4ed664801efe26613b145e2567620854fbd2750f48b226bb8f7635a3,BE,GEECEE,2026-09-04,Dividend - Rs 2 Per Share,,RECOVERED,1.01815947569634079737848170399
20,2026-09-07,46f6633275746e51916aeadec612c75ee4e243edb4aa57f341a72195799d9315,1399.20,04020f33-7123-54b2-9f43-7a0bed703b5f,2928b6661b6c92b3b909bab41d9d618135fd3d8430cec9744656071588b25969,BE,TRANSPEK,7b80108e-f4f0-5113-aefe-ca724812d92d,da75fa40-e2a3-58ea-b175-713fe19c424e,BLOCKED,READY,1446.50,d09a92dd-a508-5542-819c-a9bb4db8b7dc,b58e2f41da00cfc18f229624e91f757864a81253d96653beac507ba4ead83c44,BE,TRANSPEK,2026-09-04,Dividend - Rs 20 Per Share,,RECOVERED,0.981126857932941583131697200138
0.50,2026-09-09,4fa6feac4e972ae1089e2b32fcd3f7ae94d233affe218fed0c6484b5bb4d45a7,172.55,f6672958-8c77-55c9-994e-9c7bacb0c8db,7ea1ab38980a547859308dc34f6d9b51783882c8fc020b9580c0c66c15062a9f,BE,KRONOX,22a28789-0c9f-5f4d-99f9-c3de837e146d,dad71b0a-b225-5aa4-994f-2ce4f6907623,BLOCKED,READY,174.97,faa9bf99-f496-5d69-8267-5f342f2b2f60,aa5115ced70f1522ce928abed1b9b4464fd69e4218083ad700486d638070686d,BE,KRONOX,2026-09-08,Dividend - Re 0.50 Per Share,,RECOVERED,0.989026690289763959535920443505
0.30,2026-09-11,,,,,,,45509293-c3b2-5d98-91ea-9433833cd6cf,53d7b7a9-b284-5c71-a0cd-869fedd2b83c,BLOCKED,READY,,,,,,2026-09-10,Interim Dividend - Re 0.30 Per Share,EX_DATE_CONFLICTING_ECONOMICS,BLOCKED,
0.50,2026-09-11,5de2db7713b6884a2a9f1771a11bae0864b48e03632ef7a8194825c05b917926,415.45,58bb01ff-cb14-52d3-8663-180e719ba743,2571af5d5d3774d9f27d12c168c7117b6796d38b04c531e7c4c6755f716afb96,BE,ASHIKAG,11ecdae5-6158-5ddd-8c35-84248249986a,855263db-71d8-5835-a77c-af11e35ee0f7,BLOCKED,READY,411.30,08d43542-9513-5ef0-adac-e80a47dbc292,4068ad7674aa2bc34f284cd639864ce8de386647bed179d1172a3a174711b33d,BE,ASHIKAG,2026-09-10,Dividend - Re 0.50 Per Share,,RECOVERED,1.01130561633843909555069292487
1.47,2026-09-11,b8843b6b8d01966dc409b6c8add3653fb41e6a7699dea651770f11fdbc1a7914,301.50,26190f86-1bff-5d02-9c51-1ae51fbb69e3,80c97c7cfea0dc0f7c36279b95073a39d04f5b1bc0f9f05c1fe863b4d25a4442,BE,CONSOFINVT,052a9ea4-cb6d-557a-8670-4ef9502fbb7d,a88aa7c1-9179-5dc4-80c8-b04de2c8db35,BLOCKED,READY,303.50,b83f0b5e-0d9e-50b4-ab56-5edc4769b793,d75a8156df536b0bf04c45d7061fa77f5c180cfb18d6baa4814e7f9baf7f532a,BE,CONSOFINVT,2026-09-10,Dividend - Rs 1.47 Per Share,,RECOVERED,0.998253706754530477759472817133
1.50,2026-09-11,99d7ae545990d5e2fadee323215f49c8f83dc387ad438e528f2d0b7a287f9dd8,238.85,28c88b3b-81e5-59a5-a989-1bd4833517d1,512dc9358493b60be480656c419ee560f0ebf07a66f6f721d158830ac3a91309,BE,PPAP,2022e3f0-74cd-52eb-be95-eb2bd77930bd,dc7e3805-5aae-5618-8d2c-174c4b004ec2,BLOCKED,READY,242.75,af8a0767-d3c6-5d37-8571-cb05eb46f043,166782da0ddf7fbbf56d83f1c10c79cf417c0972dbf7f8ccd3cebdf0ee385100,BE,PPAP,2026-09-10,Dividend - Rs 1.50 Per Share,,RECOVERED,0.990113285272914521112255406797
5,2026-09-11,c5096e614fb3fe38a39debf71ceeb7dfdaefbd1b8b219db0fd0cf859162d74a9,310.25,6ce1adf7-3342-5ef2-9b8d-bf14613cd4db,b14b460435dff1c8877a6e3aceffc8b6b9dd0e8f45cbac62b74948a7041ae5df,BE,ALPHAGEO,b4081951-e597-5fff-8295-80ef5077b6cd,f87cedef-7cb2-5c6b-8373-0d67f5239cc9,BLOCKED,READY,321.80,cdd48870-5686-55b5-a09a-528f32965440,d7db7ada830af9ac5caa9e027da82e1c5faaac1f27b67042f0e4d234c35dd361,BE,ALPHAGEO,2026-09-10,Dividend - Rs 5 Per Share,,RECOVERED,0.979645742697327532628962088254
2,2026-09-11,3d611570f34c166e8685efa54bf3da6fa9a08cc144b15c0cefbb8e5454897091,207.39,b67d9221-4849-5116-a2c4-536249611f11,bf5e311a21cd421b6c755b97fc56729fbb35986e62a652c4873d5ac12a73cb44,BE,MOLDTECH,333f9368-50cf-5be0-aa74-c6e96758c5de,fb4b789c-273a-5e99-abf9-4d563f588892,BLOCKED,READY,211.69,67c9d740-cdaa-5930-ac61-ef76727da69d,37d9c68bd0ad0a873bfa16cbefad89a36392e6a91f7858e3bbcb14daad340eac,BE,MOLDTECH,2026-09-10,Dividend - Rs 2 Per Share,,RECOVERED,0.98913505597808115640795502858
4,2026-09-15,e26d0850cbcbe82d5870b6d4d2e196e72a9f822233e74d0ce20bdb9f4fec80bf,551.80,af1f5749-88bd-5628-b92e-144f8b2cfb41,898e81f35f3bd6a1346ad522e65239e653e60767e60884c8323a885a4f9ac77c,BE,HITECHGEAR,f7261c7f-30b9-5cac-a3d6-2dfe7c417508,14ec256e-dab7-581b-b22b-259f9ba06c0c,BLOCKED,READY,567.45,7da6ac94-652d-5f01-a041-f2cd420a09f1,ce590108d400ec3c6ce750050dcc371715f5df2c2fe138b17ea3c99a8eb3802c,BE,HITECHGEAR,2026-09-11,Dividend - Rs 4 Per Share,,RECOVERED,0.979469556789144418010397391841
0.30,2026-09-15,3aa365fca0a3679488783c610a6a0c8d9ee7acdb5ebaf37ca0ffb7672f304acd,64.54,09cb3f55-d367-5ae2-89e8-74b06d93538f,8fa705e9913db29d43387eaa9838d0670a8687aead50094e48b3b9bb38f96c4d,BE,HEXAGON,ac5eea07-3269-5c44-a24b-de589bf8e867,1587bfe1-bee5-57ce-9560-5f0e875f27a9,BLOCKED,READY,67.99,03e1c1e7-0ea9-5a2d-a88f-ba2a2decbc2d,02ac0a21ade58ca1aed292c9147f66f759efeb8a39bf21d94e21940e6796a8aa,BE,HEXAGON,2026-09-11,Dividend - Re 0.30 Per Share,,RECOVERED,0.953669657302544491837034858067
0.05,2026-09-15,37a5dd6056d50440a5761e8e0b3968a29fa478dac40d872171618e73973e9790,9.72,90deee19-b79e-598f-a359-7f4474bfb163,d39dba1202c4fffb95774afbfacea2c9e604aee24a8b054c0f014fd755b16a9f,BE,SUPTANERY,c47ec29e-286a-57ec-8e03-dbd3038bcd63,62297325-4b9f-5e41-91b4-0fadac19d120,BLOCKED,READY,10.28,090cbe70-9d67-5a2a-9b7f-93b82fae8bde,6cc1b69f1b73713a8726cd1a9729cdfb6780d8e8c55e7367621411429403f641,BE,SUPTANERY,2026-09-11,Dividend - Re 0.05 Per Share,,RECOVERED,0.95038910505836575875486381323
5,2026-09-15,cc142be231bed1008b1968d6f228b9e377f969727fe4dac102ec9016ff0173ca,838.55,c3ee627e-43c5-5b25-9d62-704bde15c3e3,ff311a1b80bec0713307793a4104930329a50e83238bfbfc7609b5e74b74ad0e,EQ,ARROWGREEN,d49df878-b9dd-5519-bf69-9eb354b313a6,99751011-747e-5e6a-8b0d-36a6733877ad,BLOCKED,READY,813.00,2c42fb40-03c4-53f5-a272-06f9d87a7fcc,438986d398791b0a6d655641355074915f0d058e59e7a2b0b72c07a156b0d35d,BE,ARROWGREEN,2026-09-11,Dividend - Rs 5 Per Share,,RECOVERED,1.03757687576875768757687576876
0.10,2026-09-15,3aa01843ca31dea17b882df2d54a8a20ee16152751bcf5f56f3f559037fe9395,70.99,fa46ed28-a3fb-554b-a979-cb8d0f676b3e,ee34a07f06f505e0f991c4b6c3f8a4925c87afec37a4bc54f389890a5271e888,BE,SYSTMTXC,4751c59f-1b1c-577c-a1d8-78cd9f6f3c6b,a24ea185-373c-55fd-aab1-42c1365b266a,BLOCKED,READY,72.53,8c3227d2-b719-5eac-a9e4-777447a99689,ed21366cacd08cb823a234e81c6b47d240aa6369a2f7b8ea31c0b8210efe798b,BE,SYSTMTXC,2026-09-11,Dividend - Re 0.10 Per Share,,RECOVERED,0.98014614642217013649524334758
0.50,2026-09-15,50136b10e8f15bc61fbae6e07a367494b5c12afa56496856ac9e78d77562d0b0,401.80,e5868371-c8f2-58b3-aa3a-f6bb5572421f,b4580813e60b9c92c4b2ef0fa27fa436f3dc247980b9a86ef61ec7ff2ccfea33,BE,AKSHARCHEM,c1210082-905b-587d-aefa-ca37e16275eb,f1f43c12-afd2-5d7d-9a31-dc5a3804b6e3,BLOCKED,READY,423.40,ba473d09-d50b-597f-a8df-fe42cfd681d1,444b47bad9663aadbe9e1911443945b4e0b589c682a939a8cd6ea75c329da12a,BE,AKSHARCHEM,2026-09-11,Dividend - Re 0.50 Per Share,,RECOVERED,0.9501653282947567312234293812
2.40,2026-09-16,d457d875d4a67252fc3725bf170eab2b3707035f84bf6a65f61428d261c48128,272.25,d1e593e0-55d7-5141-9a86-a8f9e6c5914c,b9a6dcb9308858d28a4f05d998b3571964834f9bd771d57a7807781e1ee06611,BE,PPL,c271ab8f-7f7e-5764-9fc5-c8ae41f7c691,0899ef9d-4fae-55f8-81c6-3ecad973c995,BLOCKED,READY,277.45,23f483c0-765e-55b5-b633-f914c54e5c39,b4085fd86a706074b57042d48aa2a826c0f7d964c6d73d5e179b7ba7e1946bc5,BE,PPL,2026-09-15,Dividend - Rs 2.40 Per Share,,RECOVERED,0.989908091548026671472337358083
0.30,2026-09-16,9c8be5c53a6018bc82cba42d42051e73365f494b71c1d45bb3e98ebf0f85a2f2,87.75,0cad513b-749f-5abd-b43d-fc5b4ca3f4a1,2d0f1097568210b834943c528bcce1f58e3323fe62e3d47ffaa5b0d894c60c1e,BE,EMMBI,e162bf04-b96f-5318-a175-6de46394dd9e,65f71c04-9ee2-585a-895b-2de0ecb6510d,BLOCKED,READY,90.39,8516513f-fa1b-59a9-9b09-51fbbf0e7b90,d093d617846118321dbe9fcff6ba82f10438a8ca147104cf407101d898b1e824,BE,EMMBI,2026-09-15,Dividend - Re 0.30 Per Share,,RECOVERED,0.974112180550945901095253899768
0.50,2026-09-17,cf5147ff88a4c458bd02f5ee5d68ff0474ce6e6c5b51fcef5c4bcb6ff9327bcf,123.57,ab9bc1ca-ef43-5c54-8dd7-9b033ed8aaab,1e10801432d2b785205ab47a65193c7a586dc8306adaa7e6933ce126fbdb0167,BE,INDOAMIN,0a9671ed-e5a5-55c9-b16e-f076ba42ea50,1075af61-56ce-564c-a64e-6cf7a47e6de3,BLOCKED,READY,123.06,a8746991-46c6-51f7-8bdf-80cc0dbcdd11,d825e512a7e1f831a9fefaed0e792498d40e26cf778794a3b46b4161a151d1d7,BE,INDOAMIN,2026-09-16,Dividend - Re 0.50 Per Share,,RECOVERED,1.00820737851454575004063058671
0.20,2026-09-17,b8b59c989440922be95c636fac207fe9ed29b37f98bea510ec39d30553bd48e0,13.89,3de0810a-0834-5896-a5fd-9d6d14f3e19c,01c09376ef86c4684750df1b167ccb9755a52e710a0e5a132a7ccf0e9e6dbb44,BE,PATINTLOG,adbfb37b-c058-53a1-a2f7-11d0308e4a51,5c5e211c-68a0-524e-88d6-01e11f25cc36,BLOCKED,READY,13.78,5ea914f6-2b34-5818-8df4-4debe72ab0f5,14632d2827735d5487ab5a01c2f06077d8440f2eea887965d2673913839cac08,BE,PATINTLOG,2026-09-16,Dividend - Re 0.20 Per Share,,RECOVERED,1.02249637155297532656023222061
0.10,2026-09-17,6cd926ecfe91450c968b7ccfcc469173bc5a5d71f102ace16060c185ea89259f,28.89,ee03decc-3e89-5b73-a7df-cbc77f7d3e47,b4141d91b433f528be122eb56c6ca3c4761af22973cb62dd1a6d5c7eac5ba806,BE,KCPSUGIND,ee38f8a1-a5c5-58fc-9d82-72c48ba5fd9e,e0d71dd0-e7a2-522e-929f-1e85e89ddf42,BLOCKED,READY,28.88,00d1eb17-75eb-539f-998a-d6467d4c1ea4,3b272fffb3ab3d0c803936f076653213081396ae3cf0680ac8e130d8a542caa1,BE,KCPSUGIND,2026-09-16,Dividend - Re 0.10 Per Share,,RECOVERED,1.00380886426592797783933518006
0.005,2026-09-18,8ed6907dd0129456d3c6796ad2d955bcd56f806f4cb9aac26737f1cab1d6c0ad,0.83,32edd5d6-6869-5e97-806f-f4c29050b66c,e8644b464f099f47a0efe203d3020af2e220a787330c281f7052747a76c22b49,BE,NAVKARURB,2f889af3-d4af-5950-9520-2380bac72cee,24b1876b-614e-576d-b5b3-77dd6bc909b6,BLOCKED,READY,0.83,a2fc7ad2-8631-5cee-82a6-d07148fa4a22,f5a7837d4bcba580e42471e5b50a03d5eeefd27eb1ce30f8326a88bd8d732c3e,BE,NAVKARURB,2026-09-17,Dividend - Re 0.005 Per Share,,RECOVERED,1.00602409638554216867469879518
2.50,2026-09-18,,,,,,,077c9da2-0175-5867-87da-b9832c4a9edd,4f68fcdb-48d3-5b0b-9cf2-7b3505701753,BLOCKED,READY,,,,,,2026-09-17,Dividend - Rs 2.50 Per Share,IDENTITY_ABSENT_PREVIOUS_DATE,BLOCKED,
0.40,2026-09-18,8d4ee9a369a3acb1e3a18ad395fb11e39895703d2cf08f537df4524d2af3463f,41.05,5a4b6e0e-c9ed-522c-a202-dcb9a8731703,70d2795e1e1f0b68499826c8f474498346544623b10c4a90fe80bad134f94114,BE,KAMDHENU,026abe39-2560-5ad5-9095-b49388da311d,7787c9c3-3b39-565a-a5a9-f4bfe9e53a56,BLOCKED,READY,39.50,fe69a4bc-d79b-5461-a298-fdd4c55adf34,e54a779d5ca4b31e347ead29bfa695aa3dd240d818f42c6d66ee7b821fb01260,BE,KAMDHENU,2026-09-17,Dividend - Re 0.40 Per Share,,RECOVERED,1.04936708860759493670886075949
1,2026-09-18,ceccaf478b8a48fe433456725768b7b649b880434a90fdaf3e7cb3107b7e4bdf,328.00,3305c6c1-3765-55db-9bea-73a03c961a66,9666fd001128a1019d3dc24a25803fffe174665fb732536cfdd7ad8d22fbf589,EQ,EMMVEE,28b182d8-11d2-59e9-a0f3-e3ef724d02ce,806e3e50-52fb-5da9-97fa-66c843641bb2,,BLOCKED,325.50,23e03eb3-2c9b-51a2-98dd-7b5fe0e33bb2,38d57b490bdb8712ce9f0a26eb45fe3c53c6bc4a449a6f7575d0a85cbdd2090c,EQ,EMMVEE,2026-09-17,Dividend - Re 1 Per Sh,,RECOVERED,1.01075268817204301075268817204
1.2,2026-09-18,0ae56ce3d931f350e37515b8cb4042d78dd4e92c114231fbdc25750031aad628,170.11,76f567e8-a4e4-50ec-ab3f-96c97c2a71a9,014ccd3f8e2991afc881c42c158aad1f1231ef86bee30ceae9501893c5554653,BE,AVG,cecf33cd-e1ed-5941-aa28-fbd86d002974,8b35fe51-0222-5e4a-b0fe-c2a4cf9ecb01,BLOCKED,READY,170.50,7efcef3e-7e1d-5199-bbf0-a0131b5c60ef,6a481787075a807eb693265ef9aa85d2b037a5b878f1caff8f58e142dbee5fb9,BE,AVG,2026-09-17,Dividend - Rs 1.2 Per Share,,RECOVERED,1.00475073313782991202346041056
0.75,2026-09-18,583dfb19a971c05c90e6f3ccc60363c76293343493cd8920f24efa980f3d1a89,910.00,5c80aa9d-1fda-55a5-a831-34070af2f72e,eea809ce7ad6b25ae9fbacfc99a92cf10510223c6ae773c9c147a87f6a7b5c2a,BE,PKTEA,3b5b753f-292a-5933-95cf-ceeef8a77d91,baf4254c-da10-5443-a812-087dd63dfa2d,BLOCKED,READY,921.25,6d6e331a-a9e7-54d8-8861-628a30e8ea26,1c3a57a0201cc6939394ecec72fb649a8b7cf293f2990cf7cea1a7bd87c3f6e3,EQ,PKTEA,2026-09-17,Dividend - Re 0.75 Per Share,,RECOVERED,0.988602442333785617367706919946
1,2026-09-18,ba2aa7f84972557bed83a6b94f48c03f529e7775b4bfeb2da3f6659cd32e626f,328.05,723ec53a-775c-584d-b47e-12c9b1963838,4ad3c027ccfb045aa1a03125669a2303465065e126a07867cec06626ce8a1e6e,BE,MEDICAMEQ,bbfd06e1-8831-5c74-b7b9-f4b710c19b80,d29ef397-6c10-5db8-91b8-c02a629dcaea,BLOCKED,READY,346.30,a3cb0be6-fc6b-5434-9442-a42da2617c9c,d16504efc2bb8fc95f18b07bb325564cc59dc0afea7f7168edccbca9543f8cdb,EQ,MEDICAMEQ,2026-09-17,Dividend - Re 1 Per Share,,RECOVERED,0.950187698527288478198094138031
0.10,2026-09-18,52b15a5ba4e8aae9db0ae7e03e61771e346e571d14bffd69404da9790c8ed9f0,14.78,850bea5c-41d8-52d3-a1fd-dc902217c2a8,acc6c5207460bbc48779576454de07c191a59aa891bbddb91810af445584c3dd,BE,SWISSMLTRY,add8634e-ec31-5c36-9aed-406deeedb839,efa7b2d4-0304-51b3-bd4a-ee822b1ebb69,BLOCKED,READY,14.76,625713dc-bf50-54c1-8521-d527994875ea,82493a5e4659fee958a6b038fd98648556d0c9f648aad02a0fa9ecbe56cc768f,BE,SWISSMLTRY,2026-09-17,Dividend - Re 0.10 Per Share,,RECOVERED,1.00813008130081300813008130081
4,2026-09-21,92f14a65d4723fc821e2f969504574ffa484d42881516119a8e1ca92eeacb4a3,139.97,41f83660-5ad8-5bad-8bb4-677c01abcdc5,0796a68507014434d3ecba6339467e0b3b75ac3064b925101f628bba84dba5ab,BE,CYBERTECH,b4ebdb8c-014a-53a5-8267-9338d66850dd,00c06f6b-c8d7-5e0c-8041-ad2cf02ed603,BLOCKED,READY,142.82,17d6bbe4-af48-5363-876d-655cc798509a,0f2ad23fd9f5e3bb3b1e7c38f498a1d53b6923ad0a5af91a39097cd71dd54d66,BE,CYBERTECH,2026-09-18,Dividend - Rs 4 Per Share,,RECOVERED,1.0080520935443215235961349951
0.006,2026-09-21,f41a2655f5ad610d7d6b6071b7a07b933e7b59da6a9f9aa2b30b1cf6edbb91ae,12.13,5c9b8e67-e078-559c-9224-01059d9ddbca,c8acec1167c9bee802f6c8f16b96ef7e3c219e9ccba3fbf728cefc828c32d5cd,BE,ABINFRA,154928e5-cdc5-59ad-8c19-d35bfbfbd23b,2cc478fb-817f-5337-9f50-b0880fbe4b34,BLOCKED,READY,11.57,f1fc1553-2e6d-5f37-ba17-8e02bd411352,c471c0c30babe847dcb8843a95a8694c397ca5a956d3289517fada69cfee95d3,BE,ABINFRA,2026-09-18,Dividend - Re 0.006 Per Share,,RECOVERED,1.04891961970613656006914433881
1,2026-09-21,5bff2c205a0c9267010eec3c03faea3f35e7ea72597243adee0d031ccc613651,278.70,524a5609-1fc2-5bec-8e94-7b6daf80c148,11e0f2d9127f58fc8ba9738ed004edbcd67875bd22f892946116cd67b950463b,BE,SREEL,57e61065-d023-5690-8cb2-0c45e93ab1c7,992b1faf-a636-5830-b793-9e9a37b76b52,BLOCKED,READY,283.47,24377686-9d06-5c6a-9517-76522d0b8c57,543636e2108d60945f6cc5c7c66a4992bedc0cef0f4c8a86d223b55c889876a3,BE,SREEL,2026-09-18,Dividend - Re 1 Per Share,,RECOVERED,0.986700532684234663280064909867
1,2026-09-21,ec962c6876b42ff66e08699c3884db137be6c09f2765cdd698ad22a512509b60,487.05,8a6160d2-6135-56c7-9d8b-df93c8b4ea8b,7fcb9297ef1ba741ddf435eef59e9c023a816e338154ce77a9581b636b41dc18,EQ,CONCOR,63c39bca-4941-51c6-a99d-4ef0a3921125,ae769a1e-4884-50e1-b615-389f5a3f9ccc,,BLOCKED,504.55,7d25dd97-f8af-51cd-9230-4462f43671d6,b29e6c1093da81248a850453f33f86dc92ba1be0f8bedd7f3a3195ecd40cd863,EQ,CONCOR,2026-09-18,Dividend - Re 1 Per Sh,,RECOVERED,0.967297591913586364086810028738
0.20,2026-09-21,741e1cf1c5c37cc3ec71e05048f39cfa9b469a5c4e24f95ca4f56dc50ccef2a6,34.33,22ccf743-c4ac-53da-a03d-3af64dab6c8e,07f2ba9f3e7b5d855c725f8df77f69eb6f1006c401374b46bbaddfa0f3839dde,BE,LANCORHOL,ad423d4e-62af-5138-b021-ca52fc8c9b35,d70d6780-06c2-5c29-a941-e07fdb68a059,BLOCKED,READY,35.00,a52dd986-89aa-5be1-a74b-1b8e771e37a3,bae9f006f270371df9c91daeb9bbc17951c07c37ea99dcc320d52fb68363577d,BE,LANCORHOL,2026-09-18,Dividend - Re 0.20 Per Share/Special Dividend - Re 0.10 Per Share,,RECOVERED,0.986571428571428571428571428571
1,2026-09-21,2062e1dc825e01e649f483d7c761f324b8841f1d2630efbc889c9beefe4eaf72,143.78,e089025d-69e3-53e5-a65a-ad7780431a8b,05bb5c51d67278b89449374f23be3eef089f4da96b07d17087680e88f59f19a2,EQ,VETO,74b6b09d-ac41-5d7f-9090-e3fc1e765290,f7213163-238d-5e47-b88e-8053ffb9ebcb,BLOCKED,READY,139.15,e58df340-d9c1-57cc-b121-41ac18615fec,fdb955c3369695ddaadab9fd727547e90191f4a92713a8542a072bbc2910d50c,BE,VETO,2026-09-18,Dividend - Re 1 Per Share,,RECOVERED,1.04045993532159540064678404599
0.20,2026-09-22,78aae3de840742728d3986c9e612feea7fe933076443c841b0efd25c5827afda,221.06,d46cd19a-880f-5839-b319-8ceb9f60e4e0,b624e79c8395165f302ce53f2308a681197cf92b666e370a44bc197f8a892d4b,BE,HFCL,2be8fcf8-a1bc-5011-9b03-2285c9b57223,27aaa516-17c8-5e5b-82ce-8ac2b36898f2,BLOCKED,READY,214.31,64cf56cf-9d8d-5a5e-ab9a-f56fded49be6,614752a23a70d7c29266aa182da63a8f46d9ecaef249f496222248a213abdccf,BE,HFCL,2026-09-21,Dividend - Re 0.20 Per Share,,RECOVERED,1.03242965797209649573048387849
1.50,2026-09-22,bb6d34fbd0e0d9b77480fe2fc89386a529271717c3d0a2124e72cb4917a4a899,469.95,8a9d1082-cbf0-5fb5-a065-08b7b794c97d,a5ad4b5a048280c185db55f14017757e0b60eba33521328bd4d528d12e8726a1,BE,ARIES,150a3ed6-56f2-5584-90e7-8645c84db531,2e3d8257-eb4b-57b1-906e-639b28f6e98a,BLOCKED,READY,462.80,a3f54d4c-bd2e-5a78-af21-e1bb18cfe159,1c8ed3acb17b172b926d83974e889d9a74b1fe2a8f550ccec1da4e629833eb24,BE,ARIES,2026-09-21,Dividend - Rs 1.50 Per Share/Special Dividend - Re 1 Per Share,,RECOVERED,1.01869057908383751080380293863
0.125,2026-09-22,4ccd2aadf5273f134349da5b368b46e2242c8b6fe9470b257244aed59b85d27c,51.58,2ee0b269-e6c6-5ae0-9fd7-554d75a7c3fa,98cda919fe2c5e8bfd385ca69bd99a4a209d7c552c08f93b866e65bdcf86266f,BE,AARTECH,d917f432-7caf-5f70-b5b8-4549c9f82b62,2f9a6316-6b38-5e6a-80d3-11ce6a6fefb5,BLOCKED,READY,51.18,9a81247c-48e4-5172-9a41-443b6c700f6b,9bde2d02ab44ebbc3de846639d90973f921446aec030b83450c04f2ba2c805af,BE,AARTECH,2026-09-21,Dividend - Re 0.125 Per Share,,RECOVERED,1.01025791324736225087924970692
2,2026-09-22,16fc6f92fcbeb776f8a8308d6c7a2756fa67eefafde14864ee20054bf20d736b,681.90,00f651c2-eec0-5df5-9214-bd9bb1742760,43ef80ebb638a87a3c0731bfc72345cc7371178cfef95268844fa4e39502a232,EQ,AURIONPRO,79f15da3-7d54-57f1-860b-fa3bd6253c36,83d4721c-7695-5fb9-8ce8-d9d007891494,,BLOCKED,687.05,ebf3e6a7-f4a9-5b71-8221-4dc8264856c0,852ac38cea71ab0a14f26bcc902474da5f5d1d3e1c2d9cd6cd5fae0683a8206a,EQ,AURIONPRO,2026-09-21,Dividend - Rs 2 Per Sh,,RECOVERED,0.995415180845644421803362200713
1,2026-09-22,a7443feb3b2f37677f2abe3957bde16e62e6229cd68459daa1d7782372d863f6,514.75,39540cb4-bce0-577d-982c-48bc3bea0352,902fd2bd944ea376527241518eb7f1f8886015572abe8664778abca8ec82db2b,BE,AARTISURF,8510f460-aae5-5299-aa44-a37114776af5,a0b61949-0b1e-5de1-b5a5-ca8e1deda72e,BLOCKED,READY,528.65,07affdce-5000-5ea7-a7d5-e35a8150e5dd,5129d9cbad2ae70b8edc8b94c9ba5a5dd08db560e9eb431ccd8592deeefab4f5,BE,AARTISURF,2026-09-21,Dividend - Re 1 Per Share,,RECOVERED,0.975598221885935874397049087298
0.15,2026-09-22,c0f765af47b2e5ef4413d9424503351f166d74e878e5f5f0ee5066954535367a,54.31,5653be0e-0fbd-52ee-aaa4-51de2da07732,4fc3e72d84f8f5366f7186ebe3a02b0496e619a3e49b79999a5e9e0a7c3b04b4,BE,RAJOOENG,859b20ba-c9b6-5493-8fd8-593f4174b3c7,a240ae4c-431e-5b09-a20f-cf0de9976712,BLOCKED,READY,55.23,6a039d6a-1de9-5e08-902d-90cbdcff8f96,964300d8bd7599637653e88abcd0925fb16a7f399a3f5278fb6f10109a83e5a5,BE,RAJOOENG,2026-09-21,Dividend - Re 0.15 Per Share,,RECOVERED,0.986058301647655259822560202788
1,2026-09-22,9b5d0602600d0eea6447432e73e3dc0c5cf4983376cc86651a95a7573337a7db,734.00,43cb53f9-a0f6-5e21-a0d2-061c17c0060f,70b4fa0fdca3e4a7092f3cf705ae31cf9da1af7fee1e418b76e0df694ac48cf9,EQ,VIVIANA,3099c66a-3850-560e-8dbc-4f34d30290e6,a9e6a9b5-479e-571c-9275-0cd39d4f94cf,,BLOCKED,732.60,8d000f2f-1708-5abe-a32a-6beb724cfef8,82b31d40c786fdb512ceeb4c4e4c7db65b1c8b6dd57d75745d30bca2c58fa651,EQ,VIVIANA,2026-09-21,Dividend - Re 1 Per Sh,,RECOVERED,1.00327600327600327600327600328
0.20,2026-09-22,7a45e93536387b8b5112d063b17546ea2e324a469d0b498fd00a30a344319487,7.39,d105a01d-ab34-52cc-bed0-81616aa65e72,73316487a1de6d6c31f29982f62996bcdf4a113901b0dc453953677f249728cc,BE,GVPTECH,b37d27e7-1c90-5b74-8d21-4f15e2517cb1,bc9289b8-8b41-5a48-8c3a-4693ae791de8,BLOCKED,READY,7.26,08492179-f5e3-522f-9a99-2e0365685d3c,62ccbbb49f31a3a3959a6c8b7cb567c3af63040cc3cacca8209ac66213191f38,BE,GVPTECH,2026-09-21,Dividend - Re 0.20 Per Share,,RECOVERED,1.04545454545454545454545454545
0.01,2026-09-22,1bc8fdb2e484e435af20aba59149b71bcdcfb9f48b69352dd8d627c380a10ca7,35.19,b50b2941-fb79-5607-a123-fa30aa617b11,7483bcfdb9c7628470e5a64ce32913e72b0850d475f93bcfeb10035fc150c0cc,BE,ONELIFECAP,9942785a-8dd6-5009-adf0-e13a7e70a43f,d7724e6b-1b9f-5bef-abb3-a34504688f47,BLOCKED,READY,34.94,f21bbff2-06de-54c6-ab1f-f39a82ac9a43,e12fd845d4b90d052d314dc7f04c9fa7db80db508100cdbcc33206ad2b6fcf97,BE,ONELIFECAP,2026-09-21,Dividend - Re 0.01 Per Share,,RECOVERED,1.00744132799084144247281053234
0.70,2026-09-23,7ed89798e9cf9f2300fa0ebbe8e135cfbcc736404f4af50545ccd5e747957e1c,494.70,ac0755cf-110b-5689-8d55-65a557e8f66f,de2d6a09e7965d6e35f26a2933124177e92d82b861f684ea808e08d010b1cebe,BE,DHABRIYA,9255c9cb-a869-592e-a874-ab1a0e3dea35,05be5b8d-7c3a-52c1-96cb-6ae52e50bdc0,BLOCKED,READY,505.25,86a52111-1095-548b-b180-8a4cfc438402,721c44dfef647ddee24a07801ede70ff4f47cf56cf10c1e4dc9eef138df5dd52,BE,DHABRIYA,2026-09-22,Dividend - Re 0.70 Per Share,,RECOVERED,0.980504700643245917862444334488
0.50,2026-09-23,69f99773be08052496240db103ff87a964f179b3281265c9456dd69fd47a8ffe,195.10,8f02757a-a3eb-5caf-a48c-28878ac7deb1,28c823373251f7f0392dd65700be312e138440302942a3693a9bff2508b89598,BE,QMSMEDI,2a9eb1b8-0974-5bd8-8e9e-f036750c5f5f,14185a85-7f5c-55d7-9825-92ff2f060dd9,BLOCKED,READY,192.80,abd06963-485d-5f2c-bc35-afd0a2d6c5d3,e5a5bb100376fad0f650d533febc37b1b7eaa62125fab73a0e8e6f16842eda50,BE,QMSMEDI,2026-09-22,Dividend - Re 0.50 Per Share,,RECOVERED,1.01452282157676348547717842324
0.25,2026-09-23,764f14ab01197285f176ad197c74d787c6159343f77a43d72f2e2bd9e6f2a5a6,47.51,6abb5293-6804-5243-932f-36924b3f49ff,53796fc056b593274e535966b3bb333c079fcd8da0b5a1c3820e6e74cd0d8e3f,BE,CFEL,63a8044b-44b8-52f4-be26-cb0d8741671d,195f0416-4bfb-50c1-a3b6-de9e1c25528c,BLOCKED,READY,47.32,963a51a1-4824-58c9-93b7-697ce4a9be08,43e68e373917988fec7c764742c591054167eaaa6932f9c399d0387d891f9aff,BE,CFEL,2026-09-22,Dividend - Re 0.25 Per Share,,RECOVERED,1.00929839391377852916314454776
0.03,2026-09-23,7ecf248a70bd93d86d31e2e7796d0ae21c50a6f43939da02ed193c50c12c183e,23.61,c70dd35b-6db0-52bb-8d14-a206a99fe3ea,5310014cbd2ed110a236377fb67dcb76563503b1ccd1488ef3c9cdb6170ea79c,BE,RMDRIP,9eeccf06-9a56-5de6-a65d-4c861e460c1c,3639afbb-7719-5583-abf2-626e34dd43e3,BLOCKED,READY,23.72,ebb46c5e-45d4-529c-a7cf-03f12bd856bb,6947361dd7063739e82ae213633352d37c0325e8ad476a07de3927552d9a9535,BE,RMDRIP,2026-09-22,Dividend - Re 0.03 Per Share,,RECOVERED,0.996627318718381112984822934233
1.50,2026-09-23,c54547e89b0e5e62c5da4fbacaa06d93b870484d7fc655e5a3e6be5e2dc1e436,382.90,1ddda3b7-3dc9-53fb-8515-07a2d7a26bd3,25ad318f2f854e4e8f85eb41a137e35c1d1e23cc2ba8a835d735fd13c1bb8748,BE,ASAHISONG,1263b658-edac-5ced-aea5-8de6b39f2db5,3829e6fa-ec1b-5c8f-8a98-9b2e9bac8b93,BLOCKED,READY,371.20,28410617-d439-5e98-8b23-46174f339db3,84319fa61869b39e72303689b024443f6eace9d7405329d60fc3c66ef2c09663,BE,ASAHISONG,2026-09-22,Dividend - Rs 1.50 Per Share,,RECOVERED,1.03556034482758620689655172414
0.50,2026-09-23,00fec52eb1be6d063aceb25dfe20f44d13650cc96272654822dad0e4f81170ed,71.80,9a6e9677-5b6b-5679-ae4f-e7d5339a9435,f70ad32a5d6ec128c50fcad934b90113fa06d88d3a72ae121e487dfacb653415,BE,SIGIND,c2b80f2b-2c88-5455-b230-0d22d46fa3f8,9d8e0592-927e-5e29-ba6c-196c2d80586a,BLOCKED,READY,71.30,514a1468-36ee-53aa-aac7-919e7662811d,c07ebd6ceeae93f743149ccd4af4b67fb2ac2ec3c304613a45c58b222e540c07,BE,SIGIND,2026-09-22,Dividend - Re 0.50 Per Share,,RECOVERED,1.01402524544179523141654978962
1,2026-09-23,6ee52ca754eb7d1e42468415c4e5935677d9af0d180b8b63e721ed809363b073,28.58,b76ecf6d-5edd-509e-8012-bb1bdb36247d,223c238d986c8cf0345819562f538e2a80acf0f35f5eb895c0343d6a02c574d8,BE,SRIKPRIND,1a166f57-24a9-51cd-bf5f-894ec7dd2d1e,cb51b3ad-c68f-56e8-bef7-561257633e19,BLOCKED,READY,28.78,9a6524cc-6a5d-5997-88cc-aa35b3249338,ad9abbf0dae9a8f9df000fbc5faa9cd65c050fd70eaaa0cae533e6539dc6dc35,BE,SRIKPRIND,2026-09-22,Dividend - Re 1 Per Share,,RECOVERED,1.02779708130646282140375260598
0.50,2026-09-25,b7afee6c9df6e0fc215442e2f90cf77d61ea08169d931774a0f7f72258f428f9,217.99,9368f17a-e40b-5df2-9541-1c77c3c3400d,7de448e632cc72483f484008a890a1670cff22bfc3a46ed35dfab9418c311870,BE,LOTUSDEV,45509293-c3b2-5d98-91ea-9433833cd6cf,8259c990-847a-5489-8cc3-2fe747bc8788,BLOCKED,READY,219.05,dc5e6b09-8528-59e6-bf94-3cbdd5b09f34,0277f92adebfde5d15fc87dbe0281607f6eaa3053f54b5be55199516110859b9,BE,LOTUSDEV,2026-09-24,Dividend - Re 0.50 Per Share,,RECOVERED,0.99744350604884729513809632504
