historical_identity_id,historical_isin,canonical_link_symbol,remediation_category,blocker_event_count,normalization_blocker_events,factor_blocker_events,first_blocker_event_date,last_blocker_event_date,action_types,blocker_reasons,n6_v1_affected_scope,n6_v1_series_policy
002d47a7-0ba0-5d99-9901-64ebccc8134e,INE206N01018,,RIGHTS_ECONOMICS_REMEDIATION,1,1,0,2026-06-08,2026-06-08,RIGHTS,rights entitlement/premium/face-value terms are incomplete,WHOLE_IDENTITY,Any unresolved price-affecting corporate-action blocker causes all raw daily rows for this identity to be BLOCKED in N6 V1.
015c4c0a-4e2b-50e7-912b-fca35d69b4fb,INE155A01022,,MULTIPLE_CORPORATE_ACTION_CAUSES,3,1,2,2024-06-11,2025-10-14,CASH_DIVIDEND;DEMERGER,DIVIDEND: exact historical-identity-bound previous/ex-date R2 price pair unavailable;successor entitlement and valuation lineage are not explicit in the source observation,WHOLE_IDENTITY,Any unresolved price-affecting corporate-action blocker causes all raw daily rows for this identity to be BLOCKED in N6 V1.
026abe39-2560-5ad5-9095-b49388da311d,INE390H01020,,DIVIDEND_REMEDIATION,1,0,1,2026-09-18,2026-09-18,CASH_DIVIDEND,DIVIDEND: exact historical-identity-bound previous/ex-date R2 price pair unavailable,WHOLE_IDENTITY,Any unresolved price-affecting corporate-action blocker causes all raw daily rows for this identity to be BLOCKED in N6 V1.
052a9ea4-cb6d-557a-8670-4ef9502fbb7d,INE025A01027,,DIVIDEND_REMEDIATION,1,0,1,2026-09-11,2026-09-11,CASH_DIVIDEND,DIVIDEND: exact historical-identity-bound previous/ex-date R2 price pair unavailable,WHOLE_IDENTITY,Any unresolved price-affecting corporate-action blocker causes all raw daily rows for this identity to be BLOCKED in N6 V1.
053f16fb-939d-55b8-b7dc-86026695f088,INE676A01027,,DIVIDEND_REMEDIATION,1,0,1,2025-08-29,2025-08-29,CASH_DIVIDEND,DIVIDEND: exact historical-identity-bound previous/ex-date R2 price pair unavailable,WHOLE_IDENTITY,Any unresolved price-affecting corporate-action blocker causes all raw daily rows for this identity to be BLOCKED in N6 V1.
06f2de8d-c02d-541b-a060-04082045605e,INE560A01023,,DEMERGER_LINEAGE_REMEDIATION,1,1,0,2026-09-02,2026-09-02,DEMERGER,successor entitlement and valuation lineage are not explicit in the source observation,WHOLE_IDENTITY,Any unresolved price-affecting corporate-action blocker causes all raw daily rows for this identity to be BLOCKED in N6 V1.
077c9da2-0175-5867-87da-b9832c4a9edd,INE011D01013,,DIVIDEND_REMEDIATION,1,0,1,2026-09-18,2026-09-18,CASH_DIVIDEND,DIVIDEND: exact historical-identity-bound previous/ex-date R2 price pair unavailable,WHOLE_IDENTITY,Any unresolved price-affecting corporate-action blocker causes all raw daily rows for this identity to be BLOCKED in N6 V1.
07b8da16-0e29-5037-8600-90b07454a67a,INE05AN01011,,RIGHTS_ECONOMICS_REMEDIATION,1,0,1,2024-10-25,2024-10-25,RIGHTS,"RIGHTS: subscription terms are normalized, but deterministic rights-price treatment is not owner-approved",WHOLE_IDENTITY,Any unresolved price-affecting corporate-action blocker causes all raw daily rows for this identity to be BLOCKED in N6 V1.
086ef422-cd53-55c0-8695-c7e5b77f00d9,INE761Y01019,,DIVIDEND_REMEDIATION,1,0,1,2025-09-12,2025-09-12,CASH_DIVIDEND,DIVIDEND: exact historical-identity-bound previous/ex-date R2 price pair unavailable,WHOLE_IDENTITY,Any unresolved price-affecting corporate-action blocker causes all raw daily rows for this identity to be BLOCKED in N6 V1.
087a3e86-6a52-54ef-a9b7-f543129686d7,INE875R01011,,RIGHTS_ECONOMICS_REMEDIATION,1,0,1,2024-03-15,2024-03-15,RIGHTS,"RIGHTS: subscription terms are normalized, but deterministic rights-price treatment is not owner-approved",WHOLE_IDENTITY,Any unresolved price-affecting corporate-action blocker causes all raw daily rows for this identity to be BLOCKED in N6 V1.
089fa15b-6d8b-5827-86a1-f494d638ee04,INE247M01014,,DIVIDEND_REMEDIATION,1,0,1,2026-09-04,2026-09-04,CASH_DIVIDEND,DIVIDEND: exact historical-identity-bound previous/ex-date R2 price pair unavailable,WHOLE_IDENTITY,Any unresolved price-affecting corporate-action blocker causes all raw daily rows for this identity to be BLOCKED in N6 V1.
08f0878d-bf21-5000-83b8-d23ac477d5f1,INE423A01024,,RIGHTS_ECONOMICS_REMEDIATION,1,0,1,2025-11-17,2025-11-17,RIGHTS,"RIGHTS: subscription terms are normalized, but deterministic rights-price treatment is not owner-approved",WHOLE_IDENTITY,Any unresolved price-affecting corporate-action blocker causes all raw daily rows for this identity to be BLOCKED in N6 V1.
0967b35c-82ad-54dd-aaa4-493b8d082e72,INE729D01010,,RIGHTS_ECONOMICS_REMEDIATION,1,0,1,2025-07-15,2025-07-15,RIGHTS,"RIGHTS: subscription terms are normalized, but deterministic rights-price treatment is not owner-approved",WHOLE_IDENTITY,Any unresolved price-affecting corporate-action blocker causes all raw daily rows for this identity to be BLOCKED in N6 V1.
09d9626b-b6fd-5150-8998-77f6fe834a11,INE665A01038,,DIVIDEND_REMEDIATION,1,0,1,2024-09-19,2024-09-19,CASH_DIVIDEND,DIVIDEND: exact historical-identity-bound previous/ex-date R2 price pair unavailable,WHOLE_IDENTITY,Any unresolved price-affecting corporate-action blocker causes all raw daily rows for this identity to be BLOCKED in N6 V1.
0a4c57ce-5a1a-5eb8-bf77-ec9942817018,INE545L01039,,DIVIDEND_REMEDIATION,1,1,0,2024-09-17,2024-09-17,CASH_DIVIDEND,cash amount per share is not explicit,WHOLE_IDENTITY,Any unresolved price-affecting corporate-action blocker causes all raw daily rows for this identity to be BLOCKED in N6 V1.
0a9373a5-42b3-5709-9dec-49195ce9b2c2,INE457A01014,,DIVIDEND_REMEDIATION,1,1,0,2026-06-05,2026-06-05,CASH_DIVIDEND,cash amount per share is not explicit,WHOLE_IDENTITY,Any unresolved price-affecting corporate-action blocker causes all raw daily rows for this identity to be BLOCKED in N6 V1.
0a9671ed-e5a5-55c9-b16e-f076ba42ea50,INE760F01028,,DIVIDEND_REMEDIATION,1,0,1,2026-09-17,2026-09-17,CASH_DIVIDEND,DIVIDEND: exact historical-identity-bound previous/ex-date R2 price pair unavailable,WHOLE_IDENTITY,Any unresolved price-affecting corporate-action blocker causes all raw daily rows for this identity to be BLOCKED in N6 V1.
0b0e8e9d-ecd9-5304-9133-501cf5af10e9,INE321D01016,,MULTIPLE_CORPORATE_ACTION_CAUSES,2,1,1,2024-07-01,2024-07-23,CASH_DIVIDEND;DEMERGER,DIVIDEND: exact historical-identity-bound previous/ex-date R2 price pair unavailable;successor entitlement and valuation lineage are not explicit in the source observation,WHOLE_IDENTITY,Any unresolved price-affecting corporate-action blocker causes all raw daily rows for this identity to be BLOCKED in N6 V1.
0b5b8547-4abb-50b3-b289-194dc473d428,INE055C01020,,RIGHTS_ECONOMICS_REMEDIATION,1,0,1,2024-05-14,2024-05-14,RIGHTS,"RIGHTS: subscription terms are normalized, but deterministic rights-price treatment is not owner-approved",WHOLE_IDENTITY,Any unresolved price-affecting corporate-action blocker causes all raw daily rows for this identity to be BLOCKED in N6 V1.
0b89ba40-f424-54a0-bdfd-56158cba8e82,INE00FF01025,,DIVIDEND_REMEDIATION,1,0,1,2024-09-13,2024-09-13,CASH_DIVIDEND,DIVIDEND: exact historical-identity-bound previous/ex-date R2 price pair unavailable,WHOLE_IDENTITY,Any unresolved price-affecting corporate-action blocker causes all raw daily rows for this identity to be BLOCKED in N6 V1.
0bcef901-4811-5bb1-9d9b-dc145204f313,INE133A01011,,DIVIDEND_REMEDIATION,5,0,5,2024-02-16,2025-08-11,CASH_DIVIDEND,DIVIDEND: exact historical-identity-bound previous/ex-date R2 price pair unavailable,WHOLE_IDENTITY,Any unresolved price-affecting corporate-action blocker causes all raw daily rows for this identity to be BLOCKED in N6 V1.
0d3a266a-90c6-5905-8665-1a40ccd6af1a,INE802B01027,,DIVIDEND_REMEDIATION,1,0,1,2025-09-16,2025-09-16,CASH_DIVIDEND,DIVIDEND: exact historical-identity-bound previous/ex-date R2 price pair unavailable,WHOLE_IDENTITY,Any unresolved price-affecting corporate-action blocker causes all raw daily rows for this identity to be BLOCKED in N6 V1.
0d89613b-c793-5bab-a798-3a075310c10d,INE727B01026,,RIGHTS_ECONOMICS_REMEDIATION,1,0,1,2026-08-06,2026-08-06,RIGHTS,"RIGHTS: subscription terms are normalized, but deterministic rights-price treatment is not owner-approved",WHOLE_IDENTITY,Any unresolved price-affecting corporate-action blocker causes all raw daily rows for this identity to be BLOCKED in N6 V1.
0dc76183-fd85-5b26-b257-19840915d981,INE186A01019,,DIVIDEND_REMEDIATION,1,1,0,2025-09-19,2025-09-19,CASH_DIVIDEND,cash amount per share is not explicit,WHOLE_IDENTITY,Any unresolved price-affecting corporate-action blocker causes all raw daily rows for this identity to be BLOCKED in N6 V1.
0f4edd5c-5281-5946-ac68-110ddf82ea06,INE615P01015,,DEMERGER_LINEAGE_REMEDIATION,1,1,0,2025-04-15,2025-04-15,DEMERGER,successor entitlement and valuation lineage are not explicit in the source observation,WHOLE_IDENTITY,Any unresolved price-affecting corporate-action blocker causes all raw daily rows for this identity to be BLOCKED in N6 V1.
0f7e5f5c-d547-5064-b088-a7ca06ed02db,INE505Y01010,,RIGHTS_ECONOMICS_REMEDIATION,1,0,1,2025-12-23,2025-12-23,RIGHTS,"RIGHTS: subscription terms are normalized, but deterministic rights-price treatment is not owner-approved",WHOLE_IDENTITY,Any unresolved price-affecting corporate-action blocker causes all raw daily rows for this identity to be BLOCKED in N6 V1.
0f91dcf9-63e0-5f8e-8bd9-930d25352dd6,INE232E01013,,DIVIDEND_REMEDIATION,1,0,1,2026-08-21,2026-08-21,CASH_DIVIDEND,DIVIDEND: exact historical-identity-bound previous/ex-date R2 price pair unavailable,WHOLE_IDENTITY,Any unresolved price-affecting corporate-action blocker causes all raw daily rows for this identity to be BLOCKED in N6 V1.
0faa7570-3f00-5561-9776-0aa5ac58b131,INE715Y01031,,RIGHTS_ECONOMICS_REMEDIATION,1,0,1,2025-09-16,2025-09-16,RIGHTS,"RIGHTS: subscription terms are normalized, but deterministic rights-price treatment is not owner-approved",WHOLE_IDENTITY,Any unresolved price-affecting corporate-action blocker causes all raw daily rows for this identity to be BLOCKED in N6 V1.
1009822b-1e28-5d30-a774-5cd56103537a,INE594B01012,,DIVIDEND_REMEDIATION,1,0,1,2025-08-21,2025-08-21,CASH_DIVIDEND,DIVIDEND: exact historical-identity-bound previous/ex-date R2 price pair unavailable,WHOLE_IDENTITY,Any unresolved price-affecting corporate-action blocker causes all raw daily rows for this identity to be BLOCKED in N6 V1.
10a4acc9-2f87-56f9-8001-7efb117184ad,INE066P01011,,RIGHTS_ECONOMICS_REMEDIATION,1,0,1,2025-07-29,2025-07-29,RIGHTS,"RIGHTS: subscription terms are normalized, but deterministic rights-price treatment is not owner-approved",WHOLE_IDENTITY,Any unresolved price-affecting corporate-action blocker causes all raw daily rows for this identity to be BLOCKED in N6 V1.
11ecdae5-6158-5ddd-8c35-84248249986a,INE094B01013,,DIVIDEND_REMEDIATION,1,0,1,2026-09-11,2026-09-11,CASH_DIVIDEND,DIVIDEND: exact historical-identity-bound previous/ex-date R2 price pair unavailable,WHOLE_IDENTITY,Any unresolved price-affecting corporate-action blocker causes all raw daily rows for this identity to be BLOCKED in N6 V1.
122c4762-84d1-56ce-9eed-5c0c95d7cf67,INE035D01020,,DIVIDEND_REMEDIATION,1,1,0,2024-09-17,2024-09-17,CASH_DIVIDEND,cash amount per share is not explicit,WHOLE_IDENTITY,Any unresolved price-affecting corporate-action blocker causes all raw daily rows for this identity to be BLOCKED in N6 V1.
1263b658-edac-5ced-aea5-8de6b39f2db5,INE228I01012,,DIVIDEND_REMEDIATION,2,0,2,2024-09-20,2026-09-23,CASH_DIVIDEND,DIVIDEND: exact historical-identity-bound previous/ex-date R2 price pair unavailable,WHOLE_IDENTITY,Any unresolved price-affecting corporate-action blocker causes all raw daily rows for this identity to be BLOCKED in N6 V1.
13ab4851-1207-5145-86af-5f45cdb4b608,INE415D01024,,DIVIDEND_REMEDIATION,1,0,1,2025-07-02,2025-07-02,CASH_DIVIDEND,DIVIDEND: exact historical-identity-bound previous/ex-date R2 price pair unavailable,WHOLE_IDENTITY,Any unresolved price-affecting corporate-action blocker causes all raw daily rows for this identity to be BLOCKED in N6 V1.
1426d5ce-17f9-5f61-bbe9-d25c11da3b53,INE349W01017,,DIVIDEND_REMEDIATION,1,0,1,2026-07-17,2026-07-17,CASH_DIVIDEND,DIVIDEND: exact historical-identity-bound previous/ex-date R2 price pair unavailable,WHOLE_IDENTITY,Any unresolved price-affecting corporate-action blocker causes all raw daily rows for this identity to be BLOCKED in N6 V1.
14d09c9b-c276-5f22-baf0-59afb2d58256,INE916G01016,,DIVIDEND_REMEDIATION,1,0,1,2026-09-07,2026-09-07,CASH_DIVIDEND,DIVIDEND: exact historical-identity-bound previous/ex-date R2 price pair unavailable,WHOLE_IDENTITY,Any unresolved price-affecting corporate-action blocker causes all raw daily rows for this identity to be BLOCKED in N6 V1.
150a3ed6-56f2-5584-90e7-8645c84db531,INE298I01015,,DIVIDEND_REMEDIATION,1,0,1,2026-09-22,2026-09-22,CASH_DIVIDEND,DIVIDEND: exact historical-identity-bound previous/ex-date R2 price pair unavailable,WHOLE_IDENTITY,Any unresolved price-affecting corporate-action blocker causes all raw daily rows for this identity to be BLOCKED in N6 V1.
154928e5-cdc5-59ad-8c19-d35bfbfbd23b,INE00YB01025,,DIVIDEND_REMEDIATION,1,0,1,2026-09-21,2026-09-21,CASH_DIVIDEND,DIVIDEND: exact historical-identity-bound previous/ex-date R2 price pair unavailable,WHOLE_IDENTITY,Any unresolved price-affecting corporate-action blocker causes all raw daily rows for this identity to be BLOCKED in N6 V1.
1598ad2d-b7ce-5ecf-b1ea-19922b8eff1b,INE0RYC01010,,RIGHTS_ECONOMICS_REMEDIATION,1,0,1,2026-02-11,2026-02-11,RIGHTS,"RIGHTS: subscription terms are normalized, but deterministic rights-price treatment is not owner-approved",WHOLE_IDENTITY,Any unresolved price-affecting corporate-action blocker causes all raw daily rows for this identity to be BLOCKED in N6 V1.
15d80b9f-6960-5ae9-8baa-5ee4a74e1a24,INE291W01037,,DIVIDEND_REMEDIATION,1,0,1,2025-07-11,2025-07-11,CASH_DIVIDEND,DIVIDEND: exact historical-identity-bound previous/ex-date R2 price pair unavailable,WHOLE_IDENTITY,Any unresolved price-affecting corporate-action blocker causes all raw daily rows for this identity to be BLOCKED in N6 V1.
161ed245-7e62-5bea-bd45-629dcacad549,INE387I01016,,RIGHTS_ECONOMICS_REMEDIATION,1,0,1,2024-01-25,2024-01-25,RIGHTS,"RIGHTS: subscription terms are normalized, but deterministic rights-price treatment is not owner-approved",WHOLE_IDENTITY,Any unresolved price-affecting corporate-action blocker causes all raw daily rows for this identity to be BLOCKED in N6 V1.
17bd4300-f943-5279-a0a0-e706b03a036f,INE126J01016,,DIVIDEND_REMEDIATION,1,1,0,2024-09-17,2024-09-17,CASH_DIVIDEND,cash amount per share is not explicit,WHOLE_IDENTITY,Any unresolved price-affecting corporate-action blocker causes all raw daily rows for this identity to be BLOCKED in N6 V1.
19c88a63-3d63-5b9e-a04f-de6aa316bc09,INE583D01011,,RIGHTS_ECONOMICS_REMEDIATION,1,0,1,2025-06-05,2025-06-05,RIGHTS,"RIGHTS: subscription terms are normalized, but deterministic rights-price treatment is not owner-approved",WHOLE_IDENTITY,Any unresolved price-affecting corporate-action blocker causes all raw daily rows for this identity to be BLOCKED in N6 V1.
19e67159-dbbe-52ac-b40c-8410df02a845,INE545A01024,,MULTIPLE_CORPORATE_ACTION_CAUSES,4,1,3,2024-07-31,2026-09-07,CASH_DIVIDEND;DEMERGER,DIVIDEND: exact historical-identity-bound previous/ex-date R2 price pair unavailable;successor entitlement and valuation lineage are not explicit in the source observation,WHOLE_IDENTITY,Any unresolved price-affecting corporate-action blocker causes all raw daily rows for this identity to be BLOCKED in N6 V1.
1a0b786d-b0ee-5595-81ba-2500b65e3b69,INE655B01011,,DIVIDEND_REMEDIATION,1,0,1,2025-02-07,2025-02-07,CASH_DIVIDEND,DIVIDEND: exact historical-identity-bound previous/ex-date R2 price pair unavailable,WHOLE_IDENTITY,Any unresolved price-affecting corporate-action blocker causes all raw daily rows for this identity to be BLOCKED in N6 V1.
1a166f57-24a9-51cd-bf5f-894ec7dd2d1e,INE009C01019,,DIVIDEND_REMEDIATION,1,0,1,2026-09-23,2026-09-23,CASH_DIVIDEND,DIVIDEND: exact historical-identity-bound previous/ex-date R2 price pair unavailable,WHOLE_IDENTITY,Any unresolved price-affecting corporate-action blocker causes all raw daily rows for this identity to be BLOCKED in N6 V1.
1a33233c-0b4a-57e8-9bde-809856859ba0,INE201B01022,,DIVIDEND_REMEDIATION,1,0,1,2026-08-10,2026-08-10,CASH_DIVIDEND,DIVIDEND: exact historical-identity-bound previous/ex-date R2 price pair unavailable,WHOLE_IDENTITY,Any unresolved price-affecting corporate-action blocker causes all raw daily rows for this identity to be BLOCKED in N6 V1.
1b9fb524-c93e-55b7-b65f-df97c9355a4e,INE048C01025,,RIGHTS_ECONOMICS_REMEDIATION,2,1,1,2024-11-29,2026-08-20,RIGHTS,"rights entitlement/premium/face-value terms are incomplete;RIGHTS: subscription terms are normalized, but deterministic rights-price treatment is not owner-approved",WHOLE_IDENTITY,Any unresolved price-affecting corporate-action blocker causes all raw daily rows for this identity to be BLOCKED in N6 V1.
1cdc8756-79f8-54e0-9cf1-39d13be879ab,INE040D01038,,DIVIDEND_REMEDIATION,1,1,0,2026-08-21,2026-08-21,CASH_DIVIDEND,cash amount per share is not explicit,WHOLE_IDENTITY,Any unresolved price-affecting corporate-action blocker causes all raw daily rows for this identity to be BLOCKED in N6 V1.
1cf2d277-3429-5482-893f-14678167b2c9,INE976R01025,,DIVIDEND_REMEDIATION,1,1,0,2025-03-19,2025-03-19,CASH_DIVIDEND,cash amount per share is not explicit,WHOLE_IDENTITY,Any unresolved price-affecting corporate-action blocker causes all raw daily rows for this identity to be BLOCKED in N6 V1.
1d04519a-40bc-5cd8-892f-6b24e4ff3ff4,INE602W01027,,DIVIDEND_REMEDIATION,1,1,0,2025-08-20,2025-08-20,CASH_DIVIDEND,cash amount per share is not explicit,WHOLE_IDENTITY,Any unresolved price-affecting corporate-action blocker causes all raw daily rows for this identity to be BLOCKED in N6 V1.
1d26c317-0929-5cc8-92c2-aa41eca09ca2,INE820Y01021,,RIGHTS_ECONOMICS_REMEDIATION,1,0,1,2024-05-07,2024-05-07,RIGHTS,"RIGHTS: subscription terms are normalized, but deterministic rights-price treatment is not owner-approved",WHOLE_IDENTITY,Any unresolved price-affecting corporate-action blocker causes all raw daily rows for this identity to be BLOCKED in N6 V1.
1d97e3c4-807f-5b46-b1b3-684f927736ab,INE0TGX01019,,DIVIDEND_REMEDIATION,1,0,1,2026-07-24,2026-07-24,CASH_DIVIDEND,DIVIDEND: exact historical-identity-bound previous/ex-date R2 price pair unavailable,WHOLE_IDENTITY,Any unresolved price-affecting corporate-action blocker causes all raw daily rows for this identity to be BLOCKED in N6 V1.
1e22d9d5-4e6c-55db-85ba-942f725086c2,INE680A01011,,RIGHTS_ECONOMICS_REMEDIATION,1,0,1,2024-12-27,2024-12-27,RIGHTS,"RIGHTS: subscription terms are normalized, but deterministic rights-price treatment is not owner-approved",WHOLE_IDENTITY,Any unresolved price-affecting corporate-action blocker causes all raw daily rows for this identity to be BLOCKED in N6 V1.
1e5ca76e-8518-586c-9564-758fbb238eda,INE269B01029,,DIVIDEND_REMEDIATION,1,0,1,2024-07-24,2024-07-24,CASH_DIVIDEND,DIVIDEND: exact historical-identity-bound previous/ex-date R2 price pair unavailable,WHOLE_IDENTITY,Any unresolved price-affecting corporate-action blocker causes all raw daily rows for this identity to be BLOCKED in N6 V1.
1e6d5297-6121-5ede-950d-28a8161cda9e,INE280B01018,,DIVIDEND_REMEDIATION,1,1,0,2026-05-05,2026-05-05,CASH_DIVIDEND,cash amount per share is not explicit,WHOLE_IDENTITY,Any unresolved price-affecting corporate-action blocker causes all raw daily rows for this identity to be BLOCKED in N6 V1.
1ff17bec-eda7-5e2a-a8cb-8e699f476e7f,INE696V01013,,RIGHTS_ECONOMICS_REMEDIATION,1,0,1,2024-07-04,2024-07-04,RIGHTS,"RIGHTS: subscription terms are normalized, but deterministic rights-price treatment is not owner-approved",WHOLE_IDENTITY,Any unresolved price-affecting corporate-action blocker causes all raw daily rows for this identity to be BLOCKED in N6 V1.
2022e3f0-74cd-52eb-be95-eb2bd77930bd,INE095I01015,,DIVIDEND_REMEDIATION,2,0,2,2025-09-18,2026-09-11,CASH_DIVIDEND,DIVIDEND: exact historical-identity-bound previous/ex-date R2 price pair unavailable,WHOLE_IDENTITY,Any unresolved price-affecting corporate-action blocker causes all raw daily rows for this identity to be BLOCKED in N6 V1.
20a5bc5d-8515-5d06-a792-b4d24384bfb5,INE296H01011,,DIVIDEND_REMEDIATION,1,0,1,2024-08-01,2024-08-01,CASH_DIVIDEND,DIVIDEND: exact historical-identity-bound previous/ex-date R2 price pair unavailable,WHOLE_IDENTITY,Any unresolved price-affecting corporate-action blocker causes all raw daily rows for this identity to be BLOCKED in N6 V1.
20c60913-bbfa-5d10-8eb6-ba589bd5b3ed,INE116G01013,,DIVIDEND_REMEDIATION,1,0,1,2026-08-28,2026-08-28,CASH_DIVIDEND,DIVIDEND: exact historical-identity-bound previous/ex-date R2 price pair unavailable,WHOLE_IDENTITY,Any unresolved price-affecting corporate-action blocker causes all raw daily rows for this identity to be BLOCKED in N6 V1.
2116d595-5991-50f1-8aed-7fa265617aac,INE530B01024,,RIGHTS_ECONOMICS_REMEDIATION,1,0,1,2024-04-23,2024-04-23,RIGHTS,"RIGHTS: subscription terms are normalized, but deterministic rights-price treatment is not owner-approved",WHOLE_IDENTITY,Any unresolved price-affecting corporate-action blocker causes all raw daily rows for this identity to be BLOCKED in N6 V1.
22272b17-ace4-5fe2-bfc7-d61c22bcf770,INE908D01010,,DIVIDEND_REMEDIATION,1,0,1,2024-09-23,2024-09-23,CASH_DIVIDEND,DIVIDEND: exact historical-identity-bound previous/ex-date R2 price pair unavailable,WHOLE_IDENTITY,Any unresolved price-affecting corporate-action blocker causes all raw daily rows for this identity to be BLOCKED in N6 V1.
22a28789-0c9f-5f4d-99f9-c3de837e146d,INE0ATZ01017,,DIVIDEND_REMEDIATION,1,0,1,2026-09-09,2026-09-09,CASH_DIVIDEND,DIVIDEND: exact historical-identity-bound previous/ex-date R2 price pair unavailable,WHOLE_IDENTITY,Any unresolved price-affecting corporate-action blocker causes all raw daily rows for this identity to be BLOCKED in N6 V1.
24d25f60-0f92-5ad7-9e35-8794aa8cd520,INE112D01035,,DEMERGER_LINEAGE_REMEDIATION,1,1,0,2024-04-19,2024-04-19,DEMERGER,successor entitlement and valuation lineage are not explicit in the source observation,WHOLE_IDENTITY,Any unresolved price-affecting corporate-action blocker causes all raw daily rows for this identity to be BLOCKED in N6 V1.
24d85e05-481c-5f30-8c47-7e41d048f2df,INE301A01014,,DEMERGER_LINEAGE_REMEDIATION,2,2,0,2024-07-11,2025-05-14,DEMERGER,successor entitlement and valuation lineage are not explicit in the source observation,WHOLE_IDENTITY,Any unresolved price-affecting corporate-action blocker causes all raw daily rows for this identity to be BLOCKED in N6 V1.
253d0987-fc95-57c1-a498-7a74883ea585,INE510W01014,,DEMERGER_LINEAGE_REMEDIATION,1,1,0,2026-07-31,2026-07-31,DEMERGER,successor entitlement and valuation lineage are not explicit in the source observation,WHOLE_IDENTITY,Any unresolved price-affecting corporate-action blocker causes all raw daily rows for this identity to be BLOCKED in N6 V1.
25b2b485-3bf8-5e56-a43a-4e28030947e2,INE818H01020,,DIVIDEND_REMEDIATION,1,1,0,2025-09-19,2025-09-19,CASH_DIVIDEND,cash amount per share is not explicit,WHOLE_IDENTITY,Any unresolved price-affecting corporate-action blocker causes all raw daily rows for this identity to be BLOCKED in N6 V1.
26dbc019-310d-5a5a-b886-1f9a41056d3a,INE955D01029,,DEMERGER_LINEAGE_REMEDIATION,1,1,0,2026-02-06,2026-02-06,DEMERGER,successor entitlement and valuation lineage are not explicit in the source observation,WHOLE_IDENTITY,Any unresolved price-affecting corporate-action blocker causes all raw daily rows for this identity to be BLOCKED in N6 V1.
273ba755-9f70-5b8c-8b7f-9f1b21898ec5,INE581X01021,,RIGHTS_ECONOMICS_REMEDIATION,2,0,2,2024-02-23,2025-01-17,RIGHTS,"RIGHTS: subscription terms are normalized, but deterministic rights-price treatment is not owner-approved",WHOLE_IDENTITY,Any unresolved price-affecting corporate-action blocker causes all raw daily rows for this identity to be BLOCKED in N6 V1.
279cac24-d36f-596b-8095-ccee5cc11deb,INE741L01018,,RIGHTS_ECONOMICS_REMEDIATION,2,0,2,2024-08-30,2026-08-25,RIGHTS,"RIGHTS: subscription terms are normalized, but deterministic rights-price treatment is not owner-approved",WHOLE_IDENTITY,Any unresolved price-affecting corporate-action blocker causes all raw daily rows for this identity to be BLOCKED in N6 V1.
2817f6be-7003-51b5-b3f1-a6a63a6fd8b6,INE688E01024,,DEMERGER_LINEAGE_REMEDIATION,1,1,0,2024-10-11,2024-10-11,DEMERGER,successor entitlement and valuation lineage are not explicit in the source observation,WHOLE_IDENTITY,Any unresolved price-affecting corporate-action blocker causes all raw daily rows for this identity to be BLOCKED in N6 V1.
28b182d8-11d2-59e9-a0f3-e3ef724d02ce,INE1C6T01020,,DIVIDEND_REMEDIATION,1,1,0,2026-09-18,2026-09-18,CASH_DIVIDEND,cash amount per share is not explicit,WHOLE_IDENTITY,Any unresolved price-affecting corporate-action blocker causes all raw daily rows for this identity to be BLOCKED in N6 V1.
29201b8a-b231-554e-b9a5-025cc7b63233,INE137I01015,,DIVIDEND_REMEDIATION,1,0,1,2024-07-26,2024-07-26,CASH_DIVIDEND,DIVIDEND: exact historical-identity-bound previous/ex-date R2 price pair unavailable,WHOLE_IDENTITY,Any unresolved price-affecting corporate-action blocker causes all raw daily rows for this identity to be BLOCKED in N6 V1.
29c76d49-4688-5659-878a-e0d40574eb47,INE985W01018,,DIVIDEND_REMEDIATION,2,0,2,2024-09-23,2025-09-23,CASH_DIVIDEND,DIVIDEND: exact historical-identity-bound previous/ex-date R2 price pair unavailable,WHOLE_IDENTITY,Any unresolved price-affecting corporate-action blocker causes all raw daily rows for this identity to be BLOCKED in N6 V1.
2a9eb1b8-0974-5bd8-8e9e-f036750c5f5f,INE0FMW01018,,DIVIDEND_REMEDIATION,1,0,1,2026-09-23,2026-09-23,CASH_DIVIDEND,DIVIDEND: exact historical-identity-bound previous/ex-date R2 price pair unavailable,WHOLE_IDENTITY,Any unresolved price-affecting corporate-action blocker causes all raw daily rows for this identity to be BLOCKED in N6 V1.
2aef9cdf-81a4-50d6-b4a1-d98a7ff055dd,INE482B01010,,DIVIDEND_REMEDIATION,1,0,1,2025-09-19,2025-09-19,CASH_DIVIDEND,DIVIDEND: exact historical-identity-bound previous/ex-date R2 price pair unavailable,WHOLE_IDENTITY,Any unresolved price-affecting corporate-action blocker causes all raw daily rows for this identity to be BLOCKED in N6 V1.
2b3eb3ee-e91b-5906-8d61-fd49738cf741,INE179G01029,,RIGHTS_ECONOMICS_REMEDIATION,1,0,1,2025-08-06,2025-08-06,RIGHTS,"RIGHTS: subscription terms are normalized, but deterministic rights-price treatment is not owner-approved",WHOLE_IDENTITY,Any unresolved price-affecting corporate-action blocker causes all raw daily rows for this identity to be BLOCKED in N6 V1.
2be8fcf8-a1bc-5011-9b03-2285c9b57223,INE548A01028,,DIVIDEND_REMEDIATION,1,0,1,2026-09-22,2026-09-22,CASH_DIVIDEND,DIVIDEND: exact historical-identity-bound previous/ex-date R2 price pair unavailable,WHOLE_IDENTITY,Any unresolved price-affecting corporate-action blocker causes all raw daily rows for this identity to be BLOCKED in N6 V1.
2c189302-cc25-56fc-8559-754542e3b046,INE155Z01011,,DIVIDEND_REMEDIATION,1,0,1,2024-09-20,2024-09-20,CASH_DIVIDEND,DIVIDEND: exact historical-identity-bound previous/ex-date R2 price pair unavailable,WHOLE_IDENTITY,Any unresolved price-affecting corporate-action blocker causes all raw daily rows for this identity to be BLOCKED in N6 V1.
2c45cbde-21cd-5447-a7e5-4aa777d8b0bf,INE043C01018,,DIVIDEND_REMEDIATION,2,1,1,2024-08-01,2026-07-30,CASH_DIVIDEND,cash amount per share is not explicit;DIVIDEND: exact historical-identity-bound previous/ex-date R2 price pair unavailable,WHOLE_IDENTITY,Any unresolved price-affecting corporate-action blocker causes all raw daily rows for this identity to be BLOCKED in N6 V1.
2c6b0834-32bf-5276-b1a9-77e3067828e1,INE0B1K01014,,DIVIDEND_REMEDIATION,1,0,1,2024-07-05,2024-07-05,CASH_DIVIDEND,DIVIDEND: exact historical-identity-bound previous/ex-date R2 price pair unavailable,WHOLE_IDENTITY,Any unresolved price-affecting corporate-action blocker causes all raw daily rows for this identity to be BLOCKED in N6 V1.
2c9c522b-4456-5277-8d95-2468f1a4a0b5,INE0OU201013,,DIVIDEND_REMEDIATION,1,0,1,2026-07-06,2026-07-06,CASH_DIVIDEND,DIVIDEND: exact historical-identity-bound previous/ex-date R2 price pair unavailable,WHOLE_IDENTITY,Any unresolved price-affecting corporate-action blocker causes all raw daily rows for this identity to be BLOCKED in N6 V1.
2d9fb9c4-920a-5c7d-9d99-4f607f5bb283,INE090B01011,,DIVIDEND_REMEDIATION,4,0,4,2024-05-14,2026-05-08,CASH_DIVIDEND,DIVIDEND: exact historical-identity-bound previous/ex-date R2 price pair unavailable,WHOLE_IDENTITY,Any unresolved price-affecting corporate-action blocker causes all raw daily rows for this identity to be BLOCKED in N6 V1.
2df35fad-502b-5fc2-bedb-e4478ada6a8b,INE419U01012,,DIVIDEND_REMEDIATION,1,1,0,2024-11-27,2024-11-27,CASH_DIVIDEND,cash amount per share is not explicit,WHOLE_IDENTITY,Any unresolved price-affecting corporate-action blocker causes all raw daily rows for this identity to be BLOCKED in N6 V1.
2e45e33e-87c4-5e43-9298-f0fdcbea5daa,INE939A01011,,DEMERGER_LINEAGE_REMEDIATION,1,1,0,2024-12-06,2024-12-06,DEMERGER,successor entitlement and valuation lineage are not explicit in the source observation,WHOLE_IDENTITY,Any unresolved price-affecting corporate-action blocker causes all raw daily rows for this identity to be BLOCKED in N6 V1.
2e74b429-ebed-5dbc-8f2f-708115bdb8d1,INE196A01026,,DIVIDEND_REMEDIATION,1,1,0,2024-03-06,2024-03-06,CASH_DIVIDEND,cash amount per share is not explicit,WHOLE_IDENTITY,Any unresolved price-affecting corporate-action blocker causes all raw daily rows for this identity to be BLOCKED in N6 V1.
2ecae8a6-d2d4-5d18-bd8d-24e3afb373cd,INE110B01017,,DIVIDEND_REMEDIATION,1,0,1,2025-08-01,2025-08-01,CASH_DIVIDEND,DIVIDEND: exact historical-identity-bound previous/ex-date R2 price pair unavailable,WHOLE_IDENTITY,Any unresolved price-affecting corporate-action blocker causes all raw daily rows for this identity to be BLOCKED in N6 V1.
2f1b621a-f355-5599-b26c-f40eb87047cd,INE055A01016,,DIVIDEND_REMEDIATION,1,0,1,2024-07-11,2024-07-11,CASH_DIVIDEND,DIVIDEND: exact historical-identity-bound previous/ex-date R2 price pair unavailable,WHOLE_IDENTITY,Any unresolved price-affecting corporate-action blocker causes all raw daily rows for this identity to be BLOCKED in N6 V1.
2f4b35dc-2741-5868-a913-8a9ed324c8b9,INE231G01010,,DIVIDEND_REMEDIATION,1,0,1,2026-08-31,2026-08-31,CASH_DIVIDEND,DIVIDEND: exact historical-identity-bound previous/ex-date R2 price pair unavailable,WHOLE_IDENTITY,Any unresolved price-affecting corporate-action blocker causes all raw daily rows for this identity to be BLOCKED in N6 V1.
2f889af3-d4af-5950-9520-2380bac72cee,INE268H01044,,DIVIDEND_REMEDIATION,2,0,2,2025-09-23,2026-09-18,CASH_DIVIDEND,DIVIDEND: exact historical-identity-bound previous/ex-date R2 price pair unavailable,WHOLE_IDENTITY,Any unresolved price-affecting corporate-action blocker causes all raw daily rows for this identity to be BLOCKED in N6 V1.
3099c66a-3850-560e-8dbc-4f34d30290e6,INE0MEG01014,,DIVIDEND_REMEDIATION,1,1,0,2026-09-22,2026-09-22,CASH_DIVIDEND,cash amount per share is not explicit,WHOLE_IDENTITY,Any unresolved price-affecting corporate-action blocker causes all raw daily rows for this identity to be BLOCKED in N6 V1.
30d97e6b-a8bb-52c4-a5bf-4e1ef91f1a15,INE671H01015,,RIGHTS_ECONOMICS_REMEDIATION,1,0,1,2024-06-19,2024-06-19,RIGHTS,"RIGHTS: subscription terms are normalized, but deterministic rights-price treatment is not owner-approved",WHOLE_IDENTITY,Any unresolved price-affecting corporate-action blocker causes all raw daily rows for this identity to be BLOCKED in N6 V1.
3132db75-ed93-528b-b8d6-453985d159d1,INE007B01023,,RIGHTS_ECONOMICS_REMEDIATION,1,0,1,2024-10-07,2024-10-07,RIGHTS,"RIGHTS: subscription terms are normalized, but deterministic rights-price treatment is not owner-approved",WHOLE_IDENTITY,Any unresolved price-affecting corporate-action blocker causes all raw daily rows for this identity to be BLOCKED in N6 V1.
31409683-14c0-5f77-9dac-aeeb1b53a032,INE0DNW01011,,DIVIDEND_REMEDIATION,2,1,1,2024-07-29,2026-07-20,CASH_DIVIDEND,cash amount per share is not explicit;DIVIDEND: exact historical-identity-bound previous/ex-date R2 price pair unavailable,WHOLE_IDENTITY,Any unresolved price-affecting corporate-action blocker causes all raw daily rows for this identity to be BLOCKED in N6 V1.
317cafb4-2153-5318-b93b-36e282896f95,INE02PY01013,,DEMERGER_LINEAGE_REMEDIATION,2,1,1,2023-12-05,2023-12-05,DEMERGER,DEMERGER: successor entitlement and valuation lineage not proven;successor entitlement and valuation lineage are not explicit in the source observation,WHOLE_IDENTITY,Any unresolved price-affecting corporate-action blocker causes all raw daily rows for this identity to be BLOCKED in N6 V1.
31b1180d-d5b7-561a-be27-089aaa9645ad,INE784R01023,,DIVIDEND_REMEDIATION,1,0,1,2025-11-17,2025-11-17,CASH_DIVIDEND,DIVIDEND: exact historical-identity-bound previous/ex-date R2 price pair unavailable,WHOLE_IDENTITY,Any unresolved price-affecting corporate-action blocker causes all raw daily rows for this identity to be BLOCKED in N6 V1.
333f9368-50cf-5be0-aa74-c6e96758c5de,INE835B01035,,DIVIDEND_REMEDIATION,1,0,1,2026-09-11,2026-09-11,CASH_DIVIDEND,DIVIDEND: exact historical-identity-bound previous/ex-date R2 price pair unavailable,WHOLE_IDENTITY,Any unresolved price-affecting corporate-action blocker causes all raw daily rows for this identity to be BLOCKED in N6 V1.
338ad98a-92f2-55f3-bdbc-655b866eaac8,INE0APB01024,,MULTIPLE_CORPORATE_ACTION_CAUSES,2,0,2,2024-05-24,2024-07-26,CASH_DIVIDEND;RIGHTS,"DIVIDEND: exact historical-identity-bound previous/ex-date R2 price pair unavailable;RIGHTS: subscription terms are normalized, but deterministic rights-price treatment is not owner-approved",WHOLE_IDENTITY,Any unresolved price-affecting corporate-action blocker causes all raw daily rows for this identity to be BLOCKED in N6 V1.
3411ce67-8fe8-5f36-a2ad-00e0818db764,INE365I01020,,DIVIDEND_REMEDIATION,1,0,1,2024-08-09,2024-08-09,CASH_DIVIDEND,DIVIDEND: exact historical-identity-bound previous/ex-date R2 price pair unavailable,WHOLE_IDENTITY,Any unresolved price-affecting corporate-action blocker causes all raw daily rows for this identity to be BLOCKED in N6 V1.
34870117-17f2-5e51-9d24-3e511bfb3282,INE074A01025,,DIVIDEND_REMEDIATION,1,1,0,2024-07-18,2024-07-18,CASH_DIVIDEND,cash amount per share is not explicit,WHOLE_IDENTITY,Any unresolved price-affecting corporate-action blocker causes all raw daily rows for this identity to be BLOCKED in N6 V1.
34dc42cd-35ea-518e-9aa2-8fa863003528,INE835G01018,,DIVIDEND_REMEDIATION,2,0,2,2023-11-10,2024-07-05,CASH_DIVIDEND,DIVIDEND: exact historical-identity-bound previous/ex-date R2 price pair unavailable,WHOLE_IDENTITY,Any unresolved price-affecting corporate-action blocker causes all raw daily rows for this identity to be BLOCKED in N6 V1.
357ae6cb-7e1b-5899-aa07-bd17f9794b68,INE506Z01015,,DIVIDEND_REMEDIATION,2,0,2,2024-08-26,2025-02-14,CASH_DIVIDEND,DIVIDEND: exact historical-identity-bound previous/ex-date R2 price pair unavailable,WHOLE_IDENTITY,Any unresolved price-affecting corporate-action blocker causes all raw daily rows for this identity to be BLOCKED in N6 V1.
35866c8b-5137-540d-9e44-0322936c1257,INE053A01029,,DIVIDEND_REMEDIATION,1,1,0,2025-06-30,2025-06-30,CASH_DIVIDEND,cash amount per share is not explicit,WHOLE_IDENTITY,Any unresolved price-affecting corporate-action blocker causes all raw daily rows for this identity to be BLOCKED in N6 V1.
3596c591-cb25-5c9c-ad58-980e2987a647,INE224E01036,,RIGHTS_ECONOMICS_REMEDIATION,2,0,2,2024-07-16,2025-04-28,RIGHTS,"RIGHTS: subscription terms are normalized, but deterministic rights-price treatment is not owner-approved",WHOLE_IDENTITY,Any unresolved price-affecting corporate-action blocker causes all raw daily rows for this identity to be BLOCKED in N6 V1.
35a9f602-f191-5e6e-992d-a3facbb84702,INE075I01017,,RIGHTS_ECONOMICS_REMEDIATION,1,0,1,2026-03-02,2026-03-02,RIGHTS,"RIGHTS: subscription terms are normalized, but deterministic rights-price treatment is not owner-approved",WHOLE_IDENTITY,Any unresolved price-affecting corporate-action blocker causes all raw daily rows for this identity to be BLOCKED in N6 V1.
36a3d9ea-7b32-5a35-8f63-5a38cb11be92,INE073D01013,,DIVIDEND_REMEDIATION,1,0,1,2026-07-17,2026-07-17,CASH_DIVIDEND,DIVIDEND: exact historical-identity-bound previous/ex-date R2 price pair unavailable,WHOLE_IDENTITY,Any unresolved price-affecting corporate-action blocker causes all raw daily rows for this identity to be BLOCKED in N6 V1.
37dc3a27-3043-54d3-ae0f-ab73ab1b235f,INE032B01021,,DIVIDEND_REMEDIATION,1,1,0,2024-06-20,2024-06-20,CASH_DIVIDEND,cash amount per share is not explicit,WHOLE_IDENTITY,Any unresolved price-affecting corporate-action blocker causes all raw daily rows for this identity to be BLOCKED in N6 V1.
3885f7f2-30d8-516f-9e99-b7cd61d3f8dc,INE424H01027,,DIVIDEND_REMEDIATION,2,2,0,2024-02-23,2025-08-13,CASH_DIVIDEND,cash amount per share is not explicit,WHOLE_IDENTITY,Any unresolved price-affecting corporate-action blocker causes all raw daily rows for this identity to be BLOCKED in N6 V1.
38ca8c3c-d017-541b-82a0-77e225c8f6c4,INE0NLT01010,,DIVIDEND_REMEDIATION,1,0,1,2025-09-08,2025-09-08,CASH_DIVIDEND,DIVIDEND: exact historical-identity-bound previous/ex-date R2 price pair unavailable,WHOLE_IDENTITY,Any unresolved price-affecting corporate-action blocker causes all raw daily rows for this identity to be BLOCKED in N6 V1.
392c61b1-4c24-5b21-8803-0e2274a00c97,INE647O01011,,DEMERGER_LINEAGE_REMEDIATION,1,1,0,2025-05-22,2025-05-22,DEMERGER,successor entitlement and valuation lineage are not explicit in the source observation,WHOLE_IDENTITY,Any unresolved price-affecting corporate-action blocker causes all raw daily rows for this identity to be BLOCKED in N6 V1.
39edb8e8-a11e-5f94-8552-ccc0e1220761,INE279A01012,,DIVIDEND_REMEDIATION,1,1,0,2024-07-26,2024-07-26,CASH_DIVIDEND,cash amount per share is not explicit,WHOLE_IDENTITY,Any unresolved price-affecting corporate-action blocker causes all raw daily rows for this identity to be BLOCKED in N6 V1.
3a7b7d3f-890d-59de-8dc7-a8cab08a8a39,INE229A01017,,DIVIDEND_REMEDIATION,1,0,1,2025-07-04,2025-07-04,CASH_DIVIDEND,DIVIDEND: exact historical-identity-bound previous/ex-date R2 price pair unavailable,WHOLE_IDENTITY,Any unresolved price-affecting corporate-action blocker causes all raw daily rows for this identity to be BLOCKED in N6 V1.
3ab9b6e2-0778-5fa2-a0c2-db7470ac4500,INE878H01024,,RIGHTS_ECONOMICS_REMEDIATION,1,0,1,2024-07-05,2024-07-05,RIGHTS,"RIGHTS: subscription terms are normalized, but deterministic rights-price treatment is not owner-approved",WHOLE_IDENTITY,Any unresolved price-affecting corporate-action blocker causes all raw daily rows for this identity to be BLOCKED in N6 V1.
3b034573-8f16-52ae-a373-f5936f5213cd,INE188Y01031,,DIVIDEND_REMEDIATION,1,0,1,2026-06-05,2026-06-05,CASH_DIVIDEND,DIVIDEND: exact historical-identity-bound previous/ex-date R2 price pair unavailable,WHOLE_IDENTITY,Any unresolved price-affecting corporate-action blocker causes all raw daily rows for this identity to be BLOCKED in N6 V1.
3b5b753f-292a-5933-95cf-ceeef8a77d91,INE431F01018,,DIVIDEND_REMEDIATION,3,0,3,2024-09-19,2026-09-18,CASH_DIVIDEND,DIVIDEND: exact historical-identity-bound previous/ex-date R2 price pair unavailable,WHOLE_IDENTITY,Any unresolved price-affecting corporate-action blocker causes all raw daily rows for this identity to be BLOCKED in N6 V1.
3e0ab3bd-7eab-52a8-a027-ebff71b4caa0,INE080A01014,,DIVIDEND_REMEDIATION,1,0,1,2024-07-23,2024-07-23,CASH_DIVIDEND,DIVIDEND: exact historical-identity-bound previous/ex-date R2 price pair unavailable,WHOLE_IDENTITY,Any unresolved price-affecting corporate-action blocker causes all raw daily rows for this identity to be BLOCKED in N6 V1.
3fa606e4-4087-5bf9-85ff-378966e993fc,INE571B01036,,DIVIDEND_REMEDIATION,1,0,1,2025-08-26,2025-08-26,CASH_DIVIDEND,DIVIDEND: exact historical-identity-bound previous/ex-date R2 price pair unavailable,WHOLE_IDENTITY,Any unresolved price-affecting corporate-action blocker causes all raw daily rows for this identity to be BLOCKED in N6 V1.
3fdd509d-0412-535e-8543-40d8a6d7f7df,INE745B01028,,DIVIDEND_REMEDIATION,1,0,1,2026-07-14,2026-07-14,CASH_DIVIDEND,DIVIDEND: exact historical-identity-bound previous/ex-date R2 price pair unavailable,WHOLE_IDENTITY,Any unresolved price-affecting corporate-action blocker causes all raw daily rows for this identity to be BLOCKED in N6 V1.
40086172-fd62-5cfc-9508-37864843b6e2,INE548Z01017,,DIVIDEND_REMEDIATION,1,0,1,2024-07-09,2024-07-09,CASH_DIVIDEND,DIVIDEND: exact historical-identity-bound previous/ex-date R2 price pair unavailable,WHOLE_IDENTITY,Any unresolved price-affecting corporate-action blocker causes all raw daily rows for this identity to be BLOCKED in N6 V1.
401d7d89-bcfb-5c31-ba44-c10a89369455,INE716B01029,,DIVIDEND_REMEDIATION,4,1,3,2023-10-31,2025-01-28,CASH_DIVIDEND,cash amount per share is not explicit;DIVIDEND: exact historical-identity-bound previous/ex-date R2 price pair unavailable,WHOLE_IDENTITY,Any unresolved price-affecting corporate-action blocker causes all raw daily rows for this identity to be BLOCKED in N6 V1.
4126b7ae-3f00-59cb-bc8d-1558eae1c08d,INE066F01020,,DIVIDEND_REMEDIATION,1,1,0,2026-08-14,2026-08-14,CASH_DIVIDEND,cash amount per share is not explicit,WHOLE_IDENTITY,Any unresolved price-affecting corporate-action blocker causes all raw daily rows for this identity to be BLOCKED in N6 V1.
41be4a2f-3e96-500c-93bc-3760dfc4bc3c,INE03Q201024,,DIVIDEND_REMEDIATION,1,0,1,2023-10-17,2023-10-17,CASH_DIVIDEND,DIVIDEND: exact historical-identity-bound previous/ex-date R2 price pair unavailable,WHOLE_IDENTITY,Any unresolved price-affecting corporate-action blocker causes all raw daily rows for this identity to be BLOCKED in N6 V1.
41c2005b-ecdc-5b42-a99f-0dea58d7fbe5,INE295A01018,,DIVIDEND_REMEDIATION,1,0,1,2026-07-27,2026-07-27,CASH_DIVIDEND,DIVIDEND: exact historical-identity-bound previous/ex-date R2 price pair unavailable,WHOLE_IDENTITY,Any unresolved price-affecting corporate-action blocker causes all raw daily rows for this identity to be BLOCKED in N6 V1.
42dd6b60-cfad-5cc6-81c9-d88daadd9794,INE225D01027,,DIVIDEND_REMEDIATION,1,1,0,2024-07-26,2024-07-26,CASH_DIVIDEND,cash amount per share is not explicit,WHOLE_IDENTITY,Any unresolved price-affecting corporate-action blocker causes all raw daily rows for this identity to be BLOCKED in N6 V1.
433ae5d4-be1a-50b2-8012-016621143f01,INE266F01018,,DIVIDEND_REMEDIATION,1,1,0,2026-05-27,2026-05-27,CASH_DIVIDEND,cash amount per share is not explicit,WHOLE_IDENTITY,Any unresolved price-affecting corporate-action blocker causes all raw daily rows for this identity to be BLOCKED in N6 V1.
442bbc55-c12c-5abe-881a-c76eda3055f8,INE338I01027,,DIVIDEND_REMEDIATION,1,1,0,2025-01-31,2025-01-31,CASH_DIVIDEND,cash amount per share is not explicit,WHOLE_IDENTITY,Any unresolved price-affecting corporate-action blocker causes all raw daily rows for this identity to be BLOCKED in N6 V1.
4437f019-c7ee-5c42-8c9f-469c85454001,INE00YB01017,,RIGHTS_ECONOMICS_REMEDIATION,1,0,1,2025-03-10,2025-03-10,RIGHTS,"RIGHTS: subscription terms are normalized, but deterministic rights-price treatment is not owner-approved",WHOLE_IDENTITY,Any unresolved price-affecting corporate-action blocker causes all raw daily rows for this identity to be BLOCKED in N6 V1.
443f0bbf-7efe-51d1-bcda-73da531e9b71,INE614A01028,,DIVIDEND_REMEDIATION,1,1,0,2025-08-06,2025-08-06,CASH_DIVIDEND,cash amount per share is not explicit,WHOLE_IDENTITY,Any unresolved price-affecting corporate-action blocker causes all raw daily rows for this identity to be BLOCKED in N6 V1.
444533f3-c6c8-5e49-aa1c-ce361ac7a451,INE770A01010,,DIVIDEND_REMEDIATION,1,0,1,2026-07-31,2026-07-31,CASH_DIVIDEND,DIVIDEND: exact historical-identity-bound previous/ex-date R2 price pair unavailable,WHOLE_IDENTITY,Any unresolved price-affecting corporate-action blocker causes all raw daily rows for this identity to be BLOCKED in N6 V1.
445a4e24-1440-58d3-9ad9-e7e194255c00,INE01II01013,,RIGHTS_ECONOMICS_REMEDIATION,2,0,2,2024-02-22,2026-01-05,RIGHTS,"RIGHTS: subscription terms are normalized, but deterministic rights-price treatment is not owner-approved",WHOLE_IDENTITY,Any unresolved price-affecting corporate-action blocker causes all raw daily rows for this identity to be BLOCKED in N6 V1.
449c7ae6-7a0e-5451-aad3-633bbc4407b8,INE756C01015,,DIVIDEND_REMEDIATION,1,0,1,2024-08-16,2024-08-16,CASH_DIVIDEND,DIVIDEND: exact historical-identity-bound previous/ex-date R2 price pair unavailable,WHOLE_IDENTITY,Any unresolved price-affecting corporate-action blocker causes all raw daily rows for this identity to be BLOCKED in N6 V1.
44a13210-f6ef-539b-b24f-17e59dfe6ff2,INE215F01023,,DIVIDEND_REMEDIATION,1,0,1,2024-09-17,2024-09-17,CASH_DIVIDEND,DIVIDEND: exact historical-identity-bound previous/ex-date R2 price pair unavailable,WHOLE_IDENTITY,Any unresolved price-affecting corporate-action blocker causes all raw daily rows for this identity to be BLOCKED in N6 V1.
44b2f315-b874-5f22-8647-905497edd950,INE337M01013,,DIVIDEND_REMEDIATION,1,0,1,2024-09-20,2024-09-20,CASH_DIVIDEND,DIVIDEND: exact historical-identity-bound previous/ex-date R2 price pair unavailable,WHOLE_IDENTITY,Any unresolved price-affecting corporate-action blocker causes all raw daily rows for this identity to be BLOCKED in N6 V1.
4520cb1a-a6db-5cef-b200-28de77c02443,INE474E01029,,RIGHTS_ECONOMICS_REMEDIATION,2,0,2,2024-06-19,2026-02-25,RIGHTS,"RIGHTS: subscription terms are normalized, but deterministic rights-price treatment is not owner-approved",WHOLE_IDENTITY,Any unresolved price-affecting corporate-action blocker causes all raw daily rows for this identity to be BLOCKED in N6 V1.
45509293-c3b2-5d98-91ea-9433833cd6cf,INE0V9Q01010,,DIVIDEND_REMEDIATION,2,0,2,2026-09-11,2026-09-25,CASH_DIVIDEND,DIVIDEND: exact historical-identity-bound previous/ex-date R2 price pair unavailable,WHOLE_IDENTITY,Any unresolved price-affecting corporate-action blocker causes all raw daily rows for this identity to be BLOCKED in N6 V1.
459fcebd-ce3e-515b-8f4b-77559d46c59c,INE105A01035,,BONUS_TERMS_REMEDIATION,1,1,0,2026-09-08,2026-09-08,BONUS,bonus ratio is not explicit,WHOLE_IDENTITY,Any unresolved price-affecting corporate-action blocker causes all raw daily rows for this identity to be BLOCKED in N6 V1.
45b5dcea-7b7c-500b-a79e-238093dc141c,INE04I401011,,DIVIDEND_REMEDIATION,1,1,0,2025-02-04,2025-02-04,CASH_DIVIDEND,cash amount per share is not explicit,WHOLE_IDENTITY,Any unresolved price-affecting corporate-action blocker causes all raw daily rows for this identity to be BLOCKED in N6 V1.
4615e111-a41d-56df-8c66-edd645d9c786,INE260B01028,,DIVIDEND_REMEDIATION,1,1,0,2026-08-11,2026-08-11,CASH_DIVIDEND,cash amount per share is not explicit,WHOLE_IDENTITY,Any unresolved price-affecting corporate-action blocker causes all raw daily rows for this identity to be BLOCKED in N6 V1.
463982ad-06b9-592e-b804-3f07b00be315,INE910C01018,,DIVIDEND_REMEDIATION,1,1,0,2024-07-16,2024-07-16,CASH_DIVIDEND,cash amount per share is not explicit,WHOLE_IDENTITY,Any unresolved price-affecting corporate-action blocker causes all raw daily rows for this identity to be BLOCKED in N6 V1.
46b40dd1-287f-5a66-b678-d979f17a4951,INE828O01033,,RIGHTS_ECONOMICS_REMEDIATION,1,0,1,2024-06-20,2024-06-20,RIGHTS,"RIGHTS: subscription terms are normalized, but deterministic rights-price treatment is not owner-approved",WHOLE_IDENTITY,Any unresolved price-affecting corporate-action blocker causes all raw daily rows for this identity to be BLOCKED in N6 V1.
4751c59f-1b1c-577c-a1d8-78cd9f6f3c6b,INE356B01024,,DIVIDEND_REMEDIATION,1,0,1,2026-09-15,2026-09-15,CASH_DIVIDEND,DIVIDEND: exact historical-identity-bound previous/ex-date R2 price pair unavailable,WHOLE_IDENTITY,Any unresolved price-affecting corporate-action blocker causes all raw daily rows for this identity to be BLOCKED in N6 V1.
4826147a-2d8f-5fa1-bb58-92496c2f71a4,INE087A01019,,DEMERGER_LINEAGE_REMEDIATION,1,1,0,2025-03-10,2025-03-10,DEMERGER,successor entitlement and valuation lineage are not explicit in the source observation,WHOLE_IDENTITY,Any unresolved price-affecting corporate-action blocker causes all raw daily rows for this identity to be BLOCKED in N6 V1.
484417c2-f16d-5f85-9953-66e513114182,INE0J0B01017,,DIVIDEND_REMEDIATION,1,0,1,2026-08-14,2026-08-14,CASH_DIVIDEND,DIVIDEND: exact historical-identity-bound previous/ex-date R2 price pair unavailable,WHOLE_IDENTITY,Any unresolved price-affecting corporate-action blocker causes all raw daily rows for this identity to be BLOCKED in N6 V1.
4926d48e-47bc-54bc-861b-0cd173062095,INE903A01025,,RIGHTS_ECONOMICS_REMEDIATION,1,0,1,2026-08-28,2026-08-28,RIGHTS,"RIGHTS: subscription terms are normalized, but deterministic rights-price treatment is not owner-approved",WHOLE_IDENTITY,Any unresolved price-affecting corporate-action blocker causes all raw daily rows for this identity to be BLOCKED in N6 V1.
4aeae4e6-38ca-5139-99f9-dfeaf6557c75,INE01NE01012,,DIVIDEND_REMEDIATION,1,0,1,2025-09-19,2025-09-19,CASH_DIVIDEND,DIVIDEND: exact historical-identity-bound previous/ex-date R2 price pair unavailable,WHOLE_IDENTITY,Any unresolved price-affecting corporate-action blocker causes all raw daily rows for this identity to be BLOCKED in N6 V1.
4af48eab-e735-5d83-bfc2-1a92dd4b76da,INE830C01026,,DIVIDEND_REMEDIATION,1,0,1,2026-08-28,2026-08-28,CASH_DIVIDEND,DIVIDEND: exact historical-identity-bound previous/ex-date R2 price pair unavailable,WHOLE_IDENTITY,Any unresolved price-affecting corporate-action blocker causes all raw daily rows for this identity to be BLOCKED in N6 V1.
4c6eaa62-81c3-5ddd-b3be-378d0df44df4,INE886D01026,,RIGHTS_ECONOMICS_REMEDIATION,1,0,1,2026-05-07,2026-05-07,RIGHTS,"RIGHTS: subscription terms are normalized, but deterministic rights-price treatment is not owner-approved",WHOLE_IDENTITY,Any unresolved price-affecting corporate-action blocker causes all raw daily rows for this identity to be BLOCKED in N6 V1.
4d1942e0-3c08-5554-b973-80b59f431956,INE205A01025,,DEMERGER_LINEAGE_REMEDIATION,1,1,0,2026-04-30,2026-04-30,DEMERGER,successor entitlement and valuation lineage are not explicit in the source observation,WHOLE_IDENTITY,Any unresolved price-affecting corporate-action blocker causes all raw daily rows for this identity to be BLOCKED in N6 V1.
5004396e-f14a-54cd-a1f7-4267d3407e99,INE843B01013,,RIGHTS_ECONOMICS_REMEDIATION,1,0,1,2026-03-20,2026-03-20,RIGHTS,"RIGHTS: subscription terms are normalized, but deterministic rights-price treatment is not owner-approved",WHOLE_IDENTITY,Any unresolved price-affecting corporate-action blocker causes all raw daily rows for this identity to be BLOCKED in N6 V1.
511d5517-1f19-5cfe-845c-5ff30411c0a8,INE075B01020,,RIGHTS_ECONOMICS_REMEDIATION,1,0,1,2026-02-18,2026-02-18,RIGHTS,"RIGHTS: subscription terms are normalized, but deterministic rights-price treatment is not owner-approved",WHOLE_IDENTITY,Any unresolved price-affecting corporate-action blocker causes all raw daily rows for this identity to be BLOCKED in N6 V1.
51b8c135-5032-59c0-a5ca-16a38cd8089f,INE888C01040,,MULTIPLE_CORPORATE_ACTION_CAUSES,3,0,3,2024-09-13,2026-02-18,CASH_DIVIDEND;RIGHTS,"DIVIDEND: exact historical-identity-bound previous/ex-date R2 price pair unavailable;RIGHTS: subscription terms are normalized, but deterministic rights-price treatment is not owner-approved",WHOLE_IDENTITY,Any unresolved price-affecting corporate-action blocker causes all raw daily rows for this identity to be BLOCKED in N6 V1.
5265c067-221a-5c34-89e8-34591a859f57,INE133Y01011,,DIVIDEND_REMEDIATION,1,1,0,2025-06-06,2025-06-06,CASH_DIVIDEND,cash amount per share is not explicit,WHOLE_IDENTITY,Any unresolved price-affecting corporate-action blocker causes all raw daily rows for this identity to be BLOCKED in N6 V1.
53504d62-4691-57c4-ae54-53ce90b838c3,INE0ALR01029,,RIGHTS_ECONOMICS_REMEDIATION,1,0,1,2024-08-22,2024-08-22,RIGHTS,"RIGHTS: subscription terms are normalized, but deterministic rights-price treatment is not owner-approved",WHOLE_IDENTITY,Any unresolved price-affecting corporate-action blocker causes all raw daily rows for this identity to be BLOCKED in N6 V1.
53552825-6215-578c-9c68-39650faa8d39,INE514Y01020,,RIGHTS_ECONOMICS_REMEDIATION,1,0,1,2024-12-20,2024-12-20,RIGHTS,"RIGHTS: subscription terms are normalized, but deterministic rights-price treatment is not owner-approved",WHOLE_IDENTITY,Any unresolved price-affecting corporate-action blocker causes all raw daily rows for this identity to be BLOCKED in N6 V1.
53c0f76e-5fcf-5c5c-bc92-406ba2964ad5,INE835A01029,,RIGHTS_ECONOMICS_REMEDIATION,1,0,1,2024-08-28,2024-08-28,RIGHTS,"RIGHTS: subscription terms are normalized, but deterministic rights-price treatment is not owner-approved",WHOLE_IDENTITY,Any unresolved price-affecting corporate-action blocker causes all raw daily rows for this identity to be BLOCKED in N6 V1.
567ed24e-f4e9-5afa-ac81-4699b9ab5a01,INE298G01027,,MULTIPLE_CORPORATE_ACTION_CAUSES,2,1,1,2024-08-02,2024-08-02,CASH_DIVIDEND;DEMERGER,DIVIDEND: exact historical-identity-bound previous/ex-date R2 price pair unavailable;successor entitlement and valuation lineage are not explicit in the source observation,WHOLE_IDENTITY,Any unresolved price-affecting corporate-action blocker causes all raw daily rows for this identity to be BLOCKED in N6 V1.
56c39b59-5648-5043-928b-363ee34d8eb4,INE732A01036,,DIVIDEND_REMEDIATION,1,1,0,2026-07-24,2026-07-24,CASH_DIVIDEND,cash amount per share is not explicit,WHOLE_IDENTITY,Any unresolved price-affecting corporate-action blocker causes all raw daily rows for this identity to be BLOCKED in N6 V1.
5798a1da-9f0e-5bdb-9df7-d845cd51a23e,INE085J01014,,RIGHTS_ECONOMICS_REMEDIATION,1,0,1,2025-02-11,2025-02-11,RIGHTS,"RIGHTS: subscription terms are normalized, but deterministic rights-price treatment is not owner-approved",WHOLE_IDENTITY,Any unresolved price-affecting corporate-action blocker causes all raw daily rows for this identity to be BLOCKED in N6 V1.
57e61065-d023-5690-8cb2-0c45e93ab1c7,INE099F01013,,DIVIDEND_REMEDIATION,1,0,1,2026-09-21,2026-09-21,CASH_DIVIDEND,DIVIDEND: exact historical-identity-bound previous/ex-date R2 price pair unavailable,WHOLE_IDENTITY,Any unresolved price-affecting corporate-action blocker causes all raw daily rows for this identity to be BLOCKED in N6 V1.
581bb81d-375a-5cb9-9a55-fd80ad8f2b45,INE142Z01019,,DIVIDEND_REMEDIATION,1,1,0,2025-02-04,2025-02-04,CASH_DIVIDEND,cash amount per share is not explicit,WHOLE_IDENTITY,Any unresolved price-affecting corporate-action blocker causes all raw daily rows for this identity to be BLOCKED in N6 V1.
5876756c-bab9-526a-8d8e-db6b176a9d64,INE079J01017,,DIVIDEND_REMEDIATION,1,1,0,2024-02-26,2024-02-26,CASH_DIVIDEND,cash amount per share is not explicit,WHOLE_IDENTITY,Any unresolved price-affecting corporate-action blocker causes all raw daily rows for this identity to be BLOCKED in N6 V1.
58bf8498-f32a-513f-8c7b-f481c187319c,INE0APB01032,,DIVIDEND_REMEDIATION,1,0,1,2026-07-17,2026-07-17,CASH_DIVIDEND,DIVIDEND: exact historical-identity-bound previous/ex-date R2 price pair unavailable,WHOLE_IDENTITY,Any unresolved price-affecting corporate-action blocker causes all raw daily rows for this identity to be BLOCKED in N6 V1.
58e0b15b-054b-50a4-98e7-3941a10cf060,INE0NN701020,,RIGHTS_ECONOMICS_REMEDIATION,1,0,1,2025-11-14,2025-11-14,RIGHTS,"RIGHTS: subscription terms are normalized, but deterministic rights-price treatment is not owner-approved",WHOLE_IDENTITY,Any unresolved price-affecting corporate-action blocker causes all raw daily rows for this identity to be BLOCKED in N6 V1.
59818f3b-b6b0-5951-8194-1980b6e77528,INE962Y01021,,DIVIDEND_REMEDIATION,1,1,0,2025-02-17,2025-02-17,CASH_DIVIDEND,cash amount per share is not explicit,WHOLE_IDENTITY,Any unresolved price-affecting corporate-action blocker causes all raw daily rows for this identity to be BLOCKED in N6 V1.
59dc0b17-37d8-5078-b8b4-21f0c39e4759,INE01GN01025,,RIGHTS_ECONOMICS_REMEDIATION,1,0,1,2025-03-13,2025-03-13,RIGHTS,"RIGHTS: subscription terms are normalized, but deterministic rights-price treatment is not owner-approved",WHOLE_IDENTITY,Any unresolved price-affecting corporate-action blocker causes all raw daily rows for this identity to be BLOCKED in N6 V1.
5ad7f710-97c9-5a6b-9571-1f6346481290,INE0LMW01024,,DIVIDEND_REMEDIATION,1,1,0,2024-08-02,2024-08-02,CASH_DIVIDEND,cash amount per share is not explicit,WHOLE_IDENTITY,Any unresolved price-affecting corporate-action blocker causes all raw daily rows for this identity to be BLOCKED in N6 V1.
5d030fa3-df20-5f76-9578-bcea6b769493,INE907A01026,,DIVIDEND_REMEDIATION,1,1,0,2025-08-11,2025-08-11,CASH_DIVIDEND,cash amount per share is not explicit,WHOLE_IDENTITY,Any unresolved price-affecting corporate-action blocker causes all raw daily rows for this identity to be BLOCKED in N6 V1.
5e01248f-e830-5557-a365-727073ace02e,INE970N01027,,DIVIDEND_REMEDIATION,1,1,0,2026-06-05,2026-06-05,CASH_DIVIDEND,cash amount per share is not explicit,WHOLE_IDENTITY,Any unresolved price-affecting corporate-action blocker causes all raw daily rows for this identity to be BLOCKED in N6 V1.
5e3ebb6c-8d23-51c1-a0b0-eca99897fde9,INE484C01030,,DIVIDEND_REMEDIATION,3,0,3,2023-11-21,2024-07-04,CASH_DIVIDEND,DIVIDEND: exact historical-identity-bound previous/ex-date R2 price pair unavailable,WHOLE_IDENTITY,Any unresolved price-affecting corporate-action blocker causes all raw daily rows for this identity to be BLOCKED in N6 V1.
5e45a573-daad-5656-b742-7add5d953627,INE526B01014,,RIGHTS_ECONOMICS_REMEDIATION,1,0,1,2025-01-15,2025-01-15,RIGHTS,"RIGHTS: subscription terms are normalized, but deterministic rights-price treatment is not owner-approved",WHOLE_IDENTITY,Any unresolved price-affecting corporate-action blocker causes all raw daily rows for this identity to be BLOCKED in N6 V1.
5e83df4f-d709-5240-bef0-afc4ebfbc8f8,INE294B01019,,DIVIDEND_REMEDIATION,2,0,2,2024-09-06,2025-07-09,CASH_DIVIDEND,DIVIDEND: exact historical-identity-bound previous/ex-date R2 price pair unavailable,WHOLE_IDENTITY,Any unresolved price-affecting corporate-action blocker causes all raw daily rows for this identity to be BLOCKED in N6 V1.
5fef0b3b-ae9b-5065-ba18-3255a1409ea1,INE640A01023,,DEMERGER_LINEAGE_REMEDIATION,1,1,0,2025-10-15,2025-10-15,DEMERGER,successor entitlement and valuation lineage are not explicit in the source observation,WHOLE_IDENTITY,Any unresolved price-affecting corporate-action blocker causes all raw daily rows for this identity to be BLOCKED in N6 V1.
61823e2e-d92c-552e-974e-81b640634aa2,INE116A01032,,DIVIDEND_REMEDIATION,1,1,0,2026-02-04,2026-02-04,CASH_DIVIDEND,cash amount per share is not explicit,WHOLE_IDENTITY,Any unresolved price-affecting corporate-action blocker causes all raw daily rows for this identity to be BLOCKED in N6 V1.
61ba9ef0-09d1-5896-95b3-cb14e7ca4045,INE773I01017,,DIVIDEND_REMEDIATION,1,0,1,2026-08-14,2026-08-14,CASH_DIVIDEND,DIVIDEND: exact historical-identity-bound previous/ex-date R2 price pair unavailable,WHOLE_IDENTITY,Any unresolved price-affecting corporate-action blocker causes all raw daily rows for this identity to be BLOCKED in N6 V1.
624aa1f8-8273-5c93-8721-8715b5247636,INE636A01039,,DIVIDEND_REMEDIATION,1,0,1,2026-06-25,2026-06-25,CASH_DIVIDEND,DIVIDEND: exact historical-identity-bound previous/ex-date R2 price pair unavailable,WHOLE_IDENTITY,Any unresolved price-affecting corporate-action blocker causes all raw daily rows for this identity to be BLOCKED in N6 V1.
62677657-e764-5aac-9b17-379d9a9eb704,INE899L01030,,DEMERGER_LINEAGE_REMEDIATION,1,1,0,2024-05-22,2024-05-22,DEMERGER,successor entitlement and valuation lineage are not explicit in the source observation,WHOLE_IDENTITY,Any unresolved price-affecting corporate-action blocker causes all raw daily rows for this identity to be BLOCKED in N6 V1.
627c001c-fd6b-588a-808e-870e6448cc49,INE382Z01011,,DIVIDEND_REMEDIATION,1,1,0,2025-11-11,2025-11-11,CASH_DIVIDEND,cash amount per share is not explicit,WHOLE_IDENTITY,Any unresolved price-affecting corporate-action blocker causes all raw daily rows for this identity to be BLOCKED in N6 V1.
62a94220-6e3b-5ac9-ad94-3c7e77c37598,INE0I0M01023,,RIGHTS_ECONOMICS_REMEDIATION,1,0,1,2026-03-11,2026-03-11,RIGHTS,"RIGHTS: subscription terms are normalized, but deterministic rights-price treatment is not owner-approved",WHOLE_IDENTITY,Any unresolved price-affecting corporate-action blocker causes all raw daily rows for this identity to be BLOCKED in N6 V1.
62c1e646-0818-5645-903b-54b064a03643,INE082A01010,,DIVIDEND_REMEDIATION,1,0,1,2026-08-11,2026-08-11,CASH_DIVIDEND,DIVIDEND: exact historical-identity-bound previous/ex-date R2 price pair unavailable,WHOLE_IDENTITY,Any unresolved price-affecting corporate-action blocker causes all raw daily rows for this identity to be BLOCKED in N6 V1.
62f2d230-179e-5fd9-8821-dfc2984491c6,INE01JE01028,,DIVIDEND_REMEDIATION,1,0,1,2024-09-20,2024-09-20,CASH_DIVIDEND,DIVIDEND: exact historical-identity-bound previous/ex-date R2 price pair unavailable,WHOLE_IDENTITY,Any unresolved price-affecting corporate-action blocker causes all raw daily rows for this identity to be BLOCKED in N6 V1.
63a8044b-44b8-52f4-be26-cb0d8741671d,INE700F01024,,DIVIDEND_REMEDIATION,1,0,1,2026-09-23,2026-09-23,CASH_DIVIDEND,DIVIDEND: exact historical-identity-bound previous/ex-date R2 price pair unavailable,WHOLE_IDENTITY,Any unresolved price-affecting corporate-action blocker causes all raw daily rows for this identity to be BLOCKED in N6 V1.
63c39bca-4941-51c6-a99d-4ef0a3921125,INE111A01025,,DIVIDEND_REMEDIATION,1,1,0,2026-09-21,2026-09-21,CASH_DIVIDEND,cash amount per share is not explicit,WHOLE_IDENTITY,Any unresolved price-affecting corporate-action blocker causes all raw daily rows for this identity to be BLOCKED in N6 V1.
6458ebcb-d414-5dc4-b40b-be41958f0807,INE624Z01016,,RIGHTS_ECONOMICS_REMEDIATION,1,0,1,2024-05-15,2024-05-15,RIGHTS,"RIGHTS: subscription terms are normalized, but deterministic rights-price treatment is not owner-approved",WHOLE_IDENTITY,Any unresolved price-affecting corporate-action blocker causes all raw daily rows for this identity to be BLOCKED in N6 V1.
648a4c67-e2b7-5c1b-8e00-a6e25f88632d,INE308A01027,,DIVIDEND_REMEDIATION,1,0,1,2024-09-06,2024-09-06,CASH_DIVIDEND,DIVIDEND: exact historical-identity-bound previous/ex-date R2 price pair unavailable,WHOLE_IDENTITY,Any unresolved price-affecting corporate-action blocker causes all raw daily rows for this identity to be BLOCKED in N6 V1.
64e668c2-c96e-5148-b22b-74a91e97b81e,INE713C01016,,DIVIDEND_REMEDIATION,1,0,1,2025-02-10,2025-02-10,CASH_DIVIDEND,DIVIDEND: exact historical-identity-bound previous/ex-date R2 price pair unavailable,WHOLE_IDENTITY,Any unresolved price-affecting corporate-action blocker causes all raw daily rows for this identity to be BLOCKED in N6 V1.
659c1a18-eefe-5688-977e-4a0b25995605,INE013801027,,RIGHTS_ECONOMICS_REMEDIATION,2,0,2,2024-06-18,2026-08-19,RIGHTS,"RIGHTS: subscription terms are normalized, but deterministic rights-price treatment is not owner-approved",WHOLE_IDENTITY,Any unresolved price-affecting corporate-action blocker causes all raw daily rows for this identity to be BLOCKED in N6 V1.
65ad4853-14e3-5e31-ae23-3c7822aba4ea,INE120D01012,,DIVIDEND_REMEDIATION,1,0,1,2026-09-04,2026-09-04,CASH_DIVIDEND,DIVIDEND: exact historical-identity-bound previous/ex-date R2 price pair unavailable,WHOLE_IDENTITY,Any unresolved price-affecting corporate-action blocker causes all raw daily rows for this identity to be BLOCKED in N6 V1.
68f620ce-533d-571a-8b3d-a37ec969d131,INE052I01032,,RIGHTS_ECONOMICS_REMEDIATION,1,0,1,2025-01-08,2025-01-08,RIGHTS,"RIGHTS: subscription terms are normalized, but deterministic rights-price treatment is not owner-approved",WHOLE_IDENTITY,Any unresolved price-affecting corporate-action blocker causes all raw daily rows for this identity to be BLOCKED in N6 V1.
697da427-605e-56f8-b46b-bcffe224128c,INE334A01023,,DIVIDEND_REMEDIATION,1,0,1,2026-08-28,2026-08-28,CASH_DIVIDEND,DIVIDEND: exact historical-identity-bound previous/ex-date R2 price pair unavailable,WHOLE_IDENTITY,Any unresolved price-affecting corporate-action blocker causes all raw daily rows for this identity to be BLOCKED in N6 V1.
6a191e6c-9bb2-5638-83d3-26c68a189b55,INE155E01016,,DIVIDEND_REMEDIATION,1,1,0,2026-08-06,2026-08-06,CASH_DIVIDEND,cash amount per share is not explicit,WHOLE_IDENTITY,Any unresolved price-affecting corporate-action blocker causes all raw daily rows for this identity to be BLOCKED in N6 V1.
6a790fba-14cb-5ac2-bf47-38e71917c950,INE030A01027,,DEMERGER_LINEAGE_REMEDIATION,1,1,0,2025-12-05,2025-12-05,DEMERGER,successor entitlement and valuation lineage are not explicit in the source observation,WHOLE_IDENTITY,Any unresolved price-affecting corporate-action blocker causes all raw daily rows for this identity to be BLOCKED in N6 V1.
6b20737e-9b4c-5c87-8f35-e719ddbdc8db,INE04TZ01018,,RIGHTS_ECONOMICS_REMEDIATION,1,0,1,2025-06-12,2025-06-12,RIGHTS,"RIGHTS: subscription terms are normalized, but deterministic rights-price treatment is not owner-approved",WHOLE_IDENTITY,Any unresolved price-affecting corporate-action blocker causes all raw daily rows for this identity to be BLOCKED in N6 V1.
6bed45d5-4885-5536-8dbc-a132c10e9157,INE06ZD01017,,RIGHTS_ECONOMICS_REMEDIATION,1,0,1,2026-08-06,2026-08-06,RIGHTS,"RIGHTS: subscription terms are normalized, but deterministic rights-price treatment is not owner-approved",WHOLE_IDENTITY,Any unresolved price-affecting corporate-action blocker causes all raw daily rows for this identity to be BLOCKED in N6 V1.
6ca5af75-5798-58c7-9190-868ebb6860c2,INE274V01019,,DEMERGER_LINEAGE_REMEDIATION,1,1,0,2025-09-24,2025-09-24,DEMERGER,successor entitlement and valuation lineage are not explicit in the source observation,WHOLE_IDENTITY,Any unresolved price-affecting corporate-action blocker causes all raw daily rows for this identity to be BLOCKED in N6 V1.
6cf49fd2-c5f7-523f-8550-8666779e4a33,INE550B01022,,DIVIDEND_REMEDIATION,2,0,2,2024-08-02,2025-07-25,CASH_DIVIDEND,DIVIDEND: exact historical-identity-bound previous/ex-date R2 price pair unavailable,WHOLE_IDENTITY,Any unresolved price-affecting corporate-action blocker causes all raw daily rows for this identity to be BLOCKED in N6 V1.
6d72b4e8-5f95-52cb-9bc4-d41c60eb888a,INE239A01024,,DIVIDEND_REMEDIATION,1,0,1,2023-11-01,2023-11-01,CASH_DIVIDEND,DIVIDEND: exact historical-identity-bound previous/ex-date R2 price pair unavailable,WHOLE_IDENTITY,Any unresolved price-affecting corporate-action blocker causes all raw daily rows for this identity to be BLOCKED in N6 V1.
6d85f2f0-a88c-5ebf-be1a-d2cf18248154,INE606A01024,,DIVIDEND_REMEDIATION,1,0,1,2024-08-29,2024-08-29,CASH_DIVIDEND,DIVIDEND: exact historical-identity-bound previous/ex-date R2 price pair unavailable,WHOLE_IDENTITY,Any unresolved price-affecting corporate-action blocker causes all raw daily rows for this identity to be BLOCKED in N6 V1.
6d9059e4-30ad-5cdd-a797-2e37441dcb8e,INE940H01022,,DIVIDEND_REMEDIATION,1,0,1,2023-11-22,2023-11-22,CASH_DIVIDEND,DIVIDEND: exact historical-identity-bound previous/ex-date R2 price pair unavailable,WHOLE_IDENTITY,Any unresolved price-affecting corporate-action blocker causes all raw daily rows for this identity to be BLOCKED in N6 V1.
6d99dd13-9c05-5538-8a08-44be1354dff4,INE628A01036,,RIGHTS_ECONOMICS_REMEDIATION,1,0,1,2024-11-26,2024-11-26,RIGHTS,"RIGHTS: subscription terms are normalized, but deterministic rights-price treatment is not owner-approved",WHOLE_IDENTITY,Any unresolved price-affecting corporate-action blocker causes all raw daily rows for this identity to be BLOCKED in N6 V1.
6e875110-ef95-5b6f-8a4a-1688cbcba0b0,INE178C01020,,DIVIDEND_REMEDIATION,1,0,1,2026-07-10,2026-07-10,CASH_DIVIDEND,DIVIDEND: exact historical-identity-bound previous/ex-date R2 price pair unavailable,WHOLE_IDENTITY,Any unresolved price-affecting corporate-action blocker causes all raw daily rows for this identity to be BLOCKED in N6 V1.
6f8b9fb9-4a8a-5854-a8eb-66ae915f29b5,INE572J01011,,RIGHTS_ECONOMICS_REMEDIATION,1,0,1,2025-07-24,2025-07-24,RIGHTS,"RIGHTS: subscription terms are normalized, but deterministic rights-price treatment is not owner-approved",WHOLE_IDENTITY,Any unresolved price-affecting corporate-action blocker causes all raw daily rows for this identity to be BLOCKED in N6 V1.
70664a49-f119-5f47-996d-f0537bac3dd4,INE005B01027,,RIGHTS_ECONOMICS_REMEDIATION,1,0,1,2025-05-07,2025-05-07,RIGHTS,"RIGHTS: subscription terms are normalized, but deterministic rights-price treatment is not owner-approved",WHOLE_IDENTITY,Any unresolved price-affecting corporate-action blocker causes all raw daily rows for this identity to be BLOCKED in N6 V1.
70c69920-e35b-59cd-91a1-a97e6a2d0ee9,INE961D01019,,DIVIDEND_REMEDIATION,1,0,1,2026-08-21,2026-08-21,CASH_DIVIDEND,DIVIDEND: exact historical-identity-bound previous/ex-date R2 price pair unavailable,WHOLE_IDENTITY,Any unresolved price-affecting corporate-action blocker causes all raw daily rows for this identity to be BLOCKED in N6 V1.
717b1cf1-8a82-5dea-8a55-51659f14449e,INE297H01019,,DIVIDEND_REMEDIATION,1,0,1,2024-09-23,2024-09-23,CASH_DIVIDEND,DIVIDEND: exact historical-identity-bound previous/ex-date R2 price pair unavailable,WHOLE_IDENTITY,Any unresolved price-affecting corporate-action blocker causes all raw daily rows for this identity to be BLOCKED in N6 V1.
7350ade6-41d9-504b-8741-5d13c189bd57,INE224E01028,,RIGHTS_ECONOMICS_REMEDIATION,2,0,2,2024-07-16,2025-04-28,RIGHTS,"RIGHTS: subscription terms are normalized, but deterministic rights-price treatment is not owner-approved",WHOLE_IDENTITY,Any unresolved price-affecting corporate-action blocker causes all raw daily rows for this identity to be BLOCKED in N6 V1.
737da57f-8360-5310-9486-29fa81b10611,INE354C01027,,DIVIDEND_REMEDIATION,1,0,1,2026-07-24,2026-07-24,CASH_DIVIDEND,DIVIDEND: exact historical-identity-bound previous/ex-date R2 price pair unavailable,WHOLE_IDENTITY,Any unresolved price-affecting corporate-action blocker causes all raw daily rows for this identity to be BLOCKED in N6 V1.
74b6b09d-ac41-5d7f-9090-e3fc1e765290,INE918N01018,,DIVIDEND_REMEDIATION,2,0,2,2024-09-20,2026-09-21,CASH_DIVIDEND,DIVIDEND: exact historical-identity-bound previous/ex-date R2 price pair unavailable,WHOLE_IDENTITY,Any unresolved price-affecting corporate-action blocker causes all raw daily rows for this identity to be BLOCKED in N6 V1.
7517e1a5-5e1c-5359-981b-a5f5b595159f,INE683A01023,,RIGHTS_ECONOMICS_REMEDIATION,1,0,1,2024-02-27,2024-02-27,RIGHTS,"RIGHTS: subscription terms are normalized, but deterministic rights-price treatment is not owner-approved",WHOLE_IDENTITY,Any unresolved price-affecting corporate-action blocker causes all raw daily rows for this identity to be BLOCKED in N6 V1.
755b43c1-13e7-5578-8e95-045dff7ae08e,INE271B01025,,DIVIDEND_REMEDIATION,1,1,0,2025-08-14,2025-08-14,CASH_DIVIDEND,cash amount per share is not explicit,WHOLE_IDENTITY,Any unresolved price-affecting corporate-action blocker causes all raw daily rows for this identity to be BLOCKED in N6 V1.
76b41969-131c-591c-91a7-e4cb65884e90,INE999K01014,,RIGHTS_ECONOMICS_REMEDIATION,1,0,1,2024-08-13,2024-08-13,RIGHTS,"RIGHTS: subscription terms are normalized, but deterministic rights-price treatment is not owner-approved",WHOLE_IDENTITY,Any unresolved price-affecting corporate-action blocker causes all raw daily rows for this identity to be BLOCKED in N6 V1.
77353ac8-78aa-55c6-bcad-491b91d028d8,INE0N2P01017,,DIVIDEND_REMEDIATION,1,1,0,2026-07-24,2026-07-24,CASH_DIVIDEND,cash amount per share is not explicit,WHOLE_IDENTITY,Any unresolved price-affecting corporate-action blocker causes all raw daily rows for this identity to be BLOCKED in N6 V1.
77787d70-abe4-521e-9de6-f5b03d13f9f6,INE235C01036,,RIGHTS_ECONOMICS_REMEDIATION,1,0,1,2026-06-12,2026-06-12,RIGHTS,"RIGHTS: subscription terms are normalized, but deterministic rights-price treatment is not owner-approved",WHOLE_IDENTITY,Any unresolved price-affecting corporate-action blocker causes all raw daily rows for this identity to be BLOCKED in N6 V1.
78cf2af7-a11c-57d4-9fcb-4c51596cb319,INE737B01033,,RIGHTS_ECONOMICS_REMEDIATION,1,0,1,2024-01-19,2024-01-19,RIGHTS,"RIGHTS: subscription terms are normalized, but deterministic rights-price treatment is not owner-approved",WHOLE_IDENTITY,Any unresolved price-affecting corporate-action blocker causes all raw daily rows for this identity to be BLOCKED in N6 V1.
793924f8-0215-5ca0-a808-5bf25654a529,INE766P01016,,RIGHTS_ECONOMICS_REMEDIATION,1,0,1,2025-07-23,2025-07-23,RIGHTS,"RIGHTS: subscription terms are normalized, but deterministic rights-price treatment is not owner-approved",WHOLE_IDENTITY,Any unresolved price-affecting corporate-action blocker causes all raw daily rows for this identity to be BLOCKED in N6 V1.
79f15da3-7d54-57f1-860b-fa3bd6253c36,INE132H01018,AURIONPRO,DIVIDEND_REMEDIATION,1,1,0,2026-09-22,2026-09-22,CASH_DIVIDEND,cash amount per share is not explicit,WHOLE_IDENTITY,Any unresolved price-affecting corporate-action blocker causes all raw daily rows for this identity to be BLOCKED in N6 V1.
7adfa9e1-1bb8-52b3-bacb-c145d9ce3a94,INE739E01017,,DIVIDEND_REMEDIATION,1,1,0,2025-07-01,2025-07-01,CASH_DIVIDEND,cash amount per share is not explicit,WHOLE_IDENTITY,Any unresolved price-affecting corporate-action blocker causes all raw daily rows for this identity to be BLOCKED in N6 V1.
7b80108e-f4f0-5113-aefe-ca724812d92d,INE687A01016,,DIVIDEND_REMEDIATION,1,0,1,2026-09-07,2026-09-07,CASH_DIVIDEND,DIVIDEND: exact historical-identity-bound previous/ex-date R2 price pair unavailable,WHOLE_IDENTITY,Any unresolved price-affecting corporate-action blocker causes all raw daily rows for this identity to be BLOCKED in N6 V1.
7ba373c8-413d-5c2d-acea-b2c687f9e282,INE885E01042,,DIVIDEND_REMEDIATION,1,0,1,2026-09-04,2026-09-04,CASH_DIVIDEND,DIVIDEND: exact historical-identity-bound previous/ex-date R2 price pair unavailable,WHOLE_IDENTITY,Any unresolved price-affecting corporate-action blocker causes all raw daily rows for this identity to be BLOCKED in N6 V1.
7bc093e2-bbc7-50d9-879f-b2a1da5bfa72,INE065D01027,,DIVIDEND_REMEDIATION,2,0,2,2023-11-15,2024-07-12,CASH_DIVIDEND,DIVIDEND: exact historical-identity-bound previous/ex-date R2 price pair unavailable,WHOLE_IDENTITY,Any unresolved price-affecting corporate-action blocker causes all raw daily rows for this identity to be BLOCKED in N6 V1.
7be9f773-7a4c-5427-a5ea-3a4bb8aebc88,INE788H01017,,RIGHTS_ECONOMICS_REMEDIATION,2,0,2,2025-12-26,2026-02-24,RIGHTS,"RIGHTS: subscription terms are normalized, but deterministic rights-price treatment is not owner-approved",WHOLE_IDENTITY,Any unresolved price-affecting corporate-action blocker causes all raw daily rows for this identity to be BLOCKED in N6 V1.
7c88bfc2-474a-5e5f-8fb1-9956559b8a59,INE878E01021,,DIVIDEND_REMEDIATION,1,0,1,2026-06-02,2026-06-02,CASH_DIVIDEND,DIVIDEND: exact historical-identity-bound previous/ex-date R2 price pair unavailable,WHOLE_IDENTITY,Any unresolved price-affecting corporate-action blocker causes all raw daily rows for this identity to be BLOCKED in N6 V1.
7c8ba5bd-8eee-5666-b7f1-d4f98617d68b,INE726L01019,,RIGHTS_ECONOMICS_REMEDIATION,1,0,1,2025-10-14,2025-10-14,RIGHTS,"RIGHTS: subscription terms are normalized, but deterministic rights-price treatment is not owner-approved",WHOLE_IDENTITY,Any unresolved price-affecting corporate-action blocker causes all raw daily rows for this identity to be BLOCKED in N6 V1.
7ecbc9ee-7121-5b2a-b743-05f1ef19ce71,INE895B01021,,DIVIDEND_REMEDIATION,1,1,0,2025-08-25,2025-08-25,CASH_DIVIDEND,cash amount per share is not explicit,WHOLE_IDENTITY,Any unresolved price-affecting corporate-action blocker causes all raw daily rows for this identity to be BLOCKED in N6 V1.
7f2ef57f-ddf0-5144-a5e0-bea882d4bfa5,INE148I01020,,RIGHTS_ECONOMICS_REMEDIATION,1,0,1,2024-02-01,2024-02-01,RIGHTS,"RIGHTS: subscription terms are normalized, but deterministic rights-price treatment is not owner-approved",WHOLE_IDENTITY,Any unresolved price-affecting corporate-action blocker causes all raw daily rows for this identity to be BLOCKED in N6 V1.
7f34201c-96e3-5b45-8e32-d963701af82b,INE00LO01017,,DIVIDEND_REMEDIATION,1,1,0,2026-07-16,2026-07-16,CASH_DIVIDEND,cash amount per share is not explicit,WHOLE_IDENTITY,Any unresolved price-affecting corporate-action blocker causes all raw daily rows for this identity to be BLOCKED in N6 V1.
7fa2814b-be52-5d6b-bb9f-81936129b039,INE283A01014,,DIVIDEND_REMEDIATION,2,0,2,2024-08-13,2025-08-13,CASH_DIVIDEND,DIVIDEND: exact historical-identity-bound previous/ex-date R2 price pair unavailable,WHOLE_IDENTITY,Any unresolved price-affecting corporate-action blocker causes all raw daily rows for this identity to be BLOCKED in N6 V1.
80427bda-0d0b-55a8-8307-c0a6ce463c85,INE093R01011,,RIGHTS_ECONOMICS_REMEDIATION,2,0,2,2023-12-14,2025-04-28,RIGHTS,"RIGHTS: subscription terms are normalized, but deterministic rights-price treatment is not owner-approved",WHOLE_IDENTITY,Any unresolved price-affecting corporate-action blocker causes all raw daily rows for this identity to be BLOCKED in N6 V1.
80fc7fdc-13f3-5746-a900-c38cdea15973,INE557Z01018,,DIVIDEND_REMEDIATION,2,0,2,2024-09-23,2025-09-19,CASH_DIVIDEND,DIVIDEND: exact historical-identity-bound previous/ex-date R2 price pair unavailable,WHOLE_IDENTITY,Any unresolved price-affecting corporate-action blocker causes all raw daily rows for this identity to be BLOCKED in N6 V1.
8115ea0c-7aa9-5dcc-a622-ab1c4d443449,INE045A01017,,DIVIDEND_REMEDIATION,1,0,1,2024-05-15,2024-05-15,CASH_DIVIDEND,DIVIDEND: exact historical-identity-bound previous/ex-date R2 price pair unavailable,WHOLE_IDENTITY,Any unresolved price-affecting corporate-action blocker causes all raw daily rows for this identity to be BLOCKED in N6 V1.
81906f5c-a2ba-53c3-a2c5-cc9b66203961,INE777F01014,,RIGHTS_ECONOMICS_REMEDIATION,1,0,1,2025-07-07,2025-07-07,RIGHTS,"RIGHTS: subscription terms are normalized, but deterministic rights-price treatment is not owner-approved",WHOLE_IDENTITY,Any unresolved price-affecting corporate-action blocker causes all raw daily rows for this identity to be BLOCKED in N6 V1.
8247eab1-34ea-5de7-8a2e-43f8ec9aeb9b,INE751B01018,,DIVIDEND_REMEDIATION,1,1,0,2024-07-16,2024-07-16,CASH_DIVIDEND,cash amount per share is not explicit,WHOLE_IDENTITY,Any unresolved price-affecting corporate-action blocker causes all raw daily rows for this identity to be BLOCKED in N6 V1.
8256486c-2665-56db-9e46-40eda1bc05ed,INE080I01025,,RIGHTS_ECONOMICS_REMEDIATION,1,0,1,2025-08-14,2025-08-14,RIGHTS,"RIGHTS: subscription terms are normalized, but deterministic rights-price treatment is not owner-approved",WHOLE_IDENTITY,Any unresolved price-affecting corporate-action blocker causes all raw daily rows for this identity to be BLOCKED in N6 V1.
8389d4b5-9904-5b47-b2c5-2b6c4d5deff7,INE238A01034,,DIVIDEND_REMEDIATION,1,1,0,2025-07-04,2025-07-04,CASH_DIVIDEND,cash amount per share is not explicit,WHOLE_IDENTITY,Any unresolved price-affecting corporate-action blocker causes all raw daily rows for this identity to be BLOCKED in N6 V1.
8510f460-aae5-5299-aa44-a37114776af5,INE09EO01013,,DIVIDEND_REMEDIATION,1,0,1,2026-09-22,2026-09-22,CASH_DIVIDEND,DIVIDEND: exact historical-identity-bound previous/ex-date R2 price pair unavailable,WHOLE_IDENTITY,Any unresolved price-affecting corporate-action blocker causes all raw daily rows for this identity to be BLOCKED in N6 V1.
859b20ba-c9b6-5493-8fd8-593f4174b3c7,INE535F01024,,DIVIDEND_REMEDIATION,1,0,1,2026-09-22,2026-09-22,CASH_DIVIDEND,DIVIDEND: exact historical-identity-bound previous/ex-date R2 price pair unavailable,WHOLE_IDENTITY,Any unresolved price-affecting corporate-action blocker causes all raw daily rows for this identity to be BLOCKED in N6 V1.
85dbf240-9533-5d6d-bf14-d67a51a8dc70,INE932X01026,,DIVIDEND_REMEDIATION,2,2,0,2024-08-02,2025-11-06,CASH_DIVIDEND,cash amount per share is not explicit,WHOLE_IDENTITY,Any unresolved price-affecting corporate-action blocker causes all raw daily rows for this identity to be BLOCKED in N6 V1.
87f20712-3ccc-5a5d-bdc3-83fd38b5253a,INE453D01025,,DIVIDEND_REMEDIATION,1,0,1,2025-06-18,2025-06-18,CASH_DIVIDEND,DIVIDEND: exact historical-identity-bound previous/ex-date R2 price pair unavailable,WHOLE_IDENTITY,Any unresolved price-affecting corporate-action blocker causes all raw daily rows for this identity to be BLOCKED in N6 V1.
8807c2f5-7975-5b0f-9e44-ac3a516ac3b0,INE449A01011,,DIVIDEND_REMEDIATION,1,1,0,2025-08-05,2025-08-05,CASH_DIVIDEND,cash amount per share is not explicit,WHOLE_IDENTITY,Any unresolved price-affecting corporate-action blocker causes all raw daily rows for this identity to be BLOCKED in N6 V1.
8888bb8e-3c0f-5567-8ba0-dfdb858a6189,INE196Y01018,,DIVIDEND_REMEDIATION,2,0,2,2024-08-09,2025-09-16,CASH_DIVIDEND,DIVIDEND: exact historical-identity-bound previous/ex-date R2 price pair unavailable,WHOLE_IDENTITY,Any unresolved price-affecting corporate-action blocker causes all raw daily rows for this identity to be BLOCKED in N6 V1.
8a02f149-3dcb-54b2-9670-d82bac36758c,INE930P01018,,DIVIDEND_REMEDIATION,1,1,0,2025-07-21,2025-07-21,CASH_DIVIDEND,cash amount per share is not explicit,WHOLE_IDENTITY,Any unresolved price-affecting corporate-action blocker causes all raw daily rows for this identity to be BLOCKED in N6 V1.
8aed3f66-32b0-53ff-8295-58fa72049e2a,INE549A01026,,RIGHTS_ECONOMICS_REMEDIATION,2,0,2,2024-03-15,2025-12-05,RIGHTS,"RIGHTS: subscription terms are normalized, but deterministic rights-price treatment is not owner-approved",WHOLE_IDENTITY,Any unresolved price-affecting corporate-action blocker causes all raw daily rows for this identity to be BLOCKED in N6 V1.
8c3bedf7-5626-5033-b38a-24fc14a4b1ff,INE826C01016,,DIVIDEND_REMEDIATION,2,0,2,2024-09-23,2025-09-23,CASH_DIVIDEND,DIVIDEND: exact historical-identity-bound previous/ex-date R2 price pair unavailable,WHOLE_IDENTITY,Any unresolved price-affecting corporate-action blocker causes all raw daily rows for this identity to be BLOCKED in N6 V1.
8d67a3d1-0821-512b-bb3e-e8636fd9a11c,INE748C01038,,RIGHTS_ECONOMICS_REMEDIATION,1,0,1,2025-09-26,2025-09-26,RIGHTS,"RIGHTS: subscription terms are normalized, but deterministic rights-price treatment is not owner-approved",WHOLE_IDENTITY,Any unresolved price-affecting corporate-action blocker causes all raw daily rows for this identity to be BLOCKED in N6 V1.
8da5e1f9-1fd5-5164-b9a4-bb9d8b4e0db7,INE047A01021,,RIGHTS_ECONOMICS_REMEDIATION,1,0,1,2024-01-10,2024-01-10,RIGHTS,"RIGHTS: subscription terms are normalized, but deterministic rights-price treatment is not owner-approved",WHOLE_IDENTITY,Any unresolved price-affecting corporate-action blocker causes all raw daily rows for this identity to be BLOCKED in N6 V1.
8de6142a-fdc9-5b96-aeb9-d50394270050,INE418H01029,,DEMERGER_LINEAGE_REMEDIATION,1,1,0,2025-11-12,2025-11-12,DEMERGER,successor entitlement and valuation lineage are not explicit in the source observation,WHOLE_IDENTITY,Any unresolved price-affecting corporate-action blocker causes all raw daily rows for this identity to be BLOCKED in N6 V1.
8f0e44fb-86f5-5b32-a152-38dfc3faab30,INE900B01029,,DIVIDEND_REMEDIATION,1,0,1,2025-07-09,2025-07-09,CASH_DIVIDEND,DIVIDEND: exact historical-identity-bound previous/ex-date R2 price pair unavailable,WHOLE_IDENTITY,Any unresolved price-affecting corporate-action blocker causes all raw daily rows for this identity to be BLOCKED in N6 V1.
8f1c2d70-c659-5f29-ad75-3b2d01a4dc40,INE546Y01022,,RIGHTS_ECONOMICS_REMEDIATION,1,0,1,2025-03-20,2025-03-20,RIGHTS,"RIGHTS: subscription terms are normalized, but deterministic rights-price treatment is not owner-approved",WHOLE_IDENTITY,Any unresolved price-affecting corporate-action blocker causes all raw daily rows for this identity to be BLOCKED in N6 V1.
8f56e14a-0f77-5aa5-a1d4-102cfc854d46,INE976E01023,,DIVIDEND_REMEDIATION,1,0,1,2025-09-15,2025-09-15,CASH_DIVIDEND,DIVIDEND: exact historical-identity-bound previous/ex-date R2 price pair unavailable,WHOLE_IDENTITY,Any unresolved price-affecting corporate-action blocker causes all raw daily rows for this identity to be BLOCKED in N6 V1.
8f88191b-9706-54d9-83f9-d6872adbb12f,INE146L01010,,DIVIDEND_REMEDIATION,1,1,0,2025-07-31,2025-07-31,CASH_DIVIDEND,cash amount per share is not explicit,WHOLE_IDENTITY,Any unresolved price-affecting corporate-action blocker causes all raw daily rows for this identity to be BLOCKED in N6 V1.
900f29d5-0177-566f-8901-17bb9d3ee9d3,INE753W01010,,RIGHTS_ECONOMICS_REMEDIATION,1,0,1,2024-05-07,2024-05-07,RIGHTS,"RIGHTS: subscription terms are normalized, but deterministic rights-price treatment is not owner-approved",WHOLE_IDENTITY,Any unresolved price-affecting corporate-action blocker causes all raw daily rows for this identity to be BLOCKED in N6 V1.
90ee0a57-d791-508e-9d6c-94426a4cd5c5,INE843S01025,,DIVIDEND_REMEDIATION,1,0,1,2024-09-20,2024-09-20,CASH_DIVIDEND,DIVIDEND: exact historical-identity-bound previous/ex-date R2 price pair unavailable,WHOLE_IDENTITY,Any unresolved price-affecting corporate-action blocker causes all raw daily rows for this identity to be BLOCKED in N6 V1.
91cfc33b-5c5a-570c-9811-eb4851e6144b,INE200A01026,,DIVIDEND_REMEDIATION,1,0,1,2024-08-28,2024-08-28,CASH_DIVIDEND,DIVIDEND: exact historical-identity-bound previous/ex-date R2 price pair unavailable,WHOLE_IDENTITY,Any unresolved price-affecting corporate-action blocker causes all raw daily rows for this identity to be BLOCKED in N6 V1.
9255c9cb-a869-592e-a874-ab1a0e3dea35,INE260R01016,,DIVIDEND_REMEDIATION,1,0,1,2026-09-23,2026-09-23,CASH_DIVIDEND,DIVIDEND: exact historical-identity-bound previous/ex-date R2 price pair unavailable,WHOLE_IDENTITY,Any unresolved price-affecting corporate-action blocker causes all raw daily rows for this identity to be BLOCKED in N6 V1.
9338d443-a4fd-57c7-8eae-0304f02301d0,INE761G01016,,DIVIDEND_REMEDIATION,2,0,2,2026-08-06,2026-09-02,CASH_DIVIDEND,DIVIDEND: exact historical-identity-bound previous/ex-date R2 price pair unavailable,WHOLE_IDENTITY,Any unresolved price-affecting corporate-action blocker causes all raw daily rows for this identity to be BLOCKED in N6 V1.
9357fdb4-0a95-555c-8752-34e9e5a7a917,INE704P01025,,DIVIDEND_REMEDIATION,2,0,2,2023-11-20,2024-11-19,CASH_DIVIDEND,DIVIDEND: exact historical-identity-bound previous/ex-date R2 price pair unavailable,WHOLE_IDENTITY,Any unresolved price-affecting corporate-action blocker causes all raw daily rows for this identity to be BLOCKED in N6 V1.
93ab5885-e0b3-5514-b86b-c15ae0ad61d9,INE123B01028,,RIGHTS_ECONOMICS_REMEDIATION,1,0,1,2024-01-30,2024-01-30,RIGHTS,"RIGHTS: subscription terms are normalized, but deterministic rights-price treatment is not owner-approved",WHOLE_IDENTITY,Any unresolved price-affecting corporate-action blocker causes all raw daily rows for this identity to be BLOCKED in N6 V1.
94510322-10e4-5b6c-ac6b-102d861e1c10,INE186H01022,,MULTIPLE_CORPORATE_ACTION_CAUSES,2,1,1,2025-04-30,2026-08-03,CASH_DIVIDEND;RIGHTS,"cash amount per share is not explicit;RIGHTS: subscription terms are normalized, but deterministic rights-price treatment is not owner-approved",WHOLE_IDENTITY,Any unresolved price-affecting corporate-action blocker causes all raw daily rows for this identity to be BLOCKED in N6 V1.
94bd6cab-a88d-5f3f-b66a-cd87e6231ec3,INE165B01029,,DIVIDEND_REMEDIATION,1,0,1,2024-07-19,2024-07-19,CASH_DIVIDEND,DIVIDEND: exact historical-identity-bound previous/ex-date R2 price pair unavailable,WHOLE_IDENTITY,Any unresolved price-affecting corporate-action blocker causes all raw daily rows for this identity to be BLOCKED in N6 V1.
96278ea7-4906-5dd8-b857-3806cef4d9c3,INE192A01025,,RIGHTS_ECONOMICS_REMEDIATION,1,0,1,2024-07-26,2024-07-26,RIGHTS,"RIGHTS: subscription terms are normalized, but deterministic rights-price treatment is not owner-approved",WHOLE_IDENTITY,Any unresolved price-affecting corporate-action blocker causes all raw daily rows for this identity to be BLOCKED in N6 V1.
964e2108-9c05-5821-8412-30564cfeb6d2,INE00QT01015,,RIGHTS_ECONOMICS_REMEDIATION,1,0,1,2024-09-11,2024-09-11,RIGHTS,"RIGHTS: subscription terms are normalized, but deterministic rights-price treatment is not owner-approved",WHOLE_IDENTITY,Any unresolved price-affecting corporate-action blocker causes all raw daily rows for this identity to be BLOCKED in N6 V1.
9679eaa7-317d-554b-879e-fec9f7135c50,INE411D01015,,DIVIDEND_REMEDIATION,1,0,1,2025-08-26,2025-08-26,CASH_DIVIDEND,DIVIDEND: exact historical-identity-bound previous/ex-date R2 price pair unavailable,WHOLE_IDENTITY,Any unresolved price-affecting corporate-action blocker causes all raw daily rows for this identity to be BLOCKED in N6 V1.
96cfe01f-1650-5701-8180-3664b25cadf0,INE561C01019,,DIVIDEND_REMEDIATION,1,0,1,2026-08-06,2026-08-06,CASH_DIVIDEND,DIVIDEND: exact historical-identity-bound previous/ex-date R2 price pair unavailable,WHOLE_IDENTITY,Any unresolved price-affecting corporate-action blocker causes all raw daily rows for this identity to be BLOCKED in N6 V1.
983b9d0e-1633-56de-b30d-22d03665cc9e,INE520A01027,,DIVIDEND_REMEDIATION,1,1,0,2025-01-28,2025-01-28,CASH_DIVIDEND,cash amount per share is not explicit,WHOLE_IDENTITY,Any unresolved price-affecting corporate-action blocker causes all raw daily rows for this identity to be BLOCKED in N6 V1.
98806e20-2483-5b5d-aa82-5cfd3d699581,INE190H01024,,RIGHTS_ECONOMICS_REMEDIATION,1,0,1,2024-04-15,2024-04-15,RIGHTS,"RIGHTS: subscription terms are normalized, but deterministic rights-price treatment is not owner-approved",WHOLE_IDENTITY,Any unresolved price-affecting corporate-action blocker causes all raw daily rows for this identity to be BLOCKED in N6 V1.
98ab3734-b826-5a0c-8497-dc2ba34fa89a,INE250B01029,,DIVIDEND_REMEDIATION,1,0,1,2025-07-15,2025-07-15,CASH_DIVIDEND,DIVIDEND: exact historical-identity-bound previous/ex-date R2 price pair unavailable,WHOLE_IDENTITY,Any unresolved price-affecting corporate-action blocker causes all raw daily rows for this identity to be BLOCKED in N6 V1.
9942785a-8dd6-5009-adf0-e13a7e70a43f,INE912L01015,,MULTIPLE_CORPORATE_ACTION_CAUSES,2,0,2,2026-02-16,2026-09-22,CASH_DIVIDEND;RIGHTS,"DIVIDEND: exact historical-identity-bound previous/ex-date R2 price pair unavailable;RIGHTS: subscription terms are normalized, but deterministic rights-price treatment is not owner-approved",WHOLE_IDENTITY,Any unresolved price-affecting corporate-action blocker causes all raw daily rows for this identity to be BLOCKED in N6 V1.
9a6d6401-7bb8-563d-a512-572e88d63c6f,INE375Y01018,,DIVIDEND_REMEDIATION,2,0,2,2024-09-20,2025-09-12,CASH_DIVIDEND,DIVIDEND: exact historical-identity-bound previous/ex-date R2 price pair unavailable,WHOLE_IDENTITY,Any unresolved price-affecting corporate-action blocker causes all raw daily rows for this identity to be BLOCKED in N6 V1.
9a93103e-6fd6-533c-9e74-788a05242795,INE281A01026,,RIGHTS_ECONOMICS_REMEDIATION,1,0,1,2026-09-15,2026-09-15,RIGHTS,"RIGHTS: subscription terms are normalized, but deterministic rights-price treatment is not owner-approved",WHOLE_IDENTITY,Any unresolved price-affecting corporate-action blocker causes all raw daily rows for this identity to be BLOCKED in N6 V1.
9b528805-daa7-532f-90ed-b6b0dbb62689,INE350Z01018,,DIVIDEND_REMEDIATION,1,1,0,2024-08-02,2024-08-02,CASH_DIVIDEND,cash amount per share is not explicit,WHOLE_IDENTITY,Any unresolved price-affecting corporate-action blocker causes all raw daily rows for this identity to be BLOCKED in N6 V1.
9bc5c1c5-2df8-5ac8-b5d4-1c90992d30db,INE740D01017,,DIVIDEND_REMEDIATION,1,0,1,2025-09-17,2025-09-17,CASH_DIVIDEND,DIVIDEND: exact historical-identity-bound previous/ex-date R2 price pair unavailable,WHOLE_IDENTITY,Any unresolved price-affecting corporate-action blocker causes all raw daily rows for this identity to be BLOCKED in N6 V1.
9bed1968-6ac7-58fb-97d4-6816cc77eb85,INE209A01019,,DIVIDEND_REMEDIATION,1,0,1,2024-09-20,2024-09-20,CASH_DIVIDEND,DIVIDEND: exact historical-identity-bound previous/ex-date R2 price pair unavailable,WHOLE_IDENTITY,Any unresolved price-affecting corporate-action blocker causes all raw daily rows for this identity to be BLOCKED in N6 V1.
9c2bc9bd-dee0-5e99-9b87-ea2c2fd3d1e8,INE450U01017,,DIVIDEND_REMEDIATION,2,2,0,2025-01-31,2025-07-23,CASH_DIVIDEND,cash amount per share is not explicit,WHOLE_IDENTITY,Any unresolved price-affecting corporate-action blocker causes all raw daily rows for this identity to be BLOCKED in N6 V1.
9ce772c0-2517-5d0c-bc50-64ceda0f8daf,INE763I01026,,DIVIDEND_REMEDIATION,1,0,1,2024-05-10,2024-05-10,CASH_DIVIDEND,DIVIDEND: exact historical-identity-bound previous/ex-date R2 price pair unavailable,WHOLE_IDENTITY,Any unresolved price-affecting corporate-action blocker causes all raw daily rows for this identity to be BLOCKED in N6 V1.
9d79fd3f-6df3-555f-a6e6-578ec91891e2,INE320X01016,,DIVIDEND_REMEDIATION,2,0,2,2024-09-23,2025-09-24,CASH_DIVIDEND,DIVIDEND: exact historical-identity-bound previous/ex-date R2 price pair unavailable,WHOLE_IDENTITY,Any unresolved price-affecting corporate-action blocker causes all raw daily rows for this identity to be BLOCKED in N6 V1.
9eeccf06-9a56-5de6-a65d-4c861e460c1c,INE219Y01026,,DIVIDEND_REMEDIATION,1,0,1,2026-09-23,2026-09-23,CASH_DIVIDEND,DIVIDEND: exact historical-identity-bound previous/ex-date R2 price pair unavailable,WHOLE_IDENTITY,Any unresolved price-affecting corporate-action blocker causes all raw daily rows for this identity to be BLOCKED in N6 V1.
9f9b5567-8137-541b-bc20-95e80f1870c5,INE411B01019,,DIVIDEND_REMEDIATION,1,0,1,2026-08-07,2026-08-07,CASH_DIVIDEND,DIVIDEND: exact historical-identity-bound previous/ex-date R2 price pair unavailable,WHOLE_IDENTITY,Any unresolved price-affecting corporate-action blocker causes all raw daily rows for this identity to be BLOCKED in N6 V1.
a0474980-da83-5516-adb1-c6959342c30a,INE05CZ01011,,RIGHTS_ECONOMICS_REMEDIATION,1,0,1,2026-08-25,2026-08-25,RIGHTS,"RIGHTS: subscription terms are normalized, but deterministic rights-price treatment is not owner-approved",WHOLE_IDENTITY,Any unresolved price-affecting corporate-action blocker causes all raw daily rows for this identity to be BLOCKED in N6 V1.
a0f13a7b-b6ab-5707-8ecc-dbe8f6ff8880,INE489L01022,,DIVIDEND_REMEDIATION,1,0,1,2024-03-15,2024-03-15,CASH_DIVIDEND,DIVIDEND: exact historical-identity-bound previous/ex-date R2 price pair unavailable,WHOLE_IDENTITY,Any unresolved price-affecting corporate-action blocker causes all raw daily rows for this identity to be BLOCKED in N6 V1.
a15ffe8d-33cd-55c8-8525-555e3a7851f1,INE997Y01027,,RIGHTS_ECONOMICS_REMEDIATION,1,0,1,2024-10-03,2024-10-03,RIGHTS,"RIGHTS: subscription terms are normalized, but deterministic rights-price treatment is not owner-approved",WHOLE_IDENTITY,Any unresolved price-affecting corporate-action blocker causes all raw daily rows for this identity to be BLOCKED in N6 V1.
a17e1675-e51c-5d30-b95b-c78e9b69163d,INE486Y01013,,DIVIDEND_REMEDIATION,1,0,1,2024-09-20,2024-09-20,CASH_DIVIDEND,DIVIDEND: exact historical-identity-bound previous/ex-date R2 price pair unavailable,WHOLE_IDENTITY,Any unresolved price-affecting corporate-action blocker causes all raw daily rows for this identity to be BLOCKED in N6 V1.
a35b851f-78d7-5704-a4c9-e5ccb30e1c87,INE457F01013,,DIVIDEND_REMEDIATION,1,1,0,2024-08-30,2024-08-30,CASH_DIVIDEND,cash amount per share is not explicit,WHOLE_IDENTITY,Any unresolved price-affecting corporate-action blocker causes all raw daily rows for this identity to be BLOCKED in N6 V1.
a5075ed8-a740-5fcb-ab4d-c288414194d5,INE831A01028,,RIGHTS_ECONOMICS_REMEDIATION,1,0,1,2025-06-30,2025-06-30,RIGHTS,"RIGHTS: subscription terms are normalized, but deterministic rights-price treatment is not owner-approved",WHOLE_IDENTITY,Any unresolved price-affecting corporate-action blocker causes all raw daily rows for this identity to be BLOCKED in N6 V1.
a543630b-6197-54b3-bf9c-a4314c31bbb2,INE233B01017,,DIVIDEND_REMEDIATION,1,1,0,2025-08-06,2025-08-06,CASH_DIVIDEND,cash amount per share is not explicit,WHOLE_IDENTITY,Any unresolved price-affecting corporate-action blocker causes all raw daily rows for this identity to be BLOCKED in N6 V1.
a611e5c8-93c0-5bbe-a440-5a411056f56a,INE998H01012,,RIGHTS_ECONOMICS_REMEDIATION,1,0,1,2024-09-05,2024-09-05,RIGHTS,"RIGHTS: subscription terms are normalized, but deterministic rights-price treatment is not owner-approved",WHOLE_IDENTITY,Any unresolved price-affecting corporate-action blocker causes all raw daily rows for this identity to be BLOCKED in N6 V1.
a6873d56-3959-5ce4-bf54-cf013ad88558,INE847C01020,,DEMERGER_LINEAGE_REMEDIATION,1,1,0,2024-09-20,2024-09-20,DEMERGER,successor entitlement and valuation lineage are not explicit in the source observation,WHOLE_IDENTITY,Any unresolved price-affecting corporate-action blocker causes all raw daily rows for this identity to be BLOCKED in N6 V1.
a6f2ee18-c473-550d-bf66-709e79551b20,INE735W01017,,RIGHTS_ECONOMICS_REMEDIATION,1,0,1,2025-10-14,2025-10-14,RIGHTS,"RIGHTS: subscription terms are normalized, but deterministic rights-price treatment is not owner-approved",WHOLE_IDENTITY,Any unresolved price-affecting corporate-action blocker causes all raw daily rows for this identity to be BLOCKED in N6 V1.
a6fad387-b26e-5ed7-b3f2-4dc7cf7fb927,INE034D01049,,DIVIDEND_REMEDIATION,1,1,0,2026-07-10,2026-07-10,CASH_DIVIDEND,cash amount per share is not explicit,WHOLE_IDENTITY,Any unresolved price-affecting corporate-action blocker causes all raw daily rows for this identity to be BLOCKED in N6 V1.
a8e7030d-8144-51e5-96a4-72c47490fc39,INE050B01023,,DIVIDEND_REMEDIATION,1,0,1,2024-08-23,2024-08-23,CASH_DIVIDEND,DIVIDEND: exact historical-identity-bound previous/ex-date R2 price pair unavailable,WHOLE_IDENTITY,Any unresolved price-affecting corporate-action blocker causes all raw daily rows for this identity to be BLOCKED in N6 V1.
a99749b1-d9da-5882-9d8d-dc3d6b98243d,INE003A01024,,DEMERGER_LINEAGE_REMEDIATION,1,1,0,2025-04-07,2025-04-07,DEMERGER,successor entitlement and valuation lineage are not explicit in the source observation,WHOLE_IDENTITY,Any unresolved price-affecting corporate-action blocker causes all raw daily rows for this identity to be BLOCKED in N6 V1.
aa7d01e7-4cb2-57fb-b111-bfdb6f10ebb1,INE618L01018,,RIGHTS_ECONOMICS_REMEDIATION,1,0,1,2026-03-17,2026-03-17,RIGHTS,"RIGHTS: subscription terms are normalized, but deterministic rights-price treatment is not owner-approved",WHOLE_IDENTITY,Any unresolved price-affecting corporate-action blocker causes all raw daily rows for this identity to be BLOCKED in N6 V1.
aa89b87e-b127-5dc1-ba2e-7103156397e1,INE593W01028,,DIVIDEND_REMEDIATION,1,0,1,2024-08-30,2024-08-30,CASH_DIVIDEND,DIVIDEND: exact historical-identity-bound previous/ex-date R2 price pair unavailable,WHOLE_IDENTITY,Any unresolved price-affecting corporate-action blocker causes all raw daily rows for this identity to be BLOCKED in N6 V1.
aaa64d34-eabe-53a2-a21c-a662c9123310,INE715Y01023,,DIVIDEND_REMEDIATION,1,0,1,2024-07-12,2024-07-12,CASH_DIVIDEND,DIVIDEND: exact historical-identity-bound previous/ex-date R2 price pair unavailable,WHOLE_IDENTITY,Any unresolved price-affecting corporate-action blocker causes all raw daily rows for this identity to be BLOCKED in N6 V1.
ab7975a6-c963-5732-b49c-6ca28dfe7260,INE668D01028,,DIVIDEND_REMEDIATION,1,0,1,2024-09-20,2024-09-20,CASH_DIVIDEND,DIVIDEND: exact historical-identity-bound previous/ex-date R2 price pair unavailable,WHOLE_IDENTITY,Any unresolved price-affecting corporate-action blocker causes all raw daily rows for this identity to be BLOCKED in N6 V1.
ac5eea07-3269-5c44-a24b-de589bf8e867,INE0JUI01012,,DIVIDEND_REMEDIATION,1,0,1,2026-09-15,2026-09-15,CASH_DIVIDEND,DIVIDEND: exact historical-identity-bound previous/ex-date R2 price pair unavailable,WHOLE_IDENTITY,Any unresolved price-affecting corporate-action blocker causes all raw daily rows for this identity to be BLOCKED in N6 V1.
ad2cbffc-c84b-5a1c-9b11-111a9d1f2d0e,INE390G01014,,DIVIDEND_REMEDIATION,3,0,3,2023-11-24,2024-05-30,CASH_DIVIDEND,DIVIDEND: exact historical-identity-bound previous/ex-date R2 price pair unavailable,WHOLE_IDENTITY,Any unresolved price-affecting corporate-action blocker causes all raw daily rows for this identity to be BLOCKED in N6 V1.
ad423d4e-62af-5138-b021-ca52fc8c9b35,INE572G01025,,DIVIDEND_REMEDIATION,1,0,1,2026-09-21,2026-09-21,CASH_DIVIDEND,DIVIDEND: exact historical-identity-bound previous/ex-date R2 price pair unavailable,WHOLE_IDENTITY,Any unresolved price-affecting corporate-action blocker causes all raw daily rows for this identity to be BLOCKED in N6 V1.
adb90d92-99ba-5c67-90f8-2325ef32d5d4,INE685A01028,,DIVIDEND_REMEDIATION,1,1,0,2025-01-31,2025-01-31,CASH_DIVIDEND,cash amount per share is not explicit,WHOLE_IDENTITY,Any unresolved price-affecting corporate-action blocker causes all raw daily rows for this identity to be BLOCKED in N6 V1.
adbbc030-0e40-5922-b09b-29f819f9c67c,INE586G01017,,DIVIDEND_REMEDIATION,1,0,1,2026-08-19,2026-08-19,CASH_DIVIDEND,DIVIDEND: exact historical-identity-bound previous/ex-date R2 price pair unavailable,WHOLE_IDENTITY,Any unresolved price-affecting corporate-action blocker causes all raw daily rows for this identity to be BLOCKED in N6 V1.
adbfb37b-c058-53a1-a2f7-11d0308e4a51,INE529D01014,,MULTIPLE_CORPORATE_ACTION_CAUSES,2,0,2,2024-09-06,2026-09-17,CASH_DIVIDEND;RIGHTS,"DIVIDEND: exact historical-identity-bound previous/ex-date R2 price pair unavailable;RIGHTS: subscription terms are normalized, but deterministic rights-price treatment is not owner-approved",WHOLE_IDENTITY,Any unresolved price-affecting corporate-action blocker causes all raw daily rows for this identity to be BLOCKED in N6 V1.
add8634e-ec31-5c36-9aed-406deeedb839,INE010C01025,,DIVIDEND_REMEDIATION,1,0,1,2026-09-18,2026-09-18,CASH_DIVIDEND,DIVIDEND: exact historical-identity-bound previous/ex-date R2 price pair unavailable,WHOLE_IDENTITY,Any unresolved price-affecting corporate-action blocker causes all raw daily rows for this identity to be BLOCKED in N6 V1.
aeeffae9-67e2-5889-8078-8e11469d979d,INE413G01022,,DIVIDEND_REMEDIATION,1,0,1,2024-09-17,2024-09-17,CASH_DIVIDEND,DIVIDEND: exact historical-identity-bound previous/ex-date R2 price pair unavailable,WHOLE_IDENTITY,Any unresolved price-affecting corporate-action blocker causes all raw daily rows for this identity to be BLOCKED in N6 V1.
af65f053-1d7b-5844-b99c-894f39441856,INE844O01030,,MULTIPLE_CORPORATE_ACTION_CAUSES,3,1,2,2024-09-09,2026-07-02,CASH_DIVIDEND;DEMERGER,DIVIDEND: exact historical-identity-bound previous/ex-date R2 price pair unavailable;successor entitlement and valuation lineage are not explicit in the source observation,WHOLE_IDENTITY,Any unresolved price-affecting corporate-action blocker causes all raw daily rows for this identity to be BLOCKED in N6 V1.
afaa0c26-e0da-549d-bd98-b7c50348e0a6,INE481G01011,,DIVIDEND_REMEDIATION,1,1,0,2025-07-25,2025-07-25,CASH_DIVIDEND,cash amount per share is not explicit,WHOLE_IDENTITY,Any unresolved price-affecting corporate-action blocker causes all raw daily rows for this identity to be BLOCKED in N6 V1.
b0f6c016-a52a-56dd-b2d1-9ca349e6561f,INE229H01012,,DIVIDEND_REMEDIATION,1,1,0,2024-09-09,2024-09-09,CASH_DIVIDEND,cash amount per share is not explicit,WHOLE_IDENTITY,Any unresolved price-affecting corporate-action blocker causes all raw daily rows for this identity to be BLOCKED in N6 V1.
b22bb9c2-db36-50e1-9c66-2cd72201eb5c,INE0GGO01015,,MULTIPLE_CORPORATE_ACTION_CAUSES,2,0,2,2025-09-18,2025-12-17,CASH_DIVIDEND;RIGHTS,"DIVIDEND: exact historical-identity-bound previous/ex-date R2 price pair unavailable;RIGHTS: subscription terms are normalized, but deterministic rights-price treatment is not owner-approved",WHOLE_IDENTITY,Any unresolved price-affecting corporate-action blocker causes all raw daily rows for this identity to be BLOCKED in N6 V1.
b23d1ce1-a2ab-553c-8552-d2babc38e4a7,INE737D01021,,DIVIDEND_REMEDIATION,1,0,1,2026-07-14,2026-07-14,CASH_DIVIDEND,DIVIDEND: exact historical-identity-bound previous/ex-date R2 price pair unavailable,WHOLE_IDENTITY,Any unresolved price-affecting corporate-action blocker causes all raw daily rows for this identity to be BLOCKED in N6 V1.
b3590ec8-edc8-57de-8b31-c7ad47c71eb7,INE521J01018,,MULTIPLE_CORPORATE_ACTION_CAUSES,7,1,6,2023-11-24,2025-05-09,CASH_DIVIDEND;DEMERGER,DIVIDEND: exact historical-identity-bound previous/ex-date R2 price pair unavailable;successor entitlement and valuation lineage are not explicit in the source observation,WHOLE_IDENTITY,Any unresolved price-affecting corporate-action blocker causes all raw daily rows for this identity to be BLOCKED in N6 V1.
b37d27e7-1c90-5b74-8d21-4f15e2517cb1,INE382T01030,,MULTIPLE_CORPORATE_ACTION_CAUSES,2,0,2,2025-06-30,2026-09-22,CASH_DIVIDEND;RIGHTS,"DIVIDEND: exact historical-identity-bound previous/ex-date R2 price pair unavailable;RIGHTS: subscription terms are normalized, but deterministic rights-price treatment is not owner-approved",WHOLE_IDENTITY,Any unresolved price-affecting corporate-action blocker causes all raw daily rows for this identity to be BLOCKED in N6 V1.
b4081951-e597-5fff-8295-80ef5077b6cd,INE137C01018,,DIVIDEND_REMEDIATION,2,0,2,2024-09-20,2026-09-11,CASH_DIVIDEND,DIVIDEND: exact historical-identity-bound previous/ex-date R2 price pair unavailable,WHOLE_IDENTITY,Any unresolved price-affecting corporate-action blocker causes all raw daily rows for this identity to be BLOCKED in N6 V1.
b4ebdb8c-014a-53a5-8267-9338d66850dd,INE214A01019,,DIVIDEND_REMEDIATION,2,0,2,2024-09-19,2026-09-21,CASH_DIVIDEND,DIVIDEND: exact historical-identity-bound previous/ex-date R2 price pair unavailable,WHOLE_IDENTITY,Any unresolved price-affecting corporate-action blocker causes all raw daily rows for this identity to be BLOCKED in N6 V1.
b5a135d4-0c8a-5a17-8c77-a7bb4ad2236b,INE416D01022,,DIVIDEND_REMEDIATION,1,0,1,2026-07-08,2026-07-08,CASH_DIVIDEND,DIVIDEND: exact historical-identity-bound previous/ex-date R2 price pair unavailable,WHOLE_IDENTITY,Any unresolved price-affecting corporate-action blocker causes all raw daily rows for this identity to be BLOCKED in N6 V1.
b60f843f-d197-5fb9-9497-da45240a9f7b,INE337M01021,,DIVIDEND_REMEDIATION,1,0,1,2025-08-08,2025-08-08,CASH_DIVIDEND,DIVIDEND: exact historical-identity-bound previous/ex-date R2 price pair unavailable,WHOLE_IDENTITY,Any unresolved price-affecting corporate-action blocker causes all raw daily rows for this identity to be BLOCKED in N6 V1.
b6389f83-bcc8-505f-992b-00a6be387dc2,INE992I01013,,DIVIDEND_REMEDIATION,1,0,1,2024-09-23,2024-09-23,CASH_DIVIDEND,DIVIDEND: exact historical-identity-bound previous/ex-date R2 price pair unavailable,WHOLE_IDENTITY,Any unresolved price-affecting corporate-action blocker causes all raw daily rows for this identity to be BLOCKED in N6 V1.
b657a4fc-9373-5b06-b7d3-81791dde7e55,INE529I01021,,DIVIDEND_REMEDIATION,1,1,0,2024-08-23,2024-08-23,CASH_DIVIDEND,cash amount per share is not explicit,WHOLE_IDENTITY,Any unresolved price-affecting corporate-action blocker causes all raw daily rows for this identity to be BLOCKED in N6 V1.
b65bf9bd-8a84-5570-8e57-8cdd5e1a070b,INE439E01022,,RIGHTS_ECONOMICS_REMEDIATION,1,0,1,2024-01-12,2024-01-12,RIGHTS,"RIGHTS: subscription terms are normalized, but deterministic rights-price treatment is not owner-approved",WHOLE_IDENTITY,Any unresolved price-affecting corporate-action blocker causes all raw daily rows for this identity to be BLOCKED in N6 V1.
b8cd64d4-5aac-5376-ba3d-ec33e8b009bb,INE592B01024,,MULTIPLE_CORPORATE_ACTION_CAUSES,2,0,2,2025-07-04,2025-09-17,CASH_DIVIDEND;RIGHTS,"DIVIDEND: exact historical-identity-bound previous/ex-date R2 price pair unavailable;RIGHTS: subscription terms are normalized, but deterministic rights-price treatment is not owner-approved",WHOLE_IDENTITY,Any unresolved price-affecting corporate-action blocker causes all raw daily rows for this identity to be BLOCKED in N6 V1.
b93aacca-16fe-54a2-a1ce-2500154b1619,INE691Z01023,,RIGHTS_ECONOMICS_REMEDIATION,1,1,0,2026-07-02,2026-07-02,RIGHTS,rights entitlement/premium/face-value terms are incomplete,WHOLE_IDENTITY,Any unresolved price-affecting corporate-action blocker causes all raw daily rows for this identity to be BLOCKED in N6 V1.
b9aaa1ae-5082-567e-8b2f-483b8ce217f4,INE089C01029,,DEMERGER_LINEAGE_REMEDIATION,1,1,0,2025-04-24,2025-04-24,DEMERGER,successor entitlement and valuation lineage are not explicit in the source observation,WHOLE_IDENTITY,Any unresolved price-affecting corporate-action blocker causes all raw daily rows for this identity to be BLOCKED in N6 V1.
b9d399a7-2bd8-525b-a346-29719f0012b6,INE236Y01012,,RIGHTS_ECONOMICS_REMEDIATION,1,0,1,2024-05-30,2024-05-30,RIGHTS,"RIGHTS: subscription terms are normalized, but deterministic rights-price treatment is not owner-approved",WHOLE_IDENTITY,Any unresolved price-affecting corporate-action blocker causes all raw daily rows for this identity to be BLOCKED in N6 V1.
baf84521-1bf6-5fb5-bdf2-764da6221b06,INE854D01024,,DIVIDEND_REMEDIATION,1,0,1,2023-11-17,2023-11-17,CASH_DIVIDEND,DIVIDEND: exact historical-identity-bound previous/ex-date R2 price pair unavailable,WHOLE_IDENTITY,Any unresolved price-affecting corporate-action blocker causes all raw daily rows for this identity to be BLOCKED in N6 V1.
bb5b11a6-d783-5ff6-b31c-df6241abd396,INE781A01025,,DIVIDEND_REMEDIATION,1,0,1,2024-09-23,2024-09-23,CASH_DIVIDEND,DIVIDEND: exact historical-identity-bound previous/ex-date R2 price pair unavailable,WHOLE_IDENTITY,Any unresolved price-affecting corporate-action blocker causes all raw daily rows for this identity to be BLOCKED in N6 V1.
bbd8941a-451b-578e-861b-ecd1e9f5fd65,INE617A01013,,MULTIPLE_CORPORATE_ACTION_CAUSES,2,1,1,2023-10-19,2024-05-03,CASH_DIVIDEND;DEMERGER,DIVIDEND: exact historical-identity-bound previous/ex-date R2 price pair unavailable;successor entitlement and valuation lineage are not explicit in the source observation,WHOLE_IDENTITY,Any unresolved price-affecting corporate-action blocker causes all raw daily rows for this identity to be BLOCKED in N6 V1.
bbfd06e1-8831-5c74-b7b9-f4b710c19b80,INE646B01010,,DIVIDEND_REMEDIATION,1,0,1,2026-09-18,2026-09-18,CASH_DIVIDEND,DIVIDEND: exact historical-identity-bound previous/ex-date R2 price pair unavailable,WHOLE_IDENTITY,Any unresolved price-affecting corporate-action blocker causes all raw daily rows for this identity to be BLOCKED in N6 V1.
bc2c6f30-d962-55c1-8b0e-f0801660ac5f,INE197A01024,,RIGHTS_ECONOMICS_REMEDIATION,2,0,2,2024-03-21,2025-02-10,RIGHTS,"RIGHTS: subscription terms are normalized, but deterministic rights-price treatment is not owner-approved",WHOLE_IDENTITY,Any unresolved price-affecting corporate-action blocker causes all raw daily rows for this identity to be BLOCKED in N6 V1.
bc9fc8c7-270a-59f8-a1a2-eb178a92d652,INE256Z01025,,RIGHTS_ECONOMICS_REMEDIATION,1,0,1,2024-08-23,2024-08-23,RIGHTS,"RIGHTS: subscription terms are normalized, but deterministic rights-price treatment is not owner-approved",WHOLE_IDENTITY,Any unresolved price-affecting corporate-action blocker causes all raw daily rows for this identity to be BLOCKED in N6 V1.
bd9dc099-af1c-5971-a83c-e4c028a87307,INE839G01010,,DIVIDEND_REMEDIATION,1,0,1,2026-09-04,2026-09-04,CASH_DIVIDEND,DIVIDEND: exact historical-identity-bound previous/ex-date R2 price pair unavailable,WHOLE_IDENTITY,Any unresolved price-affecting corporate-action blocker causes all raw daily rows for this identity to be BLOCKED in N6 V1.
be8a44e5-282b-57f8-8111-dd3dac59c3f3,INE646C01018,,DIVIDEND_REMEDIATION,1,0,1,2025-08-05,2025-08-05,CASH_DIVIDEND,DIVIDEND: exact historical-identity-bound previous/ex-date R2 price pair unavailable,WHOLE_IDENTITY,Any unresolved price-affecting corporate-action blocker causes all raw daily rows for this identity to be BLOCKED in N6 V1.
bf8322be-336a-5fa5-af81-3c83a71ca8c3,INE353A01023,,DIVIDEND_REMEDIATION,2,1,1,2024-09-06,2025-08-22,CASH_DIVIDEND,cash amount per share is not explicit;DIVIDEND: exact historical-identity-bound previous/ex-date R2 price pair unavailable,WHOLE_IDENTITY,Any unresolved price-affecting corporate-action blocker causes all raw daily rows for this identity to be BLOCKED in N6 V1.
c1210082-905b-587d-aefa-ca37e16275eb,INE542B01011,,DIVIDEND_REMEDIATION,1,0,1,2026-09-15,2026-09-15,CASH_DIVIDEND,DIVIDEND: exact historical-identity-bound previous/ex-date R2 price pair unavailable,WHOLE_IDENTITY,Any unresolved price-affecting corporate-action blocker causes all raw daily rows for this identity to be BLOCKED in N6 V1.
c17bb532-32a2-5b05-aa3e-e14931922357,INE259A01022,,DIVIDEND_REMEDIATION,1,1,0,2024-05-22,2024-05-22,CASH_DIVIDEND,cash amount per share is not explicit,WHOLE_IDENTITY,Any unresolved price-affecting corporate-action blocker causes all raw daily rows for this identity to be BLOCKED in N6 V1.
c1d33cdd-f6cf-53b6-bbc0-f132d8dfe798,INE686A01026,,DIVIDEND_REMEDIATION,2,0,2,2024-08-21,2025-07-31,CASH_DIVIDEND,DIVIDEND: exact historical-identity-bound previous/ex-date R2 price pair unavailable,WHOLE_IDENTITY,Any unresolved price-affecting corporate-action blocker causes all raw daily rows for this identity to be BLOCKED in N6 V1.
c1d94c62-6ef8-5a4d-ae7c-18feb73e3a72,INE159N01027,,RIGHTS_ECONOMICS_REMEDIATION,1,0,1,2024-05-15,2024-05-15,RIGHTS,"RIGHTS: subscription terms are normalized, but deterministic rights-price treatment is not owner-approved",WHOLE_IDENTITY,Any unresolved price-affecting corporate-action blocker causes all raw daily rows for this identity to be BLOCKED in N6 V1.
c1e99d0c-5395-524d-871d-143e4ac8c21d,INE782A01015,,DIVIDEND_REMEDIATION,2,0,2,2025-06-10,2025-07-09,CASH_DIVIDEND,DIVIDEND: exact historical-identity-bound previous/ex-date R2 price pair unavailable,WHOLE_IDENTITY,Any unresolved price-affecting corporate-action blocker causes all raw daily rows for this identity to be BLOCKED in N6 V1.
c271ab8f-7f7e-5764-9fc5-c8ae41f7c691,INE050001010,,DIVIDEND_REMEDIATION,1,0,1,2026-09-16,2026-09-16,CASH_DIVIDEND,DIVIDEND: exact historical-identity-bound previous/ex-date R2 price pair unavailable,WHOLE_IDENTITY,Any unresolved price-affecting corporate-action blocker causes all raw daily rows for this identity to be BLOCKED in N6 V1.
c2b80f2b-2c88-5455-b230-0d22d46fa3f8,INE529F01035,,DIVIDEND_REMEDIATION,1,0,1,2026-09-23,2026-09-23,CASH_DIVIDEND,DIVIDEND: exact historical-identity-bound previous/ex-date R2 price pair unavailable,WHOLE_IDENTITY,Any unresolved price-affecting corporate-action blocker causes all raw daily rows for this identity to be BLOCKED in N6 V1.
c2e323d1-96f4-5398-a28f-84d3291d3d53,INE843D01027,,DEMERGER_LINEAGE_REMEDIATION,1,1,0,2025-12-26,2025-12-26,DEMERGER,successor entitlement and valuation lineage are not explicit in the source observation,WHOLE_IDENTITY,Any unresolved price-affecting corporate-action blocker causes all raw daily rows for this identity to be BLOCKED in N6 V1.
c338a706-4bec-5672-8108-a86f2b8ad5ac,INE483S01020,,MULTIPLE_CORPORATE_ACTION_CAUSES,3,1,2,2024-08-07,2025-06-26,CASH_DIVIDEND;DEMERGER;RIGHTS,"DIVIDEND: exact historical-identity-bound previous/ex-date R2 price pair unavailable;RIGHTS: subscription terms are normalized, but deterministic rights-price treatment is not owner-approved;successor entitlement and valuation lineage are not explicit in the source observation",WHOLE_IDENTITY,Any unresolved price-affecting corporate-action blocker causes all raw daily rows for this identity to be BLOCKED in N6 V1.
c347d65a-7019-52b1-aa5c-5d9607ef2663,INE437A01024,,DIVIDEND_REMEDIATION,2,2,0,2026-02-16,2026-08-14,CASH_DIVIDEND,cash amount per share is not explicit,WHOLE_IDENTITY,Any unresolved price-affecting corporate-action blocker causes all raw daily rows for this identity to be BLOCKED in N6 V1.
c35c1103-068e-5932-8f17-b7b5e21cadcd,INE0JWS01017,,RIGHTS_ECONOMICS_REMEDIATION,1,0,1,2025-07-18,2025-07-18,RIGHTS,"RIGHTS: subscription terms are normalized, but deterministic rights-price treatment is not owner-approved",WHOLE_IDENTITY,Any unresolved price-affecting corporate-action blocker causes all raw daily rows for this identity to be BLOCKED in N6 V1.
c3d18788-4287-557c-90c2-e2a9c8f8f2dc,INE0OFM01015,,DIVIDEND_REMEDIATION,1,1,0,2026-07-01,2026-07-01,CASH_DIVIDEND,cash amount per share is not explicit,WHOLE_IDENTITY,Any unresolved price-affecting corporate-action blocker causes all raw daily rows for this identity to be BLOCKED in N6 V1.
c47ec29e-286a-57ec-8e03-dbd3038bcd63,INE460D01038,,DIVIDEND_REMEDIATION,1,0,1,2026-09-15,2026-09-15,CASH_DIVIDEND,DIVIDEND: exact historical-identity-bound previous/ex-date R2 price pair unavailable,WHOLE_IDENTITY,Any unresolved price-affecting corporate-action blocker causes all raw daily rows for this identity to be BLOCKED in N6 V1.
c5873f41-6b75-5186-8765-d3be12342376,INE834I01025,,DEMERGER_LINEAGE_REMEDIATION,1,1,0,2025-06-06,2025-06-06,DEMERGER,successor entitlement and valuation lineage are not explicit in the source observation,WHOLE_IDENTITY,Any unresolved price-affecting corporate-action blocker causes all raw daily rows for this identity to be BLOCKED in N6 V1.
c5c56d04-09fb-5972-bbd8-eb38484f93e9,INE158B01016,,DIVIDEND_REMEDIATION,1,0,1,2024-06-14,2024-06-14,CASH_DIVIDEND,DIVIDEND: exact historical-identity-bound previous/ex-date R2 price pair unavailable,WHOLE_IDENTITY,Any unresolved price-affecting corporate-action blocker causes all raw daily rows for this identity to be BLOCKED in N6 V1.
c5d00036-afa9-5dfc-b709-9707b46efe17,INE244B01030,,RIGHTS_ECONOMICS_REMEDIATION,1,0,1,2025-12-04,2025-12-04,RIGHTS,"RIGHTS: subscription terms are normalized, but deterministic rights-price treatment is not owner-approved",WHOLE_IDENTITY,Any unresolved price-affecting corporate-action blocker causes all raw daily rows for this identity to be BLOCKED in N6 V1.
c8445840-0550-5ce2-97e0-63e3fe701d3b,INE669X01024,,DIVIDEND_REMEDIATION,1,0,1,2024-09-05,2024-09-05,CASH_DIVIDEND,DIVIDEND: exact historical-identity-bound previous/ex-date R2 price pair unavailable,WHOLE_IDENTITY,Any unresolved price-affecting corporate-action blocker causes all raw daily rows for this identity to be BLOCKED in N6 V1.
c8837f20-0bd2-5a8e-8423-657f745925aa,INE947Q01028,,DIVIDEND_REMEDIATION,1,1,0,2025-10-31,2025-10-31,CASH_DIVIDEND,cash amount per share is not explicit,WHOLE_IDENTITY,Any unresolved price-affecting corporate-action blocker causes all raw daily rows for this identity to be BLOCKED in N6 V1.
cab6bad9-a8c2-53f1-9308-68be39993c8e,INE879I01012,,DEMERGER_LINEAGE_REMEDIATION,1,1,0,2025-07-18,2025-07-18,DEMERGER,successor entitlement and valuation lineage are not explicit in the source observation,WHOLE_IDENTITY,Any unresolved price-affecting corporate-action blocker causes all raw daily rows for this identity to be BLOCKED in N6 V1.
cb18fd52-eaa2-5693-87d3-af927b0174a4,INE956G01038,,DIVIDEND_REMEDIATION,1,1,0,2026-07-17,2026-07-17,CASH_DIVIDEND,cash amount per share is not explicit,WHOLE_IDENTITY,Any unresolved price-affecting corporate-action blocker causes all raw daily rows for this identity to be BLOCKED in N6 V1.
cb902fe2-baa7-57a7-8052-3a9f1eb90d91,INE949H01023,,DIVIDEND_REMEDIATION,1,1,0,2025-02-12,2025-02-12,CASH_DIVIDEND,cash amount per share is not explicit,WHOLE_IDENTITY,Any unresolved price-affecting corporate-action blocker causes all raw daily rows for this identity to be BLOCKED in N6 V1.
cbb599b9-8e3e-58e3-a82b-170f1bf21c4f,INE292B01021,,DIVIDEND_REMEDIATION,1,0,1,2024-09-13,2024-09-13,CASH_DIVIDEND,DIVIDEND: exact historical-identity-bound previous/ex-date R2 price pair unavailable,WHOLE_IDENTITY,Any unresolved price-affecting corporate-action blocker causes all raw daily rows for this identity to be BLOCKED in N6 V1.
cc9860c3-db87-5ebf-8f54-e60dac420481,INE202Z01029,,DIVIDEND_REMEDIATION,6,1,5,2024-02-13,2025-07-11,CASH_DIVIDEND,cash amount per share is not explicit;DIVIDEND: exact historical-identity-bound previous/ex-date R2 price pair unavailable,WHOLE_IDENTITY,Any unresolved price-affecting corporate-action blocker causes all raw daily rows for this identity to be BLOCKED in N6 V1.
cce8419a-d7a4-528a-8819-1c5683dac4b6,INE803D01021,,DIVIDEND_REMEDIATION,1,0,1,2025-09-18,2025-09-18,CASH_DIVIDEND,DIVIDEND: exact historical-identity-bound previous/ex-date R2 price pair unavailable,WHOLE_IDENTITY,Any unresolved price-affecting corporate-action blocker causes all raw daily rows for this identity to be BLOCKED in N6 V1.
cd2742cd-944a-5371-bfae-32781bd8a48e,INE707C01018,,RIGHTS_ECONOMICS_REMEDIATION,2,0,2,2025-06-18,2025-10-10,RIGHTS,"RIGHTS: subscription terms are normalized, but deterministic rights-price treatment is not owner-approved",WHOLE_IDENTITY,Any unresolved price-affecting corporate-action blocker causes all raw daily rows for this identity to be BLOCKED in N6 V1.
cd4fbf03-1645-5836-adde-a148f016ceef,INE495A01022,,DEMERGER_LINEAGE_REMEDIATION,1,1,0,2025-10-31,2025-10-31,DEMERGER,successor entitlement and valuation lineage are not explicit in the source observation,WHOLE_IDENTITY,Any unresolved price-affecting corporate-action blocker causes all raw daily rows for this identity to be BLOCKED in N6 V1.
cd8a4828-f43d-5f2f-88af-053d95d840f2,INE323B01024,,RIGHTS_ECONOMICS_REMEDIATION,1,0,1,2024-12-12,2024-12-12,RIGHTS,"RIGHTS: subscription terms are normalized, but deterministic rights-price treatment is not owner-approved",WHOLE_IDENTITY,Any unresolved price-affecting corporate-action blocker causes all raw daily rows for this identity to be BLOCKED in N6 V1.
cecf33cd-e1ed-5941-aa28-fbd86d002974,INE680Z01018,,MULTIPLE_CORPORATE_ACTION_CAUSES,2,0,2,2026-05-21,2026-09-18,CASH_DIVIDEND;RIGHTS,"DIVIDEND: exact historical-identity-bound previous/ex-date R2 price pair unavailable;RIGHTS: subscription terms are normalized, but deterministic rights-price treatment is not owner-approved",WHOLE_IDENTITY,Any unresolved price-affecting corporate-action blocker causes all raw daily rows for this identity to be BLOCKED in N6 V1.
cedb44ca-278a-5701-8f7d-b5012b970fa9,INE667G01023,,DIVIDEND_REMEDIATION,1,0,1,2023-11-16,2023-11-16,CASH_DIVIDEND,DIVIDEND: exact historical-identity-bound previous/ex-date R2 price pair unavailable,WHOLE_IDENTITY,Any unresolved price-affecting corporate-action blocker causes all raw daily rows for this identity to be BLOCKED in N6 V1.
cf511d91-f3a6-59ae-9896-f5c9ebbb7e18,INE448G01010,,DIVIDEND_REMEDIATION,2,0,2,2024-08-09,2025-08-14,CASH_DIVIDEND,DIVIDEND: exact historical-identity-bound previous/ex-date R2 price pair unavailable,WHOLE_IDENTITY,Any unresolved price-affecting corporate-action blocker causes all raw daily rows for this identity to be BLOCKED in N6 V1.
cf923b3c-e09c-5c8a-b0d9-853607c03bc9,INE542W01025,,DIVIDEND_REMEDIATION,2,0,2,2024-08-21,2024-10-04,CASH_DIVIDEND,DIVIDEND: exact historical-identity-bound previous/ex-date R2 price pair unavailable,WHOLE_IDENTITY,Any unresolved price-affecting corporate-action blocker causes all raw daily rows for this identity to be BLOCKED in N6 V1.
cfb89968-d4f5-54e4-9a86-2e5d6b7c1347,INE647A01010,,DIVIDEND_REMEDIATION,2,2,0,2025-02-04,2025-07-29,CASH_DIVIDEND,cash amount per share is not explicit,WHOLE_IDENTITY,Any unresolved price-affecting corporate-action blocker causes all raw daily rows for this identity to be BLOCKED in N6 V1.
cfc8338c-5eb5-5398-ab46-4b7cfce73b12,INE01KI01027,,RIGHTS_ECONOMICS_REMEDIATION,1,0,1,2024-08-14,2024-08-14,RIGHTS,"RIGHTS: subscription terms are normalized, but deterministic rights-price treatment is not owner-approved",WHOLE_IDENTITY,Any unresolved price-affecting corporate-action blocker causes all raw daily rows for this identity to be BLOCKED in N6 V1.
d032bb5b-2e56-59a0-bc5b-9b2c31476585,INE475B01022,,DIVIDEND_REMEDIATION,1,1,0,2024-02-20,2024-02-20,CASH_DIVIDEND,cash amount per share is not explicit,WHOLE_IDENTITY,Any unresolved price-affecting corporate-action blocker causes all raw daily rows for this identity to be BLOCKED in N6 V1.
d1197955-b1c7-5a92-b643-5efdcfb9f9c5,INE314G01014,,DIVIDEND_REMEDIATION,1,0,1,2024-09-20,2024-09-20,CASH_DIVIDEND,DIVIDEND: exact historical-identity-bound previous/ex-date R2 price pair unavailable,WHOLE_IDENTITY,Any unresolved price-affecting corporate-action blocker causes all raw daily rows for this identity to be BLOCKED in N6 V1.
d159bb5c-1702-52e2-8d6c-01baea30c0cd,INE813A01018,,MULTIPLE_CORPORATE_ACTION_CAUSES,2,1,1,2025-05-23,2025-07-18,CASH_DIVIDEND;RIGHTS,"cash amount per share is not explicit;RIGHTS: subscription terms are normalized, but deterministic rights-price treatment is not owner-approved",WHOLE_IDENTITY,Any unresolved price-affecting corporate-action blocker causes all raw daily rows for this identity to be BLOCKED in N6 V1.
d1638919-4f2f-5bb0-a187-2d6e6b1b75e2,INE231C01019,,DIVIDEND_REMEDIATION,1,0,1,2025-08-05,2025-08-05,CASH_DIVIDEND,DIVIDEND: exact historical-identity-bound previous/ex-date R2 price pair unavailable,WHOLE_IDENTITY,Any unresolved price-affecting corporate-action blocker causes all raw daily rows for this identity to be BLOCKED in N6 V1.
d1abdcf5-da4d-5a78-a6c0-e632d5d295e7,INE557A01011,,DIVIDEND_REMEDIATION,2,0,2,2024-02-14,2024-07-23,CASH_DIVIDEND,DIVIDEND: exact historical-identity-bound previous/ex-date R2 price pair unavailable,WHOLE_IDENTITY,Any unresolved price-affecting corporate-action blocker causes all raw daily rows for this identity to be BLOCKED in N6 V1.
d1dd1361-da34-5c14-ad3e-47e8d5fbf0e3,INE864J01012,,DIVIDEND_REMEDIATION,1,0,1,2026-08-19,2026-08-19,CASH_DIVIDEND,DIVIDEND: exact historical-identity-bound previous/ex-date R2 price pair unavailable,WHOLE_IDENTITY,Any unresolved price-affecting corporate-action blocker causes all raw daily rows for this identity to be BLOCKED in N6 V1.
d2f5d865-09c8-5157-a88d-71849a5f1c47,INE506D01020,,DIVIDEND_REMEDIATION,1,0,1,2026-08-28,2026-08-28,CASH_DIVIDEND,DIVIDEND: exact historical-identity-bound previous/ex-date R2 price pair unavailable,WHOLE_IDENTITY,Any unresolved price-affecting corporate-action blocker causes all raw daily rows for this identity to be BLOCKED in N6 V1.
d3348ec5-ae7c-5b0a-ac42-b823513802cc,INE482J01021,,RIGHTS_ECONOMICS_REMEDIATION,1,0,1,2026-05-27,2026-05-27,RIGHTS,"RIGHTS: subscription terms are normalized, but deterministic rights-price treatment is not owner-approved",WHOLE_IDENTITY,Any unresolved price-affecting corporate-action blocker causes all raw daily rows for this identity to be BLOCKED in N6 V1.
d3736988-c90a-5ed2-a6ad-b1e7912016f4,INE068V01023,,DIVIDEND_REMEDIATION,1,1,0,2026-08-11,2026-08-11,CASH_DIVIDEND,cash amount per share is not explicit,WHOLE_IDENTITY,Any unresolved price-affecting corporate-action blocker causes all raw daily rows for this identity to be BLOCKED in N6 V1.
d49df878-b9dd-5519-bf69-9eb354b313a6,INE570D01018,,DIVIDEND_REMEDIATION,1,0,1,2026-09-15,2026-09-15,CASH_DIVIDEND,DIVIDEND: exact historical-identity-bound previous/ex-date R2 price pair unavailable,WHOLE_IDENTITY,Any unresolved price-affecting corporate-action blocker causes all raw daily rows for this identity to be BLOCKED in N6 V1.
d5c4df96-92bd-50bb-8ffc-4188288aa417,INE555Z01020,,DIVIDEND_REMEDIATION,1,0,1,2025-02-07,2025-02-07,CASH_DIVIDEND,DIVIDEND: exact historical-identity-bound previous/ex-date R2 price pair unavailable,WHOLE_IDENTITY,Any unresolved price-affecting corporate-action blocker causes all raw daily rows for this identity to be BLOCKED in N6 V1.
d917f432-7caf-5f70-b5b8-4549c9f82b62,INE01C001026,,DIVIDEND_REMEDIATION,1,0,1,2026-09-22,2026-09-22,CASH_DIVIDEND,DIVIDEND: exact historical-identity-bound previous/ex-date R2 price pair unavailable,WHOLE_IDENTITY,Any unresolved price-affecting corporate-action blocker causes all raw daily rows for this identity to be BLOCKED in N6 V1.
d93c5404-6216-5691-b495-29383dde08a5,INE494B01023,,BONUS_TERMS_REMEDIATION,1,1,0,2025-08-25,2025-08-25,BONUS,bonus ratio is not explicit,WHOLE_IDENTITY,Any unresolved price-affecting corporate-action blocker causes all raw daily rows for this identity to be BLOCKED in N6 V1.
da052b01-27de-568b-bdb9-15128e8ec831,INE253B01015,,DIVIDEND_REMEDIATION,1,0,1,2024-07-26,2024-07-26,CASH_DIVIDEND,DIVIDEND: exact historical-identity-bound previous/ex-date R2 price pair unavailable,WHOLE_IDENTITY,Any unresolved price-affecting corporate-action blocker causes all raw daily rows for this identity to be BLOCKED in N6 V1.
da59889b-2853-5a54-b8d4-387a70bbf24b,INE214T01019,,DIVIDEND_REMEDIATION,5,0,5,2023-10-27,2025-10-24,CASH_DIVIDEND,DIVIDEND: exact historical-identity-bound previous/ex-date R2 price pair unavailable,WHOLE_IDENTITY,Any unresolved price-affecting corporate-action blocker causes all raw daily rows for this identity to be BLOCKED in N6 V1.
da85724a-b425-527a-9aa2-97ff2401d694,INE980Y01015,,DIVIDEND_REMEDIATION,1,0,1,2024-09-20,2024-09-20,CASH_DIVIDEND,DIVIDEND: exact historical-identity-bound previous/ex-date R2 price pair unavailable,WHOLE_IDENTITY,Any unresolved price-affecting corporate-action blocker causes all raw daily rows for this identity to be BLOCKED in N6 V1.
dca0c803-a6e2-5c75-82bd-e4e0b55c4508,INE0PK601023,,DIVIDEND_REMEDIATION,2,0,2,2025-07-21,2026-08-20,CASH_DIVIDEND,DIVIDEND: exact historical-identity-bound previous/ex-date R2 price pair unavailable,WHOLE_IDENTITY,Any unresolved price-affecting corporate-action blocker causes all raw daily rows for this identity to be BLOCKED in N6 V1.
dca95a22-0c36-5060-be56-fd368e132887,INE076B01028,,MULTIPLE_CORPORATE_ACTION_CAUSES,3,3,0,2024-07-15,2026-08-21,BONUS;CASH_DIVIDEND,bonus ratio is not explicit;cash amount per share is not explicit,WHOLE_IDENTITY,Any unresolved price-affecting corporate-action blocker causes all raw daily rows for this identity to be BLOCKED in N6 V1.
dd4195ca-b713-5e97-97bc-e69b704f96b2,INE231F01020,,DIVIDEND_REMEDIATION,1,1,0,2024-07-26,2024-07-26,CASH_DIVIDEND,cash amount per share is not explicit,WHOLE_IDENTITY,Any unresolved price-affecting corporate-action blocker causes all raw daily rows for this identity to be BLOCKED in N6 V1.
dd67cc11-8bc8-554c-b1d8-c600b569ad85,INE083D01012,,DIVIDEND_REMEDIATION,1,0,1,2024-09-17,2024-09-17,CASH_DIVIDEND,DIVIDEND: exact historical-identity-bound previous/ex-date R2 price pair unavailable,WHOLE_IDENTITY,Any unresolved price-affecting corporate-action blocker causes all raw daily rows for this identity to be BLOCKED in N6 V1.
dd89a946-70a5-5b84-97a8-51c1902eb333,INE200M01021,,DIVIDEND_REMEDIATION,1,1,0,2024-08-09,2024-08-09,CASH_DIVIDEND,cash amount per share is not explicit,WHOLE_IDENTITY,Any unresolved price-affecting corporate-action blocker causes all raw daily rows for this identity to be BLOCKED in N6 V1.
de86d233-5e5d-50de-a5af-9edf2d7aa672,INE830Q01018,,DIVIDEND_REMEDIATION,1,0,1,2024-09-13,2024-09-13,CASH_DIVIDEND,DIVIDEND: exact historical-identity-bound previous/ex-date R2 price pair unavailable,WHOLE_IDENTITY,Any unresolved price-affecting corporate-action blocker causes all raw daily rows for this identity to be BLOCKED in N6 V1.
dfdd7f24-6215-5548-a6fc-55c1c3880d48,INE324X01026,,RIGHTS_ECONOMICS_REMEDIATION,1,0,1,2025-08-22,2025-08-22,RIGHTS,"RIGHTS: subscription terms are normalized, but deterministic rights-price treatment is not owner-approved",WHOLE_IDENTITY,Any unresolved price-affecting corporate-action blocker causes all raw daily rows for this identity to be BLOCKED in N6 V1.
e0364e16-cafe-5fe9-a797-06a219672681,INE295D01020,,RIGHTS_ECONOMICS_REMEDIATION,1,0,1,2025-12-12,2025-12-12,RIGHTS,"RIGHTS: subscription terms are normalized, but deterministic rights-price treatment is not owner-approved",WHOLE_IDENTITY,Any unresolved price-affecting corporate-action blocker causes all raw daily rows for this identity to be BLOCKED in N6 V1.
e07e2b2e-aff3-53a9-ac54-52ec7042834f,INE809A01032,,DIVIDEND_REMEDIATION,1,0,1,2025-07-31,2025-07-31,CASH_DIVIDEND,DIVIDEND: exact historical-identity-bound previous/ex-date R2 price pair unavailable,WHOLE_IDENTITY,Any unresolved price-affecting corporate-action blocker causes all raw daily rows for this identity to be BLOCKED in N6 V1.
e0eb74f9-4829-5162-a937-d85ba4cb8243,INE806C01018,,RIGHTS_ECONOMICS_REMEDIATION,2,0,2,2024-03-22,2026-03-23,RIGHTS,"RIGHTS: subscription terms are normalized, but deterministic rights-price treatment is not owner-approved",WHOLE_IDENTITY,Any unresolved price-affecting corporate-action blocker causes all raw daily rows for this identity to be BLOCKED in N6 V1.
e100e5e6-e49e-5bfd-9a35-63e678d66026,INE071D01033,,DIVIDEND_REMEDIATION,1,0,1,2026-07-22,2026-07-22,CASH_DIVIDEND,DIVIDEND: exact historical-identity-bound previous/ex-date R2 price pair unavailable,WHOLE_IDENTITY,Any unresolved price-affecting corporate-action blocker causes all raw daily rows for this identity to be BLOCKED in N6 V1.
e162bf04-b96f-5318-a175-6de46394dd9e,INE753K01015,,DIVIDEND_REMEDIATION,1,0,1,2026-09-16,2026-09-16,CASH_DIVIDEND,DIVIDEND: exact historical-identity-bound previous/ex-date R2 price pair unavailable,WHOLE_IDENTITY,Any unresolved price-affecting corporate-action blocker causes all raw daily rows for this identity to be BLOCKED in N6 V1.
e1d1c3a2-0167-5ff9-8780-133e553f2ecf,INE995D01025,,MULTIPLE_CORPORATE_ACTION_CAUSES,3,1,2,2025-05-09,2026-07-02,CASH_DIVIDEND;DEMERGER,DIVIDEND: exact historical-identity-bound previous/ex-date R2 price pair unavailable;successor entitlement and valuation lineage are not explicit in the source observation,WHOLE_IDENTITY,Any unresolved price-affecting corporate-action blocker causes all raw daily rows for this identity to be BLOCKED in N6 V1.
e23dc756-3330-5372-92f1-cdd490ee9007,INE020D01022,,RIGHTS_ECONOMICS_REMEDIATION,1,0,1,2025-11-17,2025-11-17,RIGHTS,"RIGHTS: subscription terms are normalized, but deterministic rights-price treatment is not owner-approved",WHOLE_IDENTITY,Any unresolved price-affecting corporate-action blocker causes all raw daily rows for this identity to be BLOCKED in N6 V1.
e2f6700e-6a0b-5ec2-8611-ba6b61ca460f,INE641R01017,,RIGHTS_ECONOMICS_REMEDIATION,1,1,0,2026-08-25,2026-08-25,RIGHTS,rights entitlement/premium/face-value terms are incomplete,WHOLE_IDENTITY,Any unresolved price-affecting corporate-action blocker causes all raw daily rows for this identity to be BLOCKED in N6 V1.
e30bf51c-256c-5ba8-bebf-766025670316,INE672B01032,,DIVIDEND_REMEDIATION,1,1,0,2025-08-14,2025-08-14,CASH_DIVIDEND,cash amount per share is not explicit,WHOLE_IDENTITY,Any unresolved price-affecting corporate-action blocker causes all raw daily rows for this identity to be BLOCKED in N6 V1.
e326b4cc-0b72-5172-aed8-f9a0623aae50,INE964H01014,,RIGHTS_ECONOMICS_REMEDIATION,3,0,3,2023-11-28,2025-05-23,RIGHTS,"RIGHTS: subscription terms are normalized, but deterministic rights-price treatment is not owner-approved",WHOLE_IDENTITY,Any unresolved price-affecting corporate-action blocker causes all raw daily rows for this identity to be BLOCKED in N6 V1.
e40edbfb-3887-5729-be23-b43762b849ab,INE058A01010,,DEMERGER_LINEAGE_REMEDIATION,1,1,0,2024-06-13,2024-06-13,DEMERGER,successor entitlement and valuation lineage are not explicit in the source observation,WHOLE_IDENTITY,Any unresolved price-affecting corporate-action blocker causes all raw daily rows for this identity to be BLOCKED in N6 V1.
e82823b4-6d85-5c47-a0aa-51349dfbc475,INE218C01016,,DIVIDEND_REMEDIATION,1,0,1,2024-09-20,2024-09-20,CASH_DIVIDEND,DIVIDEND: exact historical-identity-bound previous/ex-date R2 price pair unavailable,WHOLE_IDENTITY,Any unresolved price-affecting corporate-action blocker causes all raw daily rows for this identity to be BLOCKED in N6 V1.
e837a156-d30f-5480-8c07-ee3e63b2dfe3,INE516A01017,,DIVIDEND_REMEDIATION,1,1,0,2025-08-01,2025-08-01,CASH_DIVIDEND,cash amount per share is not explicit,WHOLE_IDENTITY,Any unresolved price-affecting corporate-action blocker causes all raw daily rows for this identity to be BLOCKED in N6 V1.
e83979b6-f484-5bf4-b2e3-9c03b0fbe3e5,INE239D01028,,DIVIDEND_REMEDIATION,1,0,1,2024-09-23,2024-09-23,CASH_DIVIDEND,DIVIDEND: exact historical-identity-bound previous/ex-date R2 price pair unavailable,WHOLE_IDENTITY,Any unresolved price-affecting corporate-action blocker causes all raw daily rows for this identity to be BLOCKED in N6 V1.
e841b220-253e-56a5-93ce-df8c33080a00,INE049I01012,,DIVIDEND_REMEDIATION,1,0,1,2025-09-04,2025-09-04,CASH_DIVIDEND,DIVIDEND: exact historical-identity-bound previous/ex-date R2 price pair unavailable,WHOLE_IDENTITY,Any unresolved price-affecting corporate-action blocker causes all raw daily rows for this identity to be BLOCKED in N6 V1.
e87a4d65-cb35-5c2a-a3bd-600260a4361d,INE117Z01011,,RIGHTS_ECONOMICS_REMEDIATION,1,0,1,2024-09-13,2024-09-13,RIGHTS,"RIGHTS: subscription terms are normalized, but deterministic rights-price treatment is not owner-approved",WHOLE_IDENTITY,Any unresolved price-affecting corporate-action blocker causes all raw daily rows for this identity to be BLOCKED in N6 V1.
e8ff8cc6-bcc3-5ee3-b61a-ddde1c9a7735,INE977Y01011,,DIVIDEND_REMEDIATION,1,0,1,2023-10-19,2023-10-19,CASH_DIVIDEND,DIVIDEND: exact historical-identity-bound previous/ex-date R2 price pair unavailable,WHOLE_IDENTITY,Any unresolved price-affecting corporate-action blocker causes all raw daily rows for this identity to be BLOCKED in N6 V1.
eb0f8273-218d-537d-896c-41bdcfe20560,INE291W01029,,DIVIDEND_REMEDIATION,1,0,1,2024-06-21,2024-06-21,CASH_DIVIDEND,DIVIDEND: exact historical-identity-bound previous/ex-date R2 price pair unavailable,WHOLE_IDENTITY,Any unresolved price-affecting corporate-action blocker causes all raw daily rows for this identity to be BLOCKED in N6 V1.
eb3ee52a-df18-5bf0-b6ab-4564920c2efb,INE0I3401014,,DIVIDEND_REMEDIATION,2,0,2,2025-07-04,2026-07-17,CASH_DIVIDEND,DIVIDEND: exact historical-identity-bound previous/ex-date R2 price pair unavailable,WHOLE_IDENTITY,Any unresolved price-affecting corporate-action blocker causes all raw daily rows for this identity to be BLOCKED in N6 V1.
ecde9719-4ff2-504b-8d8f-ff70668fb7a2,INE227G01018,,RIGHTS_ECONOMICS_REMEDIATION,2,0,2,2024-07-16,2025-11-19,RIGHTS,"RIGHTS: subscription terms are normalized, but deterministic rights-price treatment is not owner-approved",WHOLE_IDENTITY,Any unresolved price-affecting corporate-action blocker causes all raw daily rows for this identity to be BLOCKED in N6 V1.
ee38f8a1-a5c5-58fc-9d82-72c48ba5fd9e,INE790B01024,,DIVIDEND_REMEDIATION,2,0,2,2024-09-13,2026-09-17,CASH_DIVIDEND,DIVIDEND: exact historical-identity-bound previous/ex-date R2 price pair unavailable,WHOLE_IDENTITY,Any unresolved price-affecting corporate-action blocker causes all raw daily rows for this identity to be BLOCKED in N6 V1.
ee7e7b8d-93a2-5587-93a3-2ee1a00ad0c0,INE0CG601016,,RIGHTS_ECONOMICS_REMEDIATION,1,0,1,2025-04-29,2025-04-29,RIGHTS,"RIGHTS: subscription terms are normalized, but deterministic rights-price treatment is not owner-approved",WHOLE_IDENTITY,Any unresolved price-affecting corporate-action blocker causes all raw daily rows for this identity to be BLOCKED in N6 V1.
eed8097c-cefe-59e5-bdbf-9962ffb35997,INE139R01012,,RIGHTS_ECONOMICS_REMEDIATION,1,0,1,2025-04-04,2025-04-04,RIGHTS,"RIGHTS: subscription terms are normalized, but deterministic rights-price treatment is not owner-approved",WHOLE_IDENTITY,Any unresolved price-affecting corporate-action blocker causes all raw daily rows for this identity to be BLOCKED in N6 V1.
eeec275c-96ba-5fd1-b827-3f5dd1c40ea1,INE0EEJ01023,,RIGHTS_ECONOMICS_REMEDIATION,1,0,1,2025-03-24,2025-03-24,RIGHTS,"RIGHTS: subscription terms are normalized, but deterministic rights-price treatment is not owner-approved",WHOLE_IDENTITY,Any unresolved price-affecting corporate-action blocker causes all raw daily rows for this identity to be BLOCKED in N6 V1.
f0688a1c-7a2e-5ded-9333-39db15afecd2,INE027A01015,,DIVIDEND_REMEDIATION,1,1,0,2026-02-20,2026-02-20,CASH_DIVIDEND,cash amount per share is not explicit,WHOLE_IDENTITY,Any unresolved price-affecting corporate-action blocker causes all raw daily rows for this identity to be BLOCKED in N6 V1.
f0d5da41-8d86-5ff6-885b-b439a64a9d6d,INE208C01025,,DIVIDEND_REMEDIATION,2,0,2,2024-02-23,2024-04-22,CASH_DIVIDEND,DIVIDEND: exact historical-identity-bound previous/ex-date R2 price pair unavailable,WHOLE_IDENTITY,Any unresolved price-affecting corporate-action blocker causes all raw daily rows for this identity to be BLOCKED in N6 V1.
f0dc7b75-9b33-588f-a170-1cff320a96ac,INE418N01035,,RIGHTS_ECONOMICS_REMEDIATION,2,0,2,2024-05-31,2026-05-20,RIGHTS,"RIGHTS: subscription terms are normalized, but deterministic rights-price treatment is not owner-approved",WHOLE_IDENTITY,Any unresolved price-affecting corporate-action blocker causes all raw daily rows for this identity to be BLOCKED in N6 V1.
f18db0b5-7dd5-5600-97e9-7f7c3ee22a99,INE855B01025,,DIVIDEND_REMEDIATION,1,1,0,2024-08-20,2024-08-20,CASH_DIVIDEND,cash amount per share is not explicit,WHOLE_IDENTITY,Any unresolved price-affecting corporate-action blocker causes all raw daily rows for this identity to be BLOCKED in N6 V1.
f322e250-2a3d-522f-9608-3901459a6504,INE576O01020,,DIVIDEND_REMEDIATION,1,1,0,2024-07-19,2024-07-19,CASH_DIVIDEND,cash amount per share is not explicit,WHOLE_IDENTITY,Any unresolved price-affecting corporate-action blocker causes all raw daily rows for this identity to be BLOCKED in N6 V1.
f324d30e-c428-5038-9962-a22f1fdbf57a,INE863B01029,,DIVIDEND_REMEDIATION,1,0,1,2024-09-20,2024-09-20,CASH_DIVIDEND,DIVIDEND: exact historical-identity-bound previous/ex-date R2 price pair unavailable,WHOLE_IDENTITY,Any unresolved price-affecting corporate-action blocker causes all raw daily rows for this identity to be BLOCKED in N6 V1.
f440f5b0-7735-54d9-b3b7-9980a7138595,INE274J01014,,DIVIDEND_REMEDIATION,1,1,0,2024-08-30,2024-08-30,CASH_DIVIDEND,cash amount per share is not explicit,WHOLE_IDENTITY,Any unresolved price-affecting corporate-action blocker causes all raw daily rows for this identity to be BLOCKED in N6 V1.
f4470c51-d5a7-5a34-97d1-46fa60d36590,INE495C01010,,DIVIDEND_REMEDIATION,1,1,0,2025-09-12,2025-09-12,CASH_DIVIDEND,cash amount per share is not explicit,WHOLE_IDENTITY,Any unresolved price-affecting corporate-action blocker causes all raw daily rows for this identity to be BLOCKED in N6 V1.
f599be81-25a6-55ad-98e5-91b36d597b66,INE774D01024,,RIGHTS_ECONOMICS_REMEDIATION,1,0,1,2025-05-14,2025-05-14,RIGHTS,"RIGHTS: subscription terms are normalized, but deterministic rights-price treatment is not owner-approved",WHOLE_IDENTITY,Any unresolved price-affecting corporate-action blocker causes all raw daily rows for this identity to be BLOCKED in N6 V1.
f5a6dde0-33a1-5441-8340-b3d87efb6ba4,INE740V01019,,DIVIDEND_REMEDIATION,1,0,1,2025-09-23,2025-09-23,CASH_DIVIDEND,DIVIDEND: exact historical-identity-bound previous/ex-date R2 price pair unavailable,WHOLE_IDENTITY,Any unresolved price-affecting corporate-action blocker causes all raw daily rows for this identity to be BLOCKED in N6 V1.
f5c8978c-ddd2-53ef-8ffc-c16b3426dc5d,INE800A01015,,DIVIDEND_REMEDIATION,1,0,1,2026-07-27,2026-07-27,CASH_DIVIDEND,DIVIDEND: exact historical-identity-bound previous/ex-date R2 price pair unavailable,WHOLE_IDENTITY,Any unresolved price-affecting corporate-action blocker causes all raw daily rows for this identity to be BLOCKED in N6 V1.
f66656c6-2d16-5d91-8a4f-0974746c0712,INE643A01035,,MULTIPLE_CORPORATE_ACTION_CAUSES,2,1,1,2024-07-26,2025-07-25,CASH_DIVIDEND;RIGHTS,"cash amount per share is not explicit;RIGHTS: subscription terms are normalized, but deterministic rights-price treatment is not owner-approved",WHOLE_IDENTITY,Any unresolved price-affecting corporate-action blocker causes all raw daily rows for this identity to be BLOCKED in N6 V1.
f71daf81-db08-5902-9a3c-f737569cd894,INE278G01037,,RIGHTS_ECONOMICS_REMEDIATION,1,0,1,2025-08-01,2025-08-01,RIGHTS,"RIGHTS: subscription terms are normalized, but deterministic rights-price treatment is not owner-approved",WHOLE_IDENTITY,Any unresolved price-affecting corporate-action blocker causes all raw daily rows for this identity to be BLOCKED in N6 V1.
f71e01b6-5d08-5f53-930b-d0206b329f8d,INE712K01011,,DIVIDEND_REMEDIATION,1,0,1,2024-09-20,2024-09-20,CASH_DIVIDEND,DIVIDEND: exact historical-identity-bound previous/ex-date R2 price pair unavailable,WHOLE_IDENTITY,Any unresolved price-affecting corporate-action blocker causes all raw daily rows for this identity to be BLOCKED in N6 V1.
f7261c7f-30b9-5cac-a3d6-2dfe7c417508,INE127B01011,,DIVIDEND_REMEDIATION,3,0,3,2024-09-19,2026-09-15,CASH_DIVIDEND,DIVIDEND: exact historical-identity-bound previous/ex-date R2 price pair unavailable,WHOLE_IDENTITY,Any unresolved price-affecting corporate-action blocker causes all raw daily rows for this identity to be BLOCKED in N6 V1.
f75f4084-0ca8-5171-a7d0-c82f90522afe,INE154A01025,,DEMERGER_LINEAGE_REMEDIATION,1,1,0,2025-01-06,2025-01-06,DEMERGER,successor entitlement and valuation lineage are not explicit in the source observation,WHOLE_IDENTITY,Any unresolved price-affecting corporate-action blocker causes all raw daily rows for this identity to be BLOCKED in N6 V1.
f8a2e883-e071-574f-9693-d6165f271c71,INE437B01014,,DIVIDEND_REMEDIATION,1,0,1,2026-08-03,2026-08-03,CASH_DIVIDEND,DIVIDEND: exact historical-identity-bound previous/ex-date R2 price pair unavailable,WHOLE_IDENTITY,Any unresolved price-affecting corporate-action blocker causes all raw daily rows for this identity to be BLOCKED in N6 V1.
f901e6ea-e5da-5242-9246-329faeb1c553,INE348L01012,,DIVIDEND_REMEDIATION,1,0,1,2024-01-22,2024-01-22,CASH_DIVIDEND,DIVIDEND: effective date is not a proven raw-price trading date,WHOLE_IDENTITY,Any unresolved price-affecting corporate-action blocker causes all raw daily rows for this identity to be BLOCKED in N6 V1.
f9587cf3-31b1-59e6-a69b-03d3f86c86f5,INE460C01014,,DIVIDEND_REMEDIATION,2,0,2,2024-08-30,2025-08-29,CASH_DIVIDEND,DIVIDEND: exact historical-identity-bound previous/ex-date R2 price pair unavailable,WHOLE_IDENTITY,Any unresolved price-affecting corporate-action blocker causes all raw daily rows for this identity to be BLOCKED in N6 V1.
f9999c10-c718-57ed-8ab9-52446b98995e,INE0EEJ01015,,DIVIDEND_REMEDIATION,1,1,0,2024-02-29,2024-02-29,CASH_DIVIDEND,cash amount per share is not explicit,WHOLE_IDENTITY,Any unresolved price-affecting corporate-action blocker causes all raw daily rows for this identity to be BLOCKED in N6 V1.
faa3bc34-358d-537d-9965-b20ce8a66186,INE256C01024,,DEMERGER_LINEAGE_REMEDIATION,1,1,0,2026-07-22,2026-07-22,DEMERGER,successor entitlement and valuation lineage are not explicit in the source observation,WHOLE_IDENTITY,Any unresolved price-affecting corporate-action blocker causes all raw daily rows for this identity to be BLOCKED in N6 V1.
fb3723c3-d03a-5030-aa21-4a31040fe83f,INE869Y01010,,DIVIDEND_REMEDIATION,2,0,2,2024-09-23,2025-02-14,CASH_DIVIDEND,DIVIDEND: exact historical-identity-bound previous/ex-date R2 price pair unavailable,WHOLE_IDENTITY,Any unresolved price-affecting corporate-action blocker causes all raw daily rows for this identity to be BLOCKED in N6 V1.
fbb82dfe-0f6d-5bca-a8be-da2fe62ee82e,INE563J01010,,RIGHTS_ECONOMICS_REMEDIATION,1,0,1,2025-07-04,2025-07-04,RIGHTS,"RIGHTS: subscription terms are normalized, but deterministic rights-price treatment is not owner-approved",WHOLE_IDENTITY,Any unresolved price-affecting corporate-action blocker causes all raw daily rows for this identity to be BLOCKED in N6 V1.
fca7e90c-c368-51d8-916e-ba5724bdab65,INE792I01017,,DIVIDEND_REMEDIATION,1,0,1,2024-09-13,2024-09-13,CASH_DIVIDEND,DIVIDEND: exact historical-identity-bound previous/ex-date R2 price pair unavailable,WHOLE_IDENTITY,Any unresolved price-affecting corporate-action blocker causes all raw daily rows for this identity to be BLOCKED in N6 V1.
fd38ed57-2a9f-5fb8-a665-fcfa29cc2ab3,INE658T01017,,DIVIDEND_REMEDIATION,3,1,2,2024-08-20,2025-01-31,CASH_DIVIDEND,cash amount per share is not explicit;DIVIDEND: exact historical-identity-bound previous/ex-date R2 price pair unavailable,WHOLE_IDENTITY,Any unresolved price-affecting corporate-action blocker causes all raw daily rows for this identity to be BLOCKED in N6 V1.
fdf51162-dcd4-59b4-a6be-7fd8e3503309,INE148A01019,,DIVIDEND_REMEDIATION,1,0,1,2025-09-08,2025-09-08,CASH_DIVIDEND,DIVIDEND: exact historical-identity-bound previous/ex-date R2 price pair unavailable,WHOLE_IDENTITY,Any unresolved price-affecting corporate-action blocker causes all raw daily rows for this identity to be BLOCKED in N6 V1.
fe4a6fce-22c7-5174-8bb4-c028edbe5243,INE112X01017,,RIGHTS_ECONOMICS_REMEDIATION,1,0,1,2024-12-06,2024-12-06,RIGHTS,"RIGHTS: subscription terms are normalized, but deterministic rights-price treatment is not owner-approved",WHOLE_IDENTITY,Any unresolved price-affecting corporate-action blocker causes all raw daily rows for this identity to be BLOCKED in N6 V1.
ff458dcd-9952-55d8-ab3a-eab677dc679c,INE155G01029,,RIGHTS_ECONOMICS_REMEDIATION,1,0,1,2025-09-12,2025-09-12,RIGHTS,"RIGHTS: subscription terms are normalized, but deterministic rights-price treatment is not owner-approved",WHOLE_IDENTITY,Any unresolved price-affecting corporate-action blocker causes all raw daily rows for this identity to be BLOCKED in N6 V1.
ff595e47-f5ae-5b0b-bea9-1b5c676d3d94,INE848E01016,,DIVIDEND_REMEDIATION,1,1,0,2026-08-12,2026-08-12,CASH_DIVIDEND,cash amount per share is not explicit,WHOLE_IDENTITY,Any unresolved price-affecting corporate-action blocker causes all raw daily rows for this identity to be BLOCKED in N6 V1.
ff5f1415-3497-513a-963f-473547c31553,INE06HJ01020,,DIVIDEND_REMEDIATION,1,0,1,2026-08-18,2026-08-18,CASH_DIVIDEND,DIVIDEND: exact historical-identity-bound previous/ex-date R2 price pair unavailable,WHOLE_IDENTITY,Any unresolved price-affecting corporate-action blocker causes all raw daily rows for this identity to be BLOCKED in N6 V1.
ffa13728-88b6-51f8-81dd-9417919d9065,INE859Q01017,,DIVIDEND_REMEDIATION,1,0,1,2024-09-13,2024-09-13,CASH_DIVIDEND,DIVIDEND: exact historical-identity-bound previous/ex-date R2 price pair unavailable,WHOLE_IDENTITY,Any unresolved price-affecting corporate-action blocker causes all raw daily rows for this identity to be BLOCKED in N6 V1.
