historical_identity_id,historical_isin,canonical_security_id,nse_relevant_metadata_rows,nse_candidate_ready_pairs,nse_partial_pairs,bse_fallback_required_pairs
c9f50e70-8d57-56f3-aaec-0f8629c76412,IN9002A01024,,0,0,0,32
5c14ec2c-2038-5d6b-8efc-9aa6f635c4cb,IN9002A01032,,0,0,0,32
615579c4-e3a0-57ce-8ffe-a7eff1967bd9,IN9003A01014,,0,0,0,32
cabbdb92-d9d3-53e9-9c81-051b69b9d4c4,IN9005A01019,,0,0,0,32
7772434d-4d75-5646-ba09-be2d5e0c7478,IN9005A01035,,0,0,0,32
b065146e-6e03-5b8b-9e4a-955e7f5e534d,IN9005A01043,,0,0,0,32
bd12118d-8c14-597e-b3e0-f9665f2eb572,IN9005A01050,,0,0,0,32
f130d77a-2165-5379-9978-3401543be6d7,IN9005A01068,,0,0,0,32
c79daec1-2f9a-5653-aab2-270e0290d3c3,IN9009A01029,,0,0,0,32
387f2e7f-690d-5201-8881-a1e0fdf6be73,IN9012A01015,,0,0,0,32
37c08d2b-fcaa-5f12-ae9f-61590fbbd5d9,IN901II01012,,0,0,0,8
02e3d5fd-0ae6-5837-be9f-01b31a5bf1ea,IN9022A01014,,0,0,0,32
93786039-38c1-53f5-9f40-fdd840e1526c,IN9032B01052,,0,0,0,32
1078972b-4ff8-52d1-ae51-67b12bec69f1,IN9039A01018,,0,0,0,32
8d99f34c-3ed3-56f4-8e33-95d7ef4d1229,IN9039B01016,,0,0,0,32
e412860e-1cb9-5e3c-8230-409a2688f97b,IN9039B01024,,0,0,0,32
07cd5298-0db5-5446-8997-97f706604649,IN9039B01032,,0,0,0,32
c36777e8-d12c-56ea-8873-1fe35cf103ad,IN9040H01011,,0,0,0,32
18b07a35-98bb-58ad-ada2-67db5d318838,IN9043A01010,,0,0,0,32
f2a4a87a-d989-5e8d-9ade-f60f529cedf4,IN9043A01028,,0,0,0,32
83e8d60c-7277-5216-ab1f-d2d61d7f4518,IN9043A01036,,0,0,0,32
fd26e25c-4dcc-52ab-8bb1-0a391446aa04,IN9043A01044,,0,0,0,32
0de20311-8a84-5a1d-8521-1b3c520f8540,IN9043A01051,,0,0,0,32
136126db-0343-5c6a-895b-c75c8acb84ff,IN9043A01069,,0,0,0,32
093f5a26-4b2e-5568-9a77-1d6b7d7444d5,IN9043A01077,,0,0,0,32
6e8f987d-73b0-5586-ab8b-4adf4e3b31ac,IN9043A01085,,0,0,0,32
601d56cc-decf-5d7c-b720-0f5dcc9f30e0,IN9043A01093,,0,0,0,32
9349f72a-dd0d-542d-9514-d6dc07707aa7,IN9043A01101,,0,0,0,32
50d56834-b2af-513b-9641-3f7ab27ade1d,IN9043A01119,,0,0,0,32
e84413d6-fea0-5d0e-befd-a50a8d30e480,IN9043A01127,,0,0,0,32
c7b64be9-862e-5591-a7e9-fcfecf63ec7f,IN9043A01135,,0,0,0,32
d4fe2110-05ab-5d9e-9279-94253db2ca7f,IN9043A01143,,0,0,0,32
02c56099-4006-5d1a-a5ef-0c791ebc2ded,IN9043A01150,,0,0,0,32
650f8b6c-4ae2-50a1-9a88-09d8318d7ccb,IN9043A01168,,0,0,0,32
7b50b1da-7faf-5516-be86-01326b5f5cba,IN9043A01176,,0,0,0,32
ff18a43a-910b-5f0c-bef4-ac128715712d,IN9043A01184,,0,0,0,32
ca5966a3-b20d-5852-9e82-a4f07435baa1,IN9043A01192,,0,0,0,32
871fcefd-8c23-59cd-88d7-033b6eb51488,IN9043A01200,,0,0,0,32
4f4d93cc-14fc-54ac-9d0a-5b196b404505,IN9047A01011,,0,0,0,32
a15e9a1d-4e93-5817-928b-56802f456de4,IN9047A01029,,0,0,0,26
8d8b7fb2-3fc5-5b0e-9aaa-98a1a658242f,IN9050B01013,,0,0,0,32
bc15e2ca-abf7-5e63-85bb-706c0d9e9a9f,IN9059A01016,,0,0,0,32
fb3274c9-d5fa-5212-91c0-ed35d1eae855,IN9067A01019,,0,0,0,32
e1abb930-95c0-5d14-9a4d-0af91f6a0e3d,IN9067B01017,,0,0,0,32
a8f78f48-10d6-5331-b9cd-e433b6668304,IN9072A01019,,0,0,0,32
79572b93-f374-5854-aacc-06f060884955,IN9073A01017,,0,0,0,32
0cbdebb8-e385-58b0-9897-fffc64b96477,IN9080I01015,,0,0,0,13
4112f5c7-975a-52d1-bfb6-09b5bc7c5024,IN9081A01010,,0,0,0,32
2836cfb7-940b-5aa3-b3b5-3034c177c517,IN9083A01016,,0,0,0,32
e706da68-13ce-5ed4-b708-b381054f9b79,IN9084A01014,,0,0,0,32
8607ef45-4950-5032-b954-6b1a770b47b7,IN9087A01017,,0,0,0,32
05e62202-9c7d-5c78-814e-fd24746d83af,IN9091A01019,,0,0,0,32
601620bd-a457-5114-992f-bda4adc73314,IN9093R01019,,0,0,0,16
aa7a3577-5fe0-59f1-9c50-0f1acb66c756,IN9094A01013,,0,0,0,32
49fb4cac-17f4-5129-b964-1e04f69f1356,IN9094A01021,,0,0,0,32
2cba0725-c86f-5da1-93a0-97046b247811,IN909EO01012,,0,0,0,32
b0ede22c-898d-5a02-bee6-79456c0ad3e7,IN90GGO01013,,0,0,0,9
0eec1b5d-1d8a-5493-8881-9b4ac5e3add8,IN90I0M01014,,0,0,0,6
f0b85b88-a1de-55b3-a68d-bf829edbd7d4,IN90I0M01022,,0,0,0,3
a28c392b-d1be-5814-a6df-99c37d3b76e8,IN90JOO01011,,0,0,0,32
bca3f86d-0704-59c4-b9df-7a4f95ac9d1e,IN90NN701011,,0,0,0,10
d0af3262-ed47-5de6-ba10-7d4b1eab6f60,IN90PTR01010,,0,0,0,11
09d1254c-c97e-54d7-9db8-0a42c9b70e34,IN9110D01011,,0,0,0,32
6424d835-40f2-5ecf-af9d-ca2ea65961a0,IN9116D01018,,0,0,0,32
268ab61e-2daa-5e9b-9ddd-f5cdae5527ff,IN9119A01018,,0,0,0,32
ad9956b9-f4c6-5dcf-8fc5-18aad39b7384,IN9120A01016,,0,0,0,32
9ce59a23-068f-56e6-874d-14383d3cc268,IN9125A01015,,0,0,0,32
bc54b9e0-5826-5e07-9099-f4e8aba77351,IN9125A01023,,0,0,0,32
0e9667e9-8367-5dd8-9ac1-5e81654c53d0,IN9136A01012,,0,0,0,32
56fa3ab8-ef17-54e8-8b62-8fab46c3e737,IN9136A01020,,0,0,0,32
446499cb-d6e4-5fe8-b8e6-80c361ef5030,IN9139R01028,,0,0,0,17
c16d4d39-2bb0-58d8-a23e-bda3d48f4793,IN9140A01014,,0,0,0,32
9a05d651-9b75-55c7-a160-9dfa5237462c,IN9148A01017,,0,0,0,32
58b51d8a-c5c2-5316-8604-aec4aef30ee8,IN9148A01025,,0,0,0,32
d5af3c56-b67f-55b6-95e2-1fe3306c182e,IN9148A01033,,0,0,0,32
da5dc4bd-2147-5ebd-a010-399c20af7c74,IN9148I01010,,0,0,0,32
7c112e7b-147f-57bd-829e-9bc24af52560,IN9155A01020,,0,0,0,32
5d670b85-c4b8-5e90-af90-99a8e39133f3,IN9158A01016,,0,0,0,32
b64af735-f0d1-5786-b36a-f40e3e72ec51,IN9161A01010,,0,0,0,32
8bdecf9c-3675-58b3-a154-b3b6c3f3bfa0,IN9161L01017,,0,0,0,32
053f674d-db4e-5a76-94fb-9ca1bd82f417,IN9162A01018,,0,0,0,32
b0b8bf28-1a23-5338-bc18-2cf369ac2881,IN9168A01015,,0,0,0,32
a1f544b3-0233-5056-9514-8adb30623973,IN9175A01010,,35,32,0,0
b0241596-0d24-5750-b061-01aed028c5e5,IN9180A01010,,0,0,0,32
b5890b39-ee82-57a1-975e-017b0faf198f,IN9180A01028,,0,0,0,32
62824333-5b9e-5a25-b201-2fb115b6d501,IN9185A01019,,0,0,0,32
af410594-7cbc-59d3-85b1-92431bb6142c,IN9186A01017,,0,0,0,32
1b3ad6e1-4a3e-53ec-947f-cab77abc491a,IN9191A01017,,0,0,0,32
b42a32cf-bb5c-559b-b71c-7dd919e022c0,IN9202A01012,,0,0,0,32
48cdcc5c-c0bc-5d08-b1cd-7c4aa0e480b9,IN9202A01020,,0,0,0,32
1cf2b77f-9d2b-598a-8125-1b6bcf538983,IN9214A01017,,0,0,0,32
bacd457d-888f-5225-8b64-34481676e847,IN9224A01024,,0,0,0,32
d0aaa860-37a9-5d3f-8cad-54ff8990571e,IN9229A01015,,0,0,0,32
15c7e56a-4fde-5d13-b54c-a1eaf18d918d,IN9236Y01010,,0,0,0,27
6d8ca311-0186-5c85-9c9e-6acf0ef2c2ac,IN9236Y01028,,0,0,0,23
75a9984d-930c-593f-aea5-2a51637af438,IN9251A01019,,0,0,0,32
ea6fea44-9586-5df1-b822-e5e198f4d60d,IN9253A01015,,0,0,0,32
0eb0d66b-5649-5977-a3c1-2ba260331800,IN9256A01042,,0,0,0,32
aaa080b3-35d3-5dfb-871a-c2e9f467484f,IN9256A01059,,0,0,0,32
4fea900b-90c9-572d-acdb-5ce729cba38f,IN9256A01067,,0,0,0,32
f4e5491b-be85-5f14-89b5-db04581d56f9,IN9256H01013,,0,0,0,32
95d376b3-b82c-55b6-86fd-d2704974b649,IN9265A01019,,0,0,0,32
e9d17493-075e-5c6e-89f5-f0bfc49504ec,IN9265A01035,,0,0,0,32
4284b668-db05-50e5-a435-1768d8b4fabf,IN9274G01034,,0,0,0,32
2318f4b5-a491-552c-a4aa-bf78125e3352,IN9278G01019,,0,0,0,13
91786f3e-97dd-567a-bd9c-130638044c03,IN9279A01010,,0,0,0,32
bb616203-8b2b-529b-a478-7f00df2047c6,IN9286A01015,,0,0,0,32
34d6d107-0a6b-52cc-96c8-86d2f64cff6c,IN9290A01017,,0,0,0,32
f7e4b9b2-31cd-59ea-9375-a69d742a0fc8,IN9302A01010,,0,0,0,32
ede51db0-40ae-5373-a994-5bcd2dc709a1,IN9307A01019,,0,0,0,32
09911849-8d90-5d84-a297-e572a1d3c859,IN9324L01011,,0,0,0,32
e5e60644-3eab-5fa3-b426-b4865f365e8b,IN9336A01018,,0,0,0,32
eb706039-9dfb-5ac5-89e0-55205193af40,IN9340A01010,,0,0,0,32
e61a0646-b694-5481-98b4-3cc6612706ee,IN9362A01014,,0,0,0,32
b5abf99d-a253-50bb-8b1e-5e8f598376f9,IN9362A01022,,0,0,0,32
d19a943b-8834-5cb7-91f9-fcc4a73efbdb,IN9362A01030,,0,0,0,32
24ad33ed-5189-5ee5-a1f0-a884af98d11d,IN9362A01048,,0,0,0,32
00bb0744-ce66-54af-9cb3-a4e164224f28,IN9362A01055,,0,0,0,32
fb4dd1c7-b76f-5ce9-a692-ddb57e197e43,IN9368A01011,,0,0,0,32
62445343-ce18-51b6-903c-6c9bcae53451,IN9368A01037,,0,0,0,32
d038882b-4018-53eb-8aa7-15b689f1f020,IN9373A01011,,0,0,0,32
2389b62d-4b88-50df-9883-d6bf980d79be,IN9377A01012,,0,0,0,32
695a3b10-985b-5616-9141-5923e4f74cc2,IN9377E01014,,0,0,0,32
a910461e-5bec-5a80-9192-83769a39f852,IN9377E01022,,0,0,0,32
ba1c3891-a82c-5666-9c62-f60fe31fd82f,IN9382T01012,,0,0,0,14
77c56a08-8e51-5414-bf60-6e16f2f7de12,IN9383A01010,,0,0,0,32
9306636f-c4f4-55f0-9a87-73b3149fecd0,IN9383A01028,,0,0,0,32
0cbc340d-3883-5f10-833f-5527977e29c9,IN9383A01036,,0,0,0,32
8b6cf964-b983-5502-b560-a13968c54122,IN9397D01014,,0,0,0,32
4592ba12-010b-5067-b84c-489221a67c74,IN9406A01019,,0,0,0,32
0b733d1b-6117-5042-807a-77bbbfa54081,IN9408A01015,,0,0,0,32
49bb971e-9627-5c9f-a6d9-8e9b73908054,IN9416A01018,,0,0,0,32
10aa9a6c-83ef-5dc0-aaad-814990e1e1bc,IN9416A01026,,0,0,0,32
7d72e20d-4da0-5f59-a51d-4a979e1f8c6b,IN9423A01014,,0,0,0,32
5f784b9d-efe7-58ba-b041-8d542d1df0c6,IN9423A01030,,0,0,0,10
27657038-190c-5e6c-b148-9a9d5cca9b7e,IN9423A01048,,0,0,0,8
8904c2e1-eb36-5054-80f9-df3136f9ae65,IN9438A01012,,0,0,0,32
76b0e183-ece2-52a2-a060-f9a4475662dd,IN9439E01012,,0,0,0,32
86b0b360-ebaa-5f59-a04f-31085bdabbaa,IN9483S01010,,0,0,0,15
63d50828-f452-5390-88d6-9cc0dfe4d071,IN9484A01016,,0,0,0,32
b8ad099f-4500-578b-aadb-a6a35fc2909d,IN9486A01011,,0,0,0,32
4dbbb747-5397-5d5d-87ad-c5b7e181a1ef,IN9500A01019,,0,0,0,32
1583678c-1b83-5d26-b085-4ddd06be0e2c,IN9500A01027,,0,0,0,32
642052c5-2392-5c06-9311-c30e318b8ec2,IN9510A01018,,0,0,0,32
63893028-c0f2-583c-9195-0306e25dfd6e,IN9526B01012,,0,0,0,19
79a7c85d-1e9a-5d5b-8ccf-d65fa10f297d,IN9529D01012,,0,0,0,32
6a68282c-7f21-565a-b552-bd63c434f343,IN9550C01010,,0,0,0,32
39b98769-e18a-583f-9af9-9d3ac7d67a72,IN9550C01028,,0,0,0,32
208a106c-de81-5986-90ea-97e165898918,IN9553C01014,,0,0,0,32
e55b9463-3145-56fa-8f94-6f695f2279ed,IN9569A01030,,0,0,0,32
2dede52f-1b6a-5b9f-9f48-58fdff480c1a,IN9569A01048,,0,0,0,32
5e92e62b-467e-5da7-9b3f-739d63c46646,IN9572J01019,,0,0,0,14
6172f721-3d4b-5820-a54f-5063fb1f83b3,IN9573K01015,,0,0,0,32
0a1f3053-9321-543b-a5a5-83ebec441f58,IN9573K01023,,0,0,0,32
df657ac1-3eb5-55c3-a341-70a9529a3279,IN9623B01058,,8,32,0,0
89668ef5-3907-5f90-a71b-f958a88fe615,IN9624Z01014,,0,0,0,28
d9ecd4dd-f242-5a06-8223-7204048394dd,IN9624Z01022,,0,0,0,17
4bf3f9ca-7c4d-5b85-95cb-de9f81821576,IN9628A01018,,0,0,0,22
b4b9f09b-a2ee-59aa-aec7-73ed56285adb,IN9628A01026,,0,0,0,19
12eacd30-b30c-5f20-bc20-e08ffc05aff6,IN9629A01016,,0,0,0,32
caf2f454-8e7a-5134-a968-b06f55aec8b9,IN9635A01013,,0,0,0,32
086565c5-7628-5f3a-96ce-041bf58f9873,IN9635A01021,,0,0,0,32
69f1e29f-0a8d-5717-aa7a-26b8640ec6b7,IN9635A01039,,0,0,0,32
3bd7f2cf-48ec-5ad1-aaca-35e5057d76bf,IN9647O01019,,0,0,0,32
1b1e364c-0244-5eb7-957b-023a77dfaa2e,IN9647O01027,,0,0,0,32
deb1485c-7445-5f64-b192-7b6be43de7fe,IN9667A01016,,0,0,0,32
bf463638-1c01-5339-9d9f-b302d8d051b4,IN9671H01013,,0,0,0,27
a4133687-599e-5dfc-b2c7-3c9f8045a800,IN9721A01011,,0,0,0,32
6186e8ff-0ec3-55cc-8c58-7c717063f10e,IN9721A01029,,0,0,0,32
69bb899a-eaca-55d2-a951-a09cb14beacc,IN9731A01010,,0,0,0,32
7ff9b326-e08b-51a7-b28d-aeec74f963d3,IN9737B01023,,0,0,0,31
3a048056-e6f1-5af2-bb8a-2abf33083ca7,IN9737B01031,,0,0,0,27
0bc5e90b-84f5-5561-880c-aeb415660d26,IN9755A01019,,0,0,0,32
51fa0d9f-46d2-5cc7-ba9d-7a7d26c4258b,IN9772A01014,,0,0,0,32
6446d73c-bf29-5275-9bd6-e5c664352c42,IN9772A01030,,0,0,0,32
82316018-215a-5b0f-bce0-60034af697b2,IN9781B01013,,0,0,0,32
ed5d62e9-6c09-5c22-b691-49dd512e2549,IN9793A01010,,0,0,0,32
81adf85e-51f7-56ac-b8a5-544460d2acd6,IN9793A01028,,0,0,0,32
94097d39-626e-5a98-83a5-8d179dac9699,IN9793A01036,,0,0,0,32
39eccf69-2341-5640-98f3-23eb461068a3,IN9793A01044,,0,0,0,32
29f914e7-7a7d-578e-a5af-97fc95d7aa0b,IN9804H01010,,0,0,0,32
1f6b9900-5440-5fde-b9eb-085df20b2986,IN9806A01010,,0,0,0,32
8b02e00a-3ddc-5b5d-8020-cfdda17a7725,IN9806C01016,,0,0,0,6
e6e2e273-b79c-5324-a3e6-b722053c07f4,IN9817A01017,,0,0,0,32
963b5b86-2cd9-516c-9edc-92fad85ee1ce,IN9817A01025,,0,0,0,32
8cba82f0-849b-5dba-9ada-1f6842cc4f6e,IN9817A01033,,0,0,0,32
45bd0816-dee5-5651-a6f0-f4f837710c17,IN9817A01041,,0,0,0,32
6858d4ab-c6ce-5977-bf17-344c81108acb,IN9824B01011,,0,0,0,32
a225114d-84ea-5212-aa00-c6444b0e24c2,IN9826A01018,,0,0,0,32
6ba0a18a-a847-56b4-a647-ca3cf7d0f534,IN9828O01015,,0,0,0,26
c3371bbf-8000-5f79-9cb2-1154de1d6513,IN9834A01012,,0,0,0,32
ebfcc519-cca2-59a0-88fd-fdfd68449155,IN9836B01015,,0,0,0,32
2b5f5fcb-8b70-5c90-8a57-1ef821f7e961,IN9836B01023,,0,0,0,32
38374443-b9e8-5fbe-ac4c-fa91229afdba,IN9860A01017,,0,0,0,32
3284118f-9257-5133-a9be-8719725dc842,IN9860A01025,,0,0,0,32
5d886af1-ad27-5f82-a198-c2e293e1620b,IN9861A01015,,0,0,0,32
4de19b0a-8270-5f02-9e24-477282c2214c,IN9861A01023,,0,0,0,32
ad1bf1ac-1901-51ec-b37e-a03a702b0c95,IN9874F01017,,0,0,0,32
28fcc14c-51ff-53e6-9c8c-a2f6866cafe9,IN9875A01015,,0,0,0,32
323a3b79-d92c-5f51-8936-ce220b4bf856,IN9879A01017,,0,0,0,32
47007041-487b-5868-b888-7c32b78c54e8,IN9879A01033,,0,0,0,32
d3d75f3e-9729-5999-a7ac-28267d4c6f03,IN9889A01016,,0,0,0,32
0823291a-a6fa-59e8-a8eb-b3e74549594c,IN9889A01024,,0,0,0,32
776d8442-fcb3-5653-856e-c6d56a97db25,IN9889A01032,,0,0,0,32
0d67d305-cd4e-5253-8079-84ba5867598e,IN9889A01040,,0,0,0,32
c3bcbae6-d891-5e25-a4fa-85230cca239f,IN9889A01057,,0,0,0,32
9f03fb4f-be87-599c-8804-32ce117a1790,IN9890A01014,,0,0,0,32
1127bb45-d0bd-57dc-9de0-f4c954e9e43c,IN9893J01019,,0,0,0,32
fd0bd5ae-c385-56bf-9dcb-069312c3f843,IN9898S01019,,0,0,0,32
cb57afd9-2c6b-5dff-bf9a-94d9713b0e20,IN9898S01027,,0,0,0,29
916154ff-fa77-54dd-99fe-c27faaad2192,IN9899A01015,,0,0,0,32
a147aa1c-d825-58fe-8cc5-143c9e362a3c,IN9902A01017,,0,0,0,32
f1cba1ea-a0da-5b4d-9967-56650f8c5a01,IN9903A01015,,0,0,0,1
168d9e19-b6e2-52c9-8b17-2ecfc33a12f9,IN9904A01013,,0,0,0,32
6e994ffe-3e67-5091-8706-5ac43c02715f,IN9904A01021,,0,0,0,32
d7beb397-e499-5b3d-950c-eed70d0c1208,IN9925S01010,,0,0,0,32
4c13d48e-4044-5d67-be37-a030ed58cccd,IN9935A01017,,0,0,0,32
6f24d43f-d21f-5345-abd1-555c379ead02,IN9935A01025,,0,0,0,32
e73a428e-75c4-5b51-a357-a8dd30e7f46d,IN9935A01041,,0,0,0,32
a89bbe11-38ad-5474-82ee-9f460e3cc2c6,IN9955V01011,,0,0,0,32
7c290b2d-c3ae-5206-87c3-607864ca50a2,IN9964H01012,,0,0,0,15
b63c0c5e-8a60-5ed1-bcf4-f00c2a739963,INE001501019,,0,0,0,32
7070e055-6ddd-5a8f-8b2c-f232b040424d,INE001A01036,,0,0,0,32
9be5d4a2-d6d4-5986-958b-2d60a2930d3d,INE001B01026,,54,32,0,0
c0482dc4-fa6f-519b-bc2c-fb540f24af84,INE001C01016,,0,0,0,32
eecd6717-9f81-519d-8d7d-8911239ee1aa,INE001E01012,,0,0,0,6
4620072a-b43a-5b0f-a090-f96c5561bed8,INE002A01018,04dd96b3-6772-4871-b52d-60c4a162efe8,91,32,0,0
f165411d-3d70-5b5c-a603-67fca6d1fbd8,INE002L01015,,27,32,0,0
499b6a54-c8c4-5f15-9019-75b665f3c09c,INE002S01010,fbc6ce5f-afd3-460f-9d4d-cdbaf4737eff,36,32,0,0
a99749b1-d9da-5882-9d8d-dc3d6b98243d,INE003A01024,,22,32,0,0
b4cf0f20-f6fd-5641-856c-1e173aaf9ccc,INE004301011,,0,0,0,32
db63662e-160d-556c-8b24-304307931463,INE004A01022,,12,17,0,3
741e8aee-a47f-5721-989e-8a88f84b2b7a,INE004E01016,,0,0,0,32
e041f4ef-e3c7-57f8-ba78-f241bda851ba,INE004I01017,,26,32,0,0
70664a49-f119-5f47-996d-f0537bac3dd4,INE005B01027,,15,24,0,3
1326f628-da8e-53bc-8ece-02cf02ba4cc7,INE005C01017,,0,0,0,2
debafbdb-1342-57fd-9c1c-27da13ad3ff7,INE005D01015,,23,32,0,0
247a048d-7d8c-57ff-b381-1b14c7810874,INE005I01014,,22,32,0,0
32acb228-bc23-531f-9fae-d0b5917f42d5,INE006I01046,a9520a7e-e19d-461c-a819-f08e16022c28,0,0,0,32
a403b4cc-1c4b-5728-9ced-9f26303d55fc,INE006Z01016,,25,32,0,0
de3e1b97-6bde-572b-baaa-acb076403606,INE007A01025,,0,0,0,32
3132db75-ed93-528b-b8d6-453985d159d1,INE007B01023,,30,32,0,0
21f7767e-89d5-57f5-aa5c-fe146ba42ae2,INE007N01010,,18,32,0,0
788e7070-93ba-5833-aabe-efd85c74aeda,INE008101011,,0,0,0,32
0d85970f-0cba-5341-8310-95ae266de8ff,INE008901014,,0,0,0,32
d7197841-6e18-546d-9beb-83917e4e1140,INE008A01015,a5639446-3238-4e08-9d02-59bc529982db,48,32,0,0
99fcb13e-5902-5d00-a9e3-bb280461f1f2,INE008B01013,,0,0,0,32
7389467c-e576-5e33-89d0-eaab97c93fcd,INE008I01026,,0,0,0,32
6cbee213-dadc-571a-ac68-6a54f0a374f1,INE008Z01012,,41,32,0,0
b2823830-84a7-590f-8bc8-b8afd322f18e,INE008Z01020,,0,0,0,32
6eec7393-9b37-5a90-b81d-45d9ab00a794,INE009A01021,ba7b2673-39d9-47ec-b2b2-cd19922aec36,29,32,0,0
1a166f57-24a9-51cd-bf5f-894ec7dd2d1e,INE009C01019,,0,0,0,2
7692fd0e-7dcb-59a2-b584-5fbff8f46670,INE00C401011,,0,0,0,32
ba9af70e-5a16-5a97-a256-fb398e9dc2db,INE00C501018,,0,0,0,32
11056455-7810-53af-8158-5d7ffed44db8,INE00CA01015,,32,32,0,0
1f768e0e-d55f-551a-94af-0b5413ce0ee7,INE00CE01017,,20,32,0,0
aba56b57-1621-5d5b-bc3a-32541a215eba,INE00CO01016,,0,0,0,32
8a4910da-a8d1-5a8d-b022-f4f8b8c4f70c,INE00D001018,,0,0,0,32
27b59fe6-0ce2-5807-b156-92bff8f888e7,INE00E101023,25ae050e-8ce0-4c17-9dfc-56fb8202e7b0,35,32,0,0
b509fd68-cf8b-5146-90fd-5f84d81e24ad,INE00EM01016,,39,32,0,0
1e863aaa-2389-5678-94f6-06b37c5fdf1a,INE00ER01015,,0,0,0,32
8750e0a4-4081-5d00-9a7e-a42513886b34,INE00EV01017,,35,32,0,0
157ae215-52ea-5ac7-a936-25aa78c4fa08,INE00F201020,,50,32,0,0
5b1d740e-b72f-5b50-87d8-6a2203559d81,INE00F301010,,0,0,0,32
1b040e1a-297d-5d09-b890-98cb63776842,INE00FF01017,,0,0,0,14
0b89ba40-f424-54a0-bdfd-56158cba8e82,INE00FF01025,,35,18,0,0
85810b8b-5028-57a8-8e67-286c734d65ac,INE00GO01025,,3,1,0,1
ba9472ca-2681-5298-b7b0-03654064d631,INE00H001014,,17,22,0,1
d38ca6fb-b3ff-556d-96e0-923d40de4175,INE00HZ01011,,0,0,0,6
8608088c-5bce-5d21-a362-f6a48a8cf426,INE00IK01011,,39,32,0,0
261a529c-bf0b-595f-bb69-75cb29b038e5,INE00IK01029,,0,0,0,32
231e0e3e-8103-5d98-808d-df2514a097fd,INE00IN01015,,29,32,0,0
8fb4c844-5004-50e9-8acc-0c1f1cd09a28,INE00IT01020,,2,1,0,1
30d360ae-0587-5029-b98c-262f98031636,INE00IY01012,,0,0,0,2
477a61b3-afa5-574b-9f24-0ad0b4820081,INE00KV01014,,69,32,0,0
0ebc4381-402a-56ca-a17a-75b9871d55b1,INE00KV01022,,0,0,0,32
b592cdb5-e601-5a6c-aa6e-d904eb9c3e67,INE00LM01011,,34,32,0,0
800b98c7-f7d9-5f66-9726-e7e46c332dc6,INE00LM01029,,0,0,0,29
7f34201c-96e3-5b45-8e32-d963701af82b,INE00LO01017,,52,32,0,0
417bbeef-0be6-5ca2-9d2b-38ab1559761c,INE00M201021,,38,32,0,0
c9479a59-a50d-56b3-88b3-12913a38a955,INE00M901018,,18,25,0,1
f05d8280-d175-5e56-b71c-b7e31aa571a4,INE00MT01022,,0,0,0,24
7276709a-5432-5d71-a4a8-c2bdd018a979,INE00N401018,,0,0,0,32
7c257083-8d40-5c3a-9b0b-f804a4cc683d,INE00NH01017,,0,0,0,32
2b69d254-9884-54df-8ca5-09c04670c0ab,INE00NI01015,,0,0,0,32
73009bf3-62c3-56f9-bbe8-4d46aad3d49c,INE00OQ01016,a683fb9b-5bb0-4347-8fe4-57e282b6bc77,32,32,0,0
1ce4e312-305c-5b29-9c75-492fc6492b4e,INE00PV01013,,35,32,0,0
b191f080-1d6d-5ddf-bb27-e7b4ed3338fc,INE00Q601028,,23,11,0,0
964e2108-9c05-5821-8412-30564cfeb6d2,INE00QT01015,,31,32,0,0
5f0bfc26-0c3c-52de-a853-b1ac0c31fa22,INE00R701025,,69,32,0,0
b6c8c853-c1b3-5038-a317-2baf79821d31,INE00RL01028,,11,13,0,1
7fe960a4-0468-5f64-b28d-d4948be532ae,INE00RQ01019,,0,0,0,32
6b537732-ff4f-53ce-8f34-5e5199fd732d,INE00S901012,,40,32,0,0
f4f43504-7a2a-565b-ac49-4b4cec1f16c5,INE00SW01015,,3,5,0,2
b4859479-00f2-5f5f-b0b2-982c7002dca7,INE00SZ01018,,23,32,0,0
474dbc50-d63c-5b32-8058-aa7406cdad46,INE00U401027,,26,25,0,1
3c7a3238-e9a8-5139-bf00-72ec69e34661,INE00U801010,,12,32,0,0
807241d5-dbe3-5ed3-a781-679f450fb6a0,INE00UG01014,,0,0,0,32
73cc019a-97ae-58db-8bfa-751c871577e1,INE00VM01010,,38,1,0,0
7d65fd1b-1e0c-58e1-b4ff-1f6ec497f75d,INE00VM01036,,0,0,0,31
2c1c9834-379a-522f-b4a0-065ff2b357cd,INE00WC01027,,0,0,0,32
bf45a706-d2b1-5aab-ab2e-5c74899cdffb,INE00WS01056,,0,0,0,32
250a15af-bb7f-592d-9888-6e88fa453896,INE00WV01027,,5,4,0,0
f13cccb7-98eb-5d77-bad6-3ae93b4a9d53,INE00XB01019,,4,5,0,2
59267f05-13bc-5ef1-8bda-853f5ef099a6,INE00Y201027,,31,32,0,0
79b2b401-c46b-5de9-937d-2704636121d1,INE00Y701026,,0,0,0,32
f60eb996-32b5-5317-aa23-cb60ed26fbf0,INE00Y801016,,46,32,0,0
4437f019-c7ee-5c42-8c9f-469c85454001,INE00YB01017,,21,32,0,0
154928e5-cdc5-59ad-8c19-d35bfbfbd23b,INE00YB01025,,0,0,0,12
31056a67-9907-58e9-9d25-b2eff15d6ea5,INE00YJ01010,,15,12,0,1
2525f586-ae64-551f-8a7d-807c9962d274,INE00Z501011,,29,32,0,0
6996c766-306b-55bd-81c7-56859dce4c6d,INE00Z501029,,0,0,0,32
2fc15462-79df-51a5-b234-11e893f24f2c,INE00ZE01026,,38,32,0,0
9d86f375-5621-5f74-957d-d39eafed585a,INE010401011,,0,0,0,32
7c3f5a19-852e-532e-a9d4-f0081aa0d82a,INE010601016,,33,31,0,1
7d5bd98b-6cd3-5da7-8ab9-d4409f6f05f6,INE010901010,,0,0,0,32
a6c2b398-b9c2-59c2-8834-f20f677c8b78,INE010A01011,,44,32,0,0
3b4e458e-22b2-53e7-a9be-a6be1e089e5f,INE010B01027,24243bb5-c157-435d-9e90-cef5a2d06dd9,32,32,0,0
add8634e-ec31-5c36-9aed-406deeedb839,INE010C01025,,0,0,0,2
23451f0e-2c02-5302-a631-9ea303aed37b,INE010J01012,,30,32,0,0
b90d2471-766d-560f-8c98-44f707ce3728,INE010V01017,,56,32,0,0
fef595f6-2d52-5326-aff5-7090e20a69f4,INE011301012,,0,0,0,32
9da3d741-a664-5167-b9f6-3afb1cb9c485,INE011901019,,0,0,0,32
f528498c-6f2d-5026-abc4-f13a88bd3481,INE011C01015,,0,0,0,32
077c9da2-0175-5867-87da-b9832c4a9edd,INE011D01013,,0,0,0,2
3ca5f525-063f-5897-925f-0e103f45bd13,INE011E01029,,32,29,0,1
357c2bc8-91cb-5339-814a-05560bbbf6b4,INE011H01014,,0,0,0,32
9dde4d0e-d4e3-5437-bb82-96824420e3ef,INE011K01018,,23,32,0,0
b4888c73-36b4-524a-8912-012cb488f741,INE012901018,,0,0,0,32
4eca3262-7c01-5ff6-8407-0ac8d3dc521b,INE012A01025,,57,32,0,0
d7992a16-a0e9-52a9-82f2-cc5d7fddc240,INE012G01022,,0,0,0,1
cdfa6d40-976b-5b7b-8981-dd1cb6bbd64b,INE012Q01021,,7,5,0,2
6feb6d73-8e77-5dac-8878-ddc09a390e00,INE012Q01039,,0,0,0,6
78eb0868-7c81-5662-87e7-799d76e23be1,INE013401018,,0,0,0,32
4822ecaf-d71e-512d-af2f-08ce7906f662,INE013801019,,0,0,0,32
659c1a18-eefe-5688-977e-4a0b25995605,INE013801027,,0,0,0,32
56654e29-3af1-56ea-b7a8-802a018a7afc,INE013901017,,0,0,0,32
820659c7-6db2-5d2a-a538-bff55c50b175,INE013A01015,,26,32,0,0
2608e83d-ff1a-59be-b234-cf60b435672a,INE013E01017,,0,0,0,32
56b13c5c-ca21-570e-b387-634e320718c8,INE013P01021,2a7edb39-6683-41fe-a446-931b851a3302,19,21,0,0
2e364603-1b5b-58ca-b50d-58a47a4f403d,INE014001015,,0,0,0,32
877915d1-7afb-57df-b7b5-83e46874cb2b,INE014401017,,0,0,0,32
14a712b6-7fa9-5104-a3b3-439dd97329f9,INE014B01011,,0,0,0,32
90c30d0b-e968-5a34-97a6-d11b734dbf62,INE015201010,,0,0,0,32
f974dfc8-7c1c-5d06-8c10-edfe84ad3adc,INE015401016,,0,0,0,32
236b33be-8dc6-5d6a-a8ac-ee274cd9b545,INE015B01018,,0,0,0,32
ccdd6f43-cbfb-5b97-a8c6-92bcc305dca1,INE015C01016,,23,17,0,1
70c717d5-3b74-5c09-8e2b-50363ad4e52b,INE015D01022,,43,32,0,0
29da64c5-3ff2-5b76-b24c-2343c3237a82,INE016201019,,0,0,0,32
7a1ba468-ae41-5883-b46e-46d8d129a541,INE016401015,,0,0,0,32
e5ecac29-8e5f-5ee1-a105-586269034245,INE016A01026,,50,32,0,0
ece593bd-da25-58d7-a936-153d74794f6c,INE016M01021,,35,32,0,0
76406ea4-c1f5-52d0-9b83-92c4120e9842,INE016Q01014,,4,5,0,3
ffe991cb-074b-5023-b3a5-9c8c801f6bd0,INE017A01032,0dde9c0f-4bfe-463c-9a21-3712868f98d3,37,32,0,0
4739e94e-6547-5b8a-9cab-deb3a3c5abb0,INE017W01010,,25,32,0,0
b0da3a08-b39b-5c15-9d9e-4453e0b639b5,INE018401013,,41,32,0,0
6e826dd4-3d47-596e-9fb6-5fc839d0ef0a,INE018A01030,85efb777-de6a-4465-9f4f-7a51b9b65bc2,36,32,0,0
c7e218ee-a6ce-50c3-835e-66eaacd48d68,INE018E01016,,63,32,0,0
7d14c279-6fc7-5b6b-8703-7d6a8ef9c8bd,INE018I01017,,12,32,0,0
05d2179e-5ce0-538a-af2a-737a78c2c419,INE019301014,,0,0,0,32
0eecf462-7cf6-5358-8cba-26293f813940,INE019A01038,,0,0,0,32
a9d78a97-37a1-5dc7-b737-da6100104917,INE019B01010,,0,0,0,32
9f826f57-5b40-582a-a3ee-f687ff2dacff,INE019C01026,,28,32,0,0
bd08df83-0caa-56a3-a668-c496a5da9634,INE019J01013,,35,32,0,0
52f5cb1a-a0d3-5dd5-8451-3038b29b5044,INE01A001028,,20,27,0,1
1eb1afd4-d9bc-5726-8af2-7d506e31d265,INE01BK01022,bff07007-d776-4803-8513-aa61e59a74fd,36,32,0,0
0662ecd1-5509-5190-be5a-6b9b2d90dca2,INE01C001018,,25,6,0,0
d917f432-7caf-5f70-b5b8-4549c9f82b62,INE01C001026,,0,0,0,26
6b868c40-112e-5261-96ca-9953da5985c5,INE01EA01019,,13,20,0,2
8398b559-e0ec-535d-9a21-2e4ef45adafc,INE01EE01011,,26,32,0,0
10c9aad3-a21c-550e-988f-80aaa7dc52c8,INE01EG01016,,58,32,0,0
d789ea52-66b0-5b81-b750-74ac88a42dfe,INE01EO01010,,11,16,0,16
dc445ba9-25d2-5a99-8db2-2dcdb636f252,INE01FR01028,,14,25,0,0
e5db8c5a-e414-57da-9587-d3f9fdd7b8db,INE01GN01017,,30,32,0,0
59dc0b17-37d8-5078-b8b4-21f0c39e4759,INE01GN01025,,0,0,0,32
9b9720ae-0792-538f-8ddd-b450ef6be138,INE01IH01015,,0,0,0,28
445a4e24-1440-58d3-9ad9-e7e194255c00,INE01II01013,,40,32,0,0
67e3c1b9-a9d5-5056-94d9-72c8a96a15e7,INE01IU01018,3cf38a68-6c5b-42b4-861d-0df520c9bb4a,64,32,0,0
000c98a4-3608-5b85-bea0-d4df597c5c4e,INE01JE01010,,40,32,0,0
62f2d230-179e-5fd9-8821-dfc2984491c6,INE01JE01028,,0,0,0,32
c162760e-73ed-5f5d-9c67-f3c3c044a64e,INE01KI01019,,28,32,0,0
cfc8338c-5eb5-5398-ab46-4b7cfce73b12,INE01KI01027,,0,0,0,32
4aeae4e6-38ca-5139-99f9-dfeaf6557c75,INE01NE01012,,11,23,0,1
9d1178ca-da22-5a1f-9a4e-2e2e6346ace8,INE01NH01023,,0,0,0,2
37c2e539-0056-5047-92a4-f9d13a2a8ad1,INE01P501012,,50,32,0,0
9145571e-cb41-56a7-9100-0590d2cae31d,INE01QM01018,,43,32,0,0
f06020d5-d3a8-5e54-b418-0e337146ea50,INE01R501028,,13,13,0,0
efd0fb84-73bb-5671-9397-03f0a29f793f,INE01TY01017,,11,12,0,0
22696656-b244-5f79-bc9c-b8b00e810ac1,INE01YQ01013,,0,0,0,25
e9ca6478-e7bc-569b-923d-0d6cfb367b1d,INE01Z401013,,0,0,0,32
e0e17934-c6d4-5f9d-8ab8-05abf2edaaed,INE01ZJ01015,,0,0,0,32
ba9c8d39-0655-51b9-bb1f-1afe7350e59b,INE020801028,,32,32,0,0
b9fd2a19-082d-5dca-a900-a5e38deb2c53,INE020B01018,,39,32,0,0
e23dc756-3330-5372-92f1-cdd490ee9007,INE020D01022,,49,32,0,0
b5ecf2f1-f1b3-5479-b97e-13450d8a67f8,INE020G01017,,36,32,0,0
f2c007ec-0e29-56e6-a4b9-255e83652f69,INE020J01029,,27,32,0,0
0bfb76af-2778-5d83-a9c8-031c78a9d50d,INE021A01026,,0,0,0,32
87f1824d-2b9b-58c7-a007-9616889523e5,INE021O01019,,41,32,0,0
d22dc5e3-5875-5d45-96a4-4dfc4c77ca17,INE022701010,,0,0,0,32
2454dfcc-f842-50b3-94b6-2e8b0ab03b46,INE022A01016,,0,0,0,32
eb37ceb6-b76a-5976-a07c-33e3d7828f23,INE022B01014,,12,32,0,0
299e54f7-dd5a-5f1f-9a01-271879b2cf37,INE022C01012,,29,32,0,0
8b3f453d-3f90-57c5-bb4e-05a30a5a1d3e,INE022I01019,,29,32,0,0
47cd4616-874a-5f9e-aaed-931ca23e6108,INE022Q01020,,0,0,0,32
87e3c2b7-28d6-553c-9520-236d8713d965,INE023A01030,,25,32,0,0
adced9d7-9645-5811-87c1-83f41afadb71,INE023H01027,,47,32,0,0
c09d894e-dfb4-5d7b-892b-6e9a4dde7685,INE023M01027,,28,32,0,0
2d942fe2-ed4d-50c4-895a-e4e06e2c4055,INE023S01016,,0,0,0,32
918a5302-587b-5deb-88c9-307e40dd4c49,INE024001021,,25,32,0,0
bbb6c360-01bd-5add-87e3-a5cf68b649fd,INE024D01016,,0,0,0,32
a6696671-33d8-5ada-80c8-08f57a5b2c82,INE024F01011,,7,8,0,3
17aa069f-3b11-51b9-a131-a9ef27d49819,INE024L01027,fab25835-38a0-4e57-9209-880d43bc131e,0,0,0,32
0b09bf50-93a8-5c46-9348-752faf550510,INE025201018,,0,0,0,32
13aac465-f3b6-5e7c-bc06-5b37671122d3,INE025301016,,0,0,0,32
052a9ea4-cb6d-557a-8670-4ef9502fbb7d,INE025A01027,,44,32,0,0
f2f9cce6-aebe-5367-ac08-fdbc8099b5c6,INE025B01025,bdd7b1fa-cc3d-40cd-aa67-7b00d5034545,0,0,0,32
3def07e1-bd7f-5bd5-ab74-a2010d7d6985,INE025C01015,,0,0,0,32
c1094559-f9b4-528c-8b8f-4bc3d8f087cb,INE025I01012,,18,20,0,12
998f3656-7feb-541a-9e58-5d6503ce5bc3,INE025R01021,,0,0,0,32
af2ec121-d701-55cf-8776-60e8bfb6e011,INE026A01025,,0,0,0,32
40590c38-9d9f-5d94-b6d3-0388208a96a2,INE026B01049,,26,32,0,0
5e3999ce-c4a9-5609-b204-17855ebbfcd2,INE026D01011,,0,0,0,2
f0688a1c-7a2e-5ded-9333-39db15afecd2,INE027A01015,,39,32,0,0
5a68a67e-4c3a-5bc8-b67a-2e1195294390,INE027H01010,6acf47cc-f868-41d3-b37c-1f7a0c29021b,50,32,0,0
93efa6d8-b416-5ff8-ae67-e8cd3c4af9d6,INE027T01023,,5,9,0,1
fea1f31f-98b3-5f32-ac53-ea0801b964f9,INE028A01039,6771f493-c29a-477e-8cc8-2bede0941e44,0,0,0,32
c1750557-c527-5847-9393-fca19a85e9fd,INE028B01029,,0,0,0,32
9b534adc-65ad-5236-8550-1b5cb7c170c8,INE028D01025,,0,0,0,32
7833c65b-38f9-5d42-bcbb-fbbe0bcac677,INE029A01011,,26,32,0,0
c6fd9500-40db-58a2-87d4-088b87a46825,INE029L01018,,52,32,0,0
68c42690-5f2b-5923-b8a1-2503c8f7d99b,INE029Q01017,,0,0,0,32
54d1a21c-ad32-542c-b48e-51f378aa8034,INE02A801020,,52,32,0,0
ca6d3b4d-eeae-55f7-bdbf-fb10a6b3d957,INE02AR01019,,27,32,0,0
6115dfaf-9492-5e39-99b3-7eb4e70380f9,INE02CV01017,,0,0,0,32
08281d2a-b8aa-5e97-b74a-bd6fa5ce4d56,INE02EE01019,,0,0,0,32
5aced861-2c97-5669-9213-15fc95474777,INE02EZ01022,,0,0,0,32
a3380393-6aa0-5909-804b-c7ed9d02c87b,INE02H701025,,13,32,0,0
ccadf393-f588-55b6-95f8-c798befba303,INE02ID01020,,9,23,0,2
502197ff-de35-5b5b-8575-79433872e19c,INE02IJ01035,,37,32,0,0
2771aa49-aeb8-5202-98b7-e6bfaf9232e0,INE02KC01010,,0,0,0,32
7d85859d-e937-5466-9a18-67f543a411cc,INE02L001032,,20,26,0,2
6ef52722-919b-5775-bd74-25e2e73cb51a,INE02M801018,,0,0,0,32
edd518cc-d961-55ab-9005-ca652f27650f,INE02NC01014,,42,32,0,0
7956bb90-afb1-50ab-9afb-a03be7c54988,INE02OY01016,,0,0,0,32
317cafb4-2153-5318-b93b-36e282896f95,INE02PY01013,,38,32,0,0
220a7ebc-0799-5448-ad3d-fe2a3a91970f,INE02RE01045,,25,25,0,1
bf5f4bf0-3a4a-56c8-a0f7-4e07be2f9ee7,INE02S501018,,0,0,0,32
75d86047-bc5f-5453-a3d1-dd3fe9eeb926,INE02WG01016,,33,32,0,0
83f7d398-9dd2-587b-b291-079719825757,INE02WG01024,,0,0,0,23
a55d2eb8-2f08-5b0a-b29b-b52d08dd6bb5,INE02YR01019,,26,32,0,0
30e3e7fb-7893-50ad-bb12-d58fb0833156,INE02ZQ01018,,11,9,0,1
06015f35-6d2c-5cd6-9e64-70374c0e82cd,INE030601012,,0,0,0,32
6a790fba-14cb-5ac2-bf47-38e71917c950,INE030A01027,5f9e4c04-44ec-4d01-ae15-180dc1794547,20,32,0,0
b0e99efc-3c61-5330-8cfa-a70cfcf4a3b8,INE030B01017,,0,0,0,32
d75220b9-0043-5e71-8949-3c52fcce4e42,INE030C01015,,0,0,0,2
0d7f1ede-c79e-54f5-af78-3e04cebb208c,INE031001014,,0,0,0,32
84ff63aa-fb0e-523f-895e-c648911a9d61,INE031301018,,0,0,0,32
b229a259-b95a-5ddc-87fb-53eba79ef585,INE031A01017,2eda5141-166f-48e3-9f0e-625814ab7019,0,0,0,32
c0c7c4ae-c2e0-500d-9d9b-3aec251a8cdd,INE031B01049,,0,0,0,32
4b605ec9-904d-5299-a3dd-dc68395e1e9a,INE031G01022,,0,0,0,2
5057becc-79d8-5d26-97d0-e6049e246790,INE032A01023,,0,0,0,32
37dc3a27-3043-54d3-ae0f-ab73ab1b235f,INE032B01021,,36,32,0,0
e5e0b09f-1189-5426-8f89-fd53f33547ff,INE032E01017,,0,0,0,2
baf20326-7aad-5f11-93d2-05e5fd86dc01,INE032Z01012,,33,32,0,0
5d63fd7b-e8d6-5fa2-98f6-598a4a9aa7be,INE032Z01020,,0,0,0,32
de7bbd66-23ac-5ebd-9aa3-8fe4e73eecec,INE033B01011,,39,32,0,0
95433ad5-7601-5c05-bec1-f3f57b0f9aa6,INE033C01019,,0,0,0,32
66474517-5f0f-5248-b5ca-9bee22b5f7f9,INE034A01011,b034a0c0-27bc-46fd-a0eb-c038004a31aa,39,32,0,0
a6fad387-b26e-5ed7-b3f2-4dc7cf7fb927,INE034D01049,,0,0,0,32
7133a9fc-af9d-52a1-bfab-d96d90df2159,INE034H01016,,11,32,0,0
88f899c7-d453-5022-b805-9090e4ea8823,INE034S01021,,49,32,0,0
6cc0a9a2-a0bb-5f36-9aac-db487c9df2fd,INE035801013,,36,32,0,0
122c4762-84d1-56ce-9eed-5c0c95d7cf67,INE035D01020,,0,0,0,32
24e67a91-d906-55f4-90d7-86950e759ffe,INE035S01028,,0,0,0,2
c94344b3-7aef-5f3a-bb07-7e9d4b229591,INE036101017,,0,0,0,32
29c78869-3ca4-54e7-928d-6a6c2ba6ceb1,INE036A01016,,26,32,0,0
e7131348-9a87-523f-9cd1-4fe4c47eb663,INE036B01030,,0,0,0,32
599068b8-ffca-5889-a0f9-5bd065042489,INE036D01028,be55b3cc-0400-45af-84aa-2a95e2c361c5,0,0,0,32
4c3323bc-4a49-56f1-afec-80fd6dfc47dc,INE037101016,,0,0,0,32
62863b6f-5b88-55fe-a716-3b3c3082f6a9,INE037601015,,0,0,0,32
bc5dc0d5-022e-5f2d-88b9-fde593f0a5a4,INE037A01022,,48,32,0,0
0c25f900-70d1-52eb-9829-480c4cabeb6c,INE037B01012,,0,0,0,32
a7fa54a6-3f70-5d9e-9fc8-494c76895b7e,INE037B01020,,0,0,0,6
41311c27-d1b3-569c-8625-a1548eb62c67,INE037Z01029,,16,21,0,1
810fecfd-9b2f-56dc-942b-05c11c545963,INE038101015,,0,0,0,32
7eee20c5-53db-55bb-b901-a9b3d4701286,INE038601014,,0,0,0,32
584454dd-861b-5136-a4ec-cf481c10bc36,INE038A01020,89b62217-7cf7-4fd6-ba43-31f3b78c1929,31,32,0,0
88025d5a-9676-5715-a98d-d6ef2c1d7185,INE038B01010,,0,0,0,32
1fede5d9-6766-5565-a803-db867312e039,INE038F01029,,21,32,0,0
d5827d52-b160-5a43-a237-043ceedd6616,INE039601013,,0,0,0,32
0c208160-72f2-5dbf-8214-17aa5395f168,INE039A01010,,21,32,0,0
49d97444-1072-50c6-90a4-a6afad84642c,INE039B01026,,39,32,0,0
641e23c3-73d4-5ce8-8bde-fa9c6709ab42,INE039C01032,,0,0,0,32
d9f313aa-8605-5cee-8f76-e76817561be2,INE039O01011,,26,32,0,0
941e4c99-71d5-5e02-8850-3584854f8e18,INE039O01029,a9f819b2-d9bc-40e9-817e-d8d9d7d21505,0,0,0,24
c36b61d1-2488-53e2-a808-c390d9a361f9,INE03CC01015,,16,20,0,0
0f274deb-ec33-5a9c-b237-c3ed4863e104,INE03DD01011,,31,27,0,1
d7ad92f6-412b-5e6a-8394-6bb966a95fe7,INE03EI01018,,23,32,0,0
9a18af43-7176-5264-8777-4dfa2b8c74d6,INE03HW01020,,18,32,0,0
1026e006-0ed6-54bc-a074-bcc97854bc51,INE03JI01017,,35,32,0,0
0fdc715c-6a71-588f-8f22-a1e9025cc206,INE03JT01014,,13,28,0,1
dd33bbe7-eab5-5906-92a3-01c7f858e840,INE03KJ01013,,0,0,0,32
87d90400-4fe5-5703-b485-92b5d130009e,INE03NU01014,,6,14,0,1
41be4a2f-3e96-500c-93bc-3760dfc4bc3c,INE03Q201024,de565d84-02de-4e97-a255-43ee56c8650e,27,32,0,0
263d8c0b-f64d-5ba6-b055-a667930e443d,INE03QK01018,,26,32,0,0
c924ad54-6168-5c7e-870a-116bc0b49136,INE03RS01027,,0,0,0,32
0189d6ea-32a2-5cc6-bc45-46cf6f5f0184,INE03V001013,,60,32,0,0
30c41490-9ec3-5307-9127-4cda49653297,INE03YM01018,,32,32,0,0
1b6c3a3c-f749-53bf-8a32-bcbda02f0559,INE040A01034,b47b007d-1990-4504-a5a2-4391c07687c5,0,0,0,32
1cdc8756-79f8-54e0-9cf1-39d13be879ab,INE040D01038,,0,0,0,32
78283e4f-beb6-5624-9777-49cc3f6f0c1f,INE040H01021,7f1cf32d-41a3-4fbb-9eb4-754e0d61af3e,21,32,0,0
5944993c-92fb-5e63-b886-b09f52155378,INE040M01013,,32,32,0,0
65cb40a9-d9db-5d74-a084-e283b18ab6f5,INE041A01016,,27,32,0,0
5026a38c-d639-5a93-a329-bee5fd917a68,INE042801014,,0,0,0,32
c0aa8dfb-ed3e-5497-92c7-302e67a719cc,INE042A01014,,44,32,0,0
3c05fe59-9159-52ef-ada2-25da627f76ac,INE043601017,,0,0,0,32
be69032a-e102-5d4d-90b6-8b1a7312477c,INE043A01012,,38,32,0,0
2c45cbde-21cd-5447-a7e5-4aa777d8b0bf,INE043C01018,,28,32,0,0
78723834-3383-59ae-aa25-07db2612d8ba,INE043D01016,,16,32,0,0
f4869f4a-9477-5e38-88ba-6a2d6225c7f6,INE043K01029,,0,0,0,32
05995516-98a3-55b2-b23b-60a38231310b,INE043W01024,,27,32,0,0
dedc5d7f-c78f-5e98-ad8c-bfc258e6e708,INE044A01036,5051995a-2967-4ed1-a164-be1f8b028d05,0,0,0,32
c7171e9f-b35d-5b87-bbb8-719b209bface,INE045001018,,0,0,0,32
7df38159-90bb-5592-8903-cdfba06bf20f,INE045601015,,33,17,0,0
35fb3b4e-52e1-512c-bed1-8822c145b980,INE045601023,,0,0,0,15
8115ea0c-7aa9-5dcc-a622-ab1c4d443449,INE045A01017,,30,32,0,0
0e7b5d9f-8601-5fcb-8f40-d776c5b1f313,INE045B01015,,25,32,0,0
d9565909-4512-56d8-ac23-29f77aa26c4c,INE045J01026,,0,0,0,20
69da3719-0fd0-581d-8d1b-176d47749088,INE045J01034,,0,0,0,12
d8ce226d-0cc3-57f3-a292-ca26603a8b39,INE046A01015,,49,32,0,0
fbd14921-f78a-5e60-a9d6-47394e711fe5,INE046W01019,,22,32,0,0
fe73fbcd-b292-5797-805d-1d2ae18cc098,INE047001016,,0,0,0,32
8da5e1f9-1fd5-5164-b9a4-bb9d8b4e0db7,INE047A01021,ceca07c4-c14a-49c4-8add-fbc3e69ec89b,0,0,0,32
0af48eeb-0d02-54ab-983e-0da127603244,INE047B01011,,36,32,0,0
d1a95baa-3125-56d2-a5a8-4ed318c2183c,INE047O01014,,43,32,0,0
ab8de631-26ea-5837-9351-2915259c994b,INE048501014,,0,0,0,32
754a2bdc-5815-555b-ba10-f3818dbae8ad,INE048B01027,,38,11,0,0
63a1ea1f-430c-5991-b754-128d0ba2c58e,INE048B01035,,0,0,0,21
c7f911c0-85f7-547a-9d5a-4d354eebbcdb,INE048C01017,,24,32,0,0
1b9fb524-c93e-55b7-b65f-df97c9355a4e,INE048C01025,,14,29,0,1
2d3c33e5-410f-55ee-a702-decdc6d9566c,INE048G01026,,0,0,0,32
dae5b7fa-1cde-5b00-9e73-5ccff2bf5dbc,INE049A01027,,43,32,0,0
2e7b58d0-331f-53ba-8d32-24c24d1bbd78,INE049B01025,4ea8568f-efe3-4b37-a715-cc30486c9f0e,46,32,0,0
e841b220-253e-56a5-93ce-df8c33080a00,INE049I01012,,22,32,0,0
fc3e7f55-af2d-5ba3-9174-8ef51ef41114,INE04AK01028,,0,0,0,32
45b5dcea-7b7c-500b-a79e-238093dc141c,INE04I401011,2a875b8b-3cd6-4f1f-90e0-cc32ab0fec90,40,32,0,0
839b0941-735d-52ab-a727-52462e1b20b8,INE04LG01015,dba4d348-4e15-47d3-8aa3-bc3b2c83424c,35,32,0,0
ad49dd4e-efbd-5eef-9c72-57ac2cae0a67,INE04Q901010,,0,0,0,17
6b20737e-9b4c-5c87-8f35-e719ddbdc8db,INE04TZ01018,136be3f7-8b5a-4b98-8935-119053a9df8e,31,32,0,0
1475f3d0-630f-5a7a-8710-dc5da1eea9eb,INE04VU01023,,9,12,0,1
2ab82dec-b236-5d1e-98e6-9739c3998044,INE04VX01019,,0,0,0,32
c271ab8f-7f7e-5764-9fc5-c8ae41f7c691,INE050001010,,25,32,0,0
c7308fa1-e0c9-53f7-9225-72662afa2ac3,INE050401020,,21,32,0,0
397ed37b-5da6-5083-986b-e24e64ab7cbc,INE050A01025,,0,0,0,32
a8e7030d-8144-51e5-96a4-72c47490fc39,INE050B01023,,45,32,0,0
17939fd5-de78-5486-83e9-ceed6e4cb737,INE050E01027,,0,0,0,32
aa38ccdf-18cb-50b2-a027-1a27b832ecb8,INE050H01012,,42,32,0,0
0e572414-d10a-5d55-a0dc-fb2f2b16bd15,INE050M01012,,36,32,0,0
6bddd955-0f0c-5c7c-a1b7-e5d7c64698e3,INE051901010,,0,0,0,32
bc2427f7-7cf5-515d-865b-8c66641faa2b,INE051B01021,,33,32,0,0
b807b0d2-44d0-5951-b536-fce20d5cb67a,INE051C01011,,0,0,0,32
92832c1f-b7f9-5e04-904e-5e6a19295f74,INE052701013,,0,0,0,32
3d493e93-a03c-584c-8b9a-5e3b5a51fa89,INE052A01021,,28,32,0,0
68f620ce-533d-571a-8b3d-a37ec969d131,INE052I01032,,27,32,0,0
7ee7df19-b608-5fef-bfdc-e8da5752534a,INE052T01013,,20,20,0,3
57cb810f-dd19-5ae8-9e4e-62bd785023f6,INE052T01021,,0,0,0,9
35866c8b-5137-540d-9e44-0322936c1257,INE053A01029,81ac2bfc-bb2b-44eb-9f36-dcc3de29b16f,41,32,0,0
260cd4c9-821b-5258-9abb-ada235e023a5,INE053F01010,,0,0,0,32
6ede853b-1b17-5264-8aee-e6c45a7c8992,INE054301028,,8,20,0,2
4bcb384f-60df-5619-8b09-9dc5be3bcd7e,INE054A01027,,0,0,0,32
e8e7aa4a-02d5-5024-953f-00733365dc97,INE054C01015,,0,0,0,32
2f1b621a-f355-5599-b26c-f40eb87047cd,INE055A01016,,35,32,0,0
0b5b8547-4abb-50b3-b289-194dc473d428,INE055C01020,,30,32,0,0
42ebf302-7a62-5b5b-bc6f-f4472763c6af,INE055S01018,,14,32,0,0
e868b72b-a1f0-5b08-8379-188aca7fd63c,INE056801025,,13,12,0,1
a790c02c-d345-52e4-bec9-2188fe430595,INE056C01010,,13,32,0,0
fab7947c-56bc-5830-b55e-8cd90d9d0879,INE056I01017,,59,1,0,0
5f4d37b5-39f7-5f7c-9b13-b5cdd8a6e29e,INE056I01025,,0,0,0,31
7d9a9714-b67a-5858-83c1-53e4c2dd1baf,INE057C01018,,0,0,0,32
e40edbfb-3887-5729-be23-b43762b849ab,INE058A01010,,41,32,0,0
8f8b7b97-9afb-5850-814c-7527591a1717,INE058B01018,,33,32,0,0
57765db5-e0e3-557a-816e-085bb04f4ebe,INE058F01019,,0,0,0,2
c63ae41d-3cff-5859-92c3-df379dc3d1e3,INE059401013,,0,0,0,32
c5984724-1123-56ac-b90a-690072e8adc4,INE059701016,,0,0,0,32
a1b8fb22-10b0-59b9-bafa-0628c53a663c,INE059901020,,17,32,0,0
2695e515-2702-5ec6-83d5-42bddf0c72e1,INE059A01026,8a9e5286-a857-4cd9-8eda-e82378482ff6,28,32,0,0
612c4df8-e284-532f-8b8e-7d86e8bb84b7,INE059B01024,,27,32,0,0
1cec4e0b-4f63-5cba-8cad-b8645c8a1ea0,INE059C01014,,0,0,0,32
8d9a9a7f-9ae0-5f7b-9241-e9f453a5a792,INE059D01020,,0,0,0,32
07b8da16-0e29-5037-8600-90b07454a67a,INE05AN01011,,25,32,0,0
1252713c-144c-565d-8a1a-ab270c47b81a,INE05C901015,,4,2,0,0
a0474980-da83-5516-adb1-c6959342c30a,INE05CZ01011,,31,32,0,0
7b2a5586-d286-57df-ac7c-f25244944675,INE05DH01017,,0,0,0,32
262ddd24-f6f8-50d7-a5f6-a8825f61fdb8,INE05HV01027,,4,6,0,1
7f2ec2b8-4887-5e5e-80e1-dfea0d2aece9,INE05J901018,,14,15,0,0
b4c3b1a0-b5ad-5317-8007-66fede09e5ed,INE05ST01010,,22,2,0,0
4df39825-6e32-5fbe-8e75-d111321e4e13,INE05ST01028,,0,0,0,30
98f4e997-6e3c-55f3-8e78-0801c1f1a955,INE05TO01019,,9,6,0,0
4dd42626-a77a-54f6-8a53-56e8a0fef31d,INE05X901010,,28,32,0,0
85c8a755-16ba-54ca-89e5-4f711143b16b,INE05XR01022,,7,8,0,1
8bd9602e-8de0-5746-b1fb-20f86abddde4,INE060301012,,0,0,0,32
71f35ee0-bcf0-54cf-a0ac-34f8c8116e5b,INE060401010,,0,0,0,32
360fdc5e-1172-5031-a1cb-372467b154eb,INE060701013,,0,0,0,32
7258afed-0eff-5411-97b2-ede1b1151e88,INE060901027,,0,0,0,32
451bf70d-b77b-55dc-bfe4-76050a1a8cc0,INE060A01024,,36,32,0,0
4830808e-21b5-5a2e-9832-6e7fce5759df,INE060B01014,,29,32,0,0
cc4b0590-c31b-5f79-94f3-1153b19b55ae,INE060J01017,,43,32,0,0
32b4cbde-c8cb-5468-8396-76e74e23184b,INE060X01018,,30,32,0,0
a739f2b6-eb54-534e-bfbf-5c04b67c70b5,INE060X01026,,0,0,0,18
468539bb-6d51-52d3-9749-2ced10b895e0,INE060X01034,,0,0,0,14
24d121f9-090f-5b22-ac88-bbaad6907bc0,INE061501016,,0,0,0,32
abe4a445-2213-5b1b-b836-6eceb6bbfcfc,INE061701012,,0,0,0,32
488228c9-b14e-58b7-ae7e-9eaa63e1c325,INE061A01014,,35,32,0,0
fce586fe-eeca-5be4-b81b-dd36f5ad1072,INE061F01013,5457a4ce-ec0a-43a2-8436-d8e1a330bbd8,67,32,0,0
089792db-fad5-562a-913f-81d88cca1435,INE062401018,,0,0,0,32
a7068669-e20c-5448-a75a-a63841d43e8f,INE062501015,,0,0,0,32
81e3c200-992c-566c-85df-2fdaee63696d,INE062A01020,d77abadc-d171-49d9-bfee-0b34dd0281f4,0,0,0,32
a02d23c2-157b-5e81-b3b0-b0b1787a0782,INE062D01024,,33,32,0,0
01c70e95-498c-5246-86c3-da409390ce24,INE063301019,,0,0,0,32
18d752ae-92c5-5b6f-adec-92fd61950cbf,INE063E01038,,0,0,0,32
2ca2a830-4069-55ab-bf45-da2d083fee46,INE063E01046,,28,8,0,0
c6f394b1-2e78-550e-a2b0-0f409f706d92,INE063E01053,,0,0,0,21
608451d8-4159-5fb2-aeae-8c812142dadb,INE063E01061,7069b47e-cef5-46d8-80a7-05b88ed0c27d,0,0,0,3
84b301c3-ab7d-5bca-96fb-631ca44cc76b,INE063J01011,,7,32,0,0
a18b6ec4-c644-5987-a0a4-cc08b95fbca9,INE063P01018,,57,32,0,0
6b261ff8-e32d-5c00-a92d-7e740785a08a,INE064201010,,0,0,0,32
a37cbb70-4d70-5eaf-a697-7eb298b4d7e7,INE064301018,,0,0,0,32
3ab15e98-4ecc-5998-95e6-d400cdbc9ebb,INE064501013,,0,0,0,32
e744efb2-753b-5e31-ab95-b70b269b46d9,INE064A01018,,0,0,0,32
bb8b0355-7dcf-5480-ac6e-5a6b1c53cff7,INE064A01026,,0,0,0,6
74b2c61c-e093-5937-b070-5906f0365b1b,INE064C01022,,0,0,0,32
473819ab-77c6-5bf9-b9a5-3650e17df3c3,INE065B01013,,49,32,0,0
7bc093e2-bbc7-50d9-879f-b2a1da5bfa72,INE065D01027,,35,32,0,0
e454c63c-57e4-5502-a04a-e71becd95a92,INE065H01010,,0,0,0,32
daf47b36-969b-51e6-8888-a6c980e99e80,INE065J01024,,0,0,0,32
497267a6-4c79-56ec-9b13-16f5c0d40f59,INE065X01017,,25,29,0,0
bf40c4a6-ebf4-5313-a463-af27278f5688,INE066A01021,,0,0,0,32
4126b7ae-3f00-59cb-bc8d-1558eae1c08d,INE066F01020,ece0aa93-0d35-4748-9316-dd2eb100ad63,0,0,0,32
d9c06957-1687-5f4d-a10a-11dd09b35984,INE066O01014,,25,32,0,0
10a4acc9-2f87-56f9-8001-7efb117184ad,INE066P01011,d6a4507e-86a5-4ea4-8033-465378b82cac,36,32,0,0
17d5df79-ebfb-5961-821f-ad901618b359,INE067901012,,0,0,0,32
a7a036d3-21d5-584e-bbef-4f4ff043eaf4,INE067A01029,5643737c-3c55-472d-af20-59d3121d6b9c,45,32,0,0
cda95238-055b-5ce2-a834-f462a58407ab,INE067D01015,,0,0,0,32
80484a98-b164-5434-953d-55157d129943,INE068A01019,,0,0,0,32
fdc201ef-2393-5cf3-abb8-ce157d7738fb,INE068B01017,,0,0,0,2
0bd8279d-12c1-5a45-91b2-de19ae34685a,INE068D01021,,7,32,0,0
f3947ec5-d0d0-5cef-8b1c-a43d5ea9b732,INE068L01024,,0,0,0,32
d3736988-c90a-5ed2-a6ad-b1e7912016f4,INE068V01023,,46,32,0,0
c6f0d570-6eb6-520f-9538-3fb21fe1ea88,INE068Z01016,,0,0,0,32
e0d3810f-e99b-5943-befc-b22ad8e8dba5,INE069I01010,,47,32,0,0
529addd4-1738-5b62-8e15-073928faedfe,INE06H201014,,9,32,0,0
ff5f1415-3497-513a-963f-473547c31553,INE06HJ01020,,29,25,0,0
28176d3f-cb89-5057-9176-0d6e65c9ec03,INE06IJ01010,,0,0,0,26
2afa7b8f-1414-5249-9e73-b5aace09f81f,INE06IR01013,,39,32,0,0
a8c4c6ac-1dd2-50f3-8e4a-069ab2c4ad3b,INE06IR01021,,0,0,0,32
26930aab-fee0-5102-92cc-1a6cced96f11,INE06MH01016,,0,0,0,32
6337b358-1695-5ffb-ab97-bd7a5c22e5a8,INE06PV01010,,0,0,0,32
0238e432-8969-5758-aa0d-8f99bb2562ce,INE06ST01018,,19,14,0,1
49986b98-de6b-5e53-aad7-7badd2aa4f47,INE06WU01026,,6,14,0,0
64005ce8-bfc5-50f8-aca7-0075a16269cc,INE06XZ01023,,10,13,0,1
6bed45d5-4885-5536-8dbc-a132c10e9157,INE06ZD01017,,15,14,0,1
f5ae2b97-f284-5955-9f66-a33a886d6f03,INE06ZX01015,,0,0,0,32
1020ab23-6ab0-5eab-980e-03e9f0880337,INE070201012,,0,0,0,32
14deb075-480a-54fa-9249-a86a2a623ea1,INE070801019,,0,0,0,32
9fd26f1a-ddef-52a5-b2f1-d8f9f48f0329,INE070A01015,,35,32,0,0
188f200d-04a8-542e-863f-707b89d2d8aa,INE070C01037,,0,0,0,32
181e02bf-755e-5758-b32c-c05f62920994,INE070D01027,,35,32,0,0
99474384-f6e4-5d6b-8aff-2894fb4c863c,INE070I01018,,29,32,0,0
7ae94284-2dfc-595a-ba84-29433ca3014b,INE070Y01015,,0,0,0,32
3b3dd07e-c1c8-5df9-b403-1f8494dea441,INE070Y01023,,0,0,0,23
793039ee-8af1-52cf-97ac-2a9ec4ac0cf4,INE071901016,,0,0,0,32
5c306195-0010-5c13-bf2f-baae8fa4c666,INE071A01013,,55,32,0,0
e100e5e6-e49e-5bfd-9a35-63e678d66026,INE071D01033,,0,0,0,32
46d3c24d-29bd-52be-b5ab-cf09c6022105,INE071E01023,,39,32,0,0
fb345db6-63d6-5061-89df-d34104d1541d,INE071F01012,,29,32,0,0
90996e79-0898-5e24-8e55-de6f773b0157,INE071N01016,,43,32,0,0
c850861b-6d1c-508e-b0be-d04e71e19f68,INE072001014,,0,0,0,32
578f69c7-24fa-5af7-b0f6-002a9573642c,INE072401016,,0,0,0,32
405d857c-8940-5fe1-a113-a7d106f794d7,INE072701019,,0,0,0,32
c50e44ab-8173-5b08-91c0-b373c9034aa9,INE072801017,,0,0,0,32
71c94039-cb58-5cd0-a73a-628a5f9936c5,INE072A01011,,0,0,0,32
50291649-97b6-5578-8820-90a75f0b8a04,INE073A01019,,0,0,0,32
36a3d9ea-7b32-5a35-8f63-5a38cb11be92,INE073D01013,,28,32,0,0
cf73fe74-99d8-5303-a484-5cd4e955ee71,INE073G01016,,54,32,0,0
b4e6df46-83f4-56cd-ad5b-99ef1c039d49,INE073K01018,5433d79a-69bb-4531-af0d-e38a918245ec,42,32,0,0
79912f9d-51a7-588c-aa8e-0bf2b4bb2dbe,INE073V01015,,14,32,0,0
34870117-17f2-5e51-9d24-3e511bfb3282,INE074A01025,c132a518-b937-45e7-8c39-e0e7484b89d1,60,32,0,0
8b1756a6-3b3e-5183-a34a-184c3484edae,INE074B01023,,36,32,0,0
783f62a4-6468-5e5b-917a-236cdc38fa81,INE074C01013,,0,0,0,2
a0fa46f7-f1db-5641-a111-841797d9a420,INE075101019,,0,0,0,32
6c1e3c5d-0143-552c-8c1a-ddcc0a539089,INE075301015,,0,0,0,32
30715a2d-16e3-5d62-abdc-95e2ae89e905,INE075A01022,,34,32,0,0
40e2fffb-048f-5ece-b94d-0f56af71ce1a,INE075B01012,,28,32,0,0
511d5517-1f19-5cfe-845c-5ff30411c0a8,INE075B01020,,37,32,0,0
93b9a15a-7f19-583b-98f5-cbfd4861f09f,INE075D01018,ec24a599-8ce8-42af-99c4-aae80f715132,28,32,0,0
35a9f602-f191-5e6e-992d-a3facbb84702,INE075I01017,,56,32,0,0
fcec78aa-0544-5b01-a176-280e428e7726,INE075Z01011,,0,0,0,32
dca95a22-0c36-5060-be56-fd368e132887,INE076B01028,,0,0,0,32
50c597f9-d121-548d-a4a7-c423830722a2,INE076C01018,,33,32,0,0
8ae217c4-930c-597a-ae55-65fb3ca454f1,INE076H01025,,0,0,0,32
e57c1a6c-5c85-5234-8eac-9747ba3efddf,INE077601016,,0,0,0,32
86f9238d-939c-51b1-b8c2-a95393210a75,INE077B01018,,5,32,0,0
8a5a3789-20fb-5c3a-8db2-41a646c5be83,INE077F01027,,0,0,0,32
ec2afa57-0901-53e0-a813-ee66006f741d,INE077F01035,,37,32,0,0
4aaaa1cd-620f-5663-9da3-ffb2aca753f0,INE077P01034,,0,0,0,6
ff5755fd-f42e-574d-8f02-136bf3467179,INE078001018,,0,0,0,32
467d54a4-23ed-536b-b311-5d3ff998927b,INE078601015,,0,0,0,32
5c3a7613-0e4f-5c59-baa8-56ad21fc43ef,INE078A01018,,0,0,0,32
a86b579f-629b-51f4-83bf-51861c9267e1,INE078A01026,,7,32,0,0
bfa65fb7-32f5-59d3-94e4-f0782093a812,INE078V01014,,5,13,0,1
3a709658-a761-557f-beef-edf322664c99,INE079A01024,,60,32,0,0
ee6f2d30-1e4f-5731-ae18-21983fedc68f,INE079E01018,,0,0,0,32
5876756c-bab9-526a-8d8e-db6b176a9d64,INE079J01017,,37,32,0,0
da30d4dc-0490-5fe6-8874-a1729e4c2fa8,INE07K301024,462c3c0e-a356-417d-8e8b-d3aa7b3d7b10,17,32,0,0
f9d95d0f-ba48-50a8-9f75-6411e3cf5bd5,INE07O001026,,0,0,0,32
9d810f9c-4593-509b-978f-3f55ffa542f7,INE07OG01012,,23,32,0,0
56dff886-f8d7-5fc7-b735-c47a94d6e862,INE07RO01027,5f77f860-4818-45f5-a241-30d467066c49,85,32,0,0
33ce3843-a568-5eb5-88f6-666d6305f60a,INE07S101020,,24,32,0,0
f528a67f-7661-5ac2-ad5b-ed178a56106b,INE07S101038,,0,0,0,14
c7cf78fc-268f-5c8c-b41f-fdefa73e3901,INE07T201019,,36,32,0,0
e1f930be-5057-512c-a083-1cc1ea9cabf5,INE07U701015,bf46f902-d54b-4add-b470-70d5171773ba,18,32,0,0
258f7e22-500f-5a37-85e3-13c77e74df23,INE07Y701011,,40,32,0,0
4e1149a2-78d3-5316-aeb9-21003b1f7433,INE080101012,,0,0,0,32
3e0ab3bd-7eab-52a8-a027-ebff71b4caa0,INE080A01014,,33,32,0,0
577ce73b-dc62-5fea-a60f-a93028246f26,INE080B01012,,35,32,0,0
8256486c-2665-56db-9e46-40eda1bc05ed,INE080I01025,,20,24,0,0
9ef521e8-296d-516d-9499-12d52b8fe825,INE081A01020,,0,0,0,32
bdc71541-2f09-5b59-89de-cab3c0526c8e,INE081G01019,,0,0,0,6
ad025311-a0f0-528b-b17f-8a484255c32e,INE082101010,,0,0,0,32
4aee3d27-a645-5550-9d3c-fc34302ffca7,INE082201018,,0,0,0,32
1eb0d7d8-e1cb-5372-93a1-12891f72df6e,INE082401014,,0,0,0,32
6d8a0dcf-2d61-51ea-8ce2-b770b45b4020,INE082701017,,0,0,0,32
62c1e646-0818-5645-903b-54b064a03643,INE082A01010,,23,32,0,0
5a0aeacf-5221-55b7-a10f-4b57d69b0431,INE082W01014,,26,32,0,0
77c88f09-3982-5082-9509-438a6b242db2,INE083A01026,,35,32,0,0
c90ad32f-426a-5bac-a858-75db426ddf05,INE083B01024,,0,0,0,32
dffdb34b-ba18-50e0-b38e-d9f3af63315c,INE083C01022,,0,0,0,32
dd67cc11-8bc8-554c-b1d8-c600b569ad85,INE083D01012,,60,32,0,0
d930fb8b-3637-5b4b-b150-0aab03621c98,INE083K01017,,0,0,0,6
fee8670f-8cc4-5d3c-9a96-cc45fc0b0c66,INE084101034,,1,2,0,1
edd4568c-0bf5-5df8-934d-4202d90791fb,INE084301014,,0,0,0,32
a155d730-a957-5c47-8c98-f0aeb685c38f,INE084A01016,cf086282-5546-45ce-aa45-1b0085c7872a,71,32,0,0
dcbf72e2-6ab5-52ea-93e7-914484231146,INE084D01010,,0,0,0,2
eba98657-4a1c-592f-8bbe-ce19a3f7c513,INE084K01015,,8,13,0,0
1855f623-8540-54bc-8237-9cc2f694baf9,INE084Q01012,,39,32,0,0
33e19f7e-5896-5ce9-95ad-35ebcd93997a,INE085001019,,8,11,0,1
2573b7ec-3410-55ee-833d-18cd32d6f0e5,INE085A01013,,26,32,0,0
54dc82ca-df9a-58a0-a19f-da229878291e,INE085D01017,,0,0,0,32
9309f2f7-1a0d-5f25-a05d-54e3edde421f,INE085D01033,,0,0,0,6
5798a1da-9f0e-5bdb-9df7-d845cd51a23e,INE085J01014,8712b32a-34e6-48ef-9fde-f867feb299cf,26,32,0,0
fbc7f89e-8114-5e14-b9b6-e99274d1ef17,INE086A01029,,39,32,0,0
4826147a-2d8f-5fa1-bb58-92496c2f71a4,INE087A01019,,48,32,0,0
42511ae7-0bff-59cd-8437-3b9dd64bc611,INE087B01017,,32,32,0,0
7794537f-2b3d-54f2-aa0a-69ed19606ff3,INE087H01022,,58,32,0,0
1556f852-37ad-5266-b35c-b880c713de6b,INE087J01010,,0,0,0,32
ba7a2115-82d5-523f-bcdb-88dc5471e58b,INE087J01028,,37,32,0,0
e213ea64-803e-5a9d-8d1a-124bc2bfed98,INE087Z01016,,47,32,0,0
123085a5-6802-5b9e-8683-2cbba4330260,INE087Z01024,,0,0,0,32
a09bf202-8986-54c4-a540-86e552c236f4,INE088B01015,,11,32,0,0
e19d4000-aa61-50b3-8791-987530ec5941,INE088F01024,,39,32,0,0
7105e305-6103-56fd-9b19-f27bdcd9b640,INE089A01023,,41,8,0,0
cb0321cd-5172-5d1d-8e0f-7bd02cfe01ff,INE089A01031,06d2280b-8217-4891-b0e6-1d468be3e3fc,0,0,0,24
b9aaa1ae-5082-567e-8b2f-483b8ce217f4,INE089C01029,,29,32,0,0
a0b881ee-382a-584b-be9c-a475fa1e3c18,INE08KD01015,,0,0,0,32
2ea581d9-4f95-5443-9813-2756e2acae99,INE08KJ01020,,22,32,0,0
5b4f2608-90cb-5aa8-bd6a-d007f42de9f8,INE08KP01019,,39,32,0,0
dce25538-0ad8-5417-beff-ba8a0f422c6c,INE08LI01020,,36,32,0,0
cabc6885-97ff-5123-ba02-0d133756de57,INE08N601015,,13,14,0,0
8ae696d8-512e-5cf2-9bc5-e1dbf0654872,INE08NE01025,,18,26,0,1
9b656938-084e-506c-9291-ac922a90bfb2,INE08NJ01024,,0,0,0,32
3dc953a2-b529-585f-b9c2-89a8cf665455,INE08NZ01012,,0,0,0,25
6a2185ca-07e4-5115-945d-391c464f4696,INE08PH01015,,21,32,0,0
1c836f54-f2e1-5f9e-9d11-a25113d9ba3a,INE08S201019,,0,0,0,32
02b31b4a-0631-5971-9973-3d05480e1bfa,INE08T701025,,0,0,0,1
05c897a7-01ec-58e7-adf8-545f60f67569,INE08U801020,,63,32,0,0
835d4f78-da7f-5492-9ada-a07f99913513,INE08ZM01014,,44,32,0,0
c5242ffd-7d47-57d0-b271-397bd58b7cd8,INE090501011,,11,16,0,0
13ca9957-657d-53e0-b8f7-58dfd21ddfa2,INE090A01021,5760ce4e-97ac-40ef-af3b-d2a5dce596cf,0,0,0,32
2d9fb9c4-920a-5c7d-9d99-4f607f5bb283,INE090B01011,,41,32,0,0
9a1f0d0f-403d-5565-8f90-66d56d0ddb89,INE090C01019,,0,0,0,32
7ee9936e-9b0b-51de-b0c0-f92347219d33,INE090Y01013,,0,0,0,32
d10a86d7-29e0-5488-bb0f-1fae44566ea7,INE091701016,,0,0,0,32
55649c07-c628-5401-b72c-5c7d0ec83577,INE091G01018,,29,11,0,0
b0238e63-0bad-5b16-80a9-f33a7af218d9,INE091G01026,,0,0,0,21
16ff7ae5-2238-5f05-9673-39ce97e7c3d3,INE092501019,,0,0,0,32
9c50fbac-43cb-587c-8ce5-5cda170fcb02,INE092A01019,,46,32,0,0
5428feb3-969d-5d21-a7eb-11f7be31aa69,INE092B01025,,0,0,0,32
0572657e-3289-56bb-81be-fb2127ce35f2,INE092T01019,ba340b06-fd44-4d80-9ce7-d280616354ed,42,32,0,0
36290da4-1c9e-526a-a791-068f411ee0d4,INE093A01033,,0,0,0,32
6fef8980-34eb-5c31-ab04-9d41dddfe1e6,INE093A01041,c27b3997-f74b-432e-8b17-0837cce4c2fc,11,19,0,1
00710399-c1f0-53f8-ac06-6e6c54d47572,INE093B01015,,33,32,0,0
915c83a0-59b0-5881-a2b7-76a8d60ecb52,INE093I01010,,51,32,0,0
80427bda-0d0b-55a8-8307-c0a6ce463c85,INE093R01011,,33,32,0,0
edb74aed-8c49-5693-9e3e-227ca04a3014,INE094A01015,fd4d2d2e-bcff-45cb-8e08-92448d8e4c5f,36,32,0,0
11ecdae5-6158-5ddd-8c35-84248249986a,INE094B01013,,0,0,0,6
0557b0ab-567f-59f2-b6f1-234b1192c505,INE094I01018,,77,32,0,0
82ca9fe7-a9ed-5755-8914-4ee79bd5a7e4,INE094J01016,c50e7d67-af10-4c42-8f96-a27c633cb38b,35,32,0,0
72ad626d-994b-5cc3-a93b-9a5a69e40c22,INE095A01012,,54,32,0,0
2022e3f0-74cd-52eb-be95-eb2bd77930bd,INE095I01015,,45,32,0,0
84eba682-be50-5dc6-9090-f52f7ddcce27,INE095N01031,,0,0,0,32
33efeb8a-6cea-5ac3-8848-4e6beeedcd2d,INE096401018,,0,0,0,32
596b6194-9818-57ce-b7d8-ed21712445a3,INE096A01010,,0,0,0,32
6eaa9996-7d77-5dc5-978b-c881cc345e4e,INE096B01018,,25,32,0,0
24ad9539-10ca-5626-ba45-fc9cf910e3ac,INE097901016,,0,0,0,32
5e358627-3db0-53f2-8a48-f3b913155b43,INE097E01028,,0,0,0,2
3f7a4207-d043-5865-9eae-82bb81a2f514,INE098201028,,0,0,0,32
201ad7d0-036e-563f-906b-0464b8931b52,INE098201036,,0,0,0,32
4ed0c7e5-1973-506f-bcfd-adb66d37df59,INE098401016,,0,0,0,32
295b711d-1f2c-53b8-a063-95d8a3091dd3,INE098F01031,,0,0,0,32
ef5242a9-d251-56cc-a5bd-48e5239c27c2,INE099401015,,0,0,0,32
0b693096-738d-500c-afb7-6be7fa21c4ac,INE099A01014,,0,0,0,32
57e61065-d023-5690-8cb2-0c45e93ab1c7,INE099F01013,,35,32,0,0
7bf5c438-47a3-56e6-beec-ffcd89e567d8,INE099G01011,,0,0,0,6
2f796670-98ac-5f30-b55a-2e33f292a9d8,INE099J01015,,54,32,0,0
7565dfa4-29dc-5dfa-bd0f-14d42981340f,INE099Z01011,,31,32,0,0
522305ad-a9be-5d62-9e6c-04f7ef865f99,INE09A801015,,0,0,0,13
54ea55c8-973a-5498-95a2-5fdb62cf7f59,INE09E501017,,38,32,0,0
8510f460-aae5-5299-aa44-a37114776af5,INE09EO01013,,31,32,0,0
8c3c2925-846d-57e0-8314-5c2e12970540,INE09FA01019,,0,0,0,32
42571984-d67a-53e6-b032-1a2b933b4133,INE09KD01013,,28,32,0,0
cf5713e2-280b-57c1-a3af-f2d9b81c3f60,INE09N301011,,30,32,0,0
8fc24ce7-ee22-59f3-8d1b-f24ba93f485b,INE09VQ01012,,29,32,0,0
eb67a248-148f-550b-be22-d199f63a97bc,INE09XN01023,89d94355-8c96-4d21-8bb7-1e3bcf096a93,14,26,0,0
5daef15e-a871-59c5-99c7-67fc05d5a68d,INE0A0S01010,,24,32,0,0
54becd71-1ae3-5e43-9d31-2601a9be9b51,INE0A0S01028,,0,0,0,12
de1ca275-0056-5d6e-820d-81d0b3c1030f,INE0A1101019,,27,32,0,0
816f6959-0e41-5ef1-a72e-a663fe5441a0,INE0A1E01018,,0,0,0,32
063e6898-e3fa-5ab0-afae-3c16c72557fe,INE0ADB01012,,8,6,0,1
2a752afe-ff82-5d87-a26e-4e5ec0529d14,INE0AE001013,,24,32,0,0
eeb9a335-5f02-586a-bcad-3e61169919a2,INE0AEJ01013,,16,32,0,0
7621df07-8b60-514f-b53d-e7cf3218ea4a,INE0AG901020,,42,26,0,0
69b5aec5-9828-5702-87aa-c1187893aadd,INE0AJG01018,,30,32,0,0
2d0f5d9a-9936-5294-8351-e3c877e7289b,INE0AK901016,,0,0,0,2
8c2d8134-8bae-5e2c-9e01-b6db2015a57c,INE0ALI01010,,5,8,0,1
034f2884-9998-5133-abc4-626634ff8fb0,INE0ALR01011,,30,32,0,0
53504d62-4691-57c4-ae54-53ce90b838c3,INE0ALR01029,,0,0,0,32
68c2520a-70e7-5b73-a433-9339dc0398e2,INE0APB01016,,40,32,0,0
338ad98a-92f2-55f3-bdbc-655b866eaac8,INE0APB01024,,0,0,0,13
58bf8498-f32a-513f-8c7b-f481c187319c,INE0APB01032,,0,0,0,19
e36ad5c3-6aca-5e61-bab7-077950be97e1,INE0AQ201015,,15,15,0,2
22a28789-0c9f-5f4d-99f9-c3de837e146d,INE0ATZ01017,,17,27,0,1
9efc3b3a-3dd0-5aa2-ba11-ee0ee41084df,INE0AZY01017,,0,0,0,29
2c6b0834-32bf-5276-b1a9-77e3067828e1,INE0B1K01014,,37,32,0,0
99269e77-be1d-5d7e-ac6d-067006830d06,INE0B2801011,,0,0,0,24
0edee168-2c7f-5edd-b8e5-2c54e0942a4a,INE0B2N01016,,0,0,0,20
2805f5c1-4ce1-5d34-b006-85e0926f2eaf,INE0B9A01018,,5,4,0,4
e45a56a3-4b1d-5bc7-bbac-e3cbbc7d5cc3,INE0B9K01025,,48,26,0,1
91ccc819-a753-525a-85d4-5efacf8aaa58,INE0BHK01012,,0,0,0,28
20020af6-5843-573c-94c8-71d1c1d0447e,INE0BJS01011,,23,32,0,0
d859478b-af4f-504e-b031-3071a2be0b9c,INE0BS701011,8182eac5-2cc0-4589-8d9b-8818b5492147,14,23,0,2
e709d1a8-c47c-57a0-8836-76cbd8d59ed3,INE0BSN01013,,0,0,0,26
04301323-904c-50a2-8391-114312534b45,INE0BTI01029,,20,4,0,0
3c10f060-03f3-55d4-91aa-087e6c6b6238,INE0BTI01037,,0,0,0,28
5e97584b-5e61-560c-a358-93380ec56a4f,INE0BTM01013,,45,32,0,0
b759ead4-2b0f-58c2-bc71-3dd86b7ce439,INE0BTR01012,,0,0,0,32
e91a9117-0db6-5d4f-ab21-6b3833c0b189,INE0BV301023,,44,32,0,0
7935229d-3395-512d-8057-c51604956a81,INE0BWX01014,,56,32,0,0
7de61400-ead6-5351-8498-706690dbcc46,INE0BX301013,,11,16,0,0
7f0d0ecf-0b21-5a55-92a8-d98a548a15b4,INE0BY001018,,46,32,0,0
1b02fe48-ef3b-5d7d-85e7-a059791c3a20,INE0BYP01024,,7,15,0,1
8c237b1b-5776-5553-9bdf-f6f156339278,INE0BZQ01011,,0,0,0,32
3656e878-af9d-579d-b4d7-a44a7645ae38,INE0CAJ01017,,0,0,0,32
d8587698-fc35-5470-a2d7-61dcc3cc019c,INE0CAZ01013,,23,12,0,1
e10c7e95-6a68-504b-97c4-ae572f8696e9,INE0CBM01019,,0,0,0,32
f5af2878-2104-5c69-9f30-83a47734a044,INE0CDK01019,,0,0,0,32
d72ed71c-8a57-5885-b074-ed2fed37cee9,INE0CFG01012,,0,0,0,29
cdf31c1e-8070-5418-88f7-956382d7f376,INE0CG401037,,16,31,0,0
ee7e7b8d-93a2-5587-93a3-2ee1a00ad0c0,INE0CG601016,,31,32,0,0
b2bbb59b-dcb1-50d4-bcd5-c437765cc116,INE0CHO01012,,36,32,0,0
eca1517f-bf0e-5945-8472-d903539867f8,INE0CJD01011,,10,13,0,0
4ee749ec-bc7e-522c-a413-1394290d10b5,INE0CJD01029,,0,0,0,10
c3c2aad2-0143-57d8-a5be-807a58649326,INE0CJF01024,,23,24,0,1
16ccde80-f66a-589a-9156-04efc783543c,INE0CLI01024,4adb8899-60fe-4fef-a806-341d2359234b,40,32,0,0
59bc7a4f-a7c1-57ad-a7df-4d80582cde91,INE0CPR01018,,0,0,0,2
fb7ba787-6f6f-50de-afc1-efc527e23be7,INE0CQA01020,,0,0,0,13
6b20e6ac-ba70-5ac5-b0bc-0e0aaf34155a,INE0CT101020,,65,32,0,0
f558e046-0260-5f6c-95e3-dfd51b44295d,INE0CTB01014,,0,0,0,10
464e1b93-df64-5466-94b1-7c0c768f1a8e,INE0CU601026,,23,32,0,0
b7c63139-4406-505e-9756-c815625ed7ac,INE0CZ201020,,19,14,0,1
9016d268-0b53-5b03-b3b6-f830fca82857,INE0D0K01022,,0,0,0,32
42a3423b-ddf7-51b0-b15a-8daa773b3534,INE0D0U01013,,26,32,0,0
06653ce3-6a64-58fb-aa79-c7fb59cedd5c,INE0D6701023,7775968c-3fc7-4d59-8c28-ff8837bfc8d7,73,32,0,0
091b1797-b9a1-55fa-ae22-a87fb72e0bc1,INE0D6I01015,,42,32,0,0
cee1d8ea-95e9-5596-b867-d8b55ef38f35,INE0D6I01023,,0,0,0,20
bf004a60-ba0a-570f-bf00-e467fbe45333,INE0DAB01012,,11,20,0,5
68f28991-6350-5c06-ac7c-cc9d93333fa9,INE0DD101019,,48,32,0,0
e6b2df4a-7875-57d1-bcf4-092eda56c58b,INE0DEZ01013,,0,0,0,30
481a1119-faf7-5d3a-b69f-228ac413c2e5,INE0DGC01025,,0,0,0,32
f07a1387-f576-568d-b2a9-49409aae8a77,INE0DHF01018,,0,0,0,25
a348aaec-7cbe-529c-9d58-794e18c06e28,INE0DK501011,02e53d39-2b52-43d7-aa8c-46e7c5605e8d,31,32,0,0
836ec303-3bbc-54f3-8aaa-356299a1f267,INE0DM401012,,0,0,0,18
31409683-14c0-5f77-9dac-aeeb1b53a032,INE0DNW01011,,26,32,0,0
df095726-50e8-5820-aad3-00aae396f247,INE0DRI01029,,1,1,0,0
353dfe15-9219-5418-98e9-db407a39d077,INE0DSF01015,,32,32,0,0
0bd875b0-8b13-582a-9c47-04aeafa3caa6,INE0DTQ01028,,0,0,0,32
dd0bc00a-dc86-52bd-af73-9cf049fc275d,INE0DUT01020,,31,32,0,0
090f66cc-2093-52fd-a06b-f11bb20a41f7,INE0DYJ01015,0a8c43be-cc13-4376-8e87-7af1ac9c0e76,55,32,0,0
3d77fced-4025-59b2-9bbc-cb76fa66d978,INE0DZ101013,,0,0,0,32
dd42cc73-842d-5935-bfbb-28a3007be8ee,INE0DZ701010,,0,0,0,32
528dedbd-7e28-5e30-9d7f-7e146e8f0711,INE0E7301029,,13,8,0,2
6b278b85-ea4a-59b2-9ea8-5006872d0f0c,INE0EAS01014,,0,0,0,14
e8f9ad8e-b8c2-59fb-a37c-63fa88ccc55f,INE0ECC01022,,0,0,0,32
27952608-f873-523d-adc0-e8d00bba1c2d,INE0ECP01024,,0,0,0,32
89dbb918-8392-5883-b962-bb1e15004f5e,INE0EDU01014,,0,0,0,11
f9999c10-c718-57ed-8ab9-52446b98995e,INE0EEJ01015,,27,32,0,0
eeec275c-96ba-5fd1-b827-3f5dd1c40ea1,INE0EEJ01023,,0,0,0,30
e59598d7-2117-5295-8c6e-c7eb9eb51649,INE0EK901012,,33,32,0,0
106cc20c-c953-5994-b598-30a73dd4e311,INE0EO401019,,0,0,0,20
19425238-ac1c-5b39-b02f-7188ad57057c,INE0F3301020,,0,0,0,32
cf89aa0f-aad7-5588-bab7-5c5b649bf7ac,INE0F8901022,,0,0,0,9
d60859e8-eb0d-5cbd-a33a-bb5434eaf9c6,INE0FFK01017,,23,32,0,0
e7447cf7-5d1b-5d8c-ae4d-45cd28ae5f7b,INE0FHS01024,01922190-3635-4057-b6b6-36bab37637cb,0,0,0,32
7770eab3-684e-5afb-873f-7801b9ec99da,INE0FLF01015,,0,0,0,16
a1c89625-74f7-5f74-967e-f5a0f100455d,INE0FLR01028,,25,32,0,0
2a9eb1b8-0974-5bd8-8e9e-f036750c5f5f,INE0FMW01018,,22,32,0,0
58365bef-f328-527f-998a-7e4652a7c75c,INE0FOO01011,,3,1,0,1
d1bca4f9-b5a3-5736-9b50-6876bef90992,INE0FPO01018,,0,0,0,25
0186d00b-dc4d-56b6-af7a-0aea7ce81359,INE0FRK01012,,14,9,0,0
b13d3825-ff37-5127-a75e-e9891e9e10e3,INE0FRK01020,,0,0,0,23
8c0f50be-9344-51dc-86ba-c4a5cc59b6c3,INE0FRO01022,,0,0,0,1
e80a24d1-388a-5b74-ac2a-3b3291fa5580,INE0FS801015,,22,32,0,0
74f00883-443f-5377-9112-3fa6410dad6b,INE0FW001016,,12,12,0,0
0a2c9b0e-312d-50a2-8dd4-342c387cd10c,INE0G1D01014,,0,0,0,32
6bfe6355-ebd8-5f27-949c-12a4216ef3a7,INE0G1L01017,,10,32,0,0
cd8e6059-c6f1-53b5-94ff-40529a32eeb5,INE0G1L01025,,0,0,0,5
d397aa5f-c369-5c12-968a-e10ea64a5992,INE0G2G01015,,0,0,0,32
fbaf2b73-1052-5a1b-877c-b555d1c0eeab,INE0G5901015,,56,32,0,0
ac4c48ee-f12e-5a7a-862b-e8ef9f113ecf,INE0GAN01010,,0,0,0,1
ee7c7608-ecd4-55f7-aded-2e70b3a8e986,INE0GFE01018,,39,10,0,0
e7d89d0d-6c2d-5f42-bb5f-b2074309ecd6,INE0GFE01026,,0,0,0,22
b22bb9c2-db36-50e1-9c66-2cd72201eb5c,INE0GGO01015,,25,32,0,0
38b24fa0-1dc5-5d4d-9902-2758e7e512bc,INE0GIU01018,,28,32,0,0
2e2e77d9-f271-53b8-afa9-cf1ca5463e07,INE0GK401011,3f3e4dc7-7a59-4bca-9fc4-2a9039d97763,26,32,0,0
ea67ce6c-f33d-51b1-8abf-8ecd7020b22f,INE0GMR01016,,12,32,0,0
855094c6-62bb-5c2d-be10-0d35d4154f97,INE0GN101014,,0,0,0,32
63130682-a8b0-552d-b70b-cf1f532c3940,INE0GOJ01027,,0,0,0,32
e169cbb2-27a5-543b-844e-11fb3d4aa16f,INE0GSL01024,,0,0,0,32
123c07d2-3f4e-58cc-9b06-230cd586df0f,INE0GV601021,,5,13,0,1
50517605-4444-5c0d-9f85-3a5267ea354a,INE0GXK01018,,0,0,0,32
a0f5a6c6-9740-5c11-b21b-3b17fffd976e,INE0H4201019,,0,0,0,1
b7dbb2cb-bc13-575e-ab28-a3e5808b5c77,INE0H4B01011,,0,0,0,32
3a2efe77-0573-57db-8d3c-253bd81f1ace,INE0H5O01029,,49,32,0,0
8ad71f9f-d28a-51a8-8c4f-0a347ee2f9f6,INE0H9F01037,,3,5,0,1
9bcbe3d7-3604-5831-b1b4-5c9869c2ba97,INE0H9P01028,,17,15,0,1
df8214ef-43c4-5bfb-8157-a0d42689b416,INE0HF201011,,12,12,0,0
57271a31-ff58-5a8a-9e43-428fd9108f2a,INE0HKW01018,,0,0,0,32
4966898a-403f-5003-9056-208968d0f322,INE0HLU01028,,16,21,0,1
ed95672e-bb4b-5d32-8eef-54bb331254e1,INE0HMF01019,,34,32,0,0
6dcf85bf-a82a-5b56-b79b-26e06baded58,INE0HOL01013,,0,0,0,1
6c1d2d56-e679-5575-b731-ad63b1efacbf,INE0HOQ01053,ba228714-f7a2-4ff5-97ff-9dfda103ea06,5,11,0,0
5c94d265-a0b0-56d5-b404-61e162262d67,INE0HPK01020,,0,0,0,32
1e6a597e-81ba-5280-b778-b6a8c5e404f4,INE0HQI01014,,0,0,0,32
d226db5d-0fea-55e9-a934-bc2e9aac2d67,INE0HR601026,edae516f-568b-48b2-bda0-85880daed7da,9,20,0,1
46ae56f2-e3c9-5f2d-89ee-5e1cb61b3c74,INE0HS001010,,0,0,0,17
8fca506e-c9f9-5e33-b50b-59393daa8c16,INE0HS001028,,0,0,0,15
ca8f798c-1dda-53fb-a887-616b0507545d,INE0HV901016,,58,27,0,1
62a94220-6e3b-5ac9-ad94-3c7e77c37598,INE0I0M01023,,6,19,0,0
352b4dde-e675-549a-bb3f-0e20b4e71554,INE0I0T01010,,4,2,0,2
286bb3d5-bb4d-51e3-aa40-d8e29e1f2340,INE0I1B01016,,4,1,0,0
eb3ee52a-df18-5bf0-b6ab-4564920c2efb,INE0I3401014,,26,32,0,0
051202ca-73cd-545b-9940-183aed821a79,INE0I3H01019,,0,0,0,32
d8545104-64c4-58fb-81d0-85b7812ed458,INE0I3Y01014,,0,0,0,32
94c8d367-15dc-58b6-a4ed-91b7fde20bfc,INE0I7C01011,,63,32,0,0
bbe4bb4f-d5ae-5508-9e99-914613d2205b,INE0I7D01019,,0,0,0,32
04f6365a-b88a-5403-afc7-34da3717c2cb,INE0IA701014,,0,0,0,32
61851a77-9943-5b61-afce-9828acf3465b,INE0IGO01011,,0,0,0,32
020a165d-5b4b-5304-9c0f-54e115f0f3c0,INE0IJF01013,,0,0,0,15
8aed0e3f-9740-58b9-8d89-632d073ec19d,INE0IJY01014,,0,0,0,32
43214ad1-d6b8-5dd0-833c-56f90e07334a,INE0ILV01024,,3,8,0,3
a8d83aac-0269-509c-baa2-58fb2bc883a0,INE0INJ01017,,24,32,0,0
657a0173-34aa-552c-84fd-74482d5f02b3,INE0INX01018,,8,16,0,1
ee3287ee-b604-5853-bffd-e6c2e9de7c7e,INE0IQ001011,,43,32,0,0
c2bb7fb0-ddb3-5d71-b0ad-3601eb262cd2,INE0ISX01025,,4,2,0,1
a8edece3-5279-5c2c-abe0-26ba4f316202,INE0ISZ01012,,0,0,0,28
e7e5a55c-d62e-57d8-8833-0275db419b32,INE0ITO01014,,0,0,0,32
1ade775d-a1ee-54a1-859d-0ca5462ca2fd,INE0IX101010,4cd44d45-e5c6-4696-9744-25c19f44ac8e,30,32,0,0
484417c2-f16d-5f85-9953-66e513114182,INE0J0B01017,,20,32,0,0
4083e074-112f-57b9-b1b5-9802cb9cad3d,INE0J1E01019,,0,0,0,8
d8d303a9-3d3b-5baa-a4ba-8bb6f0f447e5,INE0J1E01027,,0,0,0,24
f94a5585-041b-5b0e-8d2a-2d65a560854d,INE0J1F01024,,21,32,0,0
280f6d0e-6e5a-54ff-b148-0197c3a89312,INE0J1P01015,,0,0,0,32
3d7f77d0-b117-520c-863e-c1589aaa203f,INE0J1Y01017,,36,32,0,0
c5e4bc74-3ba4-5fd0-9cd5-7f1bb073dd50,INE0J5401028,,29,32,0,0
d73705ee-63d3-5241-924f-d49ca40e0b78,INE0J5601015,,15,32,0,0
779344ad-9505-5edb-890b-81bbcaa817ac,INE0J5801011,,23,16,0,0
12426f50-ef49-591c-a1fc-f4f866c6ac94,INE0J5801029,,0,0,0,16
3d3b363a-b540-542e-862b-a7a5dd0e70ab,INE0J6801010,,0,0,0,32
45378b9d-bffd-590a-8b78-94ca965942b7,INE0J6L01013,,0,0,0,32
bc198024-fa68-5f56-8e35-3ceaf6d667e3,INE0JA001018,,28,32,0,0
782ef864-a80e-5aca-b4c1-a3acc3235c4b,INE0JFJ01011,,0,0,0,32
cb1747c9-7b07-5626-af31-95d2ba229d76,INE0JHH01011,,17,32,0,0
92ac5afc-9bc3-563e-a176-4f16d1059234,INE0JM501013,,28,32,0,0
2b347f1e-4a76-5825-89c1-642e386ea715,INE0JO301016,d9c3bd06-63dd-4272-8408-1ced7ec9faa6,28,32,0,0
e71e08c4-8bf8-56cb-8e50-97fefb7af549,INE0JOO01021,,0,0,0,32
12f82466-e5b0-571e-9cc4-55f38930fbdb,INE0JPD01013,,25,21,0,1
ce698796-9dff-51d3-b5c0-aba0cf36b13f,INE0JQS01019,,0,0,0,24
aed702be-e531-5ded-8d84-952f184a7e48,INE0JR301013,,0,0,0,32
0b59aaef-e175-5c57-989a-b751b2e82d3f,INE0JR601024,06d58b99-b545-4fa8-8f88-9f8faab0c404,21,32,0,0
50acde70-c508-51ef-b015-33c373aa8257,INE0JRD01019,,0,0,0,27
9d49f1a1-fdbd-5576-a71d-13ce2bb1de39,INE0JS101016,,26,32,0,0
65eb2ec5-219f-5e95-87b3-4147556201d6,INE0JSX01015,,28,32,0,0
ac5eea07-3269-5c44-a24b-de589bf8e867,INE0JUI01012,,6,3,0,1
6b61d0aa-db20-561e-bea4-6222c58d74ca,INE0JUS01029,,20,32,0,0
4942578e-2560-570c-bf39-ab0162d9c975,INE0JVO01026,,16,23,0,1
6e36f17f-48ef-57d7-b0be-73993c1272ad,INE0JW501011,,0,0,0,32
c35c1103-068e-5932-8f17-b7b5e21cadcd,INE0JWS01017,,31,32,0,0
d91a5389-a799-5fa6-92dd-4cd675607f1f,INE0JWV01011,,0,0,0,32
0fa535a6-4909-5cfa-aaae-d0a14cd8ec5d,INE0JYY01011,,31,27,5,0
3f086777-fca9-5cfe-aa58-dd03c3693958,INE0JYY01029,,0,0,0,3
3ede5f7d-d08d-5ebb-8cbe-2956c6ad6063,INE0JZA01018,,0,0,0,32
9dc8d271-afd4-5b93-ad7f-425bbed907b3,INE0K3301012,,0,0,0,4
9b7bb40d-5919-559c-ae1f-fb37a9216e5a,INE0K4D01020,,0,0,0,32
619d93e8-a0ea-5f00-93fc-0027758545e3,INE0K5H01010,,0,0,0,32
2b74761b-1130-515e-9310-27c929b8260c,INE0K6601012,,0,0,0,30
f7e88e3d-880c-5675-b4cd-0fe15c35dfe4,INE0K9O01026,,3,1,0,1
0d58087e-e5fb-5f7d-8ffb-bcbc6d26c344,INE0KBH01020,c9b5f6f8-76be-435d-bba0-c4432e8441df,14,32,0,0
d8041824-04c7-5b21-af5b-8cd3257ad3b8,INE0KCE01017,,13,23,0,2
dfaf9188-183c-52f8-b66e-d26087973fe7,INE0KFF01017,,0,0,0,32
0a05b898-e5d2-5f38-af6b-54d9ef8d1a75,INE0KGZ01021,,17,32,0,0
ff80b6c5-53b5-510d-b85c-20c0066c423d,INE0KKN01029,,6,11,0,2
196b26a7-38ec-589e-8224-d53ddfaaf751,INE0KL801015,,53,32,0,0
59e34efb-62b5-5f44-acbd-8bbb744bd338,INE0KLO01025,,0,0,0,19
f6005436-1bc6-5f63-aaff-6c5ade0d7587,INE0KN801013,,0,0,0,32
eff74b1e-1e84-5393-b480-25d6a7d38a57,INE0KNT01012,,15,32,0,0
ffb4ee80-2768-5e8a-a5cd-d8fe487f5d97,INE0KNW01016,,18,32,0,0
7a278d63-82c2-5004-9305-061961716ce2,INE0KQN01018,,21,32,0,0
480513c2-2076-508b-b960-464a3a1eecd0,INE0KT901015,,0,0,0,32
f8e87a6e-e375-5bdc-86d2-c7990ababc8d,INE0KTW01013,,0,0,0,32
c3c9292f-a2a9-589d-a07d-9df77b6bef96,INE0KWF01020,,0,0,0,1
cbb6e518-430d-5c6b-9a9a-ca37e248c8fc,INE0KZ301010,,0,0,0,32
dddc78f7-8fa2-51ac-a326-9dec5a9d93d3,INE0KZA01016,,0,0,0,32
7392d791-e5b9-5353-a891-6b8567d366e6,INE0KZF01015,,0,0,0,26
04cc9dd4-8d1a-5ec9-b783-5af8c4af698f,INE0L0L01012,,4,8,0,3
988786f8-fce4-5fb1-86be-3a4ab1e0c6bb,INE0L2Y01011,,0,0,0,32
f786ab0e-dfbd-5380-b064-6061eb68e024,INE0L4K01016,,10,16,0,16
789db0cc-c5c5-5e4b-89ac-7409fa4bf251,INE0L4V01013,,0,0,0,32
1e219b3e-94b9-5cd7-9490-6430590f11fe,INE0L9R01028,7d734810-b30d-469b-9015-2c43207355b1,17,30,0,1
16fb16d9-2e71-5ad4-a337-eb3a0c5293f4,INE0LA901015,,0,0,0,32
95897f93-8edc-5fc4-9e83-05aba10cf0c8,INE0LAA01017,,0,0,0,26
734acaa3-b7af-5239-897a-e1ed1d27fae7,INE0LCL01028,87132afb-e054-4ba2-adae-dc325637c001,19,32,0,0
6c3e6a90-dcd7-5fa6-8ed8-0043f016aaf1,INE0LCW01025,,0,0,0,32
41f62901-9930-5d1e-bcaf-23549a9de776,INE0LEG01024,,2,1,0,1
c5e07fbc-4e8c-56c5-9bba-9d363e572be8,INE0LEX01011,,0,0,0,32
eeac26b4-53f4-566e-817d-2b09ca8ed76e,INE0LEZ01016,,15,14,0,3
33a5faad-45f0-5e25-8bad-e528ee6b79ac,INE0LF301013,,0,0,0,32
9bcdd25b-59f4-5754-87c2-0d77eaf30a69,INE0LGX01024,,5,5,0,2
6934227d-5a2b-52a2-9958-2efbd73acc82,INE0LLY01014,4e30d7b2-e298-44a7-a8de-bbfc00402cf2,16,22,0,1
b2de7c50-5ef4-55c7-bf1e-5deedfbf69a5,INE0LLZ01011,,0,0,0,1
5ad7f710-97c9-5a6b-9571-1f6346481290,INE0LMW01024,,20,32,0,0
88466fc3-dcc0-5cb7-be73-0c707572499d,INE0LOJ01019,,24,32,0,0
12b58c49-3848-517d-8c98-ba539b6838bf,INE0LP301011,,15,10,0,1
5c62b9c8-c357-51fd-a874-cc58cc29097d,INE0LQG01010,,0,0,0,27
357148f9-719a-50b5-ba5c-caea9d7e588a,INE0LQQ01019,,0,0,0,32
70e2e6d9-564f-5885-af2c-2ee581593aa2,INE0LQS01015,,25,32,0,0
d9b309fd-2272-55b4-b8af-267c89806a09,INE0LR101013,,0,0,0,32
c824004a-bd48-5d00-8aa7-6cccebb15f11,INE0LRU01027,,23,32,0,0
33770a8a-be0b-5bd8-b6d3-2047d56ec091,INE0LRY01011,,19,20,0,1
a0de1180-fbd3-57d7-8c83-962b7cd00afb,INE0LS001014,,0,0,0,24
5c4ef955-693d-531b-b5d7-53be6ecbe601,INE0LVM01018,,0,0,0,32
4de46b02-1c31-5114-a609-8a2301e7edaf,INE0LWY01029,,0,0,0,32
ce30b487-1676-5b06-b80e-98f02774e74b,INE0LXA01019,,0,0,0,32
ff0ed9ae-b880-5917-9905-e0aeebc05eb2,INE0LXG01040,,14,26,0,0
6f10796a-6e9c-560e-a377-319398d55cae,INE0LXT01019,,28,32,0,0
3b83db09-4850-5591-8ee2-1bda47d9379d,INE0LZF01013,,1,1,0,1
984861a0-b6de-520f-ba92-8c46be314f19,INE0LZF01039,,0,0,0,2
bb7dc585-b74b-5dd9-8bf4-eaf398d8b136,INE0LZO01015,,0,0,0,32
0425bf4f-9a67-5291-969e-db90475b132e,INE0M1F01011,,0,0,0,24
869aa3a7-e63c-5602-a13a-dabaa49ca0a2,INE0M2X01012,,0,0,0,32
3d6377a7-6a1b-5262-ace9-30562a644539,INE0M3I01029,,0,0,0,27
dc76cec6-40e4-52cd-b9f2-d5cb368d36e4,INE0M4D01010,,14,20,0,1
57e97a0e-0ec7-5d49-984d-ccde329ad575,INE0M5301040,,0,0,0,1
330ade1c-03fe-5c65-9120-ccf022db25c6,INE0M7001010,,0,0,0,32
01fa9466-3fd0-53ad-b7bc-48fb80f4dddc,INE0MB501011,,12,29,0,2
3099c66a-3850-560e-8dbc-4f34d30290e6,INE0MEG01014,,25,32,0,0
46592fb9-3cc7-57ff-893e-91c8f1a35914,INE0MGA01012,,0,0,0,32
40ced399-6ec1-5c9f-bd21-234f6dba70d2,INE0MGM01017,,14,32,0,0
54cdca2e-3e9f-51e4-b702-0d0516391b7c,INE0MHO01029,,16,13,0,1
96bf749a-9052-5e1e-9c3a-54d5b6bd5f56,INE0MIS01010,,23,32,0,0
3bd81cb6-7334-55d4-b0bf-80231d313325,INE0MJQ01012,,0,0,0,12
3f86c8ee-7b64-5ac4-aa44-0f9b0942e6de,INE0MJQ01020,,0,0,0,20
afdd4559-6fe5-5e80-8537-e11c51a17f31,INE0MLA01012,,0,0,0,32
cddacb78-c57a-5fa2-bc09-911b744aba35,INE0MLS01022,,12,12,0,1
bb66b3c1-3a55-54e3-b664-e37d99171dfe,INE0MLZ01019,,0,0,0,32
2d04600b-76c0-57ea-9d7b-5e36ad467b88,INE0MM001019,,0,0,0,32
4cdb93fb-0743-5fdb-a616-fee4c68dd534,INE0MO401019,,0,0,0,32
c76e3d33-ff9a-59f2-9092-64f70f610c57,INE0MOT01016,,0,0,0,32
e15a6374-906c-5234-9331-f27d3c52326a,INE0MRA01019,,0,0,0,32
1707bcec-6763-5451-a204-0a751984c0c6,INE0MRE01011,,0,0,0,32
49e3f7dc-ba2e-55e9-b9a1-91c1d8550d3e,INE0MTP01013,,0,0,0,32
59d76995-214b-5936-a388-15bb79bbf27e,INE0MVO01012,,0,0,0,25
346cee10-8961-51a8-b01e-b32b083ae93e,INE0MWH01014,,15,12,0,0
17f2f509-3194-533e-9331-0d43deeaf4a1,INE0MYZ01012,,0,0,0,16
14189ff9-1776-5e15-9f9f-8248b51e429d,INE0N0Y01013,,26,32,0,0
9a7c0140-2a1a-5c24-bb37-45194dafc45c,INE0N1401016,,0,0,0,23
046051c5-5c8b-5040-9346-89ba82bbb955,INE0N2D01013,,0,0,0,28
77353ac8-78aa-55c6-bcad-491b91d028d8,INE0N2P01017,,19,32,0,0
1692603b-520f-52f3-9705-55ba1baf926d,INE0N4G01012,,0,0,0,32
576bd2d1-63fd-5155-8dda-3d0d4c1df38c,INE0N5801013,,0,0,0,32
85f15a84-8834-5b70-832d-46f1226b89d1,INE0N5H01017,,0,0,0,32
5bb48cd5-db11-52db-9118-4a4ecdd86f32,INE0N6D01014,,0,0,0,32
1680f230-3298-543d-805c-808395e3020d,INE0N7F01017,,0,0,0,32
9c2805c7-dbbd-5e3d-9293-73a5b156ca8c,INE0N7S01010,,0,0,0,18
d684f794-f911-57a2-bd21-2366d78af21a,INE0N7S01028,,0,0,0,14
3195582c-f73a-5944-8a34-407b0fc4d3c3,INE0N7W01012,,41,32,0,0
f9107bc4-2f0d-5ec3-a7cb-2332ce768c64,INE0NA301016,,0,0,0,32
a608a09a-52ed-52ab-9ee2-a2663606465f,INE0NA501011,,0,0,0,19
2e14f475-68d5-520d-bf65-e30e096dc509,INE0NAZ01010,,11,14,0,1
2bce5ed7-869d-5582-8efc-879a4a5a0436,INE0NB801022,,0,0,0,21
c08246d5-e56f-59d7-8ec9-ea4a3c0c625a,INE0NCC01015,,0,0,0,32
279b6b0e-b883-58e9-9544-1edbd9ea971c,INE0NDX01019,,0,0,0,32
a862d6f1-ad61-56b5-af43-7e220b860bc9,INE0NG701011,,1,2,0,1
8990e3a5-b787-5f54-ba65-966d4563edfd,INE0NLB01018,,0,0,0,32
38ca8c3c-d017-541b-82a0-77e225c8f6c4,INE0NLT01010,,22,32,0,0
58e0b15b-054b-50a4-98e7-3941a10cf060,INE0NN701020,,34,32,0,0
50bfc6a6-7302-59c7-9d65-f2c09d448660,INE0NNS01018,,18,32,0,0
5fdd75f4-ae34-5b6c-bf9d-1c29ff2eb4e4,INE0NNZ01013,,0,0,0,32
827ab457-d372-593f-97d4-8d17e0b6ea90,INE0NON01025,,0,0,0,16
284cdfd8-aa8d-540d-8433-dc4ccd264a5a,INE0NPI01014,,0,0,0,32
9a5354b0-9f30-5da7-bc38-c5eabcd32275,INE0NQ801033,,18,31,0,0
a7373baa-5c15-5f68-8c49-6fbcb2330505,INE0NR701018,,0,0,0,32
78f9b65b-50fc-5835-b52d-3265384da2c3,INE0NT901020,0d324841-f9bf-45b8-a772-0793e19526eb,23,32,0,0
d3520d0a-0a2e-5ede-b872-5dd97690f651,INE0NUL01018,,0,0,0,32
616b8fc2-aac6-56e3-8de9-a57ae5bb41c0,INE0NVI01020,,0,0,0,32
8ea1c6d3-3bf6-57a5-b7b1-69a5efee2cf1,INE0NZW01014,,0,0,0,32
07cb6761-80b1-50a9-8898-6116af7279cd,INE0O0001013,,0,0,0,32
19a1e04c-db5f-5dd0-ad24-eac4d883d9a3,INE0O0201019,,0,0,0,32
11780ff8-ca49-5968-a68c-ef452cd345c3,INE0O1M01015,,0,0,0,32
db1ee2e4-1b54-527c-ac0e-2344535fcfa9,INE0O1S01012,,0,0,0,32
1c1ee078-7a24-567f-a9fc-56f087664e09,INE0O2D01012,,0,0,0,32
403cce18-da73-5668-b55d-f68bbb672c07,INE0O3901029,,36,32,0,0
a11aca44-58f4-59d5-b47c-f63b15782403,INE0O3O01017,,0,0,0,32
6a1308e0-5492-5d06-83d9-8189a78e09c3,INE0O4M01019,,0,0,0,32
138f0531-bab2-5c74-b39b-120a3ce669da,INE0O4R01018,,0,0,0,32
0787c4c1-729e-5613-aa69-e474a56b789b,INE0O5T01011,,0,0,0,32
db98a3d9-a968-5d49-845a-6235cffb8813,INE0O6601022,,27,25,0,0
d4f75c40-81ea-54aa-8f8c-35298f79d3a8,INE0O6N01012,,0,0,0,32
95b1e088-2745-5c1f-8f22-2743d62b7e88,INE0O7401018,,0,0,0,32
5b19dfe4-6c44-5460-aa23-300e602e5910,INE0O7A01017,,0,0,0,32
e8f0e9bb-8f8d-5375-8cb3-dda2f8345a6d,INE0O7P01015,,0,0,0,32
437bcb2c-bcd5-5240-a857-76177236ea5f,INE0O7R01011,,0,0,0,32
ef099dc9-f3d9-566e-a3be-3c930292240c,INE0O9T01021,,13,20,0,0
d4cbcc56-070c-53fc-893e-6a21cf7dcfe5,INE0OAF01028,,28,29,0,1
1313861a-bebb-5850-9e25-10fed34ce967,INE0OB201016,,0,0,0,32
b088991d-4010-56ca-87da-f0dfda826d03,INE0OC301013,,7,3,0,1
3d82188d-f23d-5e92-9196-d1e064dbe226,INE0OCC01013,,0,0,0,32
8c7fdd07-4496-5e8c-a870-4916dc77b47f,INE0OFK01019,,0,0,0,32
c3d18788-4287-557c-90c2-e2a9c8f8f2dc,INE0OFM01015,,4,7,0,1
26be1d40-d129-516d-8e97-1fb1ba02f48a,INE0OGG01015,,0,0,0,32
782b1684-b85a-520c-b532-cc0949db075d,INE0OIP01012,,0,0,0,32
7b61d0c9-1750-55c7-8c93-b2c6a5edbc4d,INE0OJM01017,,0,0,0,32
f8a818a3-b300-57b3-b8a2-81013841aa46,INE0OJW01016,,15,22,0,0
cb68cd02-6748-5353-b8e1-a90d208d8eac,INE0OK701014,,0,0,0,32
91aeed62-ebcb-5514-a13a-3998807804cc,INE0OL001018,,0,0,0,32
2e6a12bf-a08b-56b1-ab0b-f12953c31e2a,INE0OLS01010,,0,0,0,32
74e5279d-88d0-5d18-8017-256b1def781a,INE0OMF01015,,0,0,0,32
959d80ff-b4c1-5157-9560-b0e0a58f2441,INE0OMO01017,,0,0,0,6
f4a640c8-42ac-5501-afc6-4e3338737c97,INE0OMO01025,,0,0,0,26
01abd611-f6ad-524d-a333-a7970cfbb204,INE0ON201012,,0,0,0,32
513c4aa2-8a98-5aaa-b849-3e0f0aa03cff,INE0ONE01016,,0,0,0,32
b1ef4c92-ea14-52f9-b9d9-4a7eeb3f7227,INE0ONG01011,,10,21,0,2
bb2cee04-9b2b-5e37-8685-9f8776e2d58b,INE0OO201011,,0,0,0,25
3fbfa9c5-f9f6-5388-9326-e7e73f38b9f0,INE0OPA01019,,20,19,0,1
24b08b91-6355-5579-8bd2-d481cc45bb26,INE0OPA01027,,0,0,0,4
3b692eef-7aa6-5c90-ac10-a807e1b28e19,INE0OPC01015,,0,0,0,32
ce2c8e21-88c4-5237-be87-bbbc99979a2f,INE0OPS01011,,0,0,0,32
300d44ba-3648-5e01-b99f-514b507b4e7f,INE0ORS01017,,0,0,0,32
5bd80bf8-42ec-52f8-ab4d-6f5a855bd429,INE0OSJ01014,,0,0,0,32
2c9c522b-4456-5277-8d95-2468f1a4a0b5,INE0OU201013,,9,7,0,1
fbc88409-83cf-5d50-8d54-ed633198a08e,INE0OUT01019,,0,0,0,31
fd5995c4-a713-523b-8447-3fd1224b14fd,INE0OUT01027,,0,0,0,1
d1b5421f-a0d6-521f-8c22-bdb1fd872a64,INE0OUW01013,,0,0,0,28
c84e95b9-f25c-5489-8bd9-d149f0339a3b,INE0OV601013,04e452f8-8461-4655-a4e3-5c9c13a07694,29,32,0,0
5aeab537-6e72-56d5-9830-a0010163e762,INE0OVI01010,,0,0,0,32
3af6b83f-f4de-513b-b33b-33ce19e9f9cf,INE0OWX01025,,0,0,0,32
0b23f53b-aeb1-5ed2-8eaa-22344e2d4d76,INE0OWZ01020,,3,2,0,0
49830d3b-61f2-5afe-9af0-fd7c3ecacb22,INE0OXV01027,,0,0,0,27
a1dabf3e-1285-5a90-a9a6-cc1b32ab19b3,INE0P0001010,,0,0,0,32
397a368b-e2b4-597e-8af0-55fd9f68c9a3,INE0P1P01017,,0,0,0,32
df2e11a8-5f25-5829-966b-fdafac5c4810,INE0P1Q01015,,0,0,0,32
1cc0b98d-31e4-5ab7-ad5c-3b22a8240b15,INE0P4701011,,0,0,0,27
84a20397-01f4-5257-8269-0049d0620664,INE0P4T01013,,0,0,0,32
ea788e90-f8c2-5feb-8276-91b67f76bad4,INE0P5R01014,,0,0,0,22
5629b869-59a4-5b74-9606-16c2f7a2fc8c,INE0P6701019,,0,0,0,32
cbe4dd49-5345-5f3f-9842-722604a4aac5,INE0P6P01016,,10,13,0,0
1d4098a8-d999-52a5-bf18-7c6c22d62d41,INE0P7201019,,0,0,0,32
59c68dad-dd89-5be0-b9f7-507e5563e6c3,INE0P8B01020,,13,7,0,1
1e7a7a88-7580-56e4-831a-639233f0c0a8,INE0P8X01016,,0,0,0,22
3dbd657e-acac-5b5f-8b3b-9a91fac10bcd,INE0PA801013,,23,32,0,0
66d96c9f-5e28-5f60-935f-5055fa799b0d,INE0PB301013,,20,31,0,0
5659b3b4-a755-56f4-9a7c-a28366727f33,INE0PC901019,,0,0,0,30
4c9999ba-0176-560f-8ea2-e4d27c22e8aa,INE0PCL01011,,0,0,0,32
0617c08d-a18a-5e7d-96a4-7425217a8477,INE0PCU01012,,0,0,0,26
c2f668f6-b29d-50ca-8d43-6851b0efd9b0,INE0PCY01014,,0,0,0,32
479ba2c6-35d9-507e-bf6b-9c16747f7175,INE0PDJ01013,,0,0,0,32
76388d55-e4b6-53a2-a065-4fef8d9b463d,INE0PE401018,,0,0,0,28
9af62bc1-3577-591f-ae44-e26490d3da10,INE0PEQ01016,,21,32,0,0
4d92a753-143a-50f3-93d5-0b2c59b2fa9a,INE0PIC01017,,0,0,0,32
dca0c803-a6e2-5c75-82bd-e4e0b55c4508,INE0PK601023,,16,23,0,1
654d661a-36a6-5994-800c-2c539f2e341c,INE0PKD01011,,16,13,0,1
3e326c57-7cd3-5ddd-94d4-87b1ccca0a09,INE0PLQ01011,,0,0,0,32
f12d2ea4-c9f2-5a38-ad7c-d1574ed8a5d5,INE0PLX01017,,0,0,0,12
a1bd60dc-9d5d-5a6b-9f94-e5d6c94c1f43,INE0PLZ01012,,0,0,0,32
c74c9119-0a56-5452-a893-c48e5854cc2a,INE0PMR01017,,0,0,0,27
1ef2aa81-7079-51b4-acdc-132640be805f,INE0POU01017,,0,0,0,32
5fd7676b-faef-5bad-a6e9-e5bc035a729e,INE0PPK01015,,21,25,0,1
766e1da3-dcd1-551d-b78b-81d7b0ffb19a,INE0PPS01018,,0,0,0,32
e63fc660-a272-5680-821a-70b1a780191e,INE0PQ001012,,0,0,0,32
cc6ec155-b40c-5785-9b20-e81e96ba8176,INE0PQ101010,,20,25,0,1
bfb1a504-b521-583a-9bac-947c9e4153fe,INE0PQ601019,,0,0,0,19
1ba657c1-c66d-5841-9ed2-4780944a2a02,INE0PQK01013,,0,0,0,28
f956d986-90d3-584d-b63c-40fe16562625,INE0PRF01011,,0,0,0,32
87958bd6-a7a6-5505-a4d0-afb55019810c,INE0PS301014,,0,0,0,32
d2c82e67-f25d-59fb-8d13-573e514e128d,INE0PS501019,,0,0,0,32
51f8a786-792b-5970-b5ac-f057974e8fd1,INE0PSC01024,,16,32,0,0
40e03345-9c7d-5dad-9f6d-497a7a2d7480,INE0PSK01027,,0,0,0,32
d403c2a8-7202-5431-b065-2650e6da7e30,INE0PT101017,,0,0,0,32
cef8cea6-526e-52a1-bf94-36df38115aef,INE0PT501018,,18,31,0,0
deec3f83-c106-5330-a346-db929b671f87,INE0PTR01012,,0,0,0,32
f9a6d4b7-a493-52b9-9199-4e629447b37a,INE0PUC01020,,0,0,0,32
11abf8e2-28c6-59c1-a7da-4a7a8f4804cc,INE0PW501021,,0,0,0,32
11f13a86-d537-51b7-9d53-9633d10188b6,INE0PX301025,,6,1,0,1
92e41a43-cfc3-5e84-b2a7-110690026957,INE0PXC01024,,0,0,0,15
904c5b52-a206-519e-b95f-bdaf6ec3b8f3,INE0PXD01014,,0,0,0,32
027e6ce7-0536-5a67-bc79-c5201b86f0a1,INE0PZA01015,,0,0,0,32
440a4573-36ac-59b2-8252-81aad2850b8c,INE0PZK01014,,0,0,0,32
35f16faa-381b-5c1d-8778-07d7c80ea733,INE0Q1W01012,,0,0,0,32
b11dc602-c8cf-5a41-bf97-fcff172b0cff,INE0Q2V01012,,0,0,0,32
e5754730-b48d-5c21-8198-0316e48c1f03,INE0Q3J01015,5a4b43d5-3633-40f6-93fe-a14c9b3f9db2,12,24,0,0
3ff85945-25f3-5dd3-a4bd-47d63538766b,INE0Q3R01026,,13,32,0,0
91be975c-9b5f-5305-a505-c74a55ce2b4f,INE0Q4701019,,0,0,0,32
74846a5e-76a3-5aeb-aad0-7b2e454a44ec,INE0Q5D01013,,0,0,0,32
1ddd9776-bdb4-59f2-b5da-7049c939c0b6,INE0Q6001012,,0,0,0,25
f43d4ee8-f7f2-5543-a699-42b65eb2904f,INE0Q6H01012,,0,0,0,31
91e8b40b-b9c5-592d-8468-16248678f8e8,INE0Q7P01013,,0,0,0,32
efe7d8a3-af24-5ab6-bfa4-576fa9e7d005,INE0Q9301021,,15,19,0,3
81f4fba7-59e4-5bd3-82b4-f12eca7a0cc1,INE0Q9601016,,0,0,0,32
fa45bc3f-c7a7-5c89-aaed-961332816f88,INE0Q9Q01017,,0,0,0,32
a385762f-0c35-5eec-87d8-1d37450ecd69,INE0QA601016,,0,0,0,31
ed5609be-d24b-5755-9b2f-163c4c4cb515,INE0QBU01012,,0,0,0,32
133acef4-add0-5b35-bc01-296fc01fc299,INE0QD201012,,0,0,0,32
f8419f50-4d80-5521-9706-1b10e0b45b7e,INE0QEI01011,,0,0,0,32
c4fa3f38-82ae-51d7-b381-4e2deba8e2d9,INE0QFE01017,,0,0,0,32
d909e3c2-7fd4-5745-bf39-3751b4fde74d,INE0QG301017,,0,0,0,32
18c774ee-2a05-55a7-afee-a07fc3c940ed,INE0QHG01026,,0,0,0,32
44c1aec7-4d0b-5515-9691-93448b3b9316,INE0QJ901011,,0,0,0,32
3434d38d-221a-54bb-86f0-6adba7d1788b,INE0QJL01014,,0,0,0,32
86d44b20-4059-5c4f-9e08-f9bc21a30621,INE0QJW01029,,4,2,0,1
9411e9fd-e125-5630-aa5d-e669b9df20a6,INE0QN801017,,44,30,0,1
7aa32878-02a9-5b3a-ae00-7a1ee0daa759,INE0QNI01012,,0,0,0,25
05051ed3-1f2e-5b06-bcbe-67247f44c6f9,INE0QP001012,,0,0,0,32
3c4e26ef-b656-54e9-aee1-886d069f046b,INE0QPI01025,,5,10,0,1
a9c57be2-ea55-5f1a-8286-0281288dac24,INE0QQM01017,,0,0,0,31
26b77199-0835-51c1-b7ca-53e3fb176275,INE0QR801013,,0,0,0,25
2ddc8617-3ded-59b4-bccb-fb09cf1f21b2,INE0QRL01017,,26,24,0,1
cc9074b7-09e6-5f13-a923-5091193f629e,INE0QRV01016,,0,0,0,29
41cfc31c-adbf-5b13-b9df-a13a6ed27677,INE0QTE01018,,0,0,0,25
8f1c539d-5702-57c5-8f8d-cb56ea77c0e0,INE0QTF01015,,32,31,0,1
6d25009e-77c3-5539-8df4-c725786e456b,INE0QW501012,,0,0,0,32
0e6666b7-20f8-5104-a411-4c48b046d0b9,INE0QWN01013,,0,0,0,32
8d6bb0ac-f76b-507a-a283-dad069f535b1,INE0QX401014,,0,0,0,21
822896ca-53a2-5bbe-ba98-16090a3f4cf2,INE0QX901013,,0,0,0,19
030af391-c6a5-5696-9999-29ab16ca102d,INE0QXL01015,,0,0,0,27
53698a77-fa23-5171-85a2-e1355e29ea5b,INE0QYI01019,,0,0,0,24
fb87f8cc-0d63-5461-834a-a4dff28c7352,INE0QZM01018,,0,0,0,30
a8908d39-59f6-5729-b8c5-bba066362323,INE0R0201012,,0,0,0,23
db626f90-f059-5079-8be8-79e1a085d868,INE0R0J01010,,0,0,0,27
f20b6523-3337-5627-b072-6b9817e16c3a,INE0R1301019,,0,0,0,3
fd0d2fbe-ce81-5f0d-b32a-78dfc99bb7fc,INE0R1601012,,0,0,0,32
08b9ebeb-c60d-5375-a8ea-d249150a4acd,INE0R3101011,,0,0,0,27
64e4f3fb-2115-5d48-9d27-761f053a5621,INE0R3501012,,0,0,0,32
85fe4409-0e1f-5768-b09a-cf6555dcb229,INE0R3T01013,,0,0,0,29
1fe55668-0f7e-56d5-b0ea-85dc13d21dc0,INE0R4701017,,0,0,0,32
1ded294d-388a-5f88-ba7d-9d8df9f57c1b,INE0R4L01018,,16,20,0,1
d4094649-9fea-5f98-9564-49a90804b6c0,INE0R4Z01018,,0,0,0,26
deeda0d3-fd99-5d73-b058-d3f694ed1203,INE0R6C01012,,0,0,0,31
c7ef993b-9a20-5fee-a824-0f9645c47489,INE0R6Z01013,,15,29,0,1
6425f914-9b0d-5d1c-b312-49365f836088,INE0R7301013,,0,0,0,29
de5f64b6-66b9-5461-8934-8d51f02f5447,INE0R7401011,,0,0,0,30
37e00389-a7e0-501f-b1e7-57e3bc8811ef,INE0R7R01018,,0,0,0,32
017dd46b-752d-5553-b2fa-d4838f4cbb11,INE0R8B01010,,17,13,0,1
a0c523c4-cf17-55cc-bc23-c5927aadb819,INE0R8C01018,,0,0,0,27
f0963956-d177-5c96-83db-0ee9dc5d5afc,INE0R8M01017,,0,0,0,31
03fb1849-a5dc-51cf-9a2f-8bf037c924c2,INE0R9101015,,0,0,0,20
9d955fc9-4b6a-58cd-b625-532b58961dcc,INE0R9401019,,0,0,0,31
c0df5071-64b6-535c-81bc-be5065836b91,INE0R9I01013,,0,0,0,11
b645f877-8da2-5914-8b44-5ad15a302285,INE0R9I01021,,0,0,0,20
0246bd3d-8323-54f6-9f6a-b70e5dc941a9,INE0RB801010,,15,21,0,1
b6bf0eb3-1723-57ed-8996-3d3898334337,INE0RBQ01018,,0,0,0,24
859d2ef9-0b2f-57f2-be5c-a7f96d5a5b66,INE0RCG01017,,0,0,0,32
658bd85a-7008-5c5b-90ca-d9aef764e3f8,INE0RDE01010,,0,0,0,31
df1b7433-93a9-5134-a999-14cf72bca113,INE0RDH01021,,0,0,0,32
891a4a60-58f6-5a91-b5fe-ff47859d8192,INE0RE001014,,11,25,0,0
6aa88db1-422e-5646-9916-f03e9126b098,INE0RFP01011,,0,0,0,26
e83b7e1e-1bd7-50c3-ac1b-856849e000ec,INE0RHD01013,,0,0,0,22
ec529bda-618f-5bc0-b5f4-b2f796f62acb,INE0RJH01010,,0,0,0,30
6539af15-f824-5187-9e46-408514af5c4c,INE0RJM01010,,0,0,0,30
ceea94ae-ccbe-5966-94c2-1d9ea1c983d0,INE0RMF01018,,0,0,0,25
1f00eee0-398c-51af-8e8d-452917936431,INE0RPM01017,,0,0,0,27
59c6ccbb-ed1b-5d31-8f71-57706bd15a45,INE0RQZ01017,,0,0,0,32
4b8fa9ed-37eb-50d5-bc65-b1b74114c39b,INE0RRU01016,,0,0,0,29
a8ae7b79-c579-5bed-9f76-2492dff71eaf,INE0RUV01018,,0,0,0,28
6de6e6c6-7650-5338-a5a9-c51e564c0375,INE0RVQ01016,,0,0,0,25
35b07b3b-b97a-5aa1-8ec9-2b6299c511f1,INE0RWQ01014,,31,24,0,1
2b1af231-28e5-52ef-80d2-5d52496cb3aa,INE0RXB01022,,0,0,0,25
1598ad2d-b7ce-5ecf-b1ea-19922b8eff1b,INE0RYC01010,,13,20,0,1
8b6663cd-8ce6-57fe-ac15-fba66d78db57,INE0RYR01018,,0,0,0,12
b0edf6e1-33fc-5fad-83e8-4dd9694e25ec,INE0S1D01010,,0,0,0,25
5eead8af-e0b7-5fa9-83ac-fc3790db67c1,INE0S1L01013,,0,0,0,29
386fa5e2-2cd5-575f-8eb8-3b0f2cddbcc4,INE0S2E01016,,0,0,0,31
a9031e28-6734-5378-89a8-f8543caec872,INE0S2G01011,,14,24,0,1
7886ec50-f83c-5788-a7c2-922a09e9b581,INE0S2V01010,,22,27,0,0
ebf36bda-31a3-5132-8917-d82a6281e705,INE0S2W01018,,0,0,0,25
e9a9a386-d682-573c-982d-c61ce87587b4,INE0S3D01016,,0,0,0,29
06721616-3a36-5a7c-ac13-a5e0951ac189,INE0S3G01027,,19,12,0,0
8d5eb7c2-6367-5cbc-a2d7-2f6dea9893f1,INE0S3H01017,,0,0,0,26
8cc0f41e-c29b-56fc-a9f7-9d92265e120e,INE0S3X01014,,0,0,0,31
721ac79b-4578-5d04-8c96-7820518b25e3,INE0S4R01014,,18,14,0,1
6b58ea1a-0506-5715-944b-89cc576796ca,INE0S4Y01010,,0,0,0,31
dc2e4fb4-338d-5778-a63b-4a5fbf62ba2f,INE0S6S01017,,0,0,0,29
9364012c-4acd-5cb3-b29b-973baa71b707,INE0S7801010,,0,0,0,30
eb78b890-7953-5409-9873-140dda099a4d,INE0S7C01019,,0,0,0,25
5009674a-6646-52da-92c7-6a89fab0ed59,INE0S7E01015,,0,0,0,28
b55aa8be-7936-5084-b19c-5a4b236e5921,INE0S8401018,,0,0,0,30
513772a7-ba84-52ae-802f-2a5b2c942fc5,INE0S9101013,,0,0,0,28
815266d4-4605-5d26-9534-2dfc8a6e3ac5,INE0SA001017,,0,0,0,27
19b2f18d-4c14-54ef-8488-4c34c4349104,INE0SAK01011,,0,0,0,30
63eab87c-9a4b-5bd0-9059-748a534eeba3,INE0SBP01018,,0,0,0,26
8ff3f983-f43b-5d1e-bc01-a326e676a66b,INE0SCO01019,,0,0,0,27
e6f0ab1b-8936-58f2-ae6e-5a336c2795d3,INE0SFW01015,,0,0,0,24
40cc8c52-d03a-5b5e-98f7-3eaed4a94123,INE0SGC01015,,0,0,0,31
df387c26-b1ff-525d-8acd-46e891d9059c,INE0SGZ01016,,0,0,0,15
2e317922-4cf3-55d3-a772-245d6e170dd7,INE0SH001010,,0,0,0,28
12f34cae-7549-5d3b-80bb-09e67a1d71bf,INE0SHE01019,,0,0,0,24
36d04bd9-2f3a-574e-b271-821b0ca7196f,INE0SI601032,,0,0,0,21
265b45bc-ac8c-5481-b87f-ceb26bba0bdd,INE0SII01026,,22,19,0,1
5d58c93f-d7f2-5b2f-89fd-b8bc42b29f7c,INE0SJA01013,,7,11,0,2
973f563a-e320-5670-aa4b-9f90460a615d,INE0SK801018,,0,0,0,32
8a20d12d-34a6-50f6-a5c4-e4f6b0406863,INE0SMA01017,,0,0,0,29
8d34f687-25e9-5c84-af74-1b3a1e5c6f1a,INE0SMR01011,,0,0,0,24
4864dffb-8316-5dc9-a904-a0cbbf5ab3a1,INE0SMX01019,,0,0,0,8
b8e39f75-8846-5911-adc8-6a20b00d6ab9,INE0SMY01017,,0,0,0,25
29937648-c430-5b5d-b13f-53fd2f2b093c,INE0SN801015,,0,0,0,15
1022a362-8a77-5a82-bf9f-bba75f242d7c,INE0SOY01013,,0,0,0,30
886766b3-2f7a-5e37-a7b3-a3796201fac0,INE0SQH01013,,0,0,0,25
ba76e6c7-ccfa-5c9c-9205-01a5dd3e054e,INE0SQY01018,,0,0,0,29
64b6bb5e-5976-5f46-8af3-e1fbfc68abd6,INE0SQZ01015,,0,0,0,10
57a09040-59d2-590c-a2e7-db75e2e85142,INE0SRI01019,,0,0,0,29
37cb6d9e-14f1-58c1-8f53-4f87caf8a851,INE0STM01017,,0,0,0,30
f4c2d491-f672-5837-9f8e-8609c9a1c01d,INE0STN01015,,0,0,0,29
c2108d32-6780-59bf-a5ec-c45efe182565,INE0SUH01015,,0,0,0,25
22c5f64a-68fc-5b33-976e-995c79ae3ed1,INE0SUN01013,,0,0,0,27
bb56532e-509f-5ecb-aab5-f3ad7d0c364c,INE0SVO01019,,0,0,0,13
423f8931-fac1-5bb4-96cd-595174129b2a,INE0SVY01018,,0,0,0,27
1ba7628f-ed8f-5557-a0b6-1da1f693f6bd,INE0SWN01019,,0,0,0,30
345653f6-de71-5686-a43d-8f440d7dc926,INE0SYV01018,,0,0,0,27
43df8f94-588c-5df5-98cc-dc430a2ba210,INE0SZ301012,,0,0,0,26
947bccb8-52fa-57a7-a562-3329e7559918,INE0T0L01014,,0,0,0,25
b17b7565-ab40-5cf2-83a7-e6038719fcc2,INE0T1501010,,0,0,0,5
a1e88e2a-ad74-5fbe-a0b7-e551108ef85b,INE0T4V01015,,0,0,0,22
9d31858a-d683-5c55-8a26-624213cd1b30,INE0T7B01010,,0,0,0,28
42870753-aacc-54fd-a0ed-858a2d5f25c8,INE0T8T01010,,0,0,0,17
8a3ffb8a-b78a-5066-a996-573477a4864d,INE0T9I01011,,0,0,0,26
e1adfbee-662a-582f-8bd6-417337399ac5,INE0TD101011,,0,0,0,22
064b4779-07d4-5028-a365-ab58e379f9ea,INE0TD401015,,0,0,0,10
966aed03-141d-5327-a57d-9109e7835e41,INE0TFB01017,,0,0,0,25
49ad94f3-2140-5bd0-afeb-401d370917a0,INE0TG801013,,0,0,0,24
1d97e3c4-807f-5b46-b1b3-684f927736ab,INE0TGX01019,,9,15,0,0
30c0d804-7338-5be8-bb4f-1d029647c2e8,INE0TLP01015,,0,0,0,15
ba27c46e-89a2-5429-a191-adf65af8df45,INE0TNW01017,,0,0,0,29
23fd0b66-8c11-5d6a-92eb-facde27b6505,INE0TNX01015,,0,0,0,29
c3aa6816-80cc-5461-9eb2-a332342e966a,INE0TO501019,,0,0,0,24
ecda6a7a-6915-5486-90f6-0b1543f1ee17,INE0TO601017,,0,0,0,30
0bfdec90-6848-55a1-ba3f-4bb88c3754d1,INE0TO701015,,11,21,0,1
3a558030-d553-5d53-bdc9-5acb0ec1b3d0,INE0TP801012,,0,0,0,22
b2022792-2352-5f26-8039-9661313ee503,INE0TPJ01019,,0,0,0,7
a0b4744c-709d-5412-8fd8-cb72c630e982,INE0TQE01026,,16,12,0,0
83b8abd7-2c0f-5edf-9aa4-f30e3b4c0cf8,INE0TR001017,,0,0,0,25
fbba2888-889d-554d-bdf1-7a09944b24e3,INE0TSF01011,,0,0,0,26
1c370469-e637-50ae-9168-b3ea0e211baf,INE0TTG01017,,0,0,0,17
0c92ace7-267b-52de-8046-7c6560a8b5f8,INE0TVT01024,,0,0,0,22
dde69e8a-2c6c-508f-853e-307a805cc76d,INE0TWE01016,,0,0,0,1
72957d32-1351-53df-bc1c-81e0e60a6194,INE0TY101024,,15,12,0,1
16c9b17b-0aa7-5c6e-a8ec-bdc9fe24b484,INE0TZX01019,,0,0,0,9
2ff66cfc-129e-5cfa-b419-e6e20c48b799,INE0U0201016,,0,0,0,26
ea4567af-26c6-50b2-8acb-8ed9d5f63ebe,INE0U0J01015,,0,0,0,7
8bc32ef1-ee7d-5cd7-8d67-5372f762033f,INE0U1T01012,,0,0,0,27
b9c229e7-80c0-526f-9323-780625075b6a,INE0U2501017,,0,0,0,26
8e1376c7-2cc2-5e75-8d2b-6a8ad922bc5a,INE0U2M01015,,0,0,0,25
3a112071-6915-5000-97bc-fcbfd70fb85a,INE0U2N01013,,0,0,0,26
27388e69-c6ea-5e7e-a218-c5103c264f38,INE0U3I01011,,15,20,0,2
81075572-2c42-5f5c-9b91-69ff59e1d03a,INE0U4101014,e08c0b9e-a2d9-45b4-97b1-49e078869d3b,11,16,0,0
5272680d-a65f-50d8-a0ae-ee81c725e015,INE0U4701011,,6,16,0,0
451fdda0-9828-5b7e-bf38-04ffe680f7a3,INE0U4H01011,,0,0,0,12
da44f71d-1054-5e5b-a782-19d2931ec784,INE0U6N01014,,0,0,0,22
051a91a9-e5aa-5345-9eaf-d8f1a6ab7713,INE0U7V01015,,0,0,0,22
8cabe0ee-9ea6-57c4-a222-ce1fe8570008,INE0U9101019,,0,0,0,27
8570f928-647a-5785-b8ea-a7073d6b1d8c,INE0UCN01017,,0,0,0,15
c738271d-31ee-5d1e-bd9b-011b13875f03,INE0UH301010,,8,7,0,0
89fb7d13-b67c-580a-81e5-374c6ee65633,INE0UIZ01018,,14,22,0,1
db8324c1-0dae-548f-9f63-90140d5bb519,INE0UL701015,,0,0,0,25
77b9f15c-8236-5b14-90cc-296abf81f96f,INE0UOS01011,,18,25,0,0
62f0413e-38d1-5adf-b0b8-9e882407c2e8,INE0UOY01019,,0,0,0,14
d3d26f2a-5567-584c-959d-c57f7456c61d,INE0UQ601012,,0,0,0,14
ff88e17f-e8e8-5b47-8300-558a405d3ed7,INE0URU01010,,16,26,0,0
d1d2fb37-4206-583e-855f-8e422c0640a7,INE0US801024,,20,26,0,0
ee6b7701-d02b-596a-af64-a90e3491dca1,INE0UYG01015,,0,0,0,22
865ed2f3-9f87-5230-ac76-d426c6bcb28d,INE0V0Q01019,,0,0,0,18
f2d1acc4-3452-59f3-8e96-5493ac99547a,INE0V0W01025,,12,8,0,2
497da845-aed7-51df-b1e6-ede6a12dcea2,INE0V2V01015,,0,0,0,5
e608349e-6233-5fb9-b4d0-b3db72ed7b82,INE0V3U01015,,11,15,0,1
9549ddfe-eb9c-585b-baa8-0f042f7a7a85,INE0V6F01027,6a3d3238-6e7d-4d3e-8be6-d239764abe45,15,23,0,1
b0718cb6-033c-5135-a278-5b22a63ca5c9,INE0V7W01012,,27,20,0,2
642364d2-8c6b-5cc5-b1f7-1a17e528ece5,INE0V9I01017,,0,0,0,4
69dc641a-fa60-50ef-bf50-18b0f0ffff3b,INE0V9N01017,,0,0,0,27
45509293-c3b2-5d98-91ea-9433833cd6cf,INE0V9Q01010,,16,14,0,0
b4113352-0f33-55e4-982c-e3fdb5917cdc,INE0V9V01010,,0,0,0,22
12483c03-8b08-5bda-b7d8-df15a473c15d,INE0VA601019,,0,0,0,20
84f44227-e7cd-599e-a1e7-31074e80294a,INE0VBS01016,,0,0,0,13
31bbb4f2-e61a-58ca-b894-d2e98b40c0bc,INE0VCK01011,,0,0,0,14
fd06ae34-d7a5-5906-8209-5febc11173f3,INE0VDM01015,,7,8,0,2
7668a115-9fed-5430-85ce-e08a8e84202e,INE0VFE01017,,0,0,0,2
4b716a02-aa49-5ef7-9f4f-bc08c40c163c,INE0VG001016,,0,0,0,14
a8000392-fd15-5f58-82cb-5aa1299fe765,INE0VG601013,,0,0,0,25
937403b8-26b6-5a0b-be65-4807bda76d72,INE0VHU01019,,0,0,0,22
55811766-1cfd-5f7f-a45f-4e7d3ea221ae,INE0VJG01014,,0,0,0,24
405c82f6-ca3b-5656-ba05-4fcb1dc74ec7,INE0VJT01017,,0,0,0,15
5826d68a-0587-5805-9a94-144e09352538,INE0VOV01021,,11,12,0,1
5750049a-5928-5e1f-80c1-835983edcdc8,INE0VRH01015,,0,0,0,17
8c621b5c-f1c3-5a88-b6b5-9db62fa9f53a,INE0VTV01012,,0,0,0,14
43f31afa-a006-5af0-9018-e2012a0b2d1d,INE0VZS01015,,0,0,0,24
ab358ed5-fbfa-569b-bb27-1d7b051b856d,INE0VZX01015,,0,0,0,14
b1e76ef5-cfa1-53f7-9470-df4294bc408b,INE0W2G01015,2ac44096-8617-4d74-8634-f3c68ca6b7cb,24,23,0,0
7b02ecf2-a138-5177-8f28-f40640f8d24b,INE0WL201014,,0,0,0,14
a6e04d67-3286-5387-90af-bc3437b7166e,INE0WL801011,,0,0,0,25
bec4bb00-50ec-554e-927b-e2aea37420a1,INE0WL901019,,0,0,0,12
4265ab2d-597b-58f6-bbc7-32b7dd3c176b,INE0WO601020,,14,20,0,1
c146bccc-498f-5461-bdc9-241b07e69126,INE0WVU01018,,0,0,0,23
e63bba32-c1d6-5fc0-aa98-b0e08ef49c04,INE0X3M01010,,0,0,0,16
b9953dd1-b898-50ba-aa56-ef2c5ec6be8d,INE0X6F01017,,0,0,0,25
99b11244-0e61-502a-8031-69ebf2c5e2b6,INE0X7G01013,,0,0,0,8
16608303-ff9f-58e9-9fed-68ca6ff5deff,INE0XAD01024,,10,11,0,1
9decb259-1afd-5c01-821a-0db0e0155964,INE0XE501015,,0,0,0,3
058a8ca5-a0a8-5338-b328-23f2fea0f71c,INE0XIL01012,,0,0,0,16
582c4049-8a7f-53ab-8736-012bee2ad585,INE0XJ501010,,0,0,0,10
53e4b108-2ab3-5fee-94c8-5319604fe59e,INE0XM301010,,0,0,0,15
d129801b-6fe9-506c-bced-85021a1d34c6,INE0XNF01022,,1,2,0,0
85c76303-4bd5-5ffd-acd2-063f0c443cbc,INE0XOW01017,,0,0,0,21
99361827-f2ec-5fd9-9deb-dabc22fe9fbe,INE0XRN01019,,0,0,0,21
da052fc7-7b66-517b-a881-87ff297addfb,INE0XUD01014,,0,0,0,8
57479aea-dbaf-5f2c-92c0-4925836fe562,INE0XUS01012,,0,0,0,17
d45b7551-f1ae-52b7-a3d3-9e3ccee49507,INE0XUS01020,,0,0,0,3
b9ed9cd1-4290-5480-ad62-4a973efeb4b3,INE0XW001014,,0,0,0,8
c9bd27c3-0f7f-5cd5-b75b-0d604993dfe6,INE0XWS01018,,0,0,0,13
6e9bd85d-cd47-5e8c-b9b4-148a8be0bc31,INE0Y4801011,,0,0,0,25
d3641691-f00d-5c99-81b8-f3c9626065ac,INE0Y5H01014,,0,0,0,13
25e61f26-9788-54d1-9a09-e51d2a3bd3d5,INE0Y8W01017,,17,5,0,2
541e9d82-dd30-5e02-add6-1cec565e0a40,INE0Y8W01025,,0,0,0,6
07cbc202-7c76-5308-81e0-fae52b1ef14c,INE0YAL01017,,0,0,0,26
a66c1e70-a1ff-5d3b-aad8-4ce26fe1f4a3,INE0YD401026,,9,12,0,1
8a3d2172-4ca6-5a85-9b53-a55224e9fc5c,INE0YDV01010,,0,0,0,14
4c208ab1-a9bf-57b8-bd49-95ad68686dfb,INE0YHV01011,,0,0,0,24
eba88229-2290-5ee8-a5e2-28efee261ef3,INE0YJV01017,,0,0,0,12
34d21483-ebca-52ff-b700-853a67325aca,INE0YKW01013,,0,0,0,24
0189ab36-a7b5-5d1c-97be-f9916b9f689d,INE0YRN01017,,0,0,0,18
736afa0b-fc74-5d2e-989a-ad80dc59a0ac,INE0YRN01025,,0,0,0,8
137e479a-3578-57c5-83a7-7d31ec7d7319,INE0YSH01017,,0,0,0,17
7cde1cf0-7dd8-5450-8ebf-6d934d4df4d9,INE0YU901016,,0,0,0,24
5a285b65-144c-55fd-a49a-cf2f539a8abf,INE0Z4F01028,,11,12,0,1
85e1ae9e-74b4-5df1-ac00-c61afae7d8f5,INE0Z7N01017,,0,0,0,18
c5f64e7f-f4a0-5b64-8032-8e1f338aa765,INE0ZI101018,,0,0,0,16
db783631-77ab-5115-8ba4-22dc2091f3df,INE0ZK601013,,3,3,0,0
c77f1f8d-1f9a-532d-b33b-7025aa5c75ce,INE0ZOL01023,,0,0,0,21
8a0e9a5e-9a10-5a0b-9276-8a971eda2b92,INE0ZRC01017,,0,0,0,14
c2c968ad-3ec2-579e-bf06-4c465f232100,INE0ZTO01018,,0,0,0,16
29b82562-4808-5d05-ae8f-4fd619959d35,INE100A01010,,30,32,0,0
89082210-2559-5b3a-ba11-3a3d93988c15,INE100D01014,,32,32,0,0
8e78d87b-cad2-5502-8340-06954ef52b5d,INE101A01026,fccdb05a-de17-441f-942d-add1a8a07f92,44,32,0,0
09def854-f81a-5cce-95da-08df3467cab6,INE101D01020,0be332d7-4bac-4a00-a630-a3e2bbc10eb4,0,0,0,32
19002c53-9ed2-5c82-97ce-5bb7e9eb3e8d,INE101I01011,,30,23,0,0
80dae7e6-5612-5b22-b691-cd67444acbf9,INE102101016,,0,0,0,32
20a46635-91bf-56a6-98b3-72505a2e3ae0,INE102A01024,,29,32,0,0
5a964a53-d9af-5d6e-8e5e-8b37754c8c82,INE102B01014,,60,32,0,0
bcc66b50-31e2-5838-8d6b-257dfdb5b679,INE102D01028,,24,32,0,0
2dc01c3a-91af-5644-94a0-cca6c4718dcd,INE102I01027,,50,32,0,0
c3c923ea-e4ea-5015-a685-308ca0eefff9,INE103001017,,2,1,0,0
933a7255-ab84-5311-93ed-7e8f644f9f91,INE103A01014,,50,32,0,0
43468835-3615-59f9-8fd1-1d496957178a,INE103C01036,,43,32,0,0
020efb24-467d-5fa3-aded-7f6ff08a4741,INE103V01028,,24,14,0,1
49114dfb-aa57-5b0a-b146-7cb1a4183ed4,INE104101014,,0,0,0,31
78c200a6-333b-593e-9a80-12a7d354bb9d,INE104601013,,0,0,0,32
d6782b8b-b226-5716-8311-1b443ff3ff9b,INE104801019,,0,0,0,32
aa5ca126-3523-5dab-a5a7-21367c7cc513,INE104A01012,,0,0,0,32
0050b61b-dc76-5e87-8f46-a916e98b5532,INE104Y01012,,0,0,0,32
459fcebd-ce3e-515b-8f4b-77559d46c59c,INE105A01035,,21,32,0,0
395e6224-980f-5b64-a998-3e33fac919bb,INE105C01023,,54,32,0,0
2ee64114-76d5-558c-8dbe-68b2f7d7f6ae,INE105I01012,,5,32,0,0
f1eaadd4-b151-53bb-9d30-48b06d8e6f23,INE105I01020,,34,32,0,0
fac3061b-12f7-51f9-9ec3-79b89d0af627,INE105J01010,,88,32,0,0
8a5d72de-d53d-578f-9881-269317fa8756,INE105Y01019,,0,0,0,32
29409e17-d077-5e6a-94fc-456013e060bd,INE106801017,,0,0,0,32
36dcb6ea-2870-5a64-9637-d9f6306a8746,INE106I01010,,16,32,0,0
e551dab3-ff82-5417-bbfc-9aa9f1059c0c,INE106T01017,,49,32,0,0
3b15e518-d99d-5b26-a947-6d494661d7f2,INE106T01025,,0,0,0,32
8e22d61b-8503-5b4a-b521-0fd1c84403fd,INE107A01015,,53,32,0,0
0eb1def3-c8f7-5d93-a875-624ed9e9f283,INE107F01022,,39,32,0,0
c92d9675-1c54-5967-bdea-f75970196c19,INE108E01023,,26,32,0,0
dd336736-8d59-5df6-a17d-5af65f8d0212,INE108V01019,,29,28,0,1
8f18844a-10c9-5c2f-8e15-2ff6a0d094e8,INE109601018,,0,0,0,32
e237cd98-bffb-5362-8ef0-fac0eb65e5af,INE109A01011,,55,32,0,0
b74695d1-29ff-5bf9-9ba1-461c4bf80259,INE109C01017,,33,32,0,0
2959779b-637f-5fa0-a6be-bf3190b10691,INE10A501018,,0,0,0,20
0ee4155d-db79-5169-ba94-258804f71417,INE10QL01011,,0,0,0,20
db7934b7-f2bb-5c68-9360-bb1b70fb3b50,INE10VS01016,,0,0,0,14
0929aaf5-65bf-5249-858d-29c4765dc140,INE110A01019,,30,32,0,0
2ecae8a6-d2d4-5d18-bd8d-24e3afb373cd,INE110B01017,,41,32,0,0
e71b2d5c-c263-53b1-a1a4-5b313096b760,INE110D01013,,0,0,0,32
63c39bca-4941-51c6-a99d-4ef0a3921125,INE111A01025,,0,0,0,32
cd036a5e-2e32-5a1a-b3b8-0cbce41d1e53,INE111B01023,,21,32,0,0
40ef027c-4bcb-50fe-abd1-166bde225759,INE111F01024,,3,9,0,2
fa81c8bc-3bfa-5f06-a27f-08013d8b7dbb,INE111Q01021,,0,0,0,32
698fbc4d-e13f-5376-a5b7-8832b552cb3b,INE112301010,,0,0,0,32
3f7b8a6f-146e-5402-a2ff-74c164cf522f,INE112401018,,0,0,0,32
84698805-e228-59b0-84c7-345cee207310,INE112501015,,0,0,0,32
24d25f60-0f92-5ad7-9e35-8794aa8cd520,INE112D01035,,44,32,0,0
335d4106-063a-5c6c-acf8-8d9c657a3099,INE112F01022,,0,0,0,32
05c03994-35ca-5825-84fa-da7cf0f48972,INE112L01020,,52,32,0,0
fe4a6fce-22c7-5174-8bb4-c028edbe5243,INE112X01017,,25,32,0,0
a72b1c7e-940f-5fdc-aa54-2ccb65c033ad,INE112X01025,,0,0,0,11
80f061e7-275d-5334-a3cc-8fe8b3b1ab40,INE113401017,,0,0,0,32
8c880931-ab9a-5999-9a0c-7a0f5a2aa2d1,INE113601012,,0,0,0,21
f4ae9128-0866-52df-9c5c-b6b9e467b4d6,INE113A01013,56520f0f-1be1-474f-89b0-b5613a1082d9,46,32,0,0
d1dbba15-5d7f-5cdc-add4-8ae9e48d73d7,INE113O01014,,0,0,0,32
b83c1aaa-75a3-5722-901d-e69adab994e7,INE113X01015,,0,0,0,32
f8486440-300b-5efe-b674-e2d819a66d19,INE114A01011,18c66a87-d489-4f2d-a4da-74edbb98eade,43,32,0,0
e2f4ef2f-cad1-5a9e-85fb-4fa5abbef046,INE114B01019,,0,0,0,32
6282893c-bb30-5375-854b-d05929f8ad37,INE115201019,,0,0,0,32
19866761-5943-5cbc-b562-92ec46da96da,INE115301017,,0,0,0,32
9a245e82-9835-5f89-9ba1-d0376b2de0e4,INE115701018,,0,0,0,32
2968cd2d-84ee-52ad-b0fe-8cca64dfb821,INE115A01026,,0,0,0,32
52f2e842-a3fd-5d39-a451-a996006f7f92,INE115Q01022,0c94c922-356c-41e0-b503-3de0e315eb23,21,20,0,2
789e9497-0b56-55e6-b4ab-5497ec524d5e,INE115S01010,,6,8,0,1
b543badd-e43f-51bf-9216-837f489c9993,INE116101010,,0,0,0,32
61823e2e-d92c-552e-974e-81b640634aa2,INE116A01032,,0,0,0,32
0bde5bb7-5789-5850-9f66-0635d31fdc2c,INE116C01012,,0,0,0,32
e5eb15d1-6d2d-5fd2-acfe-154267aefb81,INE116D01028,,34,32,0,0
20c60913-bbfa-5d10-8eb6-ba589bd5b3ed,INE116G01013,,25,32,0,0
a6b70ac2-1038-5f3d-b2f4-2c25f112ce6c,INE117401013,,0,0,0,32
492c70f3-a126-5426-ad4f-3f3b0982b3a3,INE117A01022,,25,32,0,0
53adfa18-eeaf-5576-a2a2-3f1808e80f4e,INE117B01012,,11,32,0,0
683197b7-f1af-5623-bf48-fa96a24f6346,INE117B01020,,11,16,0,3
e87a4d65-cb35-5c2a-a3bd-600260a4361d,INE117Z01011,,26,32,0,0
08270b36-989a-58b3-b9fa-3e338788ea6b,INE117Z01029,,0,0,0,3
6936e380-029f-5495-a265-d8db8672aa47,INE118A01012,,25,32,0,0
8a8cc7fa-638c-5a5e-bcf6-c93759e10ab5,INE118D01016,,54,32,0,0
a91514ba-36bb-582f-a26b-f2b7031a315e,INE118H01025,,27,32,0,0
8606c5cc-f331-53e1-afbf-3e02e37c0a80,INE119201023,,8,9,0,1
c449192a-d652-5b5f-babf-a2241051dd3f,INE119A01028,,44,32,0,0
84ec55d8-c19e-58fb-8c79-b5a35a63f1fa,INE11ES01010,,0,0,0,1
bfc0bdf2-37f0-5c6f-b466-5191f1e08555,INE11HF01010,,0,0,0,16
77e490cb-2e28-5fcf-a376-a83b14012e65,INE11HG01018,,0,0,0,20
df609927-a06d-5beb-82f7-46fb07f27aa5,INE11J101017,,0,0,0,15
a1292b3c-b63a-5e48-95d1-36d96b846d3a,INE11XY01018,,5,2,0,1
dc7803d6-ec45-55d0-8201-9db58651e78c,INE11Z001019,,0,0,0,1
88a12d0b-1a86-591b-8362-ceda5567f0a6,INE120A01034,083f64c1-0c57-4f89-8051-0add13f24b63,0,0,0,32
65ad4853-14e3-5e31-ae23-3c7822aba4ea,INE120D01012,,47,32,0,0
ff5f2c25-1448-5707-8d76-8fca1e937573,INE121501014,,0,0,0,32
e53e8236-2da4-57ae-8413-324d24073ceb,INE121A01024,cbdbea24-eb1d-489f-ab6f-7800f04f28ca,0,0,0,32
6a411f0b-4496-50fe-b17f-128c749135c1,INE121E01018,819fde8b-75bc-4327-b456-bce1a8b7a63f,26,32,0,0
c16266f8-cd46-5f3f-befd-1f3d70a99e42,INE121J01017,1c038626-26ac-4632-a446-4de7f0fc3245,41,32,0,0
917c4c80-9d1f-5b62-80d0-e0402c09753d,INE121N01019,,27,32,0,0
692dec38-8df6-5380-bd21-fd778cc42081,INE121R01077,,10,8,0,1
92913b23-4320-5cb9-92f1-02b4c3c96e50,INE122001014,,0,0,0,32
ad2707a8-350e-5016-b616-14d1d921f826,INE122A01014,,0,0,0,32
8151db2f-f6ca-556b-b8ae-c422a29092b0,INE122M01019,,56,32,0,0
aabc1f22-5131-5f4a-bbf6-130dbc62344e,INE122R01018,,0,0,0,32
93ab5885-e0b3-5514-b86b-c15ae0ad61d9,INE123B01028,,32,32,0,0
e8fe4ab3-166f-50c2-a13b-5363b666f2fd,INE123C01018,,44,32,0,0
9df3a1a7-fba4-5b70-97ec-37c81806cbf1,INE123F01029,,0,0,0,32
8dde993a-f7b2-57ca-bc83-1217ec39d4b1,INE123W01016,,24,32,0,0
268e712f-b94b-5311-adf8-28e356a724b3,INE124101010,,0,0,0,16
d39f37d4-063e-5669-ba5e-e88ea95a6ba4,INE124401014,,0,0,0,14
68119d9d-92ec-5a31-838b-7880d5187dd6,INE124E01020,,21,18,0,0
ebfe4506-16d7-5a3f-ad1a-b63bfa85be27,INE124E01038,,0,0,0,14
7db13f60-cc3f-589f-823d-83708a490a77,INE124G01033,,30,32,0,0
91de01a9-fcf0-5693-8420-14e217722659,INE124Y01010,,17,32,0,0
7d2838b7-79e6-5cc6-97b7-c88a1a7846d3,INE124Y01028,,0,0,0,6
6430980a-c9bf-580c-af27-c659e6ab57d8,INE126501019,,0,0,0,32
ff157d0a-ea77-5c61-9a68-776776dd9662,INE126A01031,,0,0,0,32
17bd4300-f943-5279-a0a0-e706b03a036f,INE126J01016,,42,32,0,0
bb697c59-92cf-5539-a24f-5e275f20e6b7,INE126M01010,,43,32,0,0
bc12759f-9af2-54be-af52-e6d7dbe0a1ff,INE127201015,,0,0,0,32
080d60a9-57f6-592b-9d09-f4a27af159cc,INE127401011,,0,0,0,32
f7261c7f-30b9-5cac-a3d6-2dfe7c417508,INE127B01011,,27,32,0,0
6a365866-af21-5043-98dd-ed3963a41732,INE127D01025,7bc3f24e-0802-4464-ad8f-348dd8c8de57,67,32,0,0
302a1caf-587a-5cce-a5c1-0284fe44e03e,INE127I01024,85ad787f-607a-4439-a6db-9b65b03195f1,40,32,0,0
5564f1f4-d45d-50c3-8cc2-4cf98d99185f,INE127T01021,,9,20,0,3
b5bba258-3b4c-59de-bd43-1cc49e73cd58,INE128601015,,0,0,0,32
a6b27e92-85d8-59f9-9caa-74a947c7a74e,INE128A01029,,29,32,0,0
181be22e-f4bd-5833-be00-cc8d6ad2bd54,INE128S01021,,25,32,0,0
aad720c3-8184-55dd-9486-aed4f0d8ecbd,INE128X01021,,27,32,0,0
a991db6f-5327-5e15-8a77-a1a93d33418a,INE129A01019,9bb1ec21-89b8-4f1a-80c7-46c2a5269c14,41,32,0,0
e0cfffac-951b-5805-8b1d-97f17e09e1a1,INE129Z01016,,28,32,0,0
9a6299d0-aac1-5bce-955f-5fae093ab6b7,INE12E301017,,0,0,0,19
c6921182-88c8-5d68-a6bd-eeadc688320f,INE12F801023,,11,5,0,0
aab1e783-8573-55e1-b667-a0c480c92244,INE12NJ01018,,11,15,0,0
2a69f42c-14de-58b0-8f9c-bea2540209b8,INE12UN01015,,11,8,0,1
64f39eae-e1bf-5221-9f4e-604e5b095ee0,INE12UR01024,04cca0a6-b5ac-4f4b-9320-9efe98532d7b,16,10,0,1
5827b27f-e91f-5015-8060-2df8667fb6d2,INE130801017,,0,0,0,32
a3abf8a8-1f7d-5fa0-b9a9-65dbc827e0c3,INE130B01031,,0,0,0,32
b3dedefd-2052-5747-a157-cd183188f428,INE130C01021,,12,32,0,0
e37be41d-ff59-5d1a-8c84-85378d5ee3fb,INE130L01014,,0,0,0,2
fa3f7d82-f5c7-5cd5-b053-438c02af9d2e,INE131901014,,0,0,0,32
b977104a-457b-5211-8144-1715e90ce95d,INE131A01031,,44,32,0,0
e62ffea7-f015-570e-bf35-2cb5e49f2226,INE131B01013,,0,0,0,32
85f6af5a-60eb-5571-acdd-3dfdc932a196,INE131B01039,,0,0,0,32
e8cbb76d-fb53-5e45-9ff2-29e17fa39789,INE131C01011,,0,0,0,32
b0b80843-a23d-5e25-be80-781a1a45f1de,INE132901013,,0,0,0,13
881d354f-8a66-53bd-b8f7-af836585eea0,INE132A01013,,0,0,0,32
c649d6ac-238d-5cae-ba0b-50382cac2e43,INE132B01011,,0,0,0,32
e66d3760-6157-5a0d-af6f-73bc696bd2d9,INE132C01027,,0,0,0,6
79f15da3-7d54-57f1-860b-fa3bd6253c36,INE132H01018,58fbbdb1-a098-433b-8ae3-9bc32a59aef7,33,32,0,0
0bcef901-4811-5bb1-9d9b-dc145204f313,INE133A01011,,36,32,0,0
a2dfd36b-e302-54d0-b152-84604613b758,INE133E01013,39bd0573-00ef-43fe-b87d-408a8c2da251,39,32,0,0
5265c067-221a-5c34-89e8-34591a859f57,INE133Y01011,,41,32,0,0
384a8cd1-0752-55a0-9762-186d199cd614,INE134A01019,,0,0,0,32
c7640904-de83-5f2d-a5a9-62b55b5d3dd9,INE134B01017,,47,32,0,0
3bb8b59b-0e7c-53cb-8f7a-dec91c467181,INE134C01015,,0,0,0,32
e143dc6d-d6d0-5455-a018-37277e01934e,INE134E01011,,35,32,0,0
b459c254-6337-53c6-ae78-0a1ddaae015c,INE135A01016,,0,0,0,32
b1fc74da-cf16-5591-a880-66f7ef7f0273,INE136B01020,,26,32,0,0
62059841-5423-5925-8abd-68a9ed49f655,INE136S01016,,37,32,0,0
e456e8c8-f947-52bc-893b-886124b030b8,INE136T01014,,0,0,0,32
a4b527a6-0e64-599e-bc76-caff38df77f6,INE137801010,,0,0,0,32
b4081951-e597-5fff-8295-80ef5077b6cd,INE137C01018,,32,32,0,0
29201b8a-b231-554e-b9a5-025cc7b63233,INE137I01015,,41,32,0,0
4d545245-56a8-559b-b22a-14ce14e123b2,INE137M01017,,0,0,0,2
f9fcc600-9858-5158-87f8-df8be559c78c,INE138101014,,0,0,0,32
91fd126e-acba-5933-becb-32b325497895,INE138601013,,0,0,0,32
069961e6-9e0e-562b-8776-0a4934716f7c,INE138A01028,,26,32,0,0
df853ea0-7c78-59b8-a401-d8c5ce391649,INE138C01024,,53,32,0,0
347cd182-731d-50df-964c-51107a7c6225,INE138Y01010,,22,32,0,0
5ac9f653-9622-578e-8e5c-d5ddff1790f7,INE139A01034,2bbdbd06-792b-472d-99f5-15ad7ed91b04,0,0,0,32
89c04b6d-4abf-5d3d-8ee0-969ac99f0a57,INE139B01016,,25,32,0,0
603e1156-d61a-5b38-86a8-5ed08ef399f1,INE139I01011,,37,32,0,0
eed8097c-cefe-59e5-bdbf-9962ffb35997,INE139R01012,,40,32,0,0
041e8597-e71c-531d-8e2f-80ba1722431d,INE13B501022,,12,12,0,1
1fcfc061-6a1b-5d61-a0b9-897499790937,INE13ZD01013,,0,0,0,14
2aa6c317-e316-5d96-8734-20caf675378d,INE140A01024,,50,32,0,0
56c4eba1-aebf-523c-af55-108605e230b1,INE141B01020,,0,0,0,32
0a9bec82-7232-599b-89bc-f828fbb8847d,INE141D01018,,50,32,0,0
026aeebd-518d-5d0c-a8b8-e0dad10af4e9,INE141E01016,,0,0,0,32
93a3a048-b655-5532-bfa7-bcf7c4dabdcc,INE141K01013,,27,32,0,0
3193910c-22cc-5cd1-8694-05a799dd2569,INE142501019,,0,0,0,32
33278c58-d452-5f75-8d93-a713b441f0eb,INE142901011,,0,0,0,32
22ca4dfb-fa01-58d5-81fb-127a9327d01f,INE142A01012,,30,32,0,0
439346ec-ddd3-5ef5-b1ed-da059745a672,INE142I01023,,40,32,0,0
77699ee4-619f-5806-ab68-47d2791756d4,INE142K01011,,37,32,0,0
25cb55fd-ed3c-51a6-812c-fc92ddfce133,INE142M01025,,62,32,0,0
9b4c9688-08b6-5af2-acff-8185899722e8,INE142Q01026,,20,32,0,0
581bb81d-375a-5cb9-9a55-fd80ad8f2b45,INE142Z01019,,33,32,0,0
f501d086-505b-57a7-8e77-0f059177a116,INE143501018,,0,0,0,32
cbbb409d-f04c-5c95-8b9d-823775c6f6c5,INE143A01010,,32,32,0,0
abaa1ce5-ffda-5822-a81a-2b96c085cc3a,INE143H01015,,0,0,0,32
580dc021-7fa9-524f-a72a-85f6a3932e92,INE144B01016,,0,0,0,32
7984d49d-135b-5444-bd53-affeb2e58e29,INE144D01012,,23,32,0,0
80a01b66-abe7-5b8b-a087-840eddcf2368,INE144J01027,,0,0,0,32
fb561568-c366-54d7-9b4b-d18dfe5727b4,INE144Z01023,,28,32,0,0
d5dc0c37-57ac-5bce-81ac-52dd3e21f28c,INE145901018,,0,0,0,32
2934830c-fdfa-5110-afcc-d726c3fac694,INE145E01017,,0,0,0,2
ae5b19e8-c46b-550e-962a-f25422fdd6c3,INE146501015,,0,0,0,32
87c22d79-4cdf-5bd3-80ea-e1967b7c82a1,INE146B01011,,0,0,0,32
8f88191b-9706-54d9-83f9-d6872adbb12f,INE146L01010,,27,32,0,0
3fed9097-c024-5432-a9fb-9401f79b140d,INE147001015,,0,0,0,32
68e1a74f-c2c7-52a1-8dba-953bdb7809fd,INE147601012,,0,0,0,32
22bfc65c-561e-597d-9e64-52e35a7951b1,INE147801018,,0,0,0,32
cefc7ed1-3595-505d-bd0a-fc3e765c897b,INE147A01011,,38,32,0,0
c92980ed-341a-56e0-aa3d-41f2719d63de,INE147P01019,,28,32,0,0
2bfa72c9-c237-5421-9cd3-7a9527d72e6e,INE147X01013,,0,0,0,1
fdf51162-dcd4-59b4-a6be-7fd8e3503309,INE148A01019,,37,32,0,0
cb87afc7-756d-5c7b-bbbf-2ce5ef5c77ea,INE148G01016,,0,0,0,1
7f2ef57f-ddf0-5144-a5e0-bea882d4bfa5,INE148I01020,,51,32,0,0
3e22ff26-ebe0-5046-95ef-ca3048cf70b5,INE148O01028,eaa32fc2-c081-4565-8836-26017cbaf1bd,53,32,0,0
bd49e96e-3a37-573a-8065-5695d9c4c8d8,INE149A01033,,34,32,0,0
3ce6d740-8c62-5ebf-966f-b7176ef8c0e9,INE149B01015,,0,0,0,32
3d6c600a-f32d-5d97-b342-7b8c871d7983,INE149K01016,,18,32,0,0
3f89e456-1a5b-598b-b103-ede89ea6d63e,INE149O01018,,14,20,0,0
dee6664c-9aac-525f-838a-aa8e3d7e2403,INE14DW01018,,0,0,0,13
f35a6fb3-ea0d-5ef3-b097-f7b5d3b0aaec,INE14GK01016,,0,0,0,15
78f531df-35e2-52ff-abff-40e90a0885b0,INE14LE01019,,11,14,0,2
38055283-5c92-5c47-9491-0d319b268612,INE14UN01029,,12,10,0,0
ca41b0a1-4d38-5dc4-b574-a3017b3ee34f,INE14W901010,,0,0,0,15
af60a762-6bf9-537a-9d03-95ebafcd45e0,INE150501018,,0,0,0,32
6483bc64-2aae-592e-a6ff-6a56af5c66a3,INE150801012,,0,0,0,32
28c0a70f-6d8c-51c8-abaa-9a9d070fc780,INE150A01015,,0,0,0,32
8d1691f3-d423-5013-9ec6-88b317e408b2,INE150B01039,,0,0,0,32
490b25b9-8c78-5668-8d12-c7f96974fee0,INE150G01020,,0,0,0,32
d303296d-3e5a-5b7f-9770-ff6807a7c09e,INE151A01013,,23,32,0,0
5657fe6b-183d-569c-8f55-916a49896b6f,INE151G01028,efcd3bc5-2369-4f91-807e-742049b63e24,0,0,0,32
12b2fe21-1c0c-5ce2-bc69-b0d6a8555702,INE152901018,,0,0,0,32
5f66a698-cf23-5eba-957b-48f6bdd71672,INE152A01029,,24,32,0,0
9ac9d54a-f6ae-526c-bf55-68584ca1b388,INE152B01027,,40,32,0,0
0603b799-cab1-5acd-8a05-04cee3806c06,INE152C01025,,16,23,0,1
ec24f3e5-a46d-59f0-9fe8-14113802fc32,INE152M01016,,31,32,0,0
da63d3d8-c3e1-5bcd-a9f5-d32ae8d1dfbc,INE153A01019,,24,32,0,0
b539f417-d13b-548d-b4f0-5ef4ebbf537d,INE153T01027,,0,0,0,32
bf605429-9d16-5b0d-8b83-b3ba48746c29,INE154801018,,0,0,0,15
f75f4084-0ca8-5171-a7d0-c82f90522afe,INE154A01025,,44,32,0,0
47d03ad5-c752-5e12-a7f5-618de35897eb,INE154B01023,,0,0,0,2
57be1d16-1be0-5c05-8962-ef41513fd48f,INE154U01015,,11,32,0,0
ee7648cc-9b3e-5818-980f-12f9f603497e,INE155401016,,0,0,0,32
3c9f47ee-31a0-5627-aec9-5b10f6eae17d,INE155901015,,0,0,0,32
015c4c0a-4e2b-50e7-912b-fca35d69b4fb,INE155A01022,dfc85654-351b-477d-8362-6babb6bfb337,32,32,0,0
2775806f-a077-5270-98f7-850ebe7af636,INE155B01012,,0,0,0,32
3b1b186b-5a70-51d6-974d-1a7eb2370be1,INE155C01010,,37,32,0,0
6a191e6c-9bb2-5638-83d3-26c68a189b55,INE155E01016,,0,0,0,6
ff458dcd-9952-55d8-ab3a-eab677dc679c,INE155G01029,,59,32,0,0
2c189302-cc25-56fc-8559-754542e3b046,INE155Z01011,,25,32,0,0
39a3a023-7009-5c2e-bbf0-0fc85985a4a6,INE156701018,,0,0,0,32
65cdffb2-1868-5c1c-92b3-ab4faaae7f8f,INE156901014,,0,0,0,16
c542820c-5319-5b73-ba9e-0f6fc31f8c14,INE156A01012,,0,0,0,32
2c671496-7082-5e81-b667-994849497104,INE156A01020,,28,32,0,0
2c10a5ad-2221-5d37-84b6-478eeb061b9e,INE156C01018,,37,32,0,0
dad049ac-bcb6-5cb0-beb7-187f5e97c449,INE157801015,,0,0,0,32
98619790-c2c9-5e30-9360-71b2ac3d89c3,INE157A01010,,0,0,0,32
2803cf78-a228-5321-9d53-bc4b30c645a9,INE157H01023,,46,32,0,0
9793c03d-9b8f-5813-b0fe-d0360f3cd785,INE158101019,,0,0,0,32
d9100614-96b3-548b-9563-39d283329565,INE158701016,,0,0,0,32
81745168-6a79-52db-99d6-d073f377366b,INE158A01026,,59,32,0,0
c5c56d04-09fb-5972-bbd8-eb38484f93e9,INE158B01016,,24,32,0,0
895b28c4-36ee-5468-b863-22a05b837eb4,INE159001010,,0,0,0,32
ad5d5f5d-02b5-5ee3-949c-ca0ae5e37346,INE159701015,,0,0,0,32
05589878-2abc-5d2b-9561-526fa7325238,INE159A01016,,23,32,0,0
79926311-682a-5a52-9015-3dadbbb35848,INE159L01013,,0,0,0,2
c1d94c62-6ef8-5a4d-ae7c-18feb73e3a72,INE159N01027,,0,0,0,32
f7a24b9f-1ab0-53e9-93a5-2671ab223ec2,INE15B101011,,0,0,0,13
95d6214d-973b-59cc-9081-f434f3f60e5c,INE15B701018,fcdef75b-3a97-4c04-976c-a6d01d8ea64e,6,10,0,1
365c749a-5b52-5e1d-88f6-79c1ffc278de,INE15DO01012,,0,0,0,20
2d46ae23-6c87-5d01-8432-6b325e1ba8ff,INE15EH01014,,0,0,0,1
ccace047-961e-562e-ab97-01b025a01808,INE160401019,,0,0,0,32
007ad317-de38-53d4-af6b-ffd6f43e355e,INE160901018,,0,0,0,32
23b4d073-3a92-5d18-8b5e-81a281d3a92f,INE160A01022,,0,0,0,32
0bff7e2d-5a6c-500b-82f1-0a43ef9595eb,INE160H01019,,12,32,0,0
e1745b8a-0b6e-56db-b869-47947abdd5a1,INE161A01038,,70,32,0,0
4137aad9-93b9-5038-b89e-8157b24d85be,INE161G01027,,18,32,0,0
bc96915f-3250-5ff9-96f6-f0230dd7e0d1,INE161L01027,,42,32,0,0
02dde531-b22f-5df7-805a-e6509658d9d2,INE162101013,,0,0,0,32
c9a82c4b-a442-5bc5-b032-88eb3179f6b4,INE162601012,,0,0,0,32
75a3191b-09b8-550b-a8ba-d82022e7ebb5,INE162A01010,,58,32,0,0
c5657fb9-34ab-5892-ac50-5fce9adf9ec7,INE162B01018,,67,32,0,0
5658e182-bd26-541c-ac7e-6478d3419de5,INE162C01024,,40,32,0,0
9bc472da-f6d4-5696-a5a8-86ac46db23db,INE163A01018,,30,32,0,0
a59a4365-596a-5a78-987a-1206f5a8875f,INE164101011,,0,0,0,32
9e7a07e6-1e81-53b5-a328-2387d75c24df,INE164A01016,,52,32,0,0
520cea54-62a4-52b1-b6a6-a9029df225f1,INE164B01022,,59,17,0,0
88c602d2-96a8-5ebb-bd0c-465feb5c931d,INE164B01030,,0,0,0,15
69cb8a1b-1a2c-5975-a8e1-600ee1d77bda,INE165301016,,0,0,0,32
94bd6cab-a88d-5f3f-b66a-cd87e6231ec3,INE165B01029,,0,0,0,32
e4c06897-70d0-5bd5-9dc2-af35c61b3f2e,INE165G01010,,0,0,0,2
ef6f8d61-62d8-5aff-9d46-8dd23b1bb9c1,INE166601018,,0,0,0,32
11395a58-883a-5d0c-bc3b-c06f6cd67fc7,INE166C01017,,0,0,0,32
477887c1-38b3-5b97-921d-ca281330e1aa,INE166D01015,,0,0,0,32
61f50b86-e84a-5e68-b48c-8f8a3f2774cf,INE166R01015,,0,0,0,6
69ba06c8-f51c-522b-a158-3d6c873f16c0,INE167G01016,,0,0,0,32
56a9585d-c47a-5979-86ec-99b78b6d24c0,INE167H01014,,0,0,0,2
11813143-0ba8-55b9-b2de-fe9505e38a40,INE168A01041,,0,0,0,32
978fc559-d232-5b7f-88fb-974cbfa2b64b,INE168P01015,61d141a2-b37b-473f-b912-bf2ba373e5c7,10,26,0,1
bab81251-ba2b-57b5-8253-e9309baa3d32,INE169201014,,0,0,0,32
9a2b033d-0171-55f5-8d1b-1408ce8bb93e,INE169501017,,0,0,0,32
bda5dcec-f266-5c42-a63f-b9446918c0b6,INE169A01031,1c205f01-6864-4628-8613-8580e5211fb9,0,0,0,32
5c95c4c6-a239-5f36-a683-09380a94ade0,INE16J201028,,0,0,0,1
cd8c8d1b-fed1-5b89-95ec-439fcac76d04,INE16NZ01023,,5,11,0,0
3ee26507-1066-5705-b356-0de079c334c8,INE16SF01016,,14,16,0,1
4131229a-dda4-5379-9851-1bc1bb55f4cb,INE16VK01010,,0,0,0,15
c8c435a7-6a10-5f89-9ad1-f8d28639d6d6,INE16W401027,,2,1,0,1
6fe03a05-8ba8-5c6a-904e-23b804065b1a,INE170E01023,,0,0,0,32
216264cb-e501-58e3-85a5-96bef27cf287,INE170I01016,,39,32,0,0
7f5f91cd-48f6-57ba-8d2b-62b3edfb60fe,INE170V01027,,0,0,0,32
680fb95f-ab8b-5d6d-af90-143a9c5d9bf2,INE171A01029,63889b52-85da-4a1b-9046-c1e975819f99,0,0,0,32
c204f87c-fecf-5208-b35e-ccffe4e5370d,INE171Z01018,,26,3,0,0
917e1ef2-2846-5ddd-8379-37f64923bb50,INE171Z01026,f396294a-84ac-4b09-acdc-986d39e17ba6,0,0,0,29
3957bac1-f830-5177-b722-ab24a3199fbd,INE172A01027,,23,32,0,0
13aa4430-56d2-51bb-a7da-b86d6f2fb383,INE172H01014,,48,32,0,0
1ddc0d6e-53a1-5c4e-a266-341647b112f7,INE172N01012,,46,32,0,0
acf858a3-ab69-5de1-98a1-d845538ea2ca,INE173501011,,0,0,0,32
6cb7d109-1dc4-5548-914d-a624e97e1b92,INE173A01025,,31,32,0,0
15b096cd-221c-53fa-bbfc-be4ece2af852,INE173M01012,,0,0,0,2
d7ac7e5e-09a6-552d-941a-8a5faf69eb74,INE174901012,,0,0,0,32
3cb8126d-7878-5274-aadf-0db8b97acf3d,INE175A01038,,0,0,0,32
17dfdc51-1b89-5ac8-af2f-124360a931ba,INE175Y01012,,0,0,0,32
27730bb9-6e8a-5373-b643-124b74aa5d16,INE176301013,,0,0,0,32
6286ff2a-3a2b-5ada-bac4-bf926b60fb4e,INE176501018,,0,0,0,32
458aba66-0681-5ed8-99d8-d2650f39fe47,INE176A01028,,0,0,0,32
2ca09e33-5bc4-56a4-a88c-fbd12bbc10ac,INE176B01034,,0,0,0,32
ab3c46d0-2aab-5b63-9867-baba75019ef2,INE176C01016,,18,32,0,0
6a9b1522-7b9f-5f92-9f50-adf13605710b,INE176J01011,,1,32,0,0
8b20f9c7-5bc3-51a7-880a-a1557a458a8e,INE177A01018,,29,32,0,0
c55d6cf3-17af-5314-a47d-66fee99abf17,INE177C01022,,0,0,0,6
3e311b34-0822-5de1-a55c-104a4f65ee71,INE177F01017,,0,0,0,32
e3e6a6b3-d615-5649-a0ad-f3f086e4022d,INE177H01021,,0,0,0,8
080b1170-fc3f-5b71-b472-42ea5e2c9dc1,INE177H01039,,0,0,0,24
6a8dc1a0-bbae-5476-992e-4eda5a5ebd4e,INE178A01016,,26,32,0,0
6e875110-ef95-5b6f-8a4a-1688cbcba0b0,INE178C01020,,24,32,0,0
f3d6aeb0-be74-5ac7-b380-93c49179324a,INE178T01024,,0,0,0,2
72158441-1b2b-54ff-a2bf-188df64fe408,INE179A01014,,41,32,0,0
258ce75c-4977-51f8-97fa-befebbcf0d69,INE179G01011,,13,3,0,0
2b3eb3ee-e91b-5906-8d61-fd49738cf741,INE179G01029,,0,0,0,29
6834185b-a2d1-5ece-9239-eb5f01b04648,INE17CQ01015,,0,0,0,12
3c786c4f-1cc6-57b2-9231-28f5d6399d17,INE17D601016,,0,0,0,16
5b5877c1-1857-5f8b-a5b8-81e8d77baef0,INE17GV01016,,0,0,0,16
25c43933-413a-5e30-9b2c-bb34917442b6,INE17IR01028,,5,2,0,1
41132183-c8e6-56e4-a5ff-524a8d424e6d,INE17QZ01016,,2,2,0,1
0805dd57-00f7-5e36-94f2-29c51ebc1a49,INE17VO01028,,0,0,0,14
3f300729-f972-56db-81a7-782ae61e54bf,INE17WC01013,,0,0,0,20
894cb5c5-194b-594f-8251-821db86ae51a,INE180501012,,0,0,0,32
7c0498bf-f85b-5e64-90f4-2e96f73d52e6,INE180A01020,9d40f5c8-4beb-4304-98c9-929980929f59,39,32,0,0
8075db59-54b7-5d69-bca3-3012042d1412,INE180C01026,,0,0,0,1
7cffb0cb-418e-56cb-ac93-06c4142da5c7,INE180C01042,80a64fe7-8dcd-4c6c-8093-fd6b6ee1606a,0,0,0,31
40cbe9e5-803c-5086-a6bb-288aa14763f1,INE180G01019,,0,0,0,32
db486ede-0604-5bd2-bece-630e278fed19,INE181A01010,,0,0,0,32
550c5d88-1607-5e50-a62a-d49a47c33f5e,INE181G01025,,49,32,0,0
cec26dcb-d0e4-546b-82c2-cb69cf984a46,INE182A01018,,41,32,0,0
892d1015-74aa-53df-b61b-118106c05a8b,INE182D01020,,0,0,0,32
d42a7811-4cc9-5093-b97f-4d952c17111c,INE182Z01015,,0,0,0,32
a478b97a-4bc8-55f9-a62b-6f9eda0f1b1d,INE183701015,,0,0,0,32
296cfd26-ac8f-5086-ae55-aef94864610f,INE183A01024,,0,0,0,32
fbef0c61-33b1-51d2-9208-8d3ec146b1b0,INE183H01011,,17,10,0,22
5e92cc5c-db77-5f6e-8217-c68cada6d93c,INE184901010,,0,0,0,32
b0890c77-f43d-598d-9bd7-26d67b7f508b,INE184A01014,,0,0,0,32
ca978e7d-2870-5e3f-9546-d34f019551ff,INE184C01010,,0,0,0,32
4a4af846-7ace-5263-8e50-1b79a15c46ad,INE184C01028,,0,0,0,32
39bbc8b5-f51f-5647-87b1-382f3f482a5f,INE184H01027,,32,32,0,0
5ffdcce2-20c4-5a4f-baee-0a87475cf1e5,INE184O01015,,22,24,0,0
2ba38347-3664-52bd-a161-ee6f98e5883d,INE185C01017,,0,0,0,6
b2e2c3d1-27bf-586c-a21f-9faa82e29084,INE185E01013,,26,3,0,0
9b3b6396-0343-562a-9121-55cf2d89b9c0,INE185E01021,,0,0,0,26
2f78e9e5-7325-5782-a7e3-31d91ed9c662,INE185H01016,,31,32,0,0
64c5ef04-c12b-5471-af27-394338f6ed10,INE185Q01025,,3,1,0,0
0dc76183-fd85-5b26-b257-19840915d981,INE186A01019,,51,32,0,0
94510322-10e4-5b6c-ac6b-102d861e1c10,INE186H01022,,0,0,0,32
3a824408-4388-5926-8aa1-da24a0ffb66d,INE187601013,,0,0,0,32
d36786c9-663d-5b6c-8a05-3337350f5669,INE187A01017,,62,32,0,0
11a7c5ad-c2c0-50fd-b6da-6806bb19997f,INE187C01013,,0,0,0,32
089bb92c-e344-546a-87bd-e868be483413,INE187D01029,,0,0,0,32
425a64a0-b8d1-554b-b2be-c007e6c5a210,INE188A01015,,43,32,0,0
07929f9a-4bdc-561b-864c-fdc270ec654a,INE188B01013,,29,32,0,0
b013630a-2d79-55e6-9729-afeda55779d9,INE188Y01015,,35,32,0,0
f3def46c-2871-5ace-8489-1b87a1a7d285,INE188Y01023,,0,0,0,12
3b034573-8f16-52ae-a373-f5936f5213cd,INE188Y01031,,0,0,0,15
47075c8c-6bff-5de2-aba5-9bd42003118d,INE189201010,,0,0,0,32
07389c9c-dd62-5c58-bcec-942f14758ffb,INE189B01011,,41,32,0,0
0ea24a08-b393-57b2-98eb-8dfdc85a313d,INE189I01024,,0,0,0,32
226f8b00-1cd8-5348-8b44-101b2db12b60,INE18JU01028,9503c7f0-33f1-42aa-a804-134c848c18fb,11,14,0,1
51371577-b84f-56a3-be45-7d530c8db8fb,INE18UN01038,,1,1,0,1
6291a5cd-079b-532c-a88e-a1850f3a4832,INE190701016,,0,0,0,32
98806e20-2483-5b5d-aa82-5cfd3d699581,INE190H01024,,0,0,0,32
9afc1ce4-4d5c-5580-bb18-3f535fd6046a,INE191A01019,,0,0,0,32
b3cacda2-e502-5b5b-ba1b-24355c84aa26,INE191A01027,,39,32,0,0
d4315cba-917f-5c9c-9a2c-dad566fdb44b,INE191B01025,,37,32,0,0
1fcf552b-aae8-517a-97c6-c313a1353952,INE191H01014,,52,32,0,0
dc43c9cb-e59b-5eca-9c15-b1c7f12db750,INE191I01012,,32,32,0,0
f6e56ac9-6235-53fb-88ec-3359617b0898,INE192601016,,0,0,0,32
86b2dcc2-58b0-593f-b1ff-e62e9f821234,INE192801012,,0,0,0,32
96278ea7-4906-5dd8-b857-3806cef4d9c3,INE192A01025,,43,32,0,0
0286ae08-c576-5b76-a795-cf2be0cb9343,INE192B01015,,0,0,0,32
57eeddb0-4ed9-5e07-91fb-b138ffc4bff0,INE192B01031,2f1c70cb-07eb-4f13-b1eb-222057225ac1,36,32,0,0
fb362ec7-48b3-5677-9fe8-1676c1c4cf8d,INE192H01020,,31,32,0,0
d569740f-bcdd-5f5d-9aa1-c66c41c9a78b,INE192R01011,00e60a7c-0bb1-4c04-8eea-e5e0fc039bdb,35,32,0,0
6e78ee78-edd8-5e3e-a78d-376bebf6a28b,INE193901019,,0,0,0,32
bc3779e1-99bf-54fc-870b-d03f71e16e78,INE193B01039,,66,32,0,0
a7b0d9f7-b39e-5804-aa0e-795a11b984af,INE193E01025,,41,32,0,0
7845f237-3259-53d0-b189-7c79304c7efe,INE194401019,,0,0,0,32
ee403c94-2d72-5d98-bde4-a233582b0e9d,INE194501016,,0,0,0,32
2ee92021-29a5-5413-9280-5d60f64a9135,INE194A01013,,0,0,0,32
f628aa5b-e02d-53d2-afc3-2d734ae33a1a,INE194D01017,,0,0,0,6
165d9316-1bb8-5d3a-9081-870f48f11455,INE194R01017,,0,0,0,2
2919685b-b3c1-52ae-952b-5f3a82691510,INE195001016,,0,0,0,32
91db600b-cfa2-5b43-8b5d-fa6d8efb763b,INE195A01028,,0,0,0,32
14b1a5bc-c738-5b34-a2bf-2579a95602aa,INE195B01018,,0,0,0,32
c2c4ac7a-3701-5742-9673-1c1e417f53b7,INE195J01029,,0,0,0,32
4bbf9986-b91e-5143-8efa-1e9758929e61,INE195N01013,,28,32,0,0
7faea1a2-3b9d-5fb0-9c82-19533899af1b,INE195Y01010,,26,32,0,0
2e74b429-ebed-5dbc-8f2f-708115bdb8d1,INE196A01026,,141,32,0,0
12be5948-51bd-5def-8db2-2dc45954f023,INE196B01016,,35,32,0,0
8f86c3ef-ba41-5b9a-a8bb-c12ba01f1ed5,INE196J01019,,32,32,0,0
8888bb8e-3c0f-5567-8ba0-dfdb858a6189,INE196Y01018,,32,32,0,0
ce51fdb8-d258-5419-b2f9-9a041696ba33,INE197201010,,0,0,0,32
330bc669-8198-5120-9a32-433758f419be,INE197301018,,0,0,0,32
6e346c79-4d47-5700-b8dd-ab6e71825bb8,INE197401016,,0,0,0,32
8fd68f6e-b377-5331-97b9-b7577b4205a7,INE197801017,,0,0,0,32
bc2c6f30-d962-55c1-8b0e-f0801660ac5f,INE197A01024,,95,32,0,0
6c5b2854-ef1c-5d01-9693-6c4a72bbbbeb,INE197D01010,,29,32,0,0
a40b9243-6a28-5ed0-9aec-28b75d439e8b,INE197J01017,,27,32,0,0
f85a0634-081e-5271-b421-0d12d3002553,INE198001013,,0,0,0,32
cb0cf988-3543-5289-aa3e-7d35461d580f,INE198101011,,0,0,0,32
91ae183f-eddc-5a75-a5de-30d72ef992a2,INE198501012,,14,12,0,1
48dc2be1-49f3-548a-8e6c-bb6355c064c2,INE198801016,,0,0,0,32
b53d2d13-a9c5-5ebd-9b62-a0e88c4d1793,INE198H01019,,38,32,0,0
ad690e01-120f-50b0-a941-e94be42ef3b8,INE199201018,,0,0,0,32
23bc655e-973c-50df-a7a1-a9cc06277441,INE199401014,,0,0,0,32
d78125e0-f353-539f-933d-e7aac36ebee1,INE199A01012,,42,32,0,0
77fd635a-4811-527d-a0ac-ac89b18bf050,INE199C01026,,31,32,0,0
8caa3db4-4dd6-5720-bd72-e50764f9fece,INE199E01014,,0,0,0,2
178f393c-d45c-52cd-9dd4-f28cceb1363a,INE199G01027,,57,32,0,0
9d31c7ea-bf4c-5dd0-b2a3-1247a6ab572b,INE199P01028,,18,11,2,0
df9d1bf0-5baa-5a1a-9458-8a7054bcf8b9,INE19FR01012,,0,0,0,1
17f08860-f275-5cfd-ad26-b0801e161062,INE19GK01015,,5,7,0,1
0967c7f4-8471-5883-81e2-44771abd32d6,INE19I001020,,0,0,0,10
71a6bba2-b36c-56a8-9a74-3caf80b72209,INE19QH01010,,0,0,0,15
04b04499-6e4b-502d-9e81-2057cc0d57ad,INE19RI01016,,7,10,0,1
2d01efc7-c8f4-53da-bc54-8bd3b5453ea5,INE1A5U01014,,0,0,0,1
d57e4d6d-14d4-5070-b045-339bcf811766,INE1A6Q01010,,0,0,0,10
ef0e8e9f-28a6-5162-a540-e470c3123aa2,INE1AE401014,,0,0,0,12
01c6a23f-9236-587b-84f6-a5a69b0c979a,INE1AG301022,,14,12,0,1
0288e88c-25b8-5b5f-a41c-7cecc0f00e3f,INE1AII01014,,0,0,0,17
6fe8dad7-7dc1-5693-83ca-c0395c14982f,INE1ARD01016,,0,0,0,16
61ed5b6b-d889-5e61-90b6-4d60a6e531f3,INE1B0W01010,,8,12,0,0
67a39560-bef9-5072-91e3-677f87f3f61b,INE1B3L01017,,12,12,0,1
9b54e806-b78f-56e0-a715-1cae9f7c0034,INE1B3O01011,,1,1,0,1
50662d72-dfa1-5b8a-abc0-7a4992ba22a1,INE1B6101010,,11,13,0,1
7cb40b4a-d4a1-51d5-8bda-2751390ac9fd,INE1BKA01015,,0,0,0,5
b840af0f-6519-503e-a72e-71b7f200b905,INE1BZC01019,,18,12,0,0
472e0005-07e1-5797-b23b-ebb654fc5d78,INE1BZN01016,,0,0,0,11
f89558a5-18a4-5f73-b2f4-33e828f53522,INE1C2Q01017,,0,0,0,1
28b182d8-11d2-59e9-a0f3-e3ef724d02ce,INE1C6T01020,,14,10,0,1
aa6d3f7b-e2c4-59a5-acc6-bf7cc27e1208,INE1CCX01012,,0,0,0,13
e80819f1-dde4-5832-93d0-efb4b90a063b,INE1CDF01017,888b94b2-6293-4e50-9069-672578ef8bd7,1,3,0,1
ec78b64d-78ea-509b-a3a0-7b6598c36a7e,INE1CEJ01017,,0,0,0,9
10fb2992-097c-5fad-a7ac-42c4008008ea,INE1CLE01013,,3,3,0,1
da4b94ae-1211-50a9-991d-e778febe2786,INE1CRP01016,,0,0,0,10
2b4e9253-6b9a-5c70-a8f8-cc91834b696a,INE1CRQ01014,,0,0,0,13
417bc43d-f808-543e-900d-c49749439325,INE1CW901027,,0,0,0,10
caeefa4a-7d19-52a2-87ec-717e6ccf6662,INE1D0W01018,,4,1,0,1
ef6b1467-e052-53a8-be2a-e87f25fdc44a,INE1DLF01018,,0,0,0,14
958b2da1-cf1d-5de0-bfc9-01626b19f329,INE1DLO01028,,0,0,0,1
0e7b0138-9773-5531-a920-412bc614d1f5,INE1DM601016,,0,0,0,13
f3cf2bc2-7ce4-562d-b5da-946ff19c3b5d,INE1DV401010,,0,0,0,16
4801c509-61fd-5ac3-815a-0f598b18b732,INE1E7Y01018,,0,0,0,5
58ca90de-e5fd-5f27-b5ad-3bd66554686a,INE1EEM01017,,0,0,0,2
e36e9bba-c2d4-5378-bb96-762fe0ad9d2c,INE1EF801010,,0,0,0,10
3a754de1-e0ad-5b2c-990e-a04124084b55,INE1EQW01028,,0,0,0,1
a65c5f3a-b316-5514-b23f-bfedaa1df58a,INE1ERK01013,,0,0,0,8
0444ed04-8463-5328-ad8f-a9fc0c74f478,INE1FCO01014,,1,1,0,0
f6607a20-68a8-5dfd-b91d-7a067a75e364,INE1FF001016,,15,12,0,0
3819cdfb-6a49-5a48-a00b-766f6ed66bb3,INE1FFX01018,,0,0,0,3
c7828772-eabc-5dd0-b9a2-d4a40ab07d69,INE1FL101016,,0,0,0,11
83a67491-a86b-55b4-b9d2-71c4c9726305,INE1FPN01026,,0,0,0,1
e9acfe31-f595-5f94-874d-232d224ee2df,INE1G2W01011,,0,0,0,5
adea7149-6b3c-52f5-8504-477864870afd,INE1GFG01011,,0,0,0,3
ca9b2f7a-33f8-5785-bdfb-0997fe1010d8,INE1GYP01013,,0,0,0,16
3c49a9e5-8b0d-59fe-b548-a4ab98e047ee,INE1H7V01011,,0,0,0,14
938d1224-762a-5e12-9a3a-966c1d727652,INE1II801013,,0,0,0,3
d1a79a4c-e02a-5ef7-a206-6bd5a730260c,INE1J5V01013,,0,0,0,2
e7ead6e9-cdb6-5073-8a88-1668ce201cc9,INE1J6M01010,,0,0,0,7
e72aed3c-c186-58f3-8379-bdc3be31b191,INE1JCQ01037,,3,2,0,1
b464e474-ba79-50b4-a15e-27d2b4e61b7b,INE1JTV01015,,0,0,0,1
6dbc5e0d-b3ea-5476-9677-b691fd969843,INE1JZB01022,,0,0,0,2
c14b2783-14b7-5166-800e-6d0dd828902e,INE1K4J01018,,0,0,0,5
0e3dbb22-ed01-5ffb-a20e-ffa25a2386b8,INE1K8Y01018,,0,0,0,12
54163f88-037c-5118-b48a-b119eb40f3a7,INE1KEC01023,,0,0,0,10
92394a6c-b91d-57b1-88cb-02be039d64f9,INE1KPX01025,,0,0,0,2
316b9319-2bda-5a7a-9cd2-69d96ae1474d,INE1KU201016,,0,0,0,9
991d8aa8-67b0-51bf-9868-e479945a0b53,INE1KZI01025,,1,1,0,1
8e9b0aaf-9658-5952-975f-b6f703efb35d,INE1M2N01020,,2,1,0,0
d6447212-18f5-5887-aa94-c996bda26ffc,INE1M3T01017,,0,0,0,14
acda723c-700f-56b0-ade9-e76e4dc7bb7e,INE1MTV01019,,0,0,0,9
0ee41e2c-78a6-5a33-9360-69d98499142d,INE1NPP01017,,8,15,0,1
a69e89cf-b861-5fdf-8734-be658644405a,INE1OIC01018,,0,0,0,13
1b4f92f7-c480-5c94-980c-db1969b00fa7,INE1OOJ01011,,0,0,0,7
478b113f-5086-513c-b685-739371d79df6,INE1P5601010,,0,0,0,2
ada17d91-63f8-58ec-bd32-c2f5576f25cc,INE1Q2D01019,,0,0,0,2
fd372645-b50e-56a7-8b0f-a41781babf0b,INE1QGM01024,,0,0,0,4
ce9fe0de-a486-574c-b884-33dc1bc78252,INE1QJA01015,,0,0,0,1
0a6ef2e7-e53e-5331-a200-1055521502cb,INE1R2M01019,,0,0,0,2
d762b41b-530b-52a0-9453-6da42cc798ee,INE1RDG01013,,4,7,0,0
254711eb-abe3-55bb-884e-f968158e5e5f,INE1SJO01012,,4,3,0,1
2df643c4-8dc6-5416-9b24-f47a64944d48,INE1SPP01016,,8,11,0,0
cd429260-5a40-505d-945c-1abe762817ca,INE1SY401010,,15,14,0,2
c752ab70-c917-5bb6-a9a4-94922436a235,INE1TAE01010,986f6527-d5e6-4fe2-af2d-576ddccedb57,5,11,0,0
105fcb7a-101f-5a1e-9cd3-d73377e1fcd7,INE1TUG01013,,0,0,0,1
51394ce5-6260-5089-84fe-a73af84146bf,INE1TY801010,,0,0,0,8
75d7d43d-66af-5b7d-9e03-f530d3295346,INE1V1R01014,,0,0,0,4
53a415c8-5e49-5ddf-8492-9c30db510b9b,INE1V4601019,,0,0,0,10
f9099955-f887-5b79-9460-5fbf8201883f,INE1VXE01018,,8,13,0,0
85a1a92a-55aa-5338-9afa-fccc2bef0d6d,INE1W0N01014,,0,0,0,4
33a89022-7087-5042-98ea-d2a786312a87,INE1WFC01025,,2,1,0,1
6b14d02c-3267-5c6a-86ea-a567470b0810,INE1XJ401012,,0,0,0,1
db078123-1c46-5640-ac6c-bcc6765e8748,INE1XWN01017,,0,0,0,7
a39fbd80-194d-58c1-82c6-82e2e0d657a0,INE1YNB01019,,0,0,0,8
ab62b37a-469a-5c6c-97f0-409107461309,INE1YPB01014,,2,2,0,1
72d98655-2435-59c4-9678-414029c1c900,INE1ZEE01019,,0,0,0,1
7354bb7d-1e9c-5381-96a5-032bb9fcf26a,INE200001019,,0,0,0,32
0b87e323-2843-5cdc-ae0d-aef5cf093703,INE200501018,,0,0,0,32
37fd0643-f0c4-5719-a5ed-3dc563fe1f05,INE200A01018,,0,0,0,32
91cfc33b-5c5a-570c-9811-eb4851e6144b,INE200A01026,,52,32,0,0
a0592b42-64cb-525a-be71-07df18957cb1,INE200D01020,,0,0,0,6
dd89a946-70a5-5b84-97a8-51c1902eb333,INE200M01021,,0,0,0,7
c7dfabe5-55b0-5aa7-a25d-7794fa20ecad,INE200M01039,4365b9c2-3dd2-4086-9077-fcf0ec71e6c9,0,0,0,25
03efe067-b2d4-5328-89eb-4f7a46ef3f04,INE201201014,,0,0,0,32
a722416a-f916-571d-b284-39e6d63522c1,INE201A01024,,32,32,0,0
27c8f409-56a1-5dce-947e-fdf899cf3bea,INE201B01014,,0,0,0,32
1a33233c-0b4a-57e8-9bde-809856859ba0,INE201B01022,,0,0,0,6
9142d874-213a-5e83-ad41-6ae0aba36c7d,INE201J01017,,30,32,0,0
ccfa5f14-c198-55d5-8f0e-63b8bd0272d0,INE201K01015,,39,32,0,0
d637d11f-41ee-5038-ba69-fb0fa6dbebf0,INE201M01029,,0,0,0,32
e2406116-3e12-5d5a-b073-a7c509f8d1d7,INE201P01022,,40,32,0,0
d021d98d-a545-5cf8-b072-49db126f67ab,INE202B01012,,2,32,0,0
51f20146-c917-5e30-91e4-4f59fdae2893,INE202B01038,,17,9,2,0
9c0de0d5-8d65-5eec-a598-225e3822cf40,INE202E01016,ef6062bb-1e44-4c28-9d3b-a2b0397757e8,0,0,0,32
58357337-db90-5960-b10a-e08280ea8614,INE202H01019,,35,32,0,0
cc9860c3-db87-5ebf-8f54-e60dac420481,INE202Z01029,,31,32,0,0
4795c7a3-fe75-5e27-92e4-acb05a389ae5,INE203501015,,0,0,0,32
1d3fad9f-b0dd-5a29-ae3f-2fb9a7b53a3d,INE203601013,,0,0,0,32
8f671a4d-1bad-5ae8-8963-9da0d6b1bde2,INE203801019,,0,0,0,32
13d4d084-80fa-5fc8-9439-98ba8b59f060,INE203A01012,,0,0,0,32
734957a0-1f3c-5c05-b2ef-a352f362cb3f,INE203A01020,,26,32,0,0
d814e8aa-e175-5445-a3a5-3788d9be3ef4,INE203G01027,259861a8-729a-42e3-b8a9-9a000113a870,0,0,0,32
f41e92ba-9bb9-5cd0-9a63-bbf9d10a9b10,INE203Y01012,,34,32,0,0
00e29a45-119f-5d68-8ba9-04fe912e12c2,INE204301019,,0,0,0,32
c730a64d-047a-5549-b87b-582933997e2f,INE204A01010,,29,32,0,0
3514d192-fc09-538f-b0c2-7f296e98efb0,INE204B01018,,0,0,0,32
c0eac47d-b548-518f-b6a8-a07b877a7ce2,INE204E01012,,63,32,0,0
4d1942e0-3c08-5554-b973-80b59f431956,INE205A01025,2065b292-6f3a-4c30-8e63-e2b845862ad4,41,32,0,0
b89fe28d-b5bf-5b84-aaf9-6626e1fce48f,INE205B01015,,0,0,0,32
8e28b8f1-88a2-5f65-bedd-348d832dd64a,INE205B01023,,46,5,0,0
8708c03d-969a-501e-855c-a1b575c4fb04,INE205B01031,,0,0,0,27
c97f6e00-2100-569b-b1ed-3236f12b93a7,INE205C01021,,0,0,0,32
fae096f9-f164-50bf-808a-4fdff425d3e4,INE205F01016,,0,0,0,2
98483947-c82f-517f-a2a3-7e351c3bbb6e,INE206B01013,,25,32,0,0
fee23695-a492-5d49-bf6f-df477ddade9e,INE206F01022,,21,29,0,1
002d47a7-0ba0-5d99-9901-64ebccc8134e,INE206N01018,,18,26,0,1
c209e595-3a5c-5340-bb17-8d162ab0af67,INE207401014,,0,0,0,32
8f3d70e5-f8ee-59de-bc79-fedb5dc75910,INE207A01013,,0,0,0,32
66ed6dab-b062-565c-8eb6-1cdb30e307a6,INE207B01011,,0,0,0,32
c0e4ab05-3de2-50d2-b55b-15ede7abdb8c,INE207E01023,,47,32,0,0
56ef8a9d-b021-51c7-a039-3d1edb0bec2b,INE207H01018,,0,0,0,6
add76fb9-419e-5daa-ba22-6e7be877537e,INE208101019,,0,0,0,32
b2e1c09f-670f-5a47-90d2-33db70d51661,INE208301015,,0,0,0,32
22290ca0-a578-53b5-a061-882dfd03fffe,INE208A01029,,22,32,0,0
f0d5da41-8d86-5ff6-885b-b439a64a9d6d,INE208C01025,,31,32,0,0
0a6d4333-0c95-54eb-9ad4-7155703ce29d,INE209601017,,0,0,0,32
9bed1968-6ac7-58fb-97d4-6816cc77eb85,INE209A01019,,33,32,0,0
ac9f1308-6607-5d50-99d5-8cceedcd1720,INE209B01025,,37,32,0,0
18817643-18fd-59e7-b218-619347c14277,INE209L01016,e2b6e239-58cd-40b7-9578-6190dcdc0c9f,41,32,0,0
39b4ceac-aa65-5c0c-896e-5bcade72086c,INE20PL01012,,0,0,0,6
5a6f69a1-dde2-5274-b610-171b72cd7bb8,INE210A01017,,47,32,0,0
f2615bd4-b1d2-5a3d-a91a-4ba6cdfbc885,INE210C01013,,24,32,0,0
61088dc1-3e43-57b2-ad71-17919d871b96,INE211901017,,0,0,0,32
1b7cd624-e521-532a-92bd-3db76011ec33,INE211B01039,1dc1f881-96ec-459f-a406-404b2014e125,23,32,0,0
e2057f87-70a1-5a17-946a-ebfef0df98af,INE211R01019,,29,32,0,0
223c1907-b75b-53f8-9a54-8120af01c499,INE212A01013,,0,0,0,32
107f6286-d94f-5670-a58f-062e102c111a,INE212H01026,,32,32,0,0
db5a5877-8ce8-5140-9cb5-7c9245a4103f,INE212I01016,,27,32,0,0
8b8bfc90-c021-5ae0-aed9-2f9acfa46e38,INE212S01015,,19,7,0,1
376b0be3-b291-52f7-9c0a-cbdc3c2a1271,INE213A01029,501382c8-6271-42e2-b1c3-9e0b5b4ce2a3,0,0,0,32
d658e3c5-24d5-5942-81e2-211ed5d4f4e8,INE213C01017,,0,0,0,32
193b11d7-7f8c-53ba-a908-88927f354ef1,INE213C01025,,23,32,0,0
78377bbc-bc6a-5755-a7d2-448bee58ad17,INE213D01015,,0,0,0,6
ebc63a42-f945-54ca-87d5-54abc104f443,INE214101011,,0,0,0,32
c7f898fd-a918-5b25-80bd-22f7e75cf9b5,INE214801016,,0,0,0,32
b4ebdb8c-014a-53a5-8267-9338d66850dd,INE214A01019,,26,32,0,0
f34b20f4-b0c0-5efa-b956-9d3990789c33,INE214F01026,,0,0,0,6
da59889b-2853-5a54-b8d4-387a70bbf24b,INE214T01019,,26,32,0,0
d073e9c1-23f1-5a40-83ea-3c408ff51b40,INE215A01016,,0,0,0,32
b54a4f0f-c799-5ce9-b3e2-e8235aba6d6c,INE215B01022,,15,20,0,0
fd76f2a6-357f-5046-895b-a77213b8ad8e,INE215D01010,,75,32,0,0
44a13210-f6ef-539b-b24f-17e59dfe6ff2,INE215F01023,,33,32,0,0
ff1c31d2-517e-5920-b45c-07ccafd35662,INE215G01021,,3,32,0,0
f6325c0a-9cd4-569b-9120-910e5eef8dba,INE215I01027,,0,0,0,32
1807c340-4f69-5ace-a5f1-37e8902ad48f,INE216801014,,0,0,0,32
cf80f4d8-2e6e-5147-ae22-2b9cbdc7e98f,INE216A01030,,0,0,0,32
7867129f-ec5d-598f-bab6-d780bdb36b4d,INE216D01026,,0,0,0,32
46b7eba9-f797-5333-9dc0-9423c23c41a9,INE216G01011,,3,32,0,0
0198ae1b-0cdd-56ae-9396-9d381403191d,INE216H01027,,78,32,0,0
aac852ad-564f-516b-940a-de9f8a9d6f6a,INE216P01012,,42,32,0,0
bac6c7e2-980f-5a34-a80f-d36361a5b157,INE217601017,,0,0,0,32
9143f523-2f3f-50d9-98cb-8aa38c4d0ddd,INE217A01012,,52,32,0,0
27365238-b465-5d67-8970-ddee55b8460e,INE217B01036,,0,0,0,32
6501ff56-3e87-58e7-bf77-2c5056691ae5,INE217G01027,,0,0,0,32
b9bddbfb-f6b7-5ba2-8585-c6e68d5101d5,INE217G01035,,51,32,0,0
3f64f2bb-eb55-592e-94e1-26441e5cf11b,INE217K01011,,0,0,0,32
69a46434-9652-5673-9e53-8a69ad642200,INE217L01019,,38,32,0,0
1a7ab0f3-c048-5537-95c2-cc52a3c4e2e3,INE217S01014,,0,0,0,2
048406c7-1138-5dce-bd08-81bd53877afb,INE218A01010,,0,0,0,32
e82823b4-6d85-5c47-a0aa-51349dfbc475,INE218C01016,,33,32,0,0
20260cb6-cd90-5607-a763-046d332a8161,INE218G01033,,27,32,0,0
2e217f83-0114-5033-af68-bb05e09699e4,INE218I01013,,12,12,0,0
53958f77-a621-54b0-9b7a-9f5134d42312,INE219501017,,0,0,0,32
9b6cfedc-fb2f-533b-9a71-ddec6b132922,INE219H01039,,0,0,0,32
6e31b3c9-1060-529d-a56d-477a9ea281ba,INE219Y01018,,20,32,0,0
9eeccf06-9a56-5de6-a65d-4c861e460c1c,INE219Y01026,,0,0,0,13
8667732c-f154-5720-9b32-6073cfaa4101,INE21UM01018,,0,0,0,10
6ca29749-eb66-53de-8baa-fda930d5a34c,INE220A01024,,0,0,0,32
4a573342-85b7-5403-a170-35d549e1fb4d,INE220B01022,c18ef8b9-f515-4d76-bf34-5b368f457c9a,36,32,0,0
65db442c-c121-5085-98ae-ace0e9e960da,INE220G01021,,26,32,0,0
6b765faa-6ca8-5245-8246-98ae48311b5d,INE220J01025,,37,32,0,0
fd63e82b-5e39-5ce5-945b-73546fbf6513,INE220Q01020,,26,32,0,0
f87d924c-77e4-5f6c-9b8c-7d4cb1290112,INE220Z01013,,0,0,0,6
66e528c0-fa2a-5089-bf29-170848ed7d44,INE221B01012,,31,32,0,0
1b6083f9-ac99-5f09-bdae-ea181873e1c8,INE221H01019,,37,32,0,0
d5b1c4b6-00d4-5e93-8d72-b3cd86729d96,INE221I01017,,13,32,0,0
7eca5aea-c1ba-543b-91b2-82a0efda80b7,INE221J01015,a40ecb86-108c-4bbf-80cf-c721eaa34c56,30,32,0,0
05adda62-ee1a-58c1-862e-da6a9bd04056,INE222F01029,,0,0,0,2
30edb58c-cede-5259-8000-48ed93663e55,INE222J01013,,29,32,0,0
ace481ae-60c1-5b9d-88c2-bcee8cb9c28c,INE223B01018,,0,0,0,32
3bd97991-847e-5f80-9da3-a983060ea1af,INE223C01016,,0,0,0,32
5e86ac69-2069-5251-b871-8d50dbdf7ef0,INE224101019,,0,0,0,32
cb935d41-dc72-5130-84ac-9dfaf01e9ff6,INE224A01026,,0,0,0,32
973adc2f-38d9-52bd-8dc7-f6fe52174f97,INE224B01016,,0,0,0,32
7350ade6-41d9-504b-8741-5d13c189bd57,INE224E01028,,30,32,0,0
3596c591-cb25-5c9c-ad58-980e2987a647,INE224E01036,,28,32,0,0
1e714b74-610c-56d3-b6a2-1194caa3deb4,INE224M01013,,27,32,0,0
39edc3b5-da44-5876-a4cb-ff4cec2e5a4f,INE225301014,,0,0,0,32
e3b6dbcf-56bd-5446-adc2-04c38dccc66d,INE225B01021,,3,2,0,4
c296aee2-872a-51fb-bea4-2e57afe485c9,INE225C01011,,0,0,0,32
a7a62193-c5df-579e-b440-71ea201b2ca2,INE225C01029,,7,29,0,3
42dd6b60-cfad-5cc6-81c9-d88daadd9794,INE225D01027,,0,0,0,32
2cccf48a-4702-5412-aeb3-42334368a842,INE225I01026,,0,0,0,32
a38201f7-24d5-5de1-885a-16fa8a7aae38,INE226801012,,0,0,0,32
2ee60ba8-d9af-5391-af2f-5520801f02d5,INE226A01021,232eef67-1e6b-4080-9ef1-95dfa8018488,24,32,0,0
724893ab-b64c-5b05-b6e9-eae6e178c564,INE226C01019,,0,0,0,32
484d6de9-ef2a-594a-97d6-69b605bf27e9,INE226H01026,,0,0,0,32
62bc501e-77a8-58db-81f0-a057e08feeb0,INE227301012,,0,0,0,32
9dabb9d8-2270-508a-a737-755e4df81986,INE227701013,,0,0,0,32
faa60331-9d8b-576d-ae6d-20b890ec41ea,INE227801011,,0,0,0,32
becd826b-c0bb-53f9-9624-f5287822547d,INE227B01019,,0,0,0,2
632dbdf7-acc3-5109-b081-83ea85a0f1f9,INE227C01017,,34,32,0,0
d481457f-55f7-5b65-828f-adca11f2e849,INE227F01010,,0,0,0,2
ecde9719-4ff2-504b-8d8f-ff70668fb7a2,INE227G01018,,59,32,0,0
705f15a3-2b11-5296-8b44-a8e45511cd61,INE227J01012,,14,15,0,1
01d8d75d-0231-5416-b05b-ca0ac356b7ee,INE227W01023,,79,32,0,0
681a8598-ccce-581c-bb36-be4a76da2065,INE228201013,,0,0,0,32
0b2641b5-f6b7-5e12-a24b-2e8f93ee328d,INE228A01035,84455cdf-46f9-48d3-a323-8b46ef8cd9f6,37,32,0,0
1263b658-edac-5ced-aea5-8de6b39f2db5,INE228I01012,,35,32,0,0
6ddbe1ee-e927-5411-b957-892926ca71df,INE229401018,,0,0,0,32
206713c9-4cd6-55d6-b779-531cc2743dbe,INE229501015,,0,0,0,32
c089594f-0409-58c0-ac55-a62614c96940,INE229701011,,0,0,0,32
3a7b7d3f-890d-59de-8dc7-a8cab08a8a39,INE229A01017,,34,32,0,0
55ab381d-8ba7-5b6d-b436-287cabbdde6b,INE229C01013,,78,32,0,0
d83b5753-0d76-5104-bd51-1c77984ca68b,INE229C01021,,0,0,0,32
b0f6c016-a52a-56dd-b2d1-9ca349e6561f,INE229H01012,,20,32,0,0
42e522ae-1fd6-54da-a2e9-0a6564e1d897,INE230201019,,0,0,0,32
8b522e75-346f-5496-8b99-44207af6a029,INE230A01023,,30,32,0,0
f409f957-6425-53a4-9a96-68ce8c5a8332,INE230B01021,,27,32,0,0
19f21fe6-46c9-5f26-9ee5-6207558ba10b,INE230R01035,,0,0,0,32
182763f8-ad6d-5445-83d5-bc4d5974a44c,INE231301016,,0,0,0,32
60546913-4de6-59b3-b51b-366566a60006,INE231401014,,0,0,0,32
d1638919-4f2f-5bb0-a187-2d6e6b1b75e2,INE231C01019,,24,32,0,0
dd4195ca-b713-5e97-97bc-e69b704f96b2,INE231F01020,,35,32,0,0
2f4b35dc-2741-5868-a913-8a9ed324c8b9,INE231G01010,,31,32,0,0
f89cbd62-4411-588f-b1fe-71f4cfc90c04,INE232101019,,0,0,0,32
da2dbbb7-370d-59e1-998a-d319d8ab9a25,INE232501010,,0,0,0,32
222c6558-9d0b-56e3-9151-0ab623bb87f6,INE232A01011,,47,32,0,0
0f91dcf9-63e0-5f8e-8bd9-930d25352dd6,INE232E01013,,0,0,0,6
e6b592b7-546d-5b79-acf8-c9856067adc1,INE232I01014,,38,32,0,0
0369b54a-3be5-5910-856f-d5c04d9ef085,INE233A01035,,29,32,0,0
a543630b-6197-54b3-bf9c-a4314c31bbb2,INE233B01017,,45,32,0,0
16922abb-b133-5062-8d91-f6bc9e0269f5,INE234101017,,0,0,0,32
e1d6d9f2-9b0d-523b-94db-2121e10a3de6,INE234301013,,0,0,0,32
9141e140-e1b1-56a5-9dd3-1ae0d933f3ad,INE234A01025,,0,0,0,32
5c438a40-51b6-592a-b6b9-99b125abd7ca,INE234I01028,,0,0,0,32
d985f849-ecf0-5aad-8186-7038ea97aaa4,INE235A01022,,39,32,0,0
1cb670b6-3cd3-5127-98a0-6bb6037d98a3,INE235C01010,,46,16,0,0
1b300b6a-79cf-5b29-87b1-58c6dc9a8995,INE235C01028,,0,0,0,4
77787d70-abe4-521e-9de6-f5b03d13f9f6,INE235C01036,,0,0,0,12
a31d425f-4eed-56ef-9f7b-f976f6fce1d3,INE236501016,,0,0,0,32
7bd56800-e55b-54f5-ab0a-2acab09314e2,INE236A01020,,78,32,0,0
b815fb3c-38ce-5ef9-9012-0da5f94f3e11,INE236E01022,,11,14,0,2
d2395c81-0aae-5b42-8a28-21c39ef9f6eb,INE236G01019,,50,32,0,0
b9d399a7-2bd8-525b-a346-29719f0012b6,INE236Y01012,,37,32,0,0
ca6ead7e-4695-5287-86b6-5186a48991cc,INE237201012,,0,0,0,32
7bb0abbb-4741-5c39-80aa-f4f5225618e4,INE237501015,,0,0,0,32
4cd0374a-76ef-5e39-ab1c-93e43151564a,INE237701011,,0,0,0,32
ac51b58b-ce90-5dd1-91c6-19974e680bfd,INE237A01028,,0,0,0,23
e70ebcf0-5fef-5ac2-9629-c9937c89bbbb,INE237A01036,05744a34-415b-4084-b832-ce3436ba0694,0,0,0,9
98931858-f30c-52e8-ad60-8a725d36e0b7,INE238701010,,0,0,0,32
5178ae6e-d625-54d9-9af2-ff5ba9177a90,INE238A01018,,0,0,0,32
8389d4b5-9904-5b47-b2c5-2b6c4d5deff7,INE238A01034,b330c9fe-ae35-469a-9975-d5af26843b1c,0,0,0,32
25fd93e3-ae33-58ff-91dc-74481ef5a237,INE238Y01018,,0,0,0,32
202726e6-c690-5f77-860f-eda945c97ac2,INE239101012,,0,0,0,32
a9297010-f36d-554d-9e0d-6c892e25584a,INE239401016,,0,0,0,32
6d72b4e8-5f95-52cb-9bc4-d41c60eb888a,INE239A01024,,0,0,0,32
53df386d-374c-525f-be49-068f57555efa,INE239C01020,,40,32,0,0
e83979b6-f484-5bf4-b2e3-9c03b0fbe3e5,INE239D01028,,30,32,0,0
0066a1e8-1de5-5c79-b630-c2d3e9218372,INE239T01016,,0,0,0,32
380abaad-946d-5071-aae0-4dfd4446c61e,INE240601018,,0,0,0,32
b8a8ac86-90fd-5fcb-8fd5-2bcdba2d55eb,INE240A01014,,0,0,0,32
9535f46e-1bce-5bcf-a4e0-93c105376a5e,INE240C01028,,25,32,0,0
6abc9c59-e516-503c-9443-13050e04e796,INE241U01028,,0,0,0,1
c371d900-c0d2-5c46-94ee-55315cacd3db,INE241X01014,,0,0,0,20
37552551-4d78-5717-bd2b-dbbc0eaaf741,INE242101017,,0,0,0,32
695a9826-1283-5fb5-b68b-be8d1ae5a076,INE242201015,,0,0,0,32
608579a9-55a9-5263-9ada-5867cb456254,INE242A01010,,28,32,0,0
20b92452-1525-54e4-a65a-822bd2aa8a4e,INE242C01024,b2d907e5-f8a1-4755-9fec-0cbbbd0e247f,35,32,0,0
7dfd2725-6e6e-5693-86f9-a7a48669b9a2,INE243001018,,0,0,0,32
13c2993a-9042-53eb-8413-2d90f43b012b,INE243D01012,,81,32,0,0
c3f864fe-c88f-50bc-aea0-8ff5c9019cac,INE244A01016,,34,32,0,0
c5d00036-afa9-5dfc-b709-9707b46efe17,INE244B01030,,31,32,0,0
a0fd9452-8163-5396-afb9-e4f02c0ed6ec,INE244J01017,,29,32,0,0
b60cd2d8-f64c-5748-84bf-f5146c543a2c,INE244O01017,,32,32,0,0
fbcbec95-8772-54fd-8be6-ea5853e621f7,INE245A01021,fa19b88f-9974-443d-a500-33dcd990a7ad,0,0,0,32
d428e38d-a242-598e-ae83-24c9ae46c6f4,INE245B01011,,0,0,0,32
694c773c-172c-580e-82ab-47f70af29c75,INE245C01019,,19,26,0,6
efa1ba82-81d7-5223-a16e-f654b002eded,INE245I01016,,31,32,0,0
ce7263ab-3f41-558d-8447-fcde0c14e172,INE246B01019,,26,32,0,0
666bbd19-85ec-5030-a88c-1ae484807d2f,INE246F01010,,34,32,0,0
5362bb3d-7e50-5aae-a4d0-7338c1df7167,INE247701019,,0,0,0,32
867bb3db-2d55-5b91-a701-8a6b8932603a,INE247C01023,,0,0,0,2
813951e3-225a-5ad8-b14c-10fb1bdacdaf,INE247D01039,,0,0,0,32
089fa15b-6d8b-5827-86a1-f494d638ee04,INE247M01014,,28,32,0,0
a4761e96-97e6-5825-8183-ab5b3c141414,INE248A01017,,31,32,0,0
620f93f8-176f-56b1-895e-230d066f99e9,INE248H01012,,11,32,0,0
3026fa24-58cf-59c6-b0b4-705aa2f9c5df,INE249301016,,0,0,0,32
6bfe36a7-62da-5070-a38f-fbf65fa84380,INE249A01015,,0,0,0,32
22deb9f8-a504-595a-a92a-4ba7199cef4c,INE249C01011,,29,32,0,0
4bb146df-1ec6-53fb-ba4b-0357d9ef959c,INE249Z01012,,36,10,0,0
2a5a78cd-53d5-5b17-9f8a-4678d57822ba,INE249Z01020,,0,0,0,22
c767bdac-69e9-52ea-b0f7-6ebad8fd2766,INE24H301028,,0,0,0,6
f25b3c10-0859-579e-9c7a-8051df94a0ba,INE24OJ01011,,6,9,0,0
f7ed6652-7c16-5101-b039-c6877043dc6f,INE250A01039,,50,32,0,0
98ab3734-b826-5a0c-8497-dc2ba34fa89a,INE250B01029,,26,32,0,0
e627d4d5-8dbc-5d21-93ae-b1eb9d181961,INE250K01012,f374e641-2d87-43b0-b886-7a8728bf4d8d,29,32,0,0
a9c69ef9-15fc-56d1-a56f-dcf46e7b4c9b,INE250Z01010,,24,23,0,2
aacc84da-879a-5f60-9f0a-49a38060fe11,INE251B01027,92fbe654-b418-4f72-b63c-36c57aec095b,43,32,0,0
14cd7095-3578-5b8d-9d9b-fd9360b5d15a,INE251C01017,,4,32,0,0
4b0f27df-8000-5acf-9c31-2d30155dd822,INE251C01025,,27,32,0,0
a131f5e8-02a8-52e9-a6cd-ca66209e2379,INE251H01024,,31,32,0,0
dd99647e-5cc6-580f-8994-3497f995b45a,INE252201012,,0,0,0,32
7d21a8e5-35e1-5cb3-87e0-25a19e3ce955,INE252301010,,0,0,0,32
b1ccb5aa-46a5-5bd0-859b-d9380521bdbb,INE252401018,,0,0,0,32
95e04c86-074e-5d28-8026-5f3ca204a439,INE252A01019,,0,0,0,32
528bbc68-a915-5d35-ad6a-dc3f8f2b8dc8,INE253A01025,,40,32,0,0
da052b01-27de-568b-bdb9-15128e8ec831,INE253B01015,,24,32,0,0
41fed8b8-8827-565b-85b1-9e974e798086,INE254A01015,,0,0,0,32
488926cd-054e-591d-b090-6cc35f4800ac,INE254N01026,,0,0,0,32
4c5bb6f4-7285-5b92-aa72-dbae295eb7f9,INE255A01020,536a43df-2b25-420c-b307-0cad6d62c7d0,41,32,0,0
3695370e-b92a-5835-b71e-0b15707731d7,INE255B01010,,0,0,0,32
ff0f949d-6395-515b-bc05-6b13f71f4018,INE255C01018,,0,0,0,32
690d0fbb-7b48-593b-b580-dfe59f3d3430,INE255D01024,,0,0,0,32
06d26031-5d31-5ec0-bce2-ce9b67d124b1,INE255X01014,,62,32,0,0
24a19267-d04c-5c64-aa45-b32497833685,INE255Z01019,,39,32,0,0
c4ae0dff-09ae-55b4-938f-85f5c29c5275,INE255Z01027,950b0778-a1fa-4ad2-bbdc-27158e6fce03,0,0,0,4
d2a06507-da1b-5198-a85a-32f25d496271,INE256201018,,0,0,0,32
b65518c2-f4d4-59ec-88e5-0871b197386a,INE256A01028,,43,32,0,0
ba853807-752c-5919-af3a-6f20c4860963,INE256B01018,,0,0,0,32
800726bb-0c40-5372-aacf-04eb05faa560,INE256C01016,,0,0,0,32
faa3bc34-358d-537d-9965-b20ce8a66186,INE256C01024,,24,32,0,0
310b5be5-4c1d-59e7-aecc-4ab7c4beee72,INE256H01015,,23,32,0,0
bc9fc8c7-270a-59f8-a1a2-eb178a92d652,INE256Z01025,,0,0,0,32
394f620d-fe57-52ac-8042-608fd7d572ed,INE257201017,,0,0,0,32
7b9d37d8-f876-5d93-a818-e91743a1c0ad,INE257A01026,,0,0,0,32
fc464a0e-ae28-5a67-a606-c0cb71edd159,INE258A01016,,34,20,0,0
3f852bd4-990e-5313-b889-48440070f844,INE258A01024,,0,0,0,12
0b8ce20f-6389-5efc-9dec-c3a1a1ee11fa,INE258B01022,,38,32,0,0
fd9cc30b-552d-57ec-bfba-cda416ff1fb3,INE258G01013,,40,32,0,0
51c497a8-c39b-59b4-bd7c-13db655d1e0f,INE258R01028,,0,0,0,2
32774d7e-617e-5785-a46b-c0d160633c8a,INE258Y01016,,19,32,0,0
c17bb532-32a2-5b05-aa3e-e14931922357,INE259A01022,,23,32,0,0
81192def-7235-549f-a057-daf566920761,INE259B01020,,32,32,0,0
4525e0f1-6601-5d3c-a2ee-13ffa4b10f7b,INE25E901019,,6,5,0,1
4615e111-a41d-56df-8c66-edd645d9c786,INE260B01028,,0,0,0,32
f2ca2daa-6216-5121-a7ca-2915646a00f3,INE260D01016,,33,32,0,0
9255c9cb-a869-592e-a874-ab1a0e3dea35,INE260R01016,,0,0,0,2
d39537b1-61a1-56f1-9aa7-5d927bb135e8,INE261B01018,,0,0,0,32
c1d9f650-8c3d-5b0e-9eda-a8c3d6e9c49f,INE262A01018,,36,32,0,0
5558079f-e3ba-5aae-8ec1-2e7e9b6ebc3b,INE262B01016,,0,0,0,32
98c55774-d02b-5698-a8be-0f8f65a2ba8f,INE262H01013,,38,1,0,0
89fffc9e-2f67-5595-89d1-898d705cf179,INE262H01021,9e6ac437-78f3-4d22-9e66-76ecea1bd4f7,0,0,0,31
d22b630d-af89-594a-9d85-f82709fbc607,INE262S01010,,0,0,0,32
8aca2d81-9926-5403-95ca-5802611405ab,INE262Z01023,,0,0,0,32
ab401bbb-55f9-5e16-8527-0408dae4f7fa,INE263601010,,0,0,0,32
abb92c43-9463-5a06-b5db-8b795d78cf62,INE263A01024,fdec39e9-08a7-418d-ae96-9d8ce834d26c,0,0,0,32
b5dc74a2-be54-5f69-8e50-c6abebc1ea25,INE263L01013,,0,0,0,32
ed36251d-c4b4-5df1-a78b-03bb90adbed2,INE263M01029,,29,32,0,0
15fc050d-aa6f-5707-ad25-4cdb84acb0d7,INE263W01010,,29,32,0,0
2c546185-53e9-5ee1-99e1-c1f2fc104e70,INE264T01014,,56,32,0,0
5d4fbe12-9ea6-5e64-a16f-93dfcd503447,INE265801014,,0,0,0,32
c8850bb0-fad6-5c31-bddc-b3d7e91ccce4,INE265B01019,,0,0,0,32
7bf8e0fb-3725-5991-8859-c170f6ca2283,INE265D01015,,0,0,0,2
85deaa93-ff91-55b3-a565-84a6fce2547b,INE265F01028,,20,32,0,0
1c55c1d1-397d-523a-9675-c9d35c086d16,INE266B01017,,0,0,0,32
65f0d00b-afc7-5367-9505-2328046c16a3,INE266D01021,,0,0,0,32
433ae5d4-be1a-50b2-8012-016621143f01,INE266F01018,,80,32,0,0
38a000aa-5492-5ef1-aa80-6c44042b2e1b,INE266Y01019,,49,32,0,0
adc1b3ed-fbf7-523d-aef3-b76c7e5430d0,INE267201015,,0,0,0,32
149f347a-9573-53bc-8bb4-eb42a6035be9,INE267A01025,d2ac8d11-68a9-4cf8-8476-139b0495ab7d,0,0,0,32
8c4a4d1b-abc7-52ee-b276-a22048e5b298,INE267I01010,,40,32,0,0
2ea4ba8a-8086-5376-80f5-ea2166cbf492,INE268401010,,0,0,0,32
9bb235e5-3154-574c-8684-ba3289edb38a,INE268701013,,0,0,0,32
9ae8e8c5-a5ae-5f49-9022-6e72268d4b95,INE268801011,,0,0,0,32
41a2c5cd-e652-5d22-b04f-8b7654e4143e,INE268B01013,,33,32,0,0
22ec249e-4abe-5600-8a1a-888391b93acb,INE268C01029,,0,0,0,32
15cf68e4-a205-58a6-ace1-7cb84bb7022f,INE268H01036,,17,3,0,1
2f889af3-d4af-5950-9520-2380bac72cee,INE268H01044,,0,0,0,17
50f8eb21-7da9-5114-a516-3aa02b6002b3,INE268L01020,,24,7,0,0
0f783b92-a316-55e9-b516-3dc8ffb74273,INE268L01046,,0,0,0,25
4375101e-ee3a-520d-be63-ab8fee7f8171,INE269401019,,0,0,0,32
27276369-16fe-5321-a726-77a456032086,INE269A01021,,29,32,0,0
1e5ca76e-8518-586c-9564-758fbb238eda,INE269B01029,,51,32,0,0
a5d3cad9-9d79-5c2c-8058-bd1d0dcccab7,INE270A01011,,0,0,0,32
d8545ab9-f22f-5e83-87f5-a663d3ac14a3,INE270A01029,,56,32,0,0
b00795d2-0f78-5750-9e45-3159142edbf7,INE270B01019,,0,0,0,32
2f788455-9f2b-57c4-8cda-44f05088cc6d,INE270B01035,,0,0,0,6
01890efe-0f73-574e-abf1-1ca0ac398f5c,INE270I01022,5284d0db-5e71-4366-a6f7-fb8fca39a7a1,0,0,0,32
47c39eb8-b01a-55fa-b868-23e8c6fba1e9,INE271301017,,0,0,0,32
755b43c1-13e7-5578-8e95-045dff7ae08e,INE271B01025,,38,32,0,0
5f2e7a9e-b9cb-5579-93f2-8fe9d75ffafd,INE271C01023,,64,32,0,0
24b8dffa-1d22-5c19-a787-9532413443b2,INE272L01022,,0,0,0,32
21607ff0-79ae-57c1-bd20-398a1119a6a4,INE273101019,,0,0,0,32
c172c387-5c91-55d6-8416-de522c1d7a84,INE273D01019,,42,24,0,0
1ad05624-2f64-570f-9171-54e16864ad82,INE273D01027,,0,0,0,8
45e9c716-fb1a-5477-864f-e6180e2baa60,INE274A01013,,0,0,0,32
998594b0-eded-5936-8774-5680033b93a4,INE274C01019,,49,32,0,0
cc2063e6-21b5-53db-b1f9-60b63110c137,INE274F01020,,41,32,0,0
9690d5b1-60f0-5c60-b23c-c8503c4b52f2,INE274G01010,,29,32,0,0
f440f5b0-7735-54d9-b3b7-9980a7138595,INE274J01014,,72,32,0,0
cc1f18d8-ab5f-5821-896c-3fe40db5d739,INE274K01012,,0,0,0,6
6ca5af75-5798-58c7-9190-868ebb6860c2,INE274V01019,,26,32,0,0
573d3e09-69ce-5727-9969-584bacd05c7f,INE274Y01021,,18,19,0,1
d721d151-7a98-5a2f-8bba-70e4c2379038,INE275101017,,0,0,0,32
a26ff022-cfc2-57b8-9182-017066733e2e,INE275B01026,,33,32,0,0
f7cd2979-d4f8-518a-96e4-38f8faee5ce1,INE275D01022,,27,32,0,0
3b8c8819-8752-5ea8-b4df-c7e0f3278c32,INE275F01019,,44,32,0,0
bafb4263-8dee-5b08-aa08-a02c4d45a53d,INE276A01018,,49,32,0,0
38a246ab-d463-56ad-9849-ad57785175ce,INE276B01016,,0,0,0,32
f3b4ae39-9544-5793-a49c-fb4bf82bcb14,INE276C01014,,22,32,0,0
21b0c005-5af8-532e-81c0-0cf03b2f0076,INE276G01015,,45,32,0,0
fe02d502-9156-5c27-bd84-407f4909ebf0,INE277A01016,,73,32,0,0
79578ec9-96b3-5d94-8ea8-d8a7e3fd6a3a,INE277B01014,,41,32,0,0
48a32633-e8b5-5b09-a0dd-ff2e0c7e6f3b,INE277C01012,,36,32,0,0
4554dcdb-2822-599a-a211-8aa6642fbb68,INE278801019,,0,0,0,32
6d057b24-8ec7-534b-9e2d-0d020ee23c77,INE278B01020,,24,32,0,0
f71daf81-db08-5902-9a3c-f737569cd894,INE278G01037,,38,32,0,0
aab1a8d3-7c6d-59ac-985c-e335bbd05802,INE278H01035,,40,32,0,0
bce74c63-ba32-5210-a51c-4d0e5f04be1b,INE278M01019,,27,32,0,0
ea7e89be-9664-5a58-8761-a30af671ee94,INE278R01034,,35,32,0,0
2c5f6dc3-f8f6-5dff-ab33-bafc50a68a12,INE278Y01022,,27,32,0,0
39edb8e8-a11e-5f94-8552-ccc0e1220761,INE279A01012,,31,32,0,0
61608f65-cffd-5f01-8d74-af813cfe42a2,INE279B01010,,0,0,0,32
8188be8e-f645-56da-94f4-9688bf08815a,INE27V201011,,0,0,0,3
f64a65fb-d596-573e-8bd0-5cdeb5258b83,INE280901013,,0,0,0,32
9eac015d-2fe9-5eca-bf57-42011e16fa5e,INE280A01028,77f3f9a4-62e0-4b36-8e73-09e1e281ecbf,0,0,0,32
1e6d5297-6121-5ede-950d-28a8161cda9e,INE280B01018,,0,0,0,32
ea6977a2-f069-5cd0-ae47-49696c9a9e3b,INE280H01015,,16,32,0,0
9a93103e-6fd6-533c-9e74-788a05242795,INE281A01026,,44,32,0,0
1c91ee08-c168-5f51-9d80-4cea1e54e7db,INE281B01016,,0,0,0,32
e170dfe8-7a6f-55e9-8ebf-1cc76a49eaa2,INE281B01032,,25,32,0,0
f486639f-c3c8-5092-a32c-947bdd2f35d8,INE282A01024,,0,0,0,32
7fa2814b-be52-5d6b-bb9f-81936129b039,INE283A01014,,41,32,0,0
ab2202fc-7f7f-5176-8757-5a8569968403,INE283H01019,,45,32,0,0
52f639c7-d1c7-5bb5-88d6-7aea37866321,INE284A01012,,30,32,0,0
a82e43c7-dd41-58aa-aaf9-08583f5822bf,INE284B01010,,0,0,0,32
d2d53da5-eefb-5bac-84d2-50000e0bbc50,INE284B01028,,0,0,0,2
e0eeb937-9f83-58ba-8708-9d24b5cc7390,INE284H01025,,12,21,0,1
5181964e-1ee3-561c-aa6c-4af8b6334433,INE284S01014,,36,32,0,0
79fa59b9-9bcb-5341-b5de-b0393463dbe9,INE285201013,,0,0,0,32
7ce73853-2c0c-544f-a663-0423b0e40cd7,INE285601014,,0,0,0,32
de792a18-cb91-5032-8294-f02f4b86435e,INE285A01027,,35,32,0,0
5ae17db1-b049-5be0-9c8c-cddfd1364c9d,INE285B01017,,0,0,0,32
b77eeee1-1c91-57cc-b469-807a6ee33f9d,INE285C01015,,0,0,0,32
507010f7-e1e8-5302-b029-8a08cbcd4fec,INE285H01022,,38,32,0,0
4e0b5755-52ab-596e-bd80-7b12fa42dddf,INE285J01028,,0,0,0,32
32947c3d-1d36-55b3-b687-83556470f25f,INE285K01026,,25,32,0,0
7280538f-085d-53d0-8dd5-5f289df8bb9f,INE286301010,,0,0,0,32
40881eec-4b73-5f10-af15-baac19a08cc8,INE286B01015,,0,0,0,32
95a83578-24a2-5f17-ad4a-b4dd9d5a69e1,INE286H01012,,30,32,0,0
45505870-afd9-55e2-bc49-09c001af28b5,INE286N01028,,0,0,0,2
6e1c1c57-dbe0-5220-a317-964f56e43460,INE287901016,,0,0,0,32
25d288ff-0f83-5c3c-9ea0-3afe36a3ba8f,INE287A01015,,0,0,0,32
040c1d8f-e777-5526-920d-8cf40077f599,INE287B01021,,36,32,0,0
e876e2ad-97c6-5e97-a086-3812fe3a87cc,INE287C01029,,8,32,0,0
0133000f-2a8f-58e8-b425-21eb7748caf3,INE287C01037,,26,32,0,0
5b6244fe-89b1-5fe9-abed-901c2c08ff1f,INE287Z01012,,34,32,0,0
ad2c7d71-5e54-5524-9baf-a54de21f00a6,INE288A01013,,33,32,0,0
49b8142e-5b81-5543-86bc-17d551a888e7,INE288B01011,,34,32,0,0
7afff08a-bb2b-5c4b-bee2-bc522e8b3f3b,INE288B01029,,0,0,0,32
034d7b69-33b4-595f-b577-199d79518734,INE289A01011,,33,32,0,0
6ffd7a31-fd39-5178-b689-88f9a1bd89d8,INE289B01019,,26,32,0,0
9fb1e2aa-f351-5cdc-99f9-84a082781f4a,INE289C01025,,23,32,0,0
58ff7da5-4e2a-5446-a11a-af4f8b7de771,INE289S01013,,0,0,0,32
26a6a642-c72c-561e-9226-dcafbd97460b,INE28GN01010,,10,10,0,1
ee839a88-4dfd-52cb-8850-a25da80f13eb,INE290801013,,0,0,0,32
ab8d55a1-ff0c-562e-b88a-e4e3882226a6,INE290A01027,,22,32,0,0
fff1172e-be12-5a74-814e-3c814614656b,INE290E01011,,0,0,0,2
c1fe76e3-ab33-531a-8b5f-8e175cf84bdc,INE290S01011,,32,32,0,0
b5edd14b-ae83-5685-b282-3578c510d642,INE291901010,,0,0,0,32
24f427b7-8ecb-5165-a4b0-995b0eb0f148,INE291A01017,,57,32,0,0
ba68f4f6-3aec-5abd-b580-e847632bfb2a,INE291D01011,,44,32,0,0
68cd704d-189c-5d04-bf91-023d153e5d9b,INE291E01019,,0,0,0,6
4d92d01f-dd24-588e-b486-ece5b6bbd707,INE291W01011,,38,32,0,0
eb0f8273-218d-537d-896c-41bdcfe20560,INE291W01029,,0,0,0,10
15d80b9f-6960-5ae9-8baa-5ee4a74e1a24,INE291W01037,,0,0,0,22
765bfd36-9a04-5e8f-8172-0227eecee7be,INE292401010,,0,0,0,32
0beaeb95-1b39-5c9f-8eb5-661c4c254cdd,INE292A01015,,0,0,0,32
d12f1bd9-8a89-586e-9714-910927b904d6,INE292A01023,,0,0,0,32
cbb599b9-8e3e-58e3-a82b-170f1bf21c4f,INE292B01021,1d24de75-d7cd-47b7-bb71-e4234cbead4a,26,32,0,0
90bd21ff-d042-5df3-813d-ebe92718cc3a,INE293601014,,0,0,0,5
903953c0-f923-55fd-b93b-15de9e323ef9,INE293A01013,,26,32,0,0
2ab2199a-6d4e-5415-a1bd-60da8d0523fc,INE293B01029,,44,32,0,0
c9185a42-8ac8-5c6c-8c29-a3fca6ecf35d,INE294001016,,0,0,0,32
6cf201a1-bc40-5b7f-a1f1-e1c3d14548f6,INE294301010,,0,0,0,32
2fe7dc44-6cd3-5f0d-aa9a-383ee1ae7826,INE294501015,,0,0,0,32
fd0957a2-2b87-543e-91fe-f586ddd89b2c,INE294A01037,,50,32,0,0
5e83df4f-d709-5240-bef0-afc4ebfbc8f8,INE294B01019,,47,32,0,0
1d3fa536-795a-5689-b442-297615d1bcdb,INE294G01018,,2,32,0,0
7147bb99-5e2a-50e8-8747-3a58eacddef0,INE294G01026,,26,32,0,0
2a6e868f-1fc8-52a1-b650-48ab8fd60bc4,INE294Z01018,,50,32,0,0
4af7bc5d-1334-5f1b-85e9-23739352df78,INE295601012,,0,0,0,32
45c0a44c-15d7-548c-b0a8-eee1d61048dd,INE295801018,,0,0,0,32
41c2005b-ecdc-5b42-a99f-0dea58d7fbe5,INE295A01018,,35,32,0,0
e0364e16-cafe-5fe9-a797-06a219672681,INE295D01020,,34,32,0,0
7873ecc9-61e7-5f70-aa5f-c1114b1c4386,INE295F01017,,31,32,0,0
9d2e9634-5b86-5d6b-a283-2e597649e424,INE296201010,,0,0,0,32
62b14020-c64e-5346-a04d-fa3c5a4f75a5,INE296A01024,,0,0,0,16
5233f91b-7f42-55ff-b370-e0772bf7277e,INE296A01032,,0,0,0,16
d0a112c2-3f37-5bd9-8d06-89db136c32f5,INE296C01020,,30,32,0,0
8ed12665-de04-5f23-8954-5c2437b1f7e8,INE296E01026,,0,0,0,6
7219125e-273a-528d-b4e0-4b9d09fc5201,INE296G01013,,44,32,0,0
20a5bc5d-8515-5d06-a792-b4d24384bfb5,INE296H01011,,43,32,0,0
010dde02-b4e4-5d05-90a3-26c0ff64ff61,INE296Q01012,,6,12,0,0
6ee34f0b-ab6f-5178-92ee-d09054b09453,INE297701018,,0,0,0,32
2d77b169-9569-58fa-8c40-f8dc62447c4c,INE297C01010,,0,0,0,32
717b1cf1-8a82-5dea-8a55-51659f14449e,INE297H01019,,57,32,0,0
9c415a07-a1fb-57ca-a6ae-bb85dfa78c4e,INE298001012,,0,0,0,32
9efd5194-381d-541b-a911-8fdaa8520d71,INE298A01020,,51,32,0,0
567ed24e-f4e9-5afa-ac81-4699b9ab5a01,INE298G01027,,60,23,0,0
4244d716-da7e-5f53-a373-eda4c98ca9c5,INE298G01035,,0,0,0,9
150a3ed6-56f2-5584-90e7-8645c84db531,INE298I01015,,26,32,0,0
fcefca2f-2cfa-5196-a080-e590e81cdca4,INE298J01013,8b105349-46e4-4a42-9d89-54306d26a81d,30,32,0,0
267f4c5e-2faa-56a8-9247-2c6526ad2d84,INE298W01016,,0,0,0,2
228d3cdd-a4cf-5a35-bcf7-2f8630241b96,INE299701016,,0,0,0,32
29b3969e-8660-535a-be3d-bc576c4a36fe,INE299A01010,,0,0,0,32
d1fcb543-f380-5f19-bd6d-09684a740a7f,INE299C01024,,0,0,0,32
8379d1d5-8125-5553-b86d-8c4fe84794a1,INE299D01022,,0,0,0,2
ef08d808-ac1b-5908-9766-df82b742618d,INE299N01021,,6,18,0,0
fba7c9b4-20d2-513a-9191-128d5edda17b,INE299U01018,4b5237ea-28d4-4320-be0e-3ea0cc5da04a,34,32,0,0
c4ca7c68-8cca-5405-91b8-f1f4050ca45c,INE2FMX01012,,2,3,0,0
b07d838e-70bc-567d-a7b6-53174ddb3dc1,INE2HJL01019,,0,0,0,10
50803ca6-3c4e-5cdb-9cf4-c855df3c6834,INE2J8701016,,14,8,0,2
8f681493-cb93-5cc8-bcf7-dc2a2f53907e,INE2JG601017,,0,0,0,2
82c48940-1d20-5a4e-b75b-eb2fa6959947,INE2KCE01013,,6,7,0,1
3e2f0ad3-c861-5fe6-9580-8787577e9f17,INE2OL601013,,0,0,0,5
a11aebb1-9275-545a-ae5f-b9b0eb5158f7,INE300A01016,,0,0,0,32
24d85e05-481c-5f30-8c47-7e41d048f2df,INE301A01014,,27,32,0,0
207fa784-339f-50dc-af6f-bb476d2081b2,INE301D01026,,0,0,0,32
e16efc54-fc65-5b36-a4e8-a5d6cc6ae43e,INE301E01016,,0,0,0,32
6fab2e91-7caf-5f6b-9fd8-18fe8f3e26c1,INE301Z01011,,0,0,0,32
10f9f1ea-879d-5eac-8cab-215d17bba86d,INE302101014,,0,0,0,32
10100bcb-ec3d-512e-9947-3fea9c2276b0,INE302501015,,0,0,0,32
960320bf-13d6-5468-86fa-3662c1d134d5,INE302A01020,f77a3b26-13a4-4935-b051-ea5fa61a1d70,31,32,0,0
75450e41-4618-5a40-b891-b558c9791de1,INE302D01024,,1,2,0,1
c98b7258-99e3-506b-b42f-c300aff9ca82,INE302E01014,,0,0,0,32
f8219ff2-7e88-5002-a9f0-d9bcfde8f55f,INE302H01017,,3,32,0,0
e9f6d8da-3187-5407-a879-ecbf6b8392cb,INE302M01033,,0,0,0,32
00b4dc3f-5c45-5090-b434-89d621b93b03,INE303501014,,0,0,0,32
51365cb5-0794-54a2-ad24-f6569250dedd,INE303601012,,0,0,0,32
2566e549-4333-5622-ad9d-c13c50760348,INE303701010,,0,0,0,32
afd37796-38bc-534e-b3d7-ff256aae9e74,INE303A01010,,28,32,0,0
8304b5ce-fae3-5e20-a8bb-16d5a679e327,INE303R01014,e1a9c51f-1d3a-4939-85eb-f2bfb9de1cd2,27,32,0,0
6b84a5b0-35b4-503e-bfcb-9c3d4abf553d,INE304A01026,,25,32,0,0
725e46f2-41ce-519b-ac10-c201b512f66e,INE304D01012,,0,0,0,2
aa52b052-021c-5bd0-9a1a-78f2160cc162,INE304W01038,,6,13,0,1
00c7b8b3-30d1-5d51-93b5-b67213e4c2e3,INE305A01015,,26,19,0,0
b7ac37c3-1e78-5131-8a3e-0fe8c2d24742,INE305A01023,,0,0,0,13
15166ee0-44f2-5da5-8001-f79d837ddd68,INE305C01029,6da221fa-e3d8-449f-870f-c7362aea7749,0,0,0,32
c8d81d15-eb8d-51f9-a4f4-d58d35346067,INE305H01028,,0,0,0,32
680a50dc-2c5b-5868-a014-0c30b1654060,INE306A01021,,52,32,0,0
ead1a01f-33df-5146-96b3-e9de08fd8388,INE306B01029,,2,2,0,30
1147ac10-cd1d-55ba-9bb6-040aa9597f30,INE306C01019,,27,32,0,0
c5832b35-c40c-5c2b-a816-fe45335eb904,INE306L01010,,30,32,0,0
df0c7b47-1c37-511a-acf8-bb17b98ab5a7,INE306R01017,,41,32,0,0
0f356919-4ce7-5ad2-8659-bc061a9f6bac,INE307501010,,0,0,0,32
dcefb267-7a80-532d-aa54-44e000e2310a,INE308501019,,0,0,0,32
2528cea3-f6be-5b82-9823-78bcb401ab16,INE308701015,,0,0,0,32
648a4c67-e2b7-5c1b-8e00-a6e25f88632d,INE308A01027,,26,32,0,0
d71e0090-68b2-5b34-8f77-8d44306fec3d,INE308E01029,,46,32,0,0
db26b7ea-2a52-53e9-b97e-0b3ef537e299,INE308H01022,,0,0,0,32
edc74a23-8582-528c-991e-7274e8bcec1d,INE309M01012,,0,0,0,9
a0ea18d7-e1df-5d0e-b66b-f815ebe824cb,INE309M01020,,0,0,0,23
c513936b-4d95-5a99-86c9-ac308faebbb5,INE310A01015,,35,32,0,0
60ba3169-cd8e-5e49-9802-057ea7910565,INE310C01029,,0,0,0,32
b7f80e44-8e7d-5083-96f7-fb3a9f846f9c,INE311401017,,0,0,0,32
4b907336-a315-5ff6-bce1-e76257070feb,INE311701010,,0,0,0,32
92a20626-363d-5011-94b4-73fefa764807,INE311M01018,,0,0,0,2
222f73b2-46e1-54df-9313-7e4ea27002da,INE312601011,,0,0,0,32
f9f342ff-99e0-51ca-8b4d-8db3fe3e994d,INE312C01025,,17,32,0,0
0c47ec95-6ee1-5b82-abbb-41e981c7fd36,INE312H01016,,14,32,0,0
1ecd2cf9-1124-5116-8b14-e156048c4d24,INE313001013,,0,0,0,32
d58a6f92-a384-51ed-a9c7-b33ebc389843,INE313301017,,0,0,0,32
fe0964ae-ebd3-5160-8d55-653a26fe9a60,INE313401015,,0,0,0,32
dcc63657-65e3-5680-979b-10731a782760,INE313501012,,0,0,0,32
a3fc0d0f-926a-5dc0-ba74-c85031710865,INE313D01013,,8,32,0,0
a5c3e22e-89c8-524d-b304-d9fa8024b237,INE313L01016,,5,6,0,1
64f5e418-9528-517c-8181-63beb1093e98,INE314301016,,0,0,0,32
83099956-1088-5ef3-b6b2-d4d4d0794fad,INE314801015,,0,0,0,32
02571ff7-b505-5324-a309-ac62148268ec,INE314C01013,,40,32,0,0
d1197955-b1c7-5a92-b643-5efdcfb9f9c5,INE314G01014,,38,32,0,0
eede81dd-f546-58c5-a2c9-7836a1b6af36,INE314H01012,,0,0,0,6
e80d8622-1ee0-55e4-8957-df3cb1023ffc,INE314T01025,,30,20,0,0
0e5053aa-e069-5241-b5b6-d16258839b74,INE314T01033,,0,0,0,12
5a10df3c-a60d-5335-96d6-cf6af8ea03ae,INE315101019,,0,0,0,32
efb53ee6-d531-58bc-83ff-58ac1f3922cb,INE315701016,,0,0,0,32
9e61a74c-aba3-5186-8498-727e051f8e45,INE315901012,,0,0,0,32
b57714ca-60fb-5122-bbe9-ef3cc6ccaf16,INE316801013,,0,0,0,32
ec2e3491-28d9-5632-809b-e468a53f79c2,INE316901011,,0,0,0,32
f48aaf0e-b469-5079-a571-8be24c3a9760,INE316A01038,,0,0,0,2
8801c072-0833-595b-8d15-3b896a42ef2e,INE316L01019,,34,32,0,0
dfe28383-4609-5b90-9e15-f1a8b4804363,INE316N01015,,0,0,0,32
becad1bf-4e14-5c58-a13e-73740fc7cdc5,INE317F01035,,0,0,0,32
ba88e05c-fdb3-5b70-b99a-f11fb2a5e41b,INE317I01021,,38,32,0,0
d530d65f-8c7c-5d83-b950-fc60648f62b1,INE318A01026,,30,32,0,0
846b6cdc-c712-5d40-afc6-23eda4a675ac,INE318C01014,,0,0,0,6
8cbac0c6-0a56-5744-a952-fc4471923bc2,INE318D01020,,47,32,0,0
462f6ea5-9d2d-5cd9-a721-b95a2c1a844b,INE318J01027,,0,0,0,32
678da691-270c-5fbf-b2be-eb33b2ffd419,INE319101015,,0,0,0,32
c24050a7-3e22-52a2-afca-1fd929860bd6,INE319A01016,,0,0,0,32
8fe3995a-a37c-57d1-a200-fcb243412ead,INE319B01014,,41,32,0,0
42dc7381-8f1a-54bc-85d3-b8b1546cad0e,INE319Y01016,,30,32,0,0
75f4bdb1-44e8-5f4c-8569-5552443f071a,INE319Y01024,,0,0,0,32
351603c0-f190-5e8c-a7d0-2c36aaafca61,INE319Z01013,,55,32,0,0
6d1928f1-57ee-5128-b868-e44937fe4d09,INE319Z01021,,0,0,0,32
dbc84a43-6b8e-58e3-b0dd-c34bccf2818e,INE320B01020,,33,32,0,0
251670c8-2410-5dfd-b779-d25490b47456,INE320I01017,,0,0,0,2
2be093e4-3cc8-533f-a40f-5dd7f1e076ae,INE320J01015,,67,32,0,0
6958df06-55b5-5c44-ad54-c8eb19574436,INE320L01011,,27,32,0,0
9d79fd3f-6df3-555f-a6e6-578ec91891e2,INE320X01016,,30,32,0,0
0b0e8e9d-ecd9-5304-9133-501cf5af10e9,INE321D01016,,17,32,0,0
ffe826ae-4496-5003-aeab-9e09615a08c8,INE321M01017,,0,0,0,6
fdce8449-ce3a-5b73-a28b-ecb13f7aef2d,INE321T01012,,58,32,0,0
9938010e-75de-5e2a-8b9f-18ec89ef39d9,INE322A01010,,45,32,0,0
86e30bed-17e7-55c3-9826-ac56056a00ef,INE323A01026,,29,32,0,0
44b8dabb-c154-5442-9f70-1b8b849c3e43,INE323B01016,,23,4,0,0
cd8a4828-f43d-5f2f-88af-053d95d840f2,INE323B01024,,0,0,0,28
1ff72ee0-9480-52bc-9ec9-ec9ff6c51d86,INE323C01030,,0,0,0,32
eeab1997-6333-5980-888a-c324e18001eb,INE323I01011,,75,32,0,0
a62404c2-1c09-564a-ab98-c264f1d30220,INE323J01019,,27,32,0,0
9be04639-1476-54f6-9253-960ea123a3ae,INE324701015,,0,0,0,32
106709ed-b348-5f0f-acd8-13aed3c309d6,INE324A01024,,31,8,0,0
be712bef-57c9-5ec1-8ede-edb101ccd7c7,INE324A01032,,0,0,0,24
23c6481d-2cd0-5084-880b-e489da63e02e,INE324C01038,,0,0,0,32
4f8c5b24-a858-54ed-b56d-328944a1a735,INE324D01010,0451a0ce-963e-4d08-acb1-e46c113fc102,5,11,0,1
0b3d399d-9cf0-584e-9a2a-496fb435104c,INE324L01013,,44,32,0,0
b0fc8dfa-c29f-5f38-8937-216bd4748e79,INE324X01018,,54,32,0,0
dfdd7f24-6215-5548-a6fc-55c1c3880d48,INE324X01026,,0,0,0,32
345252a1-062c-5f70-bea4-b5cd6ac4997c,INE325A01013,,49,32,0,0
c82e60af-fd74-507c-be11-6806a19b9c54,INE325C01035,,0,0,0,32
07b01c50-eb8e-5638-803d-590b0bcdc382,INE325D01025,,22,32,0,0
83c88ec0-0fa2-5da7-a298-8794a0a296f6,INE325G01010,,0,0,0,6
af88fe19-5864-536f-a207-15aded7d3c83,INE326A01037,03e70f50-2475-4b9c-bd8c-ab176228f0a3,0,0,0,32
01c3d0ed-cce6-5962-b2cf-38cec4d62946,INE326B01027,,45,5,0,0
3448d4c2-3044-5f3c-8b90-56eaf3826c02,INE326B01035,,0,0,0,27
05b8d53f-a9c9-59c4-8f17-9bb18c55344f,INE326T01011,,44,32,0,0
95dc0ac3-1b49-55ec-8e66-3e2115c6530a,INE327G01032,,0,0,0,2
cddb038c-cbd3-5b9f-a36d-5fd668ac5dfa,INE328A01017,,0,0,0,32
ca869aec-e121-5b43-957b-cd3ecac82899,INE330E01023,,0,0,0,2
4b3cf7f3-32d7-5071-b393-0da352da176c,INE330H01018,,34,32,0,0
06da8090-ef57-5bfe-9b23-34ae555e8ae5,INE330R01017,,0,0,0,32
35d4be6d-0289-562f-b827-00fc1b87480e,INE330T01021,,17,32,0,0
96396dca-0ed9-5ed3-a0f4-736f10718c14,INE331A01037,,29,32,0,0
aa6c3ad2-a13f-58c5-98b3-4228d87408db,INE331B01019,,0,0,0,32
0f26347c-45ba-5fcb-b206-eefa8d79aeee,INE332801013,,0,0,0,32
a98d4b83-c809-58a3-b6c6-78d35d317b41,INE332A01027,,49,32,0,0
9f74e48a-0f71-5f97-a2a8-4b475494e7f6,INE332G01032,,0,0,0,32
c670e623-74d4-5c31-98a5-e60cf74dc5e1,INE332H01014,,40,32,0,0
319f9bfa-85fb-5a3e-bb09-488920293f03,INE332S01011,,0,0,0,32
6a538927-1935-5e71-b08a-927cef4075f6,INE333001019,,0,0,0,32
2c92dc70-16a0-52bf-82e0-24e954c716f7,INE333501018,,0,0,0,32
f28353e4-b3b7-51f0-8c69-dfcc65df2613,INE333A01025,,0,0,0,32
f0c45c07-331e-57e3-94e6-e75390d9f7e3,INE333I01036,,0,0,0,22
8c7b7a4f-5c9f-53c2-b0b3-f32407e41791,INE333I01044,,42,10,0,0
df51b31b-1430-5fb2-8084-3b1a3b18a175,INE334701013,,0,0,0,32
697da427-605e-56f8-b46b-bcffe224128c,INE334A01023,,0,0,0,32
04a446fb-fe66-5e93-8919-dffe0a027ded,INE334L01012,,15,32,0,0
a34fdd27-4d52-5e03-ae98-79d8702cfc8b,INE335601014,,0,0,0,32
1a4fface-a33f-5e7b-a70d-35dc256e3660,INE335A01020,,0,0,0,32
5101e961-d015-510d-aa96-72273a1abf99,INE335C01018,,0,0,0,32
267bb4d1-368a-5bed-aa5c-a52fb5096658,INE335K01011,,39,32,0,0
cad68105-b482-5708-96cc-34a7ac483175,INE335W01016,,26,32,0,0
442bfb63-9b44-5de0-a305-7373d3bfe3a3,INE335X01014,,0,0,0,32
fc5cb025-35c7-520a-84c5-42d6e88d707a,INE335Y01020,,0,0,0,32
357e5a5c-0b95-50e6-a9db-42387c8f9487,INE336H01023,,0,0,0,32
9ea42cc5-dded-51a9-985e-0404285c8ce1,INE336T01010,,0,0,0,32
b3ec4b87-e8c4-5dc0-947f-2bdeae8408f5,INE336X01012,,28,32,0,0
64b86fdf-60d7-5ee6-a390-3cddc7cd5844,INE337A01034,,36,32,0,0
44b2f315-b874-5f22-8647-905497edd950,INE337M01013,,26,17,0,0
b60f843f-d197-5fb9-9497-da45240a9f7b,INE337M01021,,0,0,0,15
f5941235-9226-5086-b8d5-275142140f7d,INE338A01024,,0,0,0,32
6aef2672-cb3e-545b-b82d-4556bf13b534,INE338D01028,,24,32,0,0
9fbc8f7c-de3b-5ed2-a5d2-db3c4ab57f5b,INE338F01015,,0,0,0,6
66e09fc2-f350-51ae-a2a0-285249ec62fb,INE338H01029,,17,32,0,0
442bbc55-c12c-5abe-881a-c76eda3055f8,INE338I01027,,30,32,0,0
99f0dd04-e462-5de4-bc0b-8d5fb5e5c633,INE338Y01016,,0,0,0,32
1154fc62-35ec-5b47-8f67-febf02926eb4,INE340A01012,,32,32,0,0
f27b993b-1e64-5750-9402-94529ee9b0fa,INE340Z01019,,0,0,0,32
7ef0a071-847e-5427-a2a7-88d924ace569,INE341601016,,0,0,0,32
576dc710-0c7f-5eae-989d-4f1d68e8f0e4,INE341H01023,,0,0,0,2
d7b61814-c8a2-59e7-95c5-13fd02b2f46e,INE341R01014,,0,0,0,32
229570ec-e0b9-577e-b953-2b0cedeadd2a,INE342001018,,0,0,0,32
04b93d78-398e-517b-9e18-6dc10a4a9ec3,INE342101016,,0,0,0,32
4560cb50-65ff-53e1-af47-45eacc8645f9,INE342A01018,,68,32,0,0
fc415506-da15-503c-bb23-62bba99a46aa,INE342G01023,,64,32,0,0
f76f1774-4f41-5699-b029-5fe719e2a474,INE342J01019,,24,32,0,0
f98ccb16-9745-51f6-85e4-a64202f60709,INE343301011,,0,0,0,32
b7df3680-990e-5268-88f0-7b2f6ba1de08,INE343A01016,,0,0,0,32
b7bfa5b6-8929-5ea7-a0fe-954f70ae51af,INE343B01030,,64,32,0,0
6ef1fa36-ea14-5f2c-9631-95caa954fdd7,INE343D01010,,3,32,0,0
05f81ca7-7951-5b47-ae60-71356854db36,INE343G01021,,34,29,0,1
820c1995-13a7-533f-a53d-16fbbfc50f31,INE343H01029,,0,0,0,32
994c4971-d041-5619-9052-0cd6c17d4811,INE344101014,,0,0,0,32
63156507-6982-5630-a8cb-757310bd958d,INE344D01018,,0,0,0,2
6e3b43b7-3ac2-58bd-b2a6-0da34e2dfd1e,INE344S01016,,52,32,0,0
ffd0cb7d-30d4-5214-8af8-72ac3131fafe,INE344T01014,,11,14,0,1
0815bf16-1caa-5e40-af29-34443e4aa93c,INE345601012,,0,0,0,32
36560d6b-48f6-5fdc-9ffb-84cca15f6692,INE345A01011,,28,32,0,0
2c61f0cb-412f-5247-a2a8-5a709daf10b1,INE345B01019,,33,32,0,0
510508ac-f4a1-57b5-a3a0-1889a7de7d88,INE345H01024,,12,17,0,1
8c970783-9f6e-5ee1-a35c-dc5403c4b2df,INE346A01027,dbe682c2-9ebd-44ef-827d-c386b103222d,6,9,0,1
b7b672ce-9f5d-5652-a668-ffaa582e297c,INE346H01014,,0,0,0,32
eccfedf4-8d50-5037-8857-feca5a5c4fcd,INE346W01013,,36,32,0,0
770a17e6-67c5-52f8-9d24-07660ffe37b1,INE347A01017,,23,32,0,0
12f90ca4-c0f6-5c8e-a7ff-f31be78ac113,INE347G01014,,57,32,0,0
cfe93fa4-7ee6-50ad-af87-873e5f229d83,INE347W01011,,22,32,0,0
b581d1d4-1cb7-5b0d-9981-bfadd8e90ee3,INE348A01023,,40,32,0,0
8ced08e9-7f1b-5f96-a401-ba64ea125901,INE348B01021,,24,32,0,0
f901e6ea-e5da-5242-9246-329faeb1c553,INE348L01012,,23,32,0,0
1026389d-65a9-5cec-82f5-d9c71a64200f,INE348N01042,,0,0,0,2
f79654f1-d9f7-505a-96aa-8cde8291869e,INE349A01021,,41,32,0,0
1426d5ce-17f9-5f61-bbe9-d25c11da3b53,INE349W01017,,27,32,0,0
4aee1910-a8de-57a9-97fd-a67a3ad5cdd5,INE349X01015,,0,0,0,32
371c4447-f827-53d2-a6a6-9e514682024b,INE349Y01013,,18,32,0,0
fcc46150-0a84-5146-ab2a-f50a4a4740d4,INE350301011,,0,0,0,32
8e6978cb-1fde-54f5-b118-dd6d0255863d,INE350901018,,0,0,0,32
49f9f9ea-3497-5bb0-b984-dbc5cc505ab8,INE350C01017,,30,32,0,0
e3f5505f-b99a-5247-a50a-b1b65028618f,INE350H01032,,0,0,0,32
9b528805-daa7-532f-90ed-b6b0dbb62689,INE350Z01018,,11,29,0,1
f32bafa6-8096-5fa9-98a2-4d2f9de637f4,INE351201012,,0,0,0,32
5b01f674-93d7-5aea-9f4f-466f40d5b104,INE351A01035,,0,0,0,32
c108c343-41c0-5990-afef-e205c8111b0d,INE351F01018,,38,32,0,0
82439ba7-fd76-5a81-a569-964292684a3d,INE351Y01019,,17,32,0,0
06ffa54f-39a1-562b-b662-9efa3afdcea8,INE352A01017,,64,32,0,0
bf8322be-336a-5fa5-af81-3c83a71ca8c3,INE353A01023,,77,32,0,0
5093289f-8205-52e8-83da-4c3bba5f22ab,INE353B01013,,0,0,0,32
d67f7e2d-c65e-58a9-aee8-ad09b1d99d78,INE353H01010,,31,32,0,0
6dd6efe9-0e7d-5ab2-96b7-ca4c142badcd,INE353K01014,,35,32,0,0
1048316d-707e-5338-a75c-ac0f184905e6,INE354A01013,,0,0,0,2
737da57f-8360-5310-9486-29fa81b10611,INE354C01027,,0,0,0,32
c4676549-f8e5-51d5-8f9b-8f0cae27b5e0,INE355A01028,,0,0,0,32
67dd175b-df24-53b5-b6dd-211b168011c6,INE356A01018,92767e62-7068-4fea-b39c-79d98da0917b,26,32,0,0
4751c59f-1b1c-577c-a1d8-78cd9f6f3c6b,INE356B01024,,8,11,0,1
12017fb3-063e-5bd8-8001-171a42fe159a,INE357D01010,,0,0,0,32
7ed4ac81-9dba-5e43-a9cb-bf3f35ea0745,INE358801012,,0,0,0,32
824288e4-ae67-5154-b8a4-1bffc9283f59,INE358A01014,,0,0,0,32
1d649aa3-1515-589a-a154-d67e8c96e083,INE358U01012,,37,32,0,0
25d8eb8e-a1e4-5101-91de-518b9495482e,INE359401010,,0,0,0,32
7b12ec82-c602-5897-afd4-6c9665f6458b,INE359901019,,0,0,0,32
e409533e-f6b6-5c4a-8ad6-86b03b733067,INE359A01012,,0,0,0,32
ded0ecee-9906-55a2-8f9a-312c92a4c7e1,INE359B01010,,0,0,0,2
75330b5b-cc33-5e6d-a26e-e776013eb5d4,INE359U01028,,0,0,0,32
b7b16b3f-575d-5da9-8299-478ed0f4d1e9,INE360C01024,,0,0,0,32
c10d7f79-c3fd-5224-9aa6-e9ccaa5bbd3e,INE360L01017,,37,32,0,0
93417bb3-db13-5423-8042-82eaddadd97d,INE361301018,,0,0,0,32
7e2ecf0e-eb4d-5a73-abe0-2e6a9c7b9a59,INE361A01018,,0,0,0,32
7b32e7eb-16df-5c56-8bdd-0b9a91e6a86b,INE361B01024,,28,32,0,0
5d667ffe-6801-5a2a-bc0e-221e52e1e9ee,INE361K01017,,4,4,0,1
2a73c558-d82b-55f5-a1dd-d448544c214e,INE361M01021,,0,0,0,32
e3ad92ab-11f0-5ca6-a76b-119e1747aad8,INE362A01016,,43,32,0,0
5f54e11e-44e5-5e79-a116-63ab26572a0d,INE362D01010,,0,0,0,2
3ccbd517-7765-5b7f-9da5-5b063acedbae,INE363A01022,,59,32,0,0
deb49ee4-2e20-54d6-a3a5-c2cde9d65756,INE363M01019,,26,32,0,0
dd02ad8a-206b-5268-8706-f3dbcd23ff24,INE363W01018,,7,32,0,0
1c7e296c-8ace-5727-8d39-f443fc23f4ae,INE364A01020,,0,0,0,32
d6c16194-6ab2-5daf-b7f7-40edc62a16b8,INE364U01010,,27,32,0,0
24ffeed6-d0e7-5bd9-8054-1acb03f4e5af,INE364Z01019,,51,32,0,0
013fb974-26bc-5c4f-99f1-74be047ec6b3,INE365201016,,0,0,0,32
6bc8d184-9374-5de2-81f8-3b915d1b2aa0,INE365B01017,,23,32,0,0
e680af09-f40e-5169-8d33-539e7ee38e06,INE365D01021,,0,0,0,32
3411ce67-8fe8-5f36-a2ad-00e0818db764,INE365I01020,,0,0,0,32
9b2341fb-1b2b-5be5-9258-c0258e798fdf,INE365O01028,,0,0,0,6
e84ed28d-959d-5ebe-94b8-9f97eb5e99f5,INE365Y01019,,0,0,0,2
2301d03d-022b-5fb2-804f-4a869a6a3cf6,INE366201015,,0,0,0,32
e7636134-b62b-5a80-8152-b4c895835242,INE366A01041,,0,0,0,32
f1dd3464-4b89-5647-ae5b-afdb4a2229fb,INE366C01021,,0,0,0,6
ded16949-3c53-5fc8-bbd2-1a1fb3557ee8,INE366I01010,,29,32,0,0
26ed7a20-a885-52cd-9bd1-7bba0464fb62,INE367801011,,0,0,0,32
0845d715-616e-5e88-b706-3b5f448316b2,INE367G01038,,0,0,0,32
bd8e3ba7-e067-5da9-a27a-e8709ebc99ed,INE368301011,,0,0,0,32
adaba153-10b1-57c5-b70e-08b77855ff7c,INE368A01013,,0,0,0,32
599568f9-5180-5958-8dfd-6466aae8eeaa,INE368I01016,,32,32,0,0
abccf3c4-c169-5764-bfa1-4ca3f742ccf1,INE368U01011,,42,32,0,0
324e04ae-5a62-59ae-8a07-c55f9b494d31,INE368U01029,,0,0,0,18
99f2e535-a1cd-5a5c-ad86-9adac130f7ff,INE369A01029,,29,32,0,0
c1d5cced-e517-5f8f-af16-7a5e0ce45440,INE369C01017,,27,32,0,0
69cc523b-9400-534e-a042-c8d29f390c22,INE369I01014,,44,32,0,0
4936358e-26bd-5c4a-8ca9-df7bb436404e,INE370101011,,0,0,0,32
8f12e964-2b56-57c0-ada4-79161e3ece56,INE370D01013,,32,32,0,0
5112cb89-9eed-538b-8e5e-b328dcbf2af8,INE370E01029,,43,32,0,0
f4f5c492-6ed9-5385-8976-2a85f6e20196,INE371A01025,,21,32,0,0
7a0486e4-48cd-5545-89d8-8a3ff0015c99,INE371C01013,,28,32,0,0
8e319987-9f81-58ef-a48e-a374298f4ea7,INE371P01015,,87,32,0,0
63556c51-73b2-5287-8a74-86eae6885ccc,INE372A01015,,36,32,0,0
49c2b36c-b98c-52e4-8899-b3b311943d20,INE372C01037,,0,0,0,32
cff669e1-32c9-51eb-89e6-646ed5ccfcd2,INE372E01025,,0,0,0,6
9973441a-c0c2-5475-a619-734f6d6f17a3,INE372G01012,,0,0,0,32
814d7387-f506-5045-9e8b-7ee55d2a9a28,INE372M01010,,0,0,0,2
68ca90a6-3e1f-57db-9e93-5dc604f28a3b,INE373101018,,0,0,0,32
627b6bcd-e590-59de-a1e2-ef3e54f70e0c,INE373A01013,,43,32,0,0
a477dbf8-954b-5183-a900-adda162824fe,INE373T01047,,0,0,0,2
23c42d9d-fc5c-58a6-9d65-0d3c12da2fa6,INE374B01019,,48,32,0,0
254228c6-d8e7-50bf-9155-19f738591d1d,INE375301012,,0,0,0,32
9a6d6401-7bb8-563d-a512-572e88d63c6f,INE375Y01018,,25,32,0,0
e9905126-145c-533f-82cd-067dffdad480,INE376C01020,,0,0,0,32
b313acce-c68f-5bde-bdfe-778ad7d54a85,INE376C01038,,0,0,0,9
1dabbe83-10da-5d4c-8581-937473a61e33,INE376G01013,bfc9de73-b3a2-42d9-9d25-a7f871890ccd,26,32,0,0
da3a373b-306c-590f-88b5-ad03d2ea2cb3,INE376Y01016,,0,0,0,32
119c915e-32e7-584e-901c-4c9c2a6e0cbc,INE377601013,,0,0,0,32
1e8b1d43-cdd5-5642-9073-41b51234087e,INE377901017,,0,0,0,32
6b800e6e-d334-5499-87dc-f2f4fb0e3910,INE377A01014,,0,0,0,32
1938595b-171d-5d49-93b7-523d2e21206d,INE377E01016,,31,13,0,0
b0276bd2-6317-5f2f-83f7-ca073e46c1dd,INE377E01024,,0,0,0,19
1e88380b-a173-5055-b53d-3554e487db96,INE377N01017,1b95d282-328b-408c-8fed-6b52b7544b05,19,23,0,1
a83fea61-d2d4-5a1c-981f-1109ce3e89b4,INE377Y01014,,20,24,0,1
52884c15-5dc6-5ca0-a320-04bc1d922c84,INE378101013,,0,0,0,32
cb1c87ad-aafa-5373-bfec-a47a7901e4d3,INE378501014,,0,0,0,32
aa2d346e-be0e-54ef-b8b4-92cb07a66168,INE378D01032,,42,32,0,0
3755a0ab-4893-58f8-9f5c-2649307126aa,INE379A01028,d8c32eab-90ce-4202-9d44-6534d4d13e5e,8,21,0,0
aa80ec4f-c1f0-5a51-b3ab-6ac76230f532,INE380601018,,0,0,0,32
6d22a6ad-59fe-5120-88ea-9ebb0c1ebb61,INE380K01017,,0,0,0,2
a40a3b7c-1e32-58a0-bef5-0d01147a3ffd,INE381301014,,0,0,0,32
deb9a369-bfad-568e-9300-fb004bfa4cc6,INE381B01014,,0,0,0,32
99be5563-5a33-5f2e-a410-6848ba585865,INE382A01014,,0,0,0,32
caf14bc5-673f-5324-a9d7-4eeb064bb7fa,INE382D01018,,0,0,0,32
478b95e2-2644-5870-885f-1bbd768d7467,INE382M01027,,51,32,0,0
86dae4c7-d975-57ed-b348-8b6ce8257b0c,INE382T01014,,0,0,0,32
b37d27e7-1c90-5b74-8d21-4f15e2517cb1,INE382T01030,,40,32,0,0
627c001c-fd6b-588a-808e-870e6448cc49,INE382Z01011,5661e19b-de4b-4ddf-a034-46d6c9f0af8f,71,32,0,0
37d6f91e-91ec-5ad1-a397-b042621d7487,INE383A01012,,42,32,0,0
6e899a0d-3482-53cb-bfff-66feb37724e0,INE383H01017,,25,32,0,0
b4b22320-dded-5dc4-acee-e4c0cf57fab2,INE383L01019,,0,0,0,2
4daedc1b-956b-5784-a074-a08501819fdd,INE384A01010,,44,32,0,0
27f02685-9ade-5d8d-8163-cae374bbc3c6,INE384C01016,,25,32,0,0
8d82ce9f-3479-59aa-b7cf-fed7d273b26a,INE385C01021,,0,0,0,32
723d0b50-8b23-54c8-b32a-fdd987370296,INE385F01024,,8,12,0,1
76aa6828-dedb-59db-822c-cb51cacd7428,INE385I01010,,32,32,0,0
071df288-6466-50cb-8e05-78041e29deea,INE385O01018,,0,0,0,32
d36bb151-5618-5801-aed5-a4954cb9bce4,INE385W01011,,28,32,0,0
efafc318-760c-5a6d-b675-f5069a6a1808,INE386A01015,,38,16,0,0
cd897b0f-f84a-5c5d-993c-f10922c78e6d,INE386A01023,,0,0,0,16
cc190113-6c9e-5e31-9f0f-3870f0ef7466,INE386C01029,eb3bc12d-6d21-40ec-8bcc-054713ee91b6,39,32,0,0
65326128-264d-5108-9eef-304648fb6213,INE386D01027,7766b2a8-7586-41db-97b7-ce4caed9ceb7,46,32,0,0
7ec5e2b0-7e35-5b4b-b0d9-43270e187375,INE387401016,,0,0,0,32
99c051ae-ee47-5dfb-8089-cff3f42b62df,INE387A01021,,39,32,0,0
161ed245-7e62-5bea-bd45-629dcacad549,INE387I01016,,34,32,0,0
44b8d1dd-3c94-51be-9319-c47ff4367d5b,INE388A01011,,0,0,0,32
161f1831-087f-5754-87e1-b81798ac0ea8,INE388A01029,,28,32,0,0
c5d89037-e0d9-5cd6-bbfe-115657b96f60,INE388G01018,,28,32,0,0
d1a6beec-df3f-5db2-82cb-02b5f411b6a2,INE388G01026,,44,32,0,0
69ff0286-7776-5d56-8117-8c31a2abecba,INE388Y01029,67677915-03f4-47b5-b8fa-6a82dbd53637,62,32,0,0
c5e9a477-64a0-5871-9260-e53bcd4dba7b,INE389801015,,0,0,0,32
ee294fdd-ba0f-5a42-8d82-b5b1ee14e598,INE389C01015,,27,32,0,0
449df7b4-c18e-54af-87f8-05429b37fb1a,INE389H01022,,0,0,0,32
2c911dad-5efc-5e54-b47c-49eac98c01ca,INE389K01018,,38,32,0,0
58d76c6b-c02c-59b9-a1eb-cd7ad0fd77a0,INE390D01011,,0,0,0,2
ad2cbffc-c84b-5a1c-9b11-111a9d1f2d0e,INE390G01014,,46,32,0,0
27156639-a9a9-5c4e-b454-134abb410c8e,INE390H01012,,23,11,0,0
026abe39-2560-5ad5-9095-b49388da311d,INE390H01020,,0,0,0,21
9fe6ea40-b23f-5f60-994a-10589854e57e,INE391D01019,,25,32,0,0
864d819e-d2ba-5c78-ac35-a8e96a93be07,INE391J01024,,30,9,0,0
3e4e0184-44cf-5aed-91ee-cb767e62f42c,INE391J01032,80aa69b4-1b40-476d-a8f2-ac509a129300,0,0,0,23
02ecda63-3853-5742-ae60-222bea226e48,INE391Z01012,,23,32,0,0
b2134946-f05d-5052-9f9b-ee0b63086df4,INE392A01021,,0,0,0,32
64fbee0e-df22-5bd7-b55d-d6eb55d63275,INE392B01011,,29,32,0,0
bccb8625-5a07-5a95-aaa8-63361ecd4c34,INE393A01011,,25,32,0,0
e8509901-8ac2-5c0b-8208-406d04829eea,INE393P01035,,71,32,0,0
5f19aaa9-7cff-56b1-8455-4edd88c81752,INE395A01016,,1,32,0,0
60926371-b18d-544d-ae68-7cbca9fef81a,INE395H01011,,34,32,0,0
3d639b20-eabe-57e4-9e58-e9577bb55719,INE395N01027,,29,32,0,0
163ad303-e315-548c-a2ad-9f1bf1ba4dc2,INE395U01014,,21,32,0,0
db52df98-7ab5-5043-a8dd-7c419f1e2daf,INE397D01024,b5aefac8-52bb-45b0-b9d0-87c9aad7c3a0,64,32,0,0
59eb3018-8d50-5b03-883a-f6cfbbb5028f,INE397H01017,,26,32,0,0
8028d2dc-f631-5063-8bba-752829cb337b,INE398A01010,,37,32,0,0
c435951b-d027-500b-92d5-eb4c99964e73,INE398B01018,,27,32,0,0
94123d3e-fa95-5048-b120-d90e2f27cb3e,INE398L01017,,0,0,0,2
c34cd261-3585-54c6-8a68-632a77ac80dd,INE398R01022,b7e4f2bc-6a1d-430d-b039-53a4689923fe,25,32,0,0
419ab6d5-f46e-54eb-b86b-81dade5d0027,INE399C01030,,22,32,0,0
eee9b126-630d-5450-89d4-a54a0f4846a1,INE399G01023,,0,0,0,32
c379112d-41a2-5f20-90ca-701523376a89,INE399K01017,,27,32,0,0
51d63494-df30-5b69-8d7d-b24840843dd1,INE399L01023,,35,32,0,0
c50304c8-c066-5e38-a54c-3e61dad4fb36,INE400A01014,,0,0,0,32
43c498b0-e431-5dca-aac9-0bdb6f0789f3,INE400G01011,,0,0,0,2
4485218d-fc17-5c55-a2ab-0ef2c5f3767e,INE400H01019,,0,0,0,32
9a654f75-9456-5794-bcad-56a8a2f2d038,INE401H01017,,52,32,0,0
1480f805-6b7b-5763-bdca-095d3861c508,INE402A01010,,0,0,0,32
bc46bf74-e7d3-5821-bacf-70bc39a94419,INE402H01015,,0,0,0,6
09e8d33a-2f96-5303-b16e-059aa611e2c2,INE403F01017,,0,0,0,6
97566617-d884-5725-9d29-90ab992b2360,INE403Y01018,,15,32,0,0
1dbbff52-44ac-5e6d-bafc-60fbebcfdb95,INE404A01024,,57,32,0,0
471dceeb-cd38-5ab3-b1fc-786f5ec728ac,INE405A01013,,0,0,0,32
5d0c8960-73ff-54f2-a664-041a13c553cb,INE405A01021,,0,0,0,6
316ca582-d311-5ed1-abda-1c85d684b1e9,INE405C01035,,51,32,0,0
4bc9481d-239a-55ec-83d8-e4e16782a734,INE405E01023,,50,32,0,0
f84a15f8-5c23-5d92-80f9-737aacf87322,INE405Y01021,,0,0,0,32
d92cde27-019f-5977-8754-77a1801b08d7,INE406A01037,3268daa2-a50a-4333-8f5e-9ce78d3e5270,0,0,0,32
1a5ea055-021e-5685-a849-5f47ecefbca2,INE406M01024,5c4f255d-6421-4ed3-82c5-bff6437e10e9,23,32,0,0
876f6190-8b5f-5224-8d6a-fa3dcd5d74fe,INE409A01015,,0,0,0,32
b5418df9-e084-50dd-a2eb-d985dc0ccfa0,INE409B01013,,35,32,0,0
247e6a93-26ae-5289-82bf-dae890afdca0,INE410B01037,89711399-fd63-4c52-a59b-735a85dc4c15,0,0,0,32
32b109c1-ae68-586e-b404-4e33fa7063ec,INE410D01017,,0,0,0,32
24ebd089-2d64-51a8-bb65-52688a5f562d,INE410P01011,c5e9bbb7-e37d-4a7f-9978-dfd0ca8d3f63,51,32,0,0
9f9b5567-8137-541b-bc20-95e80f1870c5,INE411B01019,,33,32,0,0
9679eaa7-317d-554b-879e-fec9f7135c50,INE411D01015,,51,23,0,0
e3e2cba5-05fd-5f15-99b9-10f1c69a7c47,INE411D01023,,0,0,0,9
e780ee40-da7e-5824-b43c-19744f9a99de,INE411F01010,,0,0,0,6
6ab0b47f-a1a6-5284-844a-92caa460d0c8,INE411H01032,,0,0,0,32
cc53a5d2-ad5e-5d9d-ba73-6775e096c6ba,INE411U01027,,37,32,0,0
61f6d0bb-b8f6-5160-9aa7-75f85afcd43c,INE411Y01011,,31,32,0,0
b4308257-ac2d-5d52-aa5b-c4842a528125,INE412C01023,,0,0,0,32
8d56e5f7-d4d9-57ae-8603-c53795af82fa,INE412G01024,,0,0,0,32
9776671a-e344-55c1-ace1-9d1590b7d8e2,INE412U01025,,0,0,0,32
c0fa9907-8407-5b63-8c09-b0af03f0fcc7,INE413B01023,,24,32,0,0
047ca0e1-428e-55eb-8ac9-e9923485fd70,INE413D01011,,6,32,0,0
aeeffae9-67e2-5889-8078-8e11469d979d,INE413G01022,,0,0,0,32
1ed04980-1e63-5847-9267-03b720e10938,INE414A01015,,35,32,0,0
12e6221e-7abe-5775-922c-e41369f5ef81,INE414B01021,,31,32,0,0
651c01e4-a088-58ee-b645-6b63646bed0a,INE414D01019,,33,2,0,0
df5b96be-61f7-5626-98ad-5cdb3af4bbab,INE414D01027,,0,0,0,30
8a9f5f89-4223-52f4-8b24-06bfb4908484,INE414G01012,6b2535b4-0820-4387-8c8d-147f2550d1f7,61,32,0,0
3a2d1e3f-3060-5cfe-90b3-e264fb3f8618,INE414Y01015,,0,0,0,2
8fc69ca6-7410-5c9a-b334-11831bc75b4e,INE415A01038,,32,32,0,0
ebbd4711-dd13-5aff-9739-e5071f436bcc,INE415B01044,,4,4,0,3
13ab4851-1207-5145-86af-5f45cdb4b608,INE415D01024,,7,16,0,3
8d4ab816-0b91-54ef-9222-6b52f190aa65,INE415G01027,,48,32,0,0
a43a2926-8454-5d74-b637-d14111cce3ef,INE415I01015,,29,32,0,0
6ccc860c-ed13-56b1-9ff6-827acaf17864,INE416A01036,,20,32,0,0
ce590e33-53c7-5814-bbdf-c7b1cfd7f0e4,INE416A01044,,21,22,0,2
d5a2316c-a66d-594d-9291-8e2154d3e7c0,INE416A01051,,0,0,0,7
b5a135d4-0c8a-5a17-8c77-a7bb4ad2236b,INE416D01022,,44,32,0,0
bc8b4c93-80a2-5109-baa5-48f9eaed1495,INE416L01017,,54,32,0,0
6a39c76f-f785-58f7-9c45-7eb68ce55e53,INE417A01018,,0,0,0,32
6bc760fa-5449-53d8-a098-0292fdbfd5b9,INE417B01040,,33,32,0,0
4f37c8cc-dd28-5b19-be4b-16010c796526,INE417C01014,,41,32,0,0
2744d462-ed5b-59b8-851b-8c4fe5dfa750,INE417D01020,,0,0,0,6
2e088eb3-1cb0-52c0-a556-08cfdad94e88,INE417T01026,757fe5d9-b246-44aa-84b6-13dd933f2d34,38,32,0,0
0dc27582-94c5-5e34-97a2-83561f227f18,INE418A01016,,0,0,0,32
edd6b093-1c13-561f-afd9-bca2815a46d7,INE418E01018,,0,0,0,2
8de6142a-fdc9-5b96-aeb9-d50394270050,INE418H01029,,67,32,0,0
6e676fed-be78-56b9-a10a-7998c8a8767b,INE418L01021,,25,19,0,0
757ed449-7722-579c-b215-332a6cc511bf,INE418L01047,,0,0,0,13
f0dc7b75-9b33-588f-a170-1cff320a96ac,INE418N01035,,41,32,0,0
ced17635-ae72-5278-9526-cafc569b4b4d,INE418Y01016,,0,0,0,32
348106c5-bf61-50f3-900a-3def5b5a0f39,INE419A01022,,31,32,0,0
9254c620-a55b-55be-8884-3ff6d03f92f5,INE419D01026,,36,32,0,0
3358ac41-7454-5db3-b431-48d6e3214fad,INE419M01027,,0,0,0,30
d8077c3c-e2c0-5e80-af86-6ed2afc11624,INE419M01035,7202b7b7-237c-439b-936d-c75bab806678,0,0,0,2
2df35fad-502b-5fc2-bedb-e4478ada6a8b,INE419U01012,,64,32,0,0
9031d3aa-01c4-56db-a24a-c4a8dfd37048,INE420B01036,,0,0,0,32
91bb4412-7cf3-5f2c-bb28-fa3005ccaf7a,INE420C01059,,0,0,0,32
1fc0d52b-bda4-53f1-a854-ca475c200d01,INE421A01028,,29,32,0,0
a3bb9dce-81ea-5773-aec2-749ad1dce241,INE421C01016,,25,32,0,0
319fab2a-e1f4-50d7-8598-8f6411adffbd,INE421D01022,6ba09398-e18c-41d5-af2f-db6fe3d9e591,0,0,0,32
90362b11-f527-507a-919a-b7c37ea34884,INE422C01014,,12,32,0,0
08f0878d-bf21-5000-83b8-d23ac477d5f1,INE423A01024,,51,32,0,0
8179fd4d-1eff-54b4-920f-00e9b33e4da7,INE423Y01016,,22,32,0,0
d29867d4-cbc2-521b-ab06-4930990b5626,INE424C01010,,28,32,0,0
3885f7f2-30d8-516f-9e99-b7cd61d3f8dc,INE424H01027,,22,32,0,0
bf098cb3-1948-5280-8425-dff43f8570c9,INE425A01011,,25,32,0,0
fcd5c0bf-2696-593c-8cd5-7dafd8fc4dc8,INE425B01027,,38,32,0,0
288add31-18d3-5096-8576-d17136ec486a,INE425Y01011,,21,32,0,0
90b5dc60-8067-592d-86ae-7e5fa5ba34df,INE426A01027,,22,32,0,0
4f0020b4-ad31-5a9d-9d8b-102d323b854f,INE426D01013,,22,32,0,0
81962a87-6f05-542e-a769-4366a32beb7d,INE426Z01016,,26,32,0,0
5a5b06e3-4431-5059-9c82-e6423d77ba80,INE427F01016,,27,32,0,0
9f8d9a85-0999-5786-9fbc-cf220d430b89,INE428O01016,,55,32,0,0
74c31e17-af1c-5b8f-885d-3e5f84825440,INE428Q01011,,80,32,0,0
ab306ca3-f404-5548-bdcc-1e9eeca4a209,INE428V01029,,6,8,0,2
a547f7c5-b7cd-5633-a0c3-128b180b8fda,INE429C01035,,0,0,0,32
2e548d0c-0459-55d1-942d-f0317e61158c,INE429E01023,,24,32,0,0
009f8698-f33f-5fe8-9d4c-fb6ea5383e9d,INE429F01012,,32,32,0,0
a9fa26d7-6dbb-5fc5-9f03-68df406b4505,INE429I01024,,35,32,0,0
526b906e-1e9d-5aa1-9b8d-63909a516042,INE430G01026,,6,32,0,0
fcca7349-bbfd-5f12-812f-099400c452fb,INE430N01022,,0,0,0,32
2976264b-712f-5f0a-95b1-6cdf8b855ec8,INE430U01019,,0,0,0,30
3b5b753f-292a-5933-95cf-ceeef8a77d91,INE431F01018,,27,32,0,0
94a1a785-82f6-5f6d-8c70-c18fdb0fce84,INE432A01017,,0,0,0,32
432a4390-b959-5cb2-ba4c-cd844020fcef,INE432F01032,,0,0,0,2
9ad6a2b0-a4aa-58c3-bc1d-8cc349082314,INE433T01015,,0,0,0,10
3cb694b4-ebae-5d74-bc03-e192ff6800a0,INE435A01028,,28,7,0,0
69a7b769-fbc7-5505-8751-befa5fe52a07,INE435A01051,,0,0,0,25
278aa29b-81d3-5c20-ad68-1caa05dda23c,INE435C01024,,35,32,0,0
1fdbf97e-4517-5111-a71b-e551c42b8f51,INE435D01014,,0,0,0,6
51f7ac5a-8f28-5aae-85ac-31c6dbb42148,INE435G01025,,78,32,0,0
b0249b96-4c0b-52a0-a338-82e45b41c89f,INE436A01026,,78,32,0,0
c347d65a-7019-52b1-aa5c-5d9607ef2663,INE437A01024,,0,0,0,32
f8a2e883-e071-574f-9693-d6165f271c71,INE437B01014,,30,32,0,0
8f815cab-9bda-5f71-b47c-430afa200670,INE438A01022,,28,32,0,0
bef6c941-ec33-543c-a173-e59bab6885dc,INE438E01032,,0,0,0,6
a8910211-01d2-5467-959b-dfff8a3502cc,INE438K01021,,23,32,0,0
60e61963-6350-577c-9669-e20dc056b1ef,INE439A01020,,44,32,0,0
b65bf9bd-8a84-5570-8e57-8cdd5e1a070b,INE439E01022,,41,32,0,0
2d12f0c6-fa69-5c19-bd4c-49ad6ba44383,INE439T01012,,41,32,0,0
e6b1c3a8-5b8f-5ba5-a3b3-9d9730704256,INE440A01010,,25,32,0,0
c1483350-399a-50b0-87da-e7e86bf7ffe8,INE440B01018,,0,0,0,32
d1e4bd2e-aefc-532e-9e45-7e3eb734fd9b,INE440G01017,,0,0,0,2
29f4970d-3145-5ce5-8c5c-0a5dbba1051a,INE440L01017,,40,32,0,0
e21ceec9-f630-5ca2-864e-17644855618e,INE440T01028,,0,0,0,6
f51f31f1-f491-5594-bcc2-01b9dbe3cce2,INE441901019,,0,0,0,32
94eca282-8ebe-594c-bc93-ff6f503ea307,INE442001017,,0,0,0,32
626e8b87-c5b9-578a-9a0d-d881fa092963,INE442501016,,0,0,0,32
1ca3fb51-281b-5f8b-893d-b124dcab2a78,INE442601014,,0,0,0,32
a89fe78b-0f4d-50fc-ad71-9fca49dc6c68,INE442901018,,0,0,0,32
da35e47c-6396-5d3f-8d45-afdf01e1dce6,INE442D01010,,0,0,0,2
7d9412eb-9e92-55a4-88e3-d6c699508e31,INE442H01029,e64c9694-5262-4fee-9323-01462cb21dcb,0,0,0,32
4cabfad0-415f-53e2-b6db-90a0391ac27d,INE442P01014,,22,23,2,1
fe69fa93-b6bb-5a35-94be-2af969df7ffa,INE443401018,,0,0,0,32
62a65c31-dc5f-551b-a13b-1d4ef3068e36,INE443501015,,0,0,0,32
e65b9fd8-b51a-54dd-8521-f4a0431f4339,INE444101013,,0,0,0,32
497da237-238d-5adb-bf98-a4173131f183,INE444301019,,0,0,0,32
1a862d52-64cf-5b09-b08d-45aa11fc9e55,INE444501014,,0,0,0,32
5f34e67a-cd24-5c7d-af24-c7be5a4a5296,INE444701010,,0,0,0,32
c887800d-b26e-5737-8a2a-14a1d093b2da,INE445001014,,0,0,0,32
08728ea1-31f0-5e95-898c-1646e9f6028c,INE445901015,,0,0,0,32
c7c0b648-d093-5203-947d-6ffe4a1118c7,INE445A01019,,0,0,0,32
cfa7e4e0-382d-5d72-ae85-ca57976fe892,INE445C01015,,51,32,0,0
632c829c-4a19-5015-85d7-bcc51925b717,INE445D01013,,0,0,0,6
5ff4d584-78cf-574b-bc07-f693bfd8ead1,INE446301017,,0,0,0,32
0817fd16-f07e-5fbb-a04e-bae0833856a8,INE446901014,,0,0,0,32
65a50d44-7ed0-56f3-b074-b963abc4a143,INE446A01025,,0,0,0,32
840e9506-4e77-5fb1-ab60-a92fb40ec7c7,INE446C01013,,0,0,0,32
f3675945-4ab3-5434-87bd-e63a4d006e8a,INE447101010,,0,0,0,32
fe4229a9-4e91-5ea9-a9fd-b7725aad6201,INE447201018,,0,0,0,32
78c52000-9944-5571-be06-765182514ac0,INE447501011,,0,0,0,32
47e94158-49f8-5aca-ab0f-24a09a93924c,INE448401013,,0,0,0,32
002b525a-f99d-5480-b370-23092bff997a,INE448A01013,,3,32,0,0
cf511d91-f3a6-59ae-9896-f5c9ebbb7e18,INE448G01010,,29,32,0,0
7437a03c-44b2-5943-8ae6-743a004be17d,INE448V01019,,0,0,0,32
e3cb67d3-d379-5fb0-b900-6f34c6e916f8,INE449301014,,0,0,0,32
8807c2f5-7975-5b0f-9e44-ac3a516ac3b0,INE449A01011,,36,32,0,0
add9ef13-d0dc-5e35-9362-0cd0b8c803ba,INE449C01025,,0,0,0,32
011c3c8b-c97b-57eb-8c9a-41a3d89458d8,INE449G01018,,24,32,0,0
9967c7cb-c525-5cc0-b684-74a7bd76b75e,INE450401018,,0,0,0,32
f5738366-e66a-5b63-a241-be4dcb53dd36,INE450A01019,,0,0,0,32
b20ae4fb-9ebb-541f-bf6b-79a0b38c20ed,INE450D01021,,52,32,0,0
3f52fffb-2990-5d2a-939f-fcf9dee29936,INE450E01011,,30,8,0,0
8b404f85-7114-5101-a9f1-efb857c1485e,INE450E01029,,0,0,0,24
d5875861-97dc-57ce-8977-5f0456fe31fd,INE450G01024,,34,32,0,0
92353a82-970a-5f2a-a3d4-de2f70dea660,INE450S01011,,0,0,0,32
9c2bc9bd-dee0-5e99-9b87-ea2c2fd3d1e8,INE450U01017,,49,32,0,0
b7def550-00fa-56b4-8e33-ecd05f18edc5,INE451001015,,0,0,0,32
b487d93a-0f79-5418-8ba2-13e4b7d5e45f,INE451601012,,0,0,0,32
8b908994-5713-517e-862a-2feb3e6e8947,INE451A01017,,17,30,0,2
533627c3-b9ed-55e6-a85f-0f8ba2fa9141,INE451C01013,,0,0,0,2
3e13fdcb-0488-565e-8670-f103331c2da1,INE451D01029,,0,0,0,32
f21df17c-7eb6-5cba-a2e2-ca46c1da7991,INE451F01024,,0,0,0,32
bf3bc453-8b61-5e35-8b87-dc2611376c2f,INE451L01014,,29,32,0,0
058628d7-f2e3-5138-a3f4-e5f990c2ff3d,INE452201010,,0,0,0,32
4ccd50e0-0592-5989-b07c-45e7665c77f7,INE452401016,,0,0,0,32
d867463c-001e-5841-8b74-5364d040c15d,INE452601011,,0,0,0,32
906fdfd5-663a-58a8-939c-7d5953320004,INE452L01012,,48,32,0,0
0da1d344-ccb7-5c4b-af0d-a1d92370daf3,INE452O01016,,15,32,0,0
b3057ed8-73c5-5f43-bcfa-0f62eb4c4600,INE453901014,,0,0,0,32
b01f00d8-54e2-5d35-a474-3bbe0956b7aa,INE453A01013,,0,0,0,32
4393ca2d-0e7c-5730-ab18-bb5decc1eb66,INE453B01029,,24,32,0,0
87f20712-3ccc-5a5d-bdc3-83fd38b5253a,INE453D01025,,0,0,0,32
d73e0a29-e519-5ef8-ba4e-bc93f09cd201,INE453M01018,,0,0,0,32
48902821-9428-5e09-a72b-185b0ab6d71c,INE454A01011,,0,0,0,32
c66c5ff9-53d8-5f1a-a00c-797dd403293d,INE454M01024,,69,32,0,0
ee59f1cd-ec84-57b3-8144-77f74bbe268e,INE454P01035,,39,21,0,1
eb126abf-ebb7-5be7-bd20-12c614ea54e1,INE455201017,,0,0,0,32
352d1612-5176-5136-a166-b0cb418a8c3d,INE455501010,,0,0,0,32
a5a62414-90a9-5924-8284-56e9e324aefd,INE455A01018,,0,0,0,32
237ab796-8a1c-5308-9cf1-2cf861e15c3c,INE455F01025,,27,32,0,0
d41fbba8-747e-5b5e-8393-05d326eceec9,INE455I01029,,0,0,0,32
4c23fd7f-6add-5f30-83ac-cbff2ad4cede,INE455J01027,,0,0,0,32
3c7843f1-592b-5a45-beb1-2d1873b66a6e,INE455K01017,,65,32,0,0
ddf3dde1-191f-5f00-9bd0-db701b4085c3,INE455T01018,,7,32,0,0
f5c49a6e-e9ae-5ad3-8e5a-cb8c9b94a2e7,INE455U01024,,1,1,0,0
1e2bf4ac-b023-58b0-9d2c-577d990a0d98,INE456101018,,0,0,0,32
4771e523-613e-57dd-a9a0-1551af780077,INE456C01020,,0,0,0,32
a469a489-4ed9-502d-8da5-348c7f0abb4d,INE456Z01021,,25,32,0,0
dc6d8835-3f1f-588f-9fef-3434ee66b6cc,INE457501018,,0,0,0,32
0a9373a5-42b3-5709-9dec-49195ce9b2c2,INE457A01014,,58,32,0,0
a35b851f-78d7-5704-a4c9-e5ccb30e1c87,INE457F01013,,36,32,0,0
b17cd74f-f222-53ba-a069-c6b6cf2bb35e,INE457G01029,,0,0,0,2
5d321c82-94aa-5b1f-af4f-c4d92b36e588,INE457L01011,,28,5,0,0
d9910196-ef22-5b8d-b483-e641be25f619,INE457L01029,,0,0,0,27
dea72d00-1d0e-510a-8c7b-daef3e308bee,INE457P01020,,0,0,0,2
3973a433-77c6-5377-8631-71e7140b057a,INE458401010,,0,0,0,32
2c649197-5378-5344-935d-a388dd36ba56,INE458501017,,0,0,0,32
669d0003-fb01-5a48-8390-c3549bf80d03,INE458701013,,0,0,0,32
6cf60c13-698c-5949-a5e4-0e8771fb0100,INE458B01036,,31,32,0,0
de5e010d-ff81-55b1-ad0a-17134dca2d9b,INE458F01011,,46,32,0,0
4d0bdafc-d571-55a1-8505-39bb406f2aba,INE459101015,,0,0,0,32
87d196ba-3c2f-5be7-80f7-e277c355b1c5,INE459201013,,0,0,0,32
c510b488-ca0f-5d36-927b-2eac9d83c9dd,INE459501016,,0,0,0,32
a47cdae1-d6c8-5175-8596-d5682b556958,INE459A01010,,22,32,0,0
3208eec7-bdb1-5ab4-8b12-267125509555,INE459N01021,,3,2,0,0
d4fe6b79-d790-5a3c-bdf4-be4dc6cfc6fb,INE460801017,,0,0,0,32
f9587cf3-31b1-59e6-a69b-03d3f86c86f5,INE460C01014,,45,32,0,0
c47ec29e-286a-57ec-8e03-dbd3038bcd63,INE460D01038,,0,0,0,2
6537c034-fe7d-50a9-9ed0-01c8aad2ddaa,INE460H01021,,64,32,0,0
5d8e7e75-b3a8-5460-9e62-3bde213e92ef,INE460Q01014,,0,0,0,32
640b7fb4-fabd-50a7-8bbf-d8b3e0e6dc0f,INE461201019,,0,0,0,32
62b68c91-0d09-5aac-acb9-e7732b0e6bea,INE461501012,,0,0,0,32
6ff2e974-c54b-55a8-9895-406e4e404d02,INE461B01014,,31,32,0,0
57d84d4e-cef2-5a80-9710-1082520b4f2a,INE461C01038,,0,0,0,32
ed98e768-4a0f-56f2-a7f0-fb58c9c4f9cd,INE461D01028,,0,0,0,32
5eb01e15-6d81-568d-ae57-2f4e9790e574,INE462101010,,0,0,0,32
3e0d233d-449c-52ff-ac79-2a10bceb2d14,INE462601019,,0,0,0,32
be802628-fabb-5ede-a685-a51cd90b4c0e,INE462801015,,0,0,0,32
b01cbf6b-f604-5534-81f3-22e5fee88099,INE462A01022,,0,0,0,32
8807dcd3-edfa-5262-ae7c-00e12e9fb28c,INE463101019,,0,0,0,32
740e3f02-6fb0-5e5f-9540-439bab5a1f27,INE463501010,,0,0,0,32
fe8d3d27-1093-56f4-9550-d7fbdb4cbb45,INE463A01038,,0,0,0,32
5f94e54e-43e7-5dcd-8fbe-f427cdd1646f,INE463D01016,,0,0,0,32
ebe885b1-121a-56cd-b510-23b1fe7bccd2,INE463V01026,,40,32,0,0
f519742a-058d-5794-bab5-7c80de9fe056,INE464001010,,0,0,0,32
ef99e8fd-7dda-5c38-864f-834e84b5a2ab,INE464301014,,0,0,0,32
99b3c50e-c342-5fdf-ade5-e87b091e227e,INE464901011,,0,0,0,32
40b24249-065c-503b-8b1a-00b3458638be,INE464A01028,,42,2,0,0
de770484-dd6b-5e21-b8ad-b73777fbd236,INE464A01036,,0,0,0,30
8190b24d-c701-5743-9875-69a156c69f91,INE465401011,,0,0,0,32
ee96c83b-a49b-5e62-a1d2-a474576462c2,INE465501018,,0,0,0,32
285f2234-dd28-5f6d-ac03-36db26629676,INE465A01025,,28,32,0,0
8222b102-929a-5756-a233-17dd249d7145,INE466001018,,0,0,0,32
92b9c7d8-ccd6-5ae4-acfb-bb302b1a7fc5,INE466301012,,0,0,0,32
601f1118-c1c5-5f31-840e-9c3f1ce6e402,INE466401010,,0,0,0,32
20eabb78-4b2b-51d3-a90f-61713c3a8a24,INE466A01015,,0,0,0,32
a78e00ba-ac40-58c3-9faf-2615dcbd4f67,INE466H01028,,0,0,0,32
5a53669f-2c2f-5d8c-83d3-dce1ddeda504,INE466L01038,b68c6f9d-5881-4ca8-a9b6-b00d266f778f,0,0,0,32
ae2c0d6b-215a-5324-b375-25d34ef37b72,INE467201013,,0,0,0,32
2a9684d0-a11e-5fd6-9328-758527f1424c,INE467801010,,0,0,0,32
b356b98f-85f1-54cb-9e65-bdf3d92092aa,INE467B01029,,25,32,0,0
f01d970f-a043-5259-9a8d-884164766288,INE467D01017,,0,0,0,2
25123f8a-18f4-59f7-92d2-37634f61d52c,INE468501015,,0,0,0,32
3c00df10-662e-512b-8a42-60c21e917f94,INE469A01019,,0,0,0,32
bca563eb-e943-5272-960b-f6833a692614,INE470A01017,,36,32,0,0
8efbeda5-9686-5b93-9523-408a6fbe6a57,INE470Y01017,,29,32,0,0
39303f56-747d-5ab3-ae65-a1cdf25f93b0,INE471B01013,,0,0,0,32
813f7eec-e11b-5c86-8cb2-7d8646231684,INE471W01019,,26,32,0,0
7f2f4f77-8209-5be7-a20a-9488b07e658a,INE472A01039,062e06db-2e81-4698-86f0-aa6b90f83853,65,32,0,0
faf1c262-8160-5c0f-9973-b2784e797c64,INE472B01011,,42,32,0,0
bfbb25ca-a299-528c-9e90-3454101b75d0,INE472M01018,,38,32,0,0
f8a58c64-6027-5cc9-9bea-98ec1dee3d20,INE473A01011,,27,32,0,0
a8762547-ea01-506f-8953-1e5bc71c439b,INE473B01035,,30,32,0,0
a48c2a9e-ed96-5377-be54-37969b1470c3,INE473D01015,,37,32,0,0
ef097a28-81aa-59e6-bebe-267dbf3a3c22,INE474B01017,,0,0,0,32
572e950b-8d4a-5ed8-9ad0-30a285b7d43f,INE474C01015,,27,5,0,0
a2ed7048-59da-5232-ab8e-7069995f19ac,INE474C01023,,0,0,0,27
4520cb1a-a6db-5cef-b200-28de77c02443,INE474E01029,,32,32,0,0
9359448e-8e9b-5d10-ab15-121ddce9e932,INE474I01012,,14,26,0,6
29b06268-2056-5f66-9cca-3c68ade1ecc9,INE474L01016,,17,32,0,0
337f391c-7839-5a00-9239-df888b34c7be,INE474Q01031,f3bc80e5-9b22-4c06-8e97-b58b26ae6d5e,23,32,0,0
bc5da94f-bd04-5610-a270-1c193d7224de,INE475A01016,,0,0,0,32
d032bb5b-2e56-59a0-bc5b-9b2c31476585,INE475B01022,,0,0,0,32
4718487e-54cc-5219-b3ab-fbd2de768ef3,INE475E01026,af35913f-9aa6-44b0-b50f-1f35902ffac2,0,0,0,32
a37719c2-4329-5e67-b5ac-4ad09cb59042,INE476A01014,,79,3,0,0
2512f3e9-5c5a-576c-b43d-a2b883028a75,INE476A01022,9ea78a68-bf7c-45ef-b8dc-21137180f706,0,0,0,29
53859bfa-0d64-54a2-8298-ec2611b35f42,INE477A01020,,0,0,0,32
a66656f9-0c82-5e6d-a129-89d7b42ae52b,INE477B01010,,51,32,0,0
318eb4e9-e374-5133-8572-eaf29f542182,INE478D01014,,0,0,0,2
befdcfb8-1564-599e-abad-c2c462fc27b8,INE479A01018,,0,0,0,32
9e411e87-13f7-5452-8fb1-c1b25eb02c9d,INE479D01038,,47,32,0,0
42996dc8-8636-50a9-af2d-bc701a62d1b9,INE480A01016,,0,0,0,32
e527a55a-3c34-59a1-981e-a21f17951fcf,INE480C01020,,0,0,0,3
2dbf02c0-86a2-5409-ae88-eb564fa97dec,INE480C01038,,0,0,0,29
98f1940c-3457-5fc8-a679-d1f9cbab6b36,INE480M01011,,39,32,0,0
afaa0c26-e0da-549d-bd98-b7c50348e0a6,INE481G01011,,24,32,0,0
867c93cc-dc05-5853-9cf5-57edba7ac402,INE481K01013,,0,0,0,32
0e711f80-1161-5453-a82b-8243405f2c91,INE481N01025,,34,32,0,0
eae00a7b-4c09-5737-9b18-4c27f598eaf5,INE481Y01014,,59,32,0,0
9a331b4e-ca90-5288-b4c3-79b9a29f3376,INE481Z01011,,30,32,0,0
6f2d0230-f471-5aaf-8ab0-57406f0ab92d,INE482A01020,,28,32,0,0
2aef9cdf-81a4-50d6-b4a1-d98a7ff055dd,INE482B01010,,41,32,0,0
2c9ea47a-b1a6-5066-b795-e1055853ea13,INE482D01024,,37,32,0,0
d3348ec5-ae7c-5b0a-ac42-b823513802cc,INE482J01021,,36,32,0,0
0c398c9e-0c44-5e90-9111-2d2f3e5af73c,INE483A01010,,56,32,0,0
95c853d5-28d5-5062-a186-d84e19c37676,INE483B01018,,29,32,0,0
ae1b7017-79df-5c3f-bf8e-d602c31edcad,INE483B01026,0071a138-f152-412f-a71a-34075ae7ed2e,0,0,0,32
c52b2109-0621-5016-9990-c5347a68b5b6,INE483C01032,,29,32,0,0
c338a706-4bec-5672-8108-a86f2b8ad5ac,INE483S01020,,43,32,0,0
5e3ebb6c-8d23-51c1-a0b0-eca99897fde9,INE484C01030,,34,32,0,0
cf6cd77f-34be-5680-96bf-bb26c9818a7e,INE484D01012,,0,0,0,2
69def5a4-c8ca-560f-b3f4-e911c61bc3b1,INE484I01029,,45,32,0,0
49435a43-5f00-5563-bef3-3c6d6f69687a,INE484J01027,,0,0,0,32
7d26578b-37d3-53b1-afff-4ad945282fc3,INE485A01015,,39,32,0,0
8568f55d-d34f-5763-a41e-c5946f64ac0f,INE485C01011,,41,13,0,0
c7327f3f-0676-5003-a035-4522089c7d75,INE485C01029,,0,0,0,19
da82588b-518c-5983-9a33-339581e14804,INE486A01021,,0,0,0,32
a664f422-7dc2-5c87-8166-8f76339360ec,INE486B01011,,0,0,0,32
c6ad0dc1-cfef-59a2-ac24-890c6f98b26c,INE486R01017,,18,31,0,1
a17e1675-e51c-5d30-b95b-c78e9b69163d,INE486Y01013,,34,32,0,0
14f54a8c-f6f6-5881-b85b-ff0f5fed011f,INE488A01050,,25,32,0,0
e238ac05-a64a-5dc8-bd07-c55a0ab77d1b,INE488B01017,,33,32,0,0
80bb92b4-7e21-5c45-ad02-0a0c46809d15,INE488D01021,73c3c463-cea3-4d6c-b8e6-c96619fd4bae,0,0,0,32
6b18e27a-b95c-5623-91c3-1127b5642d16,INE488V01015,,24,32,0,0
efd47a2e-1417-596c-836a-9b05b2cd37a4,INE489D01011,,0,0,0,6
8c128d3b-b686-5f5a-b99b-98da9947494f,INE489G01022,,23,20,0,2
7ceefcdb-2534-5e54-907d-33c0985b0b82,INE489H01020,,0,0,0,32
a0f13a7b-b6ab-5707-8ecc-dbe8f6ff8880,INE489L01022,,47,32,0,0
089f2a6b-c2fe-58ca-93d3-2d514c84f753,INE490401010,,0,0,0,32
ecb4bba5-dace-5921-8bd5-48333aa90e80,INE490A01015,,0,0,0,32
a25922ad-b24f-5f3b-8977-e63c9a7395f4,INE490G01020,,21,32,0,0
cfe87489-9060-58c1-8079-d51d2736c1bd,INE491A01021,,42,32,0,0
c2bb0378-a0c9-576d-b41c-9845e1097042,INE491J01022,,38,32,0,0
6e9627bf-9a0e-57fa-919e-57e579cfd78d,INE491V01019,,58,32,0,0
632cf6f2-286c-5109-8688-f1e9c6547ae6,INE492A01029,,36,32,0,0
f0efff95-b33d-5d9d-8014-290509f0e4ad,INE493A01027,,0,0,0,32
f9814428-90cd-50ce-988b-52cd3fb78bf7,INE493H01014,,0,0,0,2
d93c5404-6216-5691-b495-29383dde08a5,INE494B01023,ae52fe71-8ded-4e7c-9a9c-d09efd600826,0,0,0,32
cd4fbf03-1645-5836-adde-a148f016ceef,INE495A01022,,39,32,0,0
dfc879e1-1e09-5aed-8fdf-4b20b4009e21,INE495B01038,,22,32,0,0
f4470c51-d5a7-5a34-97d1-46fa60d36590,INE495C01010,918fa483-1877-493d-ab55-17bf01e40808,30,32,0,0
10f3a512-b24d-5ef9-8618-304eba18551a,INE495J01015,,7,32,0,0
efb5a393-5c02-5486-be20-f5cbcc71bfe0,INE495P01012,,25,22,0,0
0051beac-2a22-5499-98e9-645c9726a575,INE495P01020,abc4a0b2-9063-4a8c-8bf9-5f1ea69ea87f,0,0,0,10
c2456df9-cc5a-5073-9b40-ad62ce3433f7,INE495S01016,,23,32,0,0
a931f8a3-5645-5fa5-b851-e5aa806e49b6,INE497A01010,,0,0,0,32
4280317a-9a7c-5cba-87eb-7cddecb494ec,INE497B01018,,50,32,0,0
2c8bdc44-187e-58e4-9192-92256caf412d,INE497D01022,,0,0,0,32
7de335fe-aef2-587b-b77a-d848ba1585ab,INE497S01012,,21,23,0,1
df74fcb4-2bed-501b-92ae-f7eb3a89a361,INE498A01018,,33,32,0,0
23923e2f-50ba-5381-9b99-95ac4d466240,INE498B01024,,0,0,0,32
f1cfc7c3-502e-5f48-b0a5-ff3c6bf639b3,INE498E01010,,39,32,0,0
cfa20415-52bb-59b1-aa34-8bb8dd6edabe,INE498L01015,8398678e-3698-4d67-b6ec-6630303ce99f,28,32,0,0
86bc1ef7-3614-57fe-bd9d-1edb9e3cebfa,INE498Q01014,ee7b993e-d5e2-472c-9095-c6f4e2fefb94,21,24,0,0
ddc3bb1f-d1ee-5a71-8861-15de276cf80e,INE499A01024,,37,32,0,0
5cddc43a-f025-5a64-b584-43d057956071,INE500A01029,,38,32,0,0
9b369689-6275-5264-b122-15642fd25afe,INE500L01026,,63,32,0,0
b0ace9cf-f3ed-5bd5-a9e9-c3817eac8208,INE500X01013,,33,32,0,0
427ae353-47e8-51aa-af37-b25c1e8237ba,INE501201011,,0,0,0,32
99f7c58d-0efc-5536-8d9c-d6b9f842bdbb,INE501A01019,142f3023-ca8d-4f46-a42d-ba0d06c7a4c7,45,32,0,0
1c1130f6-910a-53c7-978a-9f576de6d5b6,INE501F01018,,0,0,0,2
84198e8c-e3c8-580d-b296-97c5e66059b3,INE501G01024,,32,32,0,0
77f004a8-503d-5258-87bd-9aa858653c43,INE501W01021,,35,32,0,0
7e40d683-23ef-5fa2-b788-f50897fd569c,INE501X01029,,4,7,0,1
685b3c9e-520e-5545-8210-cdd3c456c864,INE501Y01019,,22,32,0,0
4c3f56c7-d5b8-5a47-b408-c22c2c71ec96,INE502401016,,0,0,0,32
5020f505-22ab-5275-b94e-8a8a543aa653,INE502A01017,,0,0,0,32
182341b9-3025-570a-aecd-ca2638658157,INE502K01016,,6,4,0,28
af5e4fa4-bfaa-55bf-b2f3-c26aac9ffb36,INE503001013,,0,0,0,32
03b717f9-0628-5e92-8589-2a755c44e822,INE503A01015,,39,32,0,0
7b7ecd8b-8ab4-5a16-a84d-6991de65771e,INE503B01021,,0,0,0,32
8998058d-29c3-5267-b264-11e1e5cd54bd,INE505A01010,,35,32,0,0
44e34932-87fc-5bb8-921c-0c29117462eb,INE505C01016,,73,32,0,0
26773f45-04b0-5eb4-b7d0-0c10d784f8bf,INE505M01015,,0,0,0,1
b60caf90-f988-5bf9-980d-fbfb39432bd0,INE505V01016,,7,17,0,15
0f7e5f5c-d547-5064-b088-a7ca06ed02db,INE505Y01010,,49,32,0,0
30093ca0-9d51-593d-b971-7b273aa56ba5,INE506A01018,,36,32,0,0
d2f5d865-09c8-5157-a88d-71849a5f1c47,INE506D01020,,0,0,0,6
001810d1-d24a-5c36-8858-b81760049e2a,INE506V01022,,5,11,0,1
073738f5-05a2-5a74-9047-5bbcea5b8b37,INE506W01012,,47,32,0,0
113bca6f-077e-598a-bf7f-c73dd54afe91,INE506W01020,,0,0,0,3
357ae6cb-7e1b-5899-aa07-bd17f9794b68,INE506Z01015,,35,32,0,0
61cfe727-7e08-5886-a884-a0944f5b4e11,INE507F01023,,0,0,0,6
9a190040-488b-5870-8c70-932472da0ce2,INE507Y01016,,0,0,0,32
e184544f-f7f3-5194-b2c7-be455c190849,INE508A01014,,0,0,0,32
6b9b8122-4487-53b2-bae8-7e72de2534fd,INE508G01029,ad8fd4ee-96a4-49fa-8256-ecdf54f94338,56,32,0,0
dbc5f0dd-6337-59f6-be00-858895c1d111,INE508K01013,,41,32,0,0
22923ae6-60bf-57b2-8f72-1a7a52bada16,INE509F01011,,54,2,0,0
f480fcaf-e3bf-5dc6-b1b1-425b665baab8,INE509F01029,,0,0,0,30
4d25d008-abaf-556a-b1d6-a8cdbe66a31b,INE509K01011,,9,32,0,0
f2deec71-1781-598a-82b4-e667d009f32d,INE510A01028,076a52d8-bb46-4347-b84f-aaefb33be4be,0,0,0,32
253d0987-fc95-57c1-a498-7a74883ea585,INE510W01014,,30,32,0,0
2675e14a-e2a0-5212-b224-d98190889a7c,INE511B01016,,0,0,0,32
ee4d6da3-fe7e-5a09-91c9-566e8b01f516,INE511C01022,,56,32,0,0
15c1a26a-6efa-5d42-b38c-a5134a17293c,INE511Y01018,,50,32,0,0
5fd0e505-67c6-5721-9e34-102ed17ce0af,INE512B01022,,47,32,0,0
9617d1e4-86ce-5c60-857b-bd035997c2cf,INE513A01022,,0,0,0,32
61c31175-a74a-5608-ad2a-8dc7d85e7bcc,INE514Y01012,,37,32,0,0
53552825-6215-578c-9c68-39650faa8d39,INE514Y01020,,0,0,0,32
ab6f404c-3514-5e95-bd26-823590498037,INE515A01019,,0,0,0,32
84485157-72a4-51fc-b61d-89ddf091e5a2,INE515C01023,,0,0,0,6
c8b480fe-8803-5b04-b132-c6d11ef211f5,INE515H01014,,0,0,0,2
e837a156-d30f-5480-8c07-ee3e63b2dfe3,INE516A01017,,26,32,0,0
2d6fc706-6a1e-5cfe-83c3-2af59b516416,INE516K01024,,0,0,0,32
1caab7ee-ea40-5772-abb4-6e1003f9e05b,INE517B01013,,37,32,0,0
6eec7a97-e975-5824-afbc-7e0d62210501,INE517F01014,,24,32,0,0
8e289cc9-e2f9-55b8-a7a9-050049437eae,INE517M01028,,0,0,0,32
5247e4f2-62bb-5070-a0e6-64307ca13fb3,INE518A01013,,0,0,0,32
7bcc1cd5-6025-58c1-bdcb-a06dfc360cd6,INE518E01015,,20,32,0,0
32c4c8db-0a6c-5c40-af33-e5da59c4b07f,INE518X01015,,0,0,0,32
f46e591e-ce7f-5f79-a876-9e499700cb7c,INE519A01011,,25,32,0,0
7202765e-99af-5a4e-9939-7bdf1a621dc1,INE519C01017,,38,32,0,0
abd4950e-e05c-555e-b286-a41b897aadfe,INE519D01015,,0,0,0,2
983b9d0e-1633-56de-b30d-22d03665cc9e,INE520A01027,b603c0e2-6db1-4b08-b129-fa9b0a727f71,0,0,0,32
4d99eea3-e1eb-5af3-ad2a-3221d05e0019,INE520H01022,,0,0,0,32
7f1cc9d5-f067-58d7-b769-403319386017,INE520N01012,,0,0,0,32
7079ded6-952c-5c4e-bf1a-f3be2dae7519,INE520Y01019,80b0c585-6ac4-4f41-b90c-6f37baa1e5b0,47,32,0,0
d1f830b9-618b-5b38-8e94-48e53085b1d4,INE521A01017,,0,0,0,32
b3590ec8-edc8-57de-8b31-c7ad47c71eb7,INE521J01018,,38,32,0,0
45af6dff-87a7-5b0a-985f-3881d4c26d3d,INE522901011,,0,0,0,32
140ae97d-29ba-58cc-abe9-11e86fd77403,INE522D01027,,32,32,0,0
3e1a9dac-2bb1-5f9c-bb6d-f225d1694995,INE522F01014,b9ec22c1-bb74-4206-8d14-45b1f4b10293,58,32,0,0
fff7e700-342b-500b-8840-94ea81d79543,INE522V01011,,0,0,0,32
981adfe0-2f17-561f-8b86-e653da927197,INE523B01011,,29,32,0,0
e8bdaf9b-8eae-535b-8416-ddcb6471d04a,INE524A01029,,31,32,0,0
eb6364fe-ec03-55a2-b79c-343ca3d817c9,INE524B01027,,37,32,0,0
93734142-e3bd-5ecc-b5fa-1808d0d6dd49,INE524L01026,,44,32,0,0
0f91bf3c-6078-52db-af85-57d112a23e6c,INE524T01011,,0,0,0,5
430ec201-a707-5fdf-8977-ae3f7fdfd754,INE524T01029,,0,0,0,1
44ece811-2f77-5694-a3a4-f70bf4f08282,INE525F01025,,0,0,0,6
6cbaac8c-4a52-59a2-977b-cb008fe91fa6,INE526A01016,,0,0,0,32
5e45a573-daad-5656-b742-7add5d953627,INE526B01014,,41,32,0,0
95bc95d9-ad79-593b-af46-2a7d1db99994,INE526E01018,,49,32,0,0
88dd6823-9253-55ee-8d7a-b4a0b97aa305,INE526G01021,,0,0,0,32
3bdd7fb4-dea6-5b57-9123-ec3d543f8248,INE527A01014,,0,0,0,32
b326f2c3-636d-5241-a2b1-feb8c15cab01,INE527H01019,,66,32,0,0
9095d987-cf6d-5550-93ed-e8699fa14ef4,INE528801017,,0,0,0,32
2ffcea7e-b874-514f-a6f7-bc8cc04f8d42,INE528A01020,,28,32,0,0
6bf3e36d-c205-5d2d-aeb7-cf43bccd6f79,INE528G01035,,0,0,0,32
bef07c4b-6d45-5aa4-92d7-cc662df02595,INE528K01029,,0,0,0,32
1e5b5fa2-faf2-56c6-9e47-994020f4858d,INE529101011,,0,0,0,32
a4f62810-476c-5a4a-ac75-185b146e7bcd,INE529A01010,,49,32,0,0
adbfb37b-c058-53a1-a2f7-11d0308e4a51,INE529D01014,,90,32,0,0
efbe024c-eb29-552d-ba8c-2ac76689a327,INE529F01027,,0,0,0,32
c2b80f2b-2c88-5455-b230-0d22d46fa3f8,INE529F01035,,32,32,0,0
b657a4fc-9373-5b06-b7d3-81791dde7e55,INE529I01021,,0,0,0,32
47913022-fb13-52a1-baa7-ea72f194abbf,INE530A01018,,0,0,0,32
2116d595-5991-50f1-8aed-7fa265617aac,INE530B01024,,63,32,0,0
2d106c7c-d897-5a2b-9260-e8f014a8b4b9,INE531A01024,,0,0,0,32
a4fedf0a-71ab-52c4-a78e-fbc34bfd68de,INE531E01026,dc15f48d-36d7-461f-a5ba-87604c75cef7,32,32,0,0
1cd60e49-ce30-55b9-8ea9-790217655566,INE531F01015,,28,22,0,0
531ea5d0-654d-51cb-b4e1-57a7e23fbb8b,INE531F01023,,0,0,0,10
352352e6-1055-5902-896f-b425b9dee88e,INE531R01010,,0,0,0,32
a14852c5-ecbf-5521-a9dd-381f15ef570b,INE531X01018,,0,0,0,2
b0ec191f-227b-5272-9bfb-5b04f916836a,INE532F01054,,0,0,0,32
b25e6f58-cbba-5cf2-a2a6-e0a88ab79961,INE533801010,,0,0,0,32
e38ea77d-ca4e-515a-9f3c-cae5f09cf9b9,INE533A01012,,0,0,0,32
e94e312d-bb8a-55d9-807a-d77bd09ff7c5,INE533C01018,,0,0,0,2
321630ac-e961-5f64-a6fa-1e632f8c251b,INE533D01024,,0,0,0,32
4c0eb159-cad5-583b-a8d9-c1f826942302,INE533D01032,,39,32,0,0
44c1a748-2e47-5330-b373-d0a6854d3218,INE534A01010,,0,0,0,32
66c21eb4-a41d-5a99-80c2-8bc555588b43,INE534A01028,,40,32,0,0
4a6df917-4936-53ab-82c4-07803182c74d,INE535D01029,,33,9,0,0
1a579de8-04e9-53bc-bcdf-c7f42c7c9fce,INE535D01037,,0,0,0,23
859b20ba-c9b6-5493-8fd8-593f4174b3c7,INE535F01024,,13,15,0,2
c7cfaf84-487e-518f-82cc-213c1472f7ff,INE536A01015,,0,0,0,32
82dec170-b42d-553f-9ea2-3bd548bb05e4,INE536A01023,,31,32,0,0
472a1a97-9a96-5048-a427-b189c4afab81,INE536H01010,f77ecec3-0e2b-4628-b923-1c99b640b363,33,32,0,0
efd8863f-f132-5b28-b871-38aa16e8e21e,INE536P01021,,2,2,0,1
608c28d9-36f7-57bf-8faa-907c63d15ab6,INE537A01013,,0,0,0,32
9879608d-d94d-55cf-9f95-920f0c579024,INE537F01012,,8,8,0,2
5fc92cde-5e0d-5745-8354-fb113c2f7596,INE538901013,,0,0,0,32
1b13f33a-70c1-58e0-a6bd-1f0f095a6745,INE538A01037,,33,32,0,0
4646059d-53fd-56da-b322-0c19e72bc0cb,INE539101013,,0,0,0,32
4512fcf5-b512-58a0-9601-9aca528d37cf,INE539A01019,,34,32,0,0
00bbc7e5-224f-54e0-9ccc-61de79e4f70a,INE539B01017,,26,32,0,0
a13814c1-cbf1-5db9-8e63-7008430bdc08,INE540A01017,,29,32,0,0
e0ada68e-c87d-5ccf-a3cd-9cef23db21bb,INE540G01014,,49,32,0,0
86e87c2c-9efd-5df2-8e86-0776c5bcedc8,INE540H01012,,48,32,0,0
e404ca78-1580-5d72-9e6f-7dc6093917ab,INE540L01014,,23,32,0,0
ed0e08e0-cb40-5ca0-a0b7-823674808480,INE541A01023,,48,32,0,0
92129af4-4ef8-5e8a-b8e8-cde66619defe,INE542201012,,0,0,0,32
2150e7b0-272c-531d-a0b8-3bd2be71bc17,INE542A01039,,10,32,0,0
c1210082-905b-587d-aefa-ca37e16275eb,INE542B01011,,26,32,0,0
0edc3046-8369-51b6-b376-87e56801b00e,INE542C01019,,31,32,0,0
9fd194f5-aa28-54ca-a2fb-94edb6ef6897,INE542F01012,,56,32,0,0
de69bd7d-298f-5341-aea5-5e53f324ae9d,INE542F01020,,11,20,0,1
396ce5d1-a5a2-5dd6-a21d-0e14c412a623,INE542W01017,,33,5,0,0
cf923b3c-e09c-5c8a-b0d9-853607c03bc9,INE542W01025,8b5669f5-b6d3-4946-9084-e30cc87a4477,0,0,0,27
85f27117-a958-544a-9ed5-dea9ade744d0,INE542Z01010,,38,32,0,0
e5065cc4-5f16-52be-b19e-5e2a899b5230,INE542Z01028,,0,0,0,26
f83dc363-40e8-513e-8e23-577f92afbbc0,INE543V01017,,31,32,0,0
8c318723-8d51-546c-a248-b30540fa5cfa,INE544A01019,,35,32,0,0
7abe4376-e7dd-5279-b551-ba7a36eb960e,INE544H01014,,64,32,0,0
63fbe508-edf1-5bd0-a171-053eb2c4f73b,INE544R01021,,0,0,0,32
545490ed-a845-523c-82ee-02300142f3c3,INE545A01016,,0,0,0,8
19e67159-dbbe-52ac-b40c-8410df02a845,INE545A01024,,31,24,0,0
ffdf3d73-7080-57c9-a3be-16aa8560b4a2,INE545H01011,,37,32,0,0
0a4c57ce-5a1a-5eb8-bf77-ec9942817018,INE545L01039,,15,23,0,3
4abbefbd-1718-5044-bffd-6bcb747bc450,INE545U01014,30ce066a-6410-4b11-9b85-e41324971261,79,32,0,0
d2935e96-191f-5637-86ed-5cff51052120,INE546C01010,,14,14,0,1
e58b5f36-2991-5f1d-8ef8-4934d177f414,INE546V01010,,35,32,0,0
8f1c2d70-c659-5f29-ad75-3b2d01a4dc40,INE546Y01022,,45,32,0,0
30e59d74-e745-5aba-968c-ed005461da73,INE547101019,,0,0,0,32
e969a4ad-f50d-5628-811d-aef711922de1,INE547B01028,,24,23,0,2
3b0246e4-6cc9-568e-b16c-afabae684a10,INE547E01014,,24,32,0,0
267e1abd-99b3-5b82-a2b4-622855cb5595,INE548101018,,0,0,0,32
2be8fcf8-a1bc-5011-9b03-2285c9b57223,INE548A01028,,59,32,0,0
32463093-6b4a-5b70-86c9-c3c4ab7f605b,INE548C01032,,0,0,0,32
40086172-fd62-5cfc-9508-37864843b6e2,INE548Z01017,,25,32,0,0
3ac2002b-e302-5d26-8140-1564264aab5e,INE549201015,,0,0,0,32
8aed3f66-32b0-53ff-8295-58fa72049e2a,INE549A01026,,27,32,0,0
e84ce0b5-0f58-53ff-bc8b-068deb50eef1,INE549H01021,,14,12,0,1
6cf49fd2-c5f7-523f-8550-8666779e4a33,INE550B01022,,44,32,0,0
229664a6-4547-5fe7-ba0f-6124b60ed4e7,INE550C01020,,52,32,0,0
fc7aa2b4-5e2a-5ef3-9683-6c5dd45deb31,INE550F01049,,0,0,0,2
340fd540-7868-5b20-bce7-d9d601fbb02b,INE550H01011,,37,32,0,0
c2156e37-0135-5f4c-803c-665901668a5f,INE551B01012,,0,0,0,2
e3d02a1c-19af-5e7e-bcc8-fd90052cce5f,INE551C01044,,0,0,0,2
e93a9898-7e3c-583f-ab54-74ba390d633f,INE551D01018,,21,32,0,0
f25a19e0-c62e-5c2c-8e59-6c6d7f0028dc,INE551Q01028,,0,0,0,32
5d222643-8c25-5f7e-9f22-85881e762107,INE551W01018,,42,32,0,0
e2b1e1d1-f9f9-5e0f-b373-76294a847a4d,INE552D01024,,36,32,0,0
988ceb4d-734d-5cc3-8c08-f254989dd9a5,INE552U01010,,0,0,0,6
6087a6a7-85e7-5737-abb4-ecf6c05895c8,INE552Z01027,,21,27,0,0
55274b0c-e8dc-505e-b709-d6167f6b311c,INE553701017,,0,0,0,32
668c2b00-4ab6-5250-a492-d29a6fa0de7b,INE553C01016,,31,32,0,0
8da0d5d9-5a1e-5420-866d-14c25b652a23,INE554501010,,0,0,0,32
a3a2e6a7-9234-5478-99d6-600ab32c4679,INE554A01018,,0,0,0,32
00825521-46d5-5d39-907e-bf241ebd784b,INE555B01013,,25,32,0,0
893964de-9efc-5c91-933b-5bf5326088d6,INE555C01029,,0,0,0,2
0c2cc24a-7322-5dfe-b863-abe50de9e6d8,INE555P01013,,0,0,0,6
4a6b95b7-102b-5af5-b257-8b29f3a00731,INE555Z01012,,29,32,0,0
d5c4df96-92bd-50bb-8ffc-4188288aa417,INE555Z01020,,0,0,0,22
d1abdcf5-da4d-5a78-a6c0-e632d5d295e7,INE557A01011,,37,32,0,0
c9d48dad-b70e-5635-b4e5-1ab70a519b1b,INE557B01019,,30,32,0,0
80fc7fdc-13f3-5746-a900-c38cdea15973,INE557Z01018,,38,32,0,0
ade85b0b-4209-54a8-bdf4-abd06be27439,INE558A01019,,0,0,0,32
3e3a8dc7-8291-5531-9ada-f4f52a081ca7,INE558B01017,,24,32,0,0
adb75fbb-dce9-51f8-8c35-961325a12dca,INE558D01021,,0,0,0,32
16ab4e69-9849-5ad6-963e-6d91f886c416,INE558R01013,,32,32,0,0
4a12d0a3-37ce-55a3-b9ae-7ec589b50695,INE559A01017,,32,32,0,0
d862ae1d-b232-5711-ba98-18c59ecadc96,INE559B01023,,0,0,0,32
35bbc0fa-c36c-5727-87b9-be3a372196a4,INE559D01011,,32,32,0,0
0bc21846-d9d2-5ab8-ac39-d3d2ca4dedc5,INE559N01010,,35,32,0,0
dc548bc1-5e03-5dd9-9998-1914c9b2d7db,INE559R01029,,81,32,0,0
6c231cff-b6fb-5bb8-b2d0-8427d2d77db3,INE560A01015,,28,18,0,0
06f2de8d-c02d-541b-a060-04082045605e,INE560A01023,,0,0,0,14
515a82f4-ae07-54b1-9f82-b2c5002af19f,INE560K01014,,47,32,0,0
ea4c98a6-d204-577d-ac5a-a442dcfc9e25,INE561A01013,,0,0,0,32
96cfe01f-1650-5701-8180-3664b25cadf0,INE561C01019,,54,32,0,0
8e941d42-c374-5b27-86c8-f3b4e97cc82a,INE561H01026,,0,0,0,32
7511ae43-5516-5360-a9f5-a68ab9a4deef,INE561M01018,,13,17,0,2
9a3f8c23-88a3-5d4c-bbc0-1e9b712d0067,INE562701016,,0,0,0,32
2ff94075-def6-5c79-8baa-d5c24342fbe3,INE562A01011,5275dd14-35ba-4feb-94d8-f8d1facb19d3,60,32,0,0
e64fda8a-f6c5-5536-94f6-8e98379b287a,INE562B01019,,63,32,0,0
0151c086-bfb5-5544-abaa-eb8b2bc6e1c0,INE562X01013,,41,32,0,0
ee853570-b472-505e-836b-66b515ac7558,INE563601017,,0,0,0,32
fbb82dfe-0f6d-5bca-a8be-da2fe62ee82e,INE563J01010,,45,32,0,0
c457ec30-06d1-5810-aa36-1be3e2f65aca,INE564A01017,,0,0,0,32
1233e8cc-9cb2-5991-a9e3-dba2b99c1e2e,INE564J01026,,0,0,0,2
ace4d32a-0d13-56cf-bf14-0bff4c550ea2,INE564T01017,,0,0,0,32
f7f720f3-8f4c-52ad-840a-be19774d8a74,INE565A01014,,45,32,0,0
3ecd11e4-82e9-50df-9be8-427666240033,INE565B01012,,0,0,0,32
02c99aaa-49da-56ab-863f-052780f785d7,INE565L01011,,27,32,0,0
6c3877a7-643d-5059-922f-2898e75fc9fd,INE565V01010,,44,32,0,0
02ab1e02-9416-5b8c-a90c-8e99cb4afa5b,INE566K01011,,32,32,0,0
326184b8-28cf-5891-95f2-aabf8524c3b8,INE566M01017,,0,0,0,2
fae4e644-b63d-52c4-9e3e-a242253cfa41,INE567701011,,0,0,0,32
64724ade-8356-552a-b5e3-cb186c19eecd,INE567A01028,,0,0,0,32
79dabfda-00bc-55e9-98c2-555fabe00936,INE568001015,,0,0,0,32
f377e408-d369-5a63-919a-dda5e86c7ddf,INE568A01018,,0,0,0,32
191adbfe-e1f0-58dc-b12e-84f1f93fb5dc,INE568Z01015,,56,32,0,0
b4f72d53-7e7f-5715-8d76-3f95cb0b2838,INE569C01020,,39,32,0,0
d5a15111-3646-553d-907a-d4b514b87099,INE570A01022,5639e7a2-275a-4c8c-be0b-3e0d59a1ecec,0,0,0,32
d49df878-b9dd-5519-bf69-9eb354b313a6,INE570D01018,,30,32,0,0
0b24a4ce-e719-578b-a328-c1ad3112129f,INE570L01029,,25,20,0,2
820c42ad-1cd8-5e55-9ed8-21afe9704326,INE571A01038,,0,0,0,32
3fa606e4-4087-5bf9-85ff-378966e993fc,INE571B01036,,0,0,0,32
684798d9-dc71-521b-9a79-706b47b06178,INE572A01036,,0,0,0,32
f4e343b6-be42-5315-a5a6-b44088c3ca58,INE572D01014,,0,0,0,6
9f2a6719-2498-51c6-8bea-ffaf51cb4bea,INE572E01012,9a81c359-b798-4290-bc2a-c06d14981e98,43,32,0,0
ad423d4e-62af-5138-b021-ca52fc8c9b35,INE572G01025,,16,29,0,2
6f8b9fb9-4a8a-5854-a8eb-66ae915f29b5,INE572J01011,,48,32,0,0
53831322-83b9-5e1b-b84b-5b6b937d7831,INE573001018,,0,0,0,32
5452f93b-e315-533e-9031-af554bde7987,INE573501017,,0,0,0,32
a5f7f9e4-e8f3-577b-b1d0-827a9f8b1e31,INE573A01018,,0,0,0,32
a0d4aa73-e135-5da2-8eed-7ffe9ba6edc5,INE573A01042,,0,0,0,32
c73cb5b2-3bcb-5623-b7ee-4262f925a3ab,INE573K01017,,56,6,0,0
5d6a6fd5-3dad-51d0-821a-99e1fb570617,INE573K01025,,0,0,0,26
d701b02e-16a2-5f17-95e9-a667f664d31c,INE573R01012,,29,32,0,0
fd52701a-44e2-5292-b40e-27e56a985bf5,INE574A01016,,0,0,0,32
f312bb6a-7503-5723-b555-a20cf8c95cf8,INE574G01013,,0,0,0,2
bb35f93b-2ff8-51cb-99d9-b6db2b4ba6e0,INE574I01035,,0,0,0,32
eb22359a-b370-598f-8c92-703366afddb7,INE574Z01013,,0,0,0,32
4fe55f58-1309-500b-9c2b-663d2c309dbc,INE575C01027,,31,32,0,0
02a94fdd-7b6d-5167-a130-3c87ea0679ab,INE575P01011,7176239e-fd2d-4d2d-83e6-7cc1a6b3f8ff,44,32,0,0
4729d04d-91cb-57c5-9e52-ebaf217b9958,INE575Z01010,,0,0,0,32
74780aed-e81d-5e65-a6c9-7e2d45db6543,INE576601012,,0,0,0,32
d355ed5e-2b40-5f6e-9205-1575962c973f,INE576B01019,,0,0,0,32
f0389a6f-faf5-5ced-a385-f3b01cf54da9,INE576I01022,,0,0,0,32
f322e250-2a3d-522f-9608-3901459a6504,INE576O01020,,72,32,0,0
e4783abd-cb92-5dde-9c36-9cc7fc6d6b53,INE577A01027,,32,32,0,0
f0387a74-2a33-5d16-a48a-aa17c1b898c3,INE577D01013,,0,0,0,2
1f58af85-0dbb-5080-b559-3660928b9294,INE577L01016,,32,32,0,0
75684ec1-b89b-5ae6-8af2-e11d7332179f,INE578901014,,0,0,0,32
08d1e4ec-ab2c-5a31-b0e1-87abacc1a87e,INE578A01017,,29,32,0,0
cd268dbb-1455-51c8-9459-4bee61b92c35,INE579B01013,,0,0,0,26
48e828ba-ea70-5ca6-a9c4-d29b9df75f2d,INE579B01039,,0,0,0,6
dbdc50b6-fc2c-5486-872d-1de3730cf0c9,INE579C01029,,27,32,0,0
c17a8abc-ca31-5db6-af11-2683104ebd92,INE581001018,,0,0,0,32
da24a500-2974-5b16-9bb0-1451fd59e229,INE581501017,,0,0,0,32
d7eddafc-bc70-549d-a209-75582ca5d221,INE581X01013,,29,32,0,0
273ba755-9f70-5b8c-8b7f-9f1b21898ec5,INE581X01021,,0,0,0,32
0873407f-fdf3-5997-ae44-8efa2fcbcf7f,INE582A01019,,0,0,0,32
e5007ebf-40e8-54c9-ac76-56c18307969e,INE583901017,,0,0,0,32
63bca341-4a7b-5879-a810-51d2d59c6ad8,INE583B01015,,33,32,0,0
0c18d836-42ce-59d0-ad2b-2da5c75dd299,INE583C01021,,0,0,0,32
19c88a63-3d63-5b9e-a04f-de6aa316bc09,INE583D01011,,71,32,0,0
c048395b-57c1-573c-94e8-a885a60ca67d,INE583L01014,,22,32,0,0
6731c3e4-bfdc-5788-95bf-41a153d9faf8,INE583R01029,,64,32,0,0
9be5e3b0-1d0a-5a2c-8d17-a330c361b903,INE583V01021,,0,0,0,32
f7a61f11-655c-5453-a0d1-b39f4c0720b3,INE584A01023,,32,32,0,0
dc6e1052-f81f-5da2-a1c2-b5f440578c0a,INE584F01014,,42,32,0,0
f727e23d-61eb-51f9-a9a7-49cf2c690f79,INE585B01010,,52,32,0,0
3617cd73-ee65-581d-8442-38708e0bcc3f,INE586A01010,,0,0,0,32
34991ea1-df41-57ac-b941-3acfbdfdcb32,INE586B01026,,34,32,0,0
6a0a7ad2-44fa-5b93-9ce1-ada1b2987d4e,INE586E01020,,0,0,0,6
adbbc030-0e40-5922-b09b-29f819f9c67c,INE586G01017,,48,32,0,0
40c1aecc-592d-5787-881e-8ee951bcdea5,INE586O01011,,0,0,0,32
8cbadcf3-731f-567a-8bb1-a58fd39775f7,INE586V01016,,74,32,0,0
feb160c8-a5d5-57b2-82d7-6b66d33d94c9,INE586X01012,,37,32,0,0
d775f718-6543-53f5-b794-bf8a91b2ca3e,INE587G01015,,30,32,0,0
98751778-287c-52b3-80d5-9094391b567d,INE587S01010,,0,0,0,32
4a7ca4c1-fd56-5035-886d-4277bcc2b32c,INE588G01021,,0,0,0,2
f2a968fd-b3de-5741-bc34-f510ab6b51bc,INE589A01014,,52,32,0,0
0475db69-4011-5627-a5de-ed1beaf6b086,INE589G01011,,15,32,0,0
276a77ff-8745-56b5-923f-bc06180e0156,INE590L01019,,45,32,0,0
3d13dcfa-dc99-5c23-bd17-4b78d9bfa424,INE590T01012,,0,0,0,1
75757acf-522b-5d8d-9ad6-d79b15f579b4,INE591701011,,0,0,0,32
36fbe968-161d-515b-9a58-167caf1bf168,INE591A01010,,46,32,0,0
7747aba2-6e36-50ff-93c0-ccd9a171cee1,INE591D01014,,16,32,0,0
7c9e0064-631c-5ef0-9ab3-975dc68bd11f,INE591G01017,,49,16,0,0
596fc142-880e-5811-ab36-602dd5690127,INE591G01025,cb5dd0b8-2f41-40d2-aaca-0d9361585222,0,0,0,16
3dfcac37-e3b3-5eb4-95a3-d2051c1c40e7,INE591Q01016,,33,32,0,0
204dbe0a-13b1-54be-b95c-4bbb48332c15,INE592701010,,0,0,0,32
a52094b0-6d5e-5461-8163-081bbee1dfd5,INE592A01026,,28,32,0,0
9b313eb1-ee5d-5630-a340-aaae70549e5e,INE592B01016,,23,12,0,0
b8cd64d4-5aac-5376-ba3d-ec33e8b009bb,INE592B01024,,0,0,0,20
9af383d3-fa95-562c-9dbe-4bde2e4125e6,INE592I01029,,0,0,0,32
6ec5b55a-5161-5d96-8a5e-ac156f8b0ae9,INE593W01010,,60,32,0,0
aa89b87e-b127-5dc1-ba2e-7103156397e1,INE593W01028,,0,0,0,32
1009822b-1e28-5d30-a774-5cd56103537a,INE594B01012,,29,32,0,0
2c46b442-45cf-5444-a176-b6a436611078,INE594H01019,,45,32,0,0
cfec9adf-f7a7-5401-a3ea-d5295b9ebbc3,INE595R01023,,0,0,0,2
29591a92-7233-55d8-a4ae-6f171aacb7aa,INE596B01017,,0,0,0,2
14b96d5f-b989-54ce-adc0-3474867ec25b,INE596F01018,,22,32,0,0
04ef7266-a4fe-54b1-a1b8-aa39524abedf,INE596H01014,,32,32,0,0
d9f3e7d6-d1f2-5aa0-aeb7-7bbf7afd81ee,INE596I01012,,43,22,0,0
b97d1ae1-04a8-5913-acda-2836cafd0d39,INE596I01020,dd22c8e2-bb46-4176-a308-fab7afccf3e3,0,0,0,10
f13515a1-433c-52ac-8e29-86ef83be99b5,INE597I01028,6fa7438a-fd4c-4794-b07f-6fd29069bc24,0,0,0,32
457070eb-166a-51df-b741-1ba20c8d0cfc,INE597J01018,,70,32,0,0
6ab77056-edc5-598f-8220-a097ed021291,INE597L01014,,43,32,0,0
4493d65a-05f4-568b-87cb-9b5233169aca,INE597Z01014,,0,0,0,32
c4c23743-d3d6-5aad-a62b-c837e54d9f9e,INE598C01011,,41,32,0,0
716b47e3-97ff-5343-96c3-cd636a0ef206,INE598D01035,,8,8,0,1
518bdd57-a0d1-5496-94a2-0f524feb80b3,INE599M01018,,44,32,0,0
e7e09ec9-6229-5e9a-a483-ac2831044a96,INE600A01035,,0,0,0,32
0cd6532a-f912-58c5-8e55-52fcc13ac69a,INE600K01018,,38,32,0,0
9fc92575-3527-57ca-95a7-9c424881f030,INE600L01024,,43,32,0,0
dd7f00c4-194c-5f68-86c8-de3c5b084b50,INE600Y01019,,29,32,0,0
58af9ca4-d467-5406-978f-12f9c7b8fec9,INE602A01031,ad916ec7-03d2-4b70-8db1-bf30ee6a497f,0,0,0,32
a20848c7-a6e5-5969-b708-f1e13f6d2917,INE602G01020,,34,32,0,0
61cb4b1b-11bc-527a-aa6f-f746a79a53d4,INE602K01014,,5,32,0,0
1e77f412-af74-56fc-ac11-909926161630,INE602W01019,,31,11,0,0
1d04519a-40bc-5cd8-892f-6b24e4ff3ff4,INE602W01027,f86c8d50-0e8d-4925-8b7e-396f1a82fc0b,0,0,0,21
c7cae72b-53f9-5ffe-af6c-27b08d1fb397,INE603A01013,,22,32,0,0
9e9a6cf1-61a0-541f-a41b-f8407ed716db,INE603J01030,8ef58a96-0896-47c1-859e-69dbb55e37a7,0,0,0,32
921edd6d-417b-5797-b567-1a4736788130,INE604A01011,,0,0,0,32
4d4fe912-4af8-5934-93af-025cc54d3b71,INE605B01016,,0,0,0,32
1f911e15-2118-5cda-bf5d-19106916858e,INE605D01012,,0,0,0,6
6d85f2f0-a88c-5ebf-be1a-d2cf18248154,INE606A01024,,34,32,0,0
83e5eba7-43db-5d17-936c-80a4379676bd,INE606N01019,,6,10,0,1
dda424e3-3333-55f8-9d52-afce2bea4f63,INE607A01014,,0,0,0,32
dbcf63b9-bf53-5492-ba97-0f5941adf666,INE607A01022,,8,16,0,2
a44e9059-aa28-5dc2-a90e-79aa59dcda5b,INE607C01010,,0,0,0,32
7d0ef4cb-8d59-5e75-beb8-9513a0faa188,INE607D01018,,73,32,0,0
e93a926d-8770-5566-a5bb-94220fa9f167,INE607L01029,,0,0,0,32
0ed401bd-e7c4-5df5-b45d-2e31a7cb9ec5,INE608A01012,,43,32,0,0
8c3c91d8-7994-5e40-852a-1a826eb8ab40,INE609A01010,,0,0,0,32
d822466f-e330-5c52-bea4-002856cf739e,INE609C01024,,44,32,0,0
be3c37ab-0762-555b-8c9e-e880c25d8bc6,INE610B01024,,0,0,0,32
3fb7daa5-19a8-58ca-8ae7-a8313234992b,INE610C01014,,0,0,0,32
1e1b7d19-a32e-5620-afd3-2600849da61f,INE610E01010,,37,32,0,0
64f74719-187b-54e2-98de-dfdfdad073fa,INE611A01016,,53,32,0,0
fc2577cb-c497-55d6-a8e6-3722f742f57c,INE611L01021,,0,0,0,32
ad940867-0f20-5338-b7ef-5f9dd9606c22,INE612J01015,,48,32,0,0
d01fb28c-3e95-5bfb-bbec-97c1c3d3e67e,INE613A01020,,0,0,0,32
9b56befc-23f3-52dc-8a2c-5de3fbb4075b,INE613B01010,,33,32,0,0
d0d7c038-702f-5cb9-a8be-a9dfd0188166,INE613C01026,,15,20,0,0
443f0bbf-7efe-51d1-bcda-73da531e9b71,INE614A01028,,33,32,0,0
0d96a35c-ce0a-597f-8302-097a99565e35,INE614B01018,,56,32,0,0
97d2c664-58e2-5ad6-93e1-b56619066e37,INE614G01033,,26,32,0,0
e3a60ea6-146e-5d0d-a99b-c8292d766864,INE614Z01017,,0,0,0,32
643fcf1f-410a-535b-854a-3ead5f0cc348,INE615A01017,,0,0,0,32
e8269291-7875-59c8-a865-5786fa359445,INE615H01020,,30,32,0,0
31e9e97a-f9e5-5546-a269-d9266393578d,INE615I01010,,31,32,0,0
0f4edd5c-5281-5946-ac68-110ddf82ea06,INE615P01015,594ae613-188b-4dd5-b533-5ff21a67e96b,29,32,0,0
a1bd5b0f-869e-5b86-9225-caa925f656ad,INE615R01029,,29,32,0,0
cdefb69d-98d8-5b70-9d01-e4ed0179d2ef,INE616A01015,,0,0,0,32
567e34c0-24ac-55c5-88b2-3f45c8e794c8,INE616F01022,,0,0,0,6
79be222b-2c6a-5527-8732-aac0119e2bb8,INE616N01034,,15,32,0,0
995374c6-f97c-5bf0-a58a-3c30e4d9f6be,INE616Z01012,,18,32,0,0
bbd8941a-451b-578e-861b-ecd1e9f5fd65,INE617A01013,,49,32,0,0
e54e2539-c903-5eaa-aa41-c259983e22aa,INE617I01024,,0,0,0,32
04dedff0-bcf5-529e-8d73-f5dbb280e859,INE618H01016,,0,0,0,32
aa7d01e7-4cb2-57fb-b111-bfdb6f10ebb1,INE618L01018,,48,32,0,0
22daa62f-018e-5eaa-b9dd-b67d44122642,INE618N01014,,32,32,0,0
84615b02-e417-5965-82bf-0c02cacc9eb0,INE618N01022,,0,0,0,29
95eb8f6c-8b45-5f97-b355-bd40153ce43a,INE618R01015,,11,12,0,2
4ea0371e-55a7-5d73-b375-d9302270fe3c,INE619A01027,,0,0,0,32
5ca75cc8-04b5-5cae-b328-f8e280026819,INE619A01035,,52,32,0,0
ad8aca61-ec35-5956-a5cb-462846ae1ea5,INE619B01017,,49,32,0,0
b9ca9989-6201-5733-b7b2-e4513e5b3d81,INE619I01012,,40,32,0,0
051ad3d4-9028-5a44-85b7-2308501d9e4f,INE620A01017,,0,0,0,32
cebb46ba-b587-5eb8-98f9-823b222b03a8,INE620D01011,,0,0,0,6
d063bfc6-b6a7-5764-8f9a-afff70873df7,INE621H01010,,31,32,0,0
d7819cd9-eeba-5dc7-b91d-ea652cb738ff,INE621L01012,,28,32,0,0
bfb867b7-efaf-5590-b439-fc1d6ca333d5,INE622H01018,,11,21,0,0
218a5b61-32dc-51ce-b1ec-455086a59a4f,INE622W01025,5b9171f3-d8cb-4b24-8432-1905b214915a,15,23,0,0
50c9c71c-65eb-5299-ad5b-32266694c304,INE623A01011,,38,32,0,0
6e906c1b-6608-582e-947d-daa0adc09389,INE623B01027,,8,32,0,0
e4958b5a-c5f5-5f20-bf3b-8bf4105d7dfb,INE623Y01011,,0,0,0,32
56e04469-24c5-52fa-b71f-c68363238b8b,INE624A01019,,0,0,0,32
1dc30519-a6b5-5017-9378-4004753e616c,INE624C01015,,57,32,0,0
6458ebcb-d414-5dc4-b40b-be41958f0807,INE624Z01016,5d4ebc7c-f031-43c8-a620-79911db2018a,56,32,0,0
acaacb32-02bb-595c-8d70-435e8f3f4096,INE625B01014,,37,32,0,0
840744b5-acae-59c0-a417-1f81a35bfa10,INE625G01013,2ca18e04-e551-486c-9053-57de54717ec6,44,32,0,0
57997eab-a22f-5c8c-a851-9789f44565e8,INE625X01018,,43,32,0,0
75f08246-d2e9-5607-874e-0a6af650e298,INE625X01026,,0,0,0,7
70f45e19-5d1c-51c3-8524-0ada5dd7656d,INE626A01014,,34,29,0,3
6f2438c9-6f66-53e3-8dde-14010b3fb0ae,INE626B01012,,0,0,0,32
e6cb280d-c152-508e-b28c-6d3c10b09668,INE626Z01029,,0,0,0,32
9e7205f5-6ad4-5d3a-a2c5-44f6793af9dd,INE627A01012,,0,0,0,32
e03fd6b9-300a-5a88-a545-d956e9da095b,INE627H01017,,38,32,0,0
ca7d2db3-6ca2-5fb2-864b-4e9f50f8857d,INE627Z01019,,0,0,0,32
6d99dd13-9c05-5538-8a08-44be1354dff4,INE628A01036,7d9004a0-be52-4583-b678-7fffdf7eb7ac,29,32,0,0
ceb67256-c90e-5c3e-9432-9038be55ebb6,INE629D01020,,0,0,0,32
beca15f8-15df-5701-a16c-762d70dd576c,INE630A01024,,0,0,0,32
145e859b-d351-57b1-a59f-922a166b43fc,INE630D01010,,0,0,0,2
48467102-eabe-5559-82bc-8234c89db89d,INE630Y01024,,0,0,0,32
a8efbba9-f77e-5ce4-b933-c487d61ade19,INE631A01022,,31,32,0,0
2c08960a-f707-5853-9371-250da1124c18,INE631R01026,,0,0,0,6
8d570e4b-773b-515d-8add-6150a431fe56,INE632C01026,,37,32,0,0
89ea37f5-0e55-516e-bd5d-3b494dd9f3de,INE632Q01018,,0,0,0,14
88529491-7e1b-5db5-8905-c5de053e9c79,INE632X01022,,0,0,0,32
5118c0a7-63e1-59b5-8a64-ee92f189ca0f,INE632X01030,,0,0,0,32
0ea412a8-6a6b-5712-a18e-5ca1e6b03122,INE633B01018,,29,32,0,0
d80ffb71-41ee-53d7-bc7a-b631421e14e7,INE634A01018,,37,32,0,0
53bb33b5-4dfe-544e-afa5-9d984ee65e0d,INE634I01029,,0,0,0,32
6dec56b5-e42c-561c-92f5-df29535537fb,INE634S01028,28c1c81b-f581-4a52-b303-34ad4030275c,38,32,0,0
4d338869-c1d8-50ea-9767-da80abb20646,INE634W01012,,0,0,0,32
9816cdf2-4b9b-51cb-9215-c103835866ed,INE635A01023,,41,32,0,0
c34b7424-7221-557f-9d8e-c842afd030d4,INE635Q01029,,92,32,0,0
53dd4fa8-c381-524a-b470-2de6f816e18b,INE635Y01015,,0,0,0,32
ba4a576e-0eaa-5a3a-a0c6-e3ae2184a845,INE636A01013,,0,0,0,30
624aa1f8-8273-5c93-8721-8715b5247636,INE636A01039,,25,32,0,0
eeab45e7-83b0-52db-b683-263d236b932a,INE637C01025,,0,0,0,32
08488c4e-71f1-54f1-8c03-d3736abbdd3f,INE637H01024,,0,0,0,32
90dd392a-afd8-5a8c-a413-6ee113db9aa3,INE638A01019,,0,0,0,32
d41120b9-69e3-593c-83f0-fde2555488ad,INE638A01035,,2,5,0,2
5fb85b2c-05c8-5f53-8c9d-37f3c5a9d115,INE638B01025,,0,0,0,2
bde7d797-88f7-52a2-b778-7e80be74fa06,INE639B01015,,0,0,0,32
ee7a6d28-bfc8-5f09-a501-c4371bdeca53,INE639X01027,,0,0,0,28
5fef0b3b-ae9b-5065-ba18-3255a1409ea1,INE640A01023,,68,32,0,0
1f7b7ef8-6be4-5dc1-aaf8-cb7f1b45e95c,INE640B01021,,0,0,0,6
f64f2bbe-0f16-5a8e-ade8-b17041c0d1c6,INE640C01011,,39,32,0,0
0bddc285-f908-5bc4-b98d-d9f5996a0311,INE640G01020,,2,2,0,1
2f8abc96-2725-52c3-93a7-16c55ec79897,INE641C01019,,36,32,0,0
e2f6700e-6a0b-5ec2-8611-ba6b61ca460f,INE641R01017,,0,0,0,6
9bfe5f48-2fc2-5097-8031-c1a1b40560c6,INE642C01017,,0,0,0,32
511d2c72-f83e-5c75-bc08-9fbd8c7f2af5,INE642C01025,,10,26,0,0
b56ad2da-0ab6-583e-9d14-9235d00e59d8,INE642Y01011,,70,32,0,0
7e738d16-7bbb-52ca-a4a2-632085849a59,INE642Y01029,,0,0,0,32
01dbbc4c-304a-57a9-bf08-9af923d86089,INE642Z01026,,0,0,0,32
f66656c6-2d16-5d91-8a4f-0974746c0712,INE643A01035,,38,32,0,0
10310860-88a3-5411-b77e-2660fa10286c,INE643K01018,,46,32,0,0
d6d459bd-a362-5e49-832a-0a4f3fdbc5a7,INE644Q01039,,0,0,0,1
c1a3ac4a-8ac1-589f-829f-77e56ac8bb17,INE644Y01017,,29,32,0,0
8022b3b8-c49e-51da-bbc3-893d1645e89b,INE645H01027,,0,0,0,32
08aee4b7-fef7-5caa-b4af-a0830f66d5fa,INE645L01011,,14,32,0,0
f1a116ea-370c-5afd-8fc7-931083cf878c,INE645S01016,,26,20,0,0
13da12b7-48b4-5f1f-8d34-bb1975ded1a1,INE645S01024,,0,0,0,12
dea8435b-20f2-56f3-b1da-63fba5c76579,INE645W01026,,0,0,0,32
bbfd06e1-8831-5c74-b7b9-f4b710c19b80,INE646B01010,,28,32,0,0
be8a44e5-282b-57f8-8111-dd3dac59c3f3,INE646C01018,,33,32,0,0
32662f76-a656-5e43-bb09-debb91ac3d21,INE646H01017,,20,32,0,0
e3d6dbdd-5c9b-57b6-bc01-d35ee2da79b0,INE646I01015,,0,0,0,32
8479bf58-7cbd-5e6b-9c6b-ba4812a2fb58,INE646L01027,,33,32,0,0
4457db92-3c19-5e47-bc00-eeb2ee866e06,INE646X01014,,39,32,0,0
cfb89968-d4f5-54e4-9a86-2e5d6b7c1347,INE647A01010,bddd7a50-5b17-4055-9da8-86c729df91b8,23,32,0,0
392c61b1-4c24-5b21-8803-0e2274a00c97,INE647O01011,,37,32,0,0
f2cf3147-fcb1-5ad5-a703-245667ce4d7c,INE647U01026,,3,7,0,1
0465c9e4-c875-513b-9d69-c22761761213,INE648A01026,,0,0,0,32
15838cba-28ed-5a3e-997f-26579bfdcc7f,INE648Z01015,,36,32,0,0
8ab5c360-8942-5f98-b848-14b1a28358f3,INE648Z01023,,0,0,0,32
e6a3a869-ba86-5a5b-a316-4f977b80cc88,INE649H01011,,0,0,0,32
f44a64b9-8a13-5996-8548-dc3e03d7fa6c,INE650G01029,,0,0,0,6
747e24af-723e-58bb-9b81-7b50321b2166,INE650K01021,,29,32,0,0
ed13b8ff-c7f6-56a0-89c5-6634460c0343,INE650L01011,,44,32,0,0
0ab50354-fb4c-5b67-9400-290752bc0f83,INE650Z01011,,0,0,0,32
6312d834-47a3-5cfd-97ce-2a28ab276f9b,INE651A01020,,0,0,0,32
3981ab78-d2f4-54e5-b44f-31cdf505cf5c,INE651C01018,,0,0,0,32
4d51bd18-f5c0-54f2-8edd-0baa4e6ceb6b,INE652F01027,,26,32,0,0
794ddd3a-f250-5ea8-93c8-8cc8b61ebbe8,INE652V01016,,16,12,0,1
1a59e7fc-fa5b-5a1f-b4a0-6497a8ac196f,INE652Z01017,,41,32,0,0
7fc69071-de8a-512e-9c7c-8dcd1c739666,INE652Z01025,,0,0,0,5
cae79025-b791-5437-9e38-2f9ff71a3330,INE653C01022,,0,0,0,2
2ed86edd-6110-5a6f-afe3-74b762be1eeb,INE654A01024,,0,0,0,32
64c1854a-5571-5edb-b460-b4fb55700ab0,INE655A01013,,32,32,0,0
1a0b786d-b0ee-5595-81ba-2500b65e3b69,INE655B01011,,49,32,0,0
9af54c50-02d3-5294-b375-3aeda7582723,INE655V01019,,7,4,0,3
9973befc-7c6a-5efc-a415-de78a2c8a68b,INE656K01010,,4,32,0,0
de3c1192-151f-5601-bb55-09f1712e862f,INE657B01025,,32,32,0,0
14fcfd99-d06b-5db4-b811-456ddc7a3a3a,INE658A01017,,0,0,0,32
ba605292-152d-564d-9b2c-da68e9633b3b,INE658D01011,,0,0,0,32
49953dea-921b-5154-9209-ed1c08141d6d,INE658G01014,,33,32,0,0
fd38ed57-2a9f-5fb8-a665-fcfa29cc2ab3,INE658T01017,,24,32,0,0
4ab7dcda-829a-5369-ad2f-c0b54cd2b136,INE659A01023,,0,0,0,32
bf110ef5-912a-5590-a280-e66a0e937444,INE660A01013,,52,32,0,0
f9482e74-bc0b-53f3-a68c-c0a97bd72c8e,INE660C01027,,30,32,0,0
72497e23-689a-576c-98ec-70b9acb59914,INE661I01014,,44,32,0,0
a5d69691-7c73-5953-b058-99c274171fbf,INE662A01027,,41,32,0,0
521adcf5-38d9-566c-9140-6519785ba6f1,INE662C01015,,1,32,0,0
d3773c2b-a892-5ce5-8930-8cc8845a3d66,INE662L01016,,8,32,0,0
1e5661ef-13c5-519a-8cad-e2a12f669687,INE663A01017,,18,32,0,0
b542ad07-f859-5099-a726-70cd4142f716,INE663A01033,,0,0,0,32
e9d43649-7cec-5221-b854-81fccf075bed,INE663B01015,,30,32,0,0
bb7fced3-d40f-5472-857f-57c0bbc84654,INE663F01024,,50,15,0,0
5c60445c-c14c-5ab2-a30c-1c1b36b710fd,INE663F01032,,0,0,0,17
3b7352a1-7948-562c-894c-8b5cdd6b3a3b,INE664D01019,,0,0,0,2
09d9626b-b6fd-5150-8998-77f6fe834a11,INE665A01038,,35,32,0,0
cfe27694-52d0-5b97-9640-30edfac95a7e,INE665J01013,7576d12f-1050-4f26-9e1d-7365914ffc43,37,32,0,0
ebd04189-c33a-5257-908b-dc01c2f0c931,INE665L01035,,43,32,0,0
fc7ee749-5615-5d89-ae31-f23ada0ff56b,INE666A01010,,0,0,0,32
f383da63-ced8-5c0d-a827-22382bd6dcac,INE666D01022,,41,32,0,0
b3e25a00-40fa-5fef-bf08-15260a97a709,INE666E01012,,11,32,0,0
8bc3683f-64de-5cf2-bc70-188ca4946d10,INE666E01020,,20,32,0,0
cedb44ca-278a-5701-8f7d-b5012b970fa9,INE667G01023,,0,0,0,32
5c039275-a532-5040-aabf-14d3e509be97,INE668A01016,,54,32,0,0
c4221b21-9b9e-5002-b70f-5d12ca48852d,INE668B01014,,0,0,0,32
ab7975a6-c963-5732-b49c-6ca28dfe7260,INE668D01028,,35,32,0,0
1e8e82fb-3e84-590b-b159-75258f2e1f2e,INE668F01031,08939466-a3bb-4a59-8605-8917d6a547de,39,32,0,0
ca520e34-c86d-5773-b74f-06172b49c2e8,INE668G01021,,41,32,0,0
e0abb3c5-f17c-5ddf-acc6-33fe3c18bbd0,INE668X01018,,0,0,0,32
22bd6de9-022a-5d69-b2f7-f2ea2538d920,INE669A01022,,28,32,0,0
64a9fd70-4dc3-56bc-b29d-1e8db0192c6f,INE669C01036,bd280239-c967-490f-b53a-12cfbc3ca82a,0,0,0,32
cf895c34-c846-5f53-9663-9cd7f10e51cf,INE669E01016,,38,32,0,0
e55d3e9b-8faf-57ee-9789-a846ceb92b3b,INE669R01026,,0,0,0,6
710ac04f-29c6-5205-9850-cfd681d110b3,INE669X01016,,36,32,0,0
c8445840-0550-5ce2-97e0-63e3fe701d3b,INE669X01024,,0,0,0,20
28c3746a-5607-50fe-9aee-3bd991cb1659,INE669X01032,,0,0,0,12
a6c822d3-ba37-5e37-9560-42d034b7ab6e,INE670A01012,,39,32,0,0
0e1cd5ce-b080-556e-b1ed-29669c04e87f,INE670B01010,,0,0,0,32
28f564f2-2c08-51e8-881f-567fe9e12f12,INE670B01028,,29,32,0,0
1324fe75-0587-5d32-917b-b308f11e6660,INE670K01029,fd51dba1-3a80-4540-a9ea-57eb1b31ec27,47,32,0,0
033bfe4c-79cf-56db-a95c-1911d248e7f9,INE670O01013,,0,0,0,2
288d0c63-3cab-5227-9b00-f36ed7fe4dd6,INE670X01014,,34,32,0,0
73462aeb-7766-5f19-bfdd-b2b12f0c902c,INE671A01010,,32,32,0,0
153f6438-bd64-59e6-b644-9f4c9d05e5a1,INE671C01016,,0,0,0,2
30d97e6b-a8bb-52c4-a5bf-4e1ef91f1a15,INE671H01015,,35,32,0,0
bad3eb32-4087-59c0-b60b-22543c0e227c,INE671K01027,,0,0,0,2
03195230-90d2-5d18-afce-6433c1669318,INE672A01018,,28,20,0,0
b4a9b7c7-f211-5b21-bf57-bfa3befe6610,INE672A01026,,0,0,0,12
e30bf51c-256c-5ba8-bebf-766025670316,INE672B01032,,0,0,0,32
24c39cac-e275-551c-9f6f-d7a62aae8dad,INE672K01025,,0,0,0,32
fb7f324d-acf5-51bf-91f7-612a12a58b26,INE672X01010,,0,0,0,32
3e63ccc4-1011-519b-a35a-c03bce3a0d33,INE673G01013,,42,20,0,12
f60ab522-5dd0-57e2-9ab5-155a383cebc4,INE673O01025,,16,29,0,0
bd59f8cd-4fbe-5720-94b7-c36365a454b0,INE674A01014,,12,32,0,0
f187b3bd-b493-517e-ab0d-943c16f75a4b,INE674K01013,3833b30d-f007-486a-afd4-d44d313f8e99,49,32,0,0
a4967abc-1cc3-50e6-8fcb-8fa74a712e8d,INE675A01011,,0,0,0,32
820d5d18-6560-5976-8a82-9b07485f6003,INE675B01019,,0,0,0,32
5f815357-9a16-5827-bc8a-320d1df7ad70,INE675C01017,,30,32,0,0
d17525d2-20f1-5403-8859-1a29815ed35c,INE675G01018,,0,0,0,32
053f16fb-939d-55b8-b7dc-86026695f088,INE676A01027,5aa0fc8f-da21-4468-aac8-c0b5bec17669,0,0,0,32
7de1466d-c234-5212-87cc-f73ca420113e,INE676B01017,,0,0,0,32
70f5c471-df0b-598b-9e7e-326257346a3d,INE677A01017,,0,0,0,32
5e0dc19f-4a55-57f4-8311-f00e5e168f13,INE677D01037,,17,23,0,0
bd3722ad-bd0e-5ad1-9ab6-ef30c6a46b63,INE677G01014,,0,0,0,32
a1ea58de-8f2b-53c4-a062-e60a1a98031d,INE677H01012,,14,32,0,0
a806a8de-2722-5d5c-9f4d-5f0887d86d79,INE679A01013,,37,32,0,0
ea2cb344-e5a5-5338-9d4c-969d96bcdfde,INE679V01027,,16,23,0,0
1e22d9d5-4e6c-55db-85ba-942f725086c2,INE680A01011,,30,32,0,0
cecf33cd-e1ed-5941-aa28-fbd86d002974,INE680Z01018,,36,32,0,0
8aa9bed9-c6b6-53e7-80a8-16b915ecdc6d,INE681B01017,,21,32,0,0
8b2760d2-e1d6-51b0-997d-18c5f1a1ed12,INE681C01015,,29,32,0,0
307d6ebe-11ff-5b7f-99c0-9730a0706df5,INE682M01012,,24,29,0,0
3ba2eaa6-3da8-59f3-ab6e-6dacffb24edd,INE682M01020,,0,0,0,3
7517e1a5-5e1c-5359-981b-a5f5b595159f,INE683A01023,,0,0,0,32
52165d0f-1b27-533b-8862-47b601e1083e,INE683C01011,,39,32,0,0
535b306d-1d52-56db-b1fd-9d9bdb3ff088,INE684B01029,,0,0,0,2
2a5afecd-c226-5ec0-86ae-477b58c898c5,INE684F01012,,40,32,0,0
9159fec6-8a75-50b2-8091-e9c5d0b5b669,INE684Z01010,,0,0,0,32
adb90d92-99ba-5c67-90f8-2325ef32d5d4,INE685A01028,da69b3eb-0343-44f8-912c-288b826118cc,54,32,0,0
218d3a81-787b-550b-a935-9719c0c5fe75,INE685T01010,,3,1,0,1
c1d33cdd-f6cf-53b6-bbc0-f132d8dfe798,INE686A01026,06ca3419-841d-454d-ac8b-8d898e21a81e,41,32,0,0
bb6c22ce-276d-53df-b793-035105202dc7,INE686B01016,,0,0,0,32
f47406fc-b7c8-57af-a154-24e82a4c8110,INE686F01025,,27,32,0,0
e7f05b06-a1bb-5bcd-af0a-ff0c06213088,INE686I01011,,0,0,0,32
8848d7e4-9e5f-546b-8aee-604a7650d4a7,INE686Y01026,,38,32,0,0
7b80108e-f4f0-5113-aefe-ca724812d92d,INE687A01016,,0,0,0,32
dedc9864-2a25-58db-9d2d-97c3316d86c8,INE688A01022,,41,32,0,0
68fc144e-7025-534d-8937-4f8923ed008d,INE688D01026,,58,32,0,0
2817f6be-7003-51b5-b3f1-a6a63a6fd8b6,INE688E01024,,33,32,0,0
1c64670d-14fd-5513-8dbf-8cf0bd7e6318,INE688J01023,,29,32,0,0
f38693fb-3ab0-5e87-a435-081f7364819b,INE688Y01014,,34,32,0,0
760f6477-b3c7-5511-be47-7292ae50d026,INE688Y01022,,0,0,0,32
acc95f30-372a-53f5-abd4-e085b9bc3930,INE689O01013,,0,0,0,6
2af29630-54a6-5dc8-a9a7-e335b838a350,INE689W01016,,24,32,0,0
ee2b287c-db8f-5cf0-958a-b035714050f1,INE690A01028,,0,0,0,32
0aa41001-8911-5168-ac55-9bd2d8e81dff,INE691A01018,,64,32,0,0
c5bcc15a-4a22-5ccc-b906-11fb914fd5fc,INE691G01015,,20,32,0,0
12838d97-5594-5f55-9e8e-efb6b49517ef,INE691Z01015,,26,32,0,0
b93aacca-16fe-54a2-a1ce-2500154b1619,INE691Z01023,,0,0,0,32
071a6db9-bea2-5ded-9fab-68b7c5d3aa69,INE692A01016,709027f9-d381-4f32-ba20-287da4a72d7a,73,32,0,0
259346b4-bb71-5eed-bb03-bafa317ab81f,INE692B01014,,49,32,0,0
0e1cf46d-c286-5f43-b4ad-48f799c0d4c5,INE692C01020,,0,0,0,2
bad27ed8-4a7c-5ea6-abf7-6f46acaa1ef9,INE692G01013,,35,32,0,0
fb786d21-1adb-558d-9048-da8249fa3aa1,INE692Z01013,,19,23,0,1
7ddfb527-b7d5-5045-9356-e28bbbb6d906,INE693D01018,,0,0,0,2
abf7f86a-b4ea-53ab-97ac-2e464c3a01be,INE694A01020,,52,32,0,0
7622e65f-45d5-58bb-81fb-dfb8d7273bfa,INE694C01018,,0,0,0,32
7734008c-eb64-5646-b3bd-0598c70de3f7,INE694D01016,,24,32,0,0
c6b93d19-7d44-5337-8c5b-d603510969ef,INE694E01014,,53,32,0,0
a873aead-fd82-5087-99c0-adcc8b6b8869,INE694L01019,,1,3,0,1
0d3f2211-b876-5e9c-8a7e-55dfdeddf12e,INE694N01015,,43,32,0,0
46c6c5b0-015c-548d-a8d7-97298c2f2ed5,INE695B01025,,27,32,0,0
5b2c19a5-fedb-508a-99e6-f806d7c0f6e5,INE696F01016,,17,31,0,1
df6b535d-db44-576e-80a7-1930d50b4701,INE696K01024,,0,0,0,32
1ff17bec-eda7-5e2a-a8cb-8e699f476e7f,INE696V01013,,39,32,0,0
85b5d554-2185-5474-877a-1e3d6e77299b,INE697V01011,,44,32,0,0
de9b939a-dfdb-5163-861f-ef380e982551,INE699A01011,,8,32,0,0
a5c72836-bc50-5458-8317-27b7b632fa14,INE699B01027,,36,32,0,0
b33c4aee-1095-5010-907f-7fbd7b6efb89,INE699H01024,,61,32,0,0
036ec81a-598b-55d6-a70e-19cd102db0ae,INE700A01033,91520c5a-60a2-4719-9a5e-eeb3da6df18c,37,32,0,0
63a8044b-44b8-52f4-be26-cb0d8741671d,INE700F01024,,0,0,0,2
03e086e6-e45c-5ce2-91a3-8263b743155b,INE701A01023,,24,32,0,0
df32691e-646d-57f5-b947-912baae0344f,INE701B01021,,17,32,0,0
8c49b24d-4636-5e09-86bc-8b068d899c58,INE701G01012,,0,0,0,6
bb41b3d6-cdd9-5976-aad2-b0b01ea9aab9,INE702C01027,9e54e6a0-b1ba-46ca-91d2-8eddcb85a5ec,0,0,0,32
2023752f-16c3-5644-abef-5abf7082c119,INE702S01015,,0,0,0,32
99ae0139-7353-50c7-a502-333dcea4045c,INE702Y01013,,0,0,0,32
1e1cbe69-8dc1-529f-a208-7414e5461d17,INE703A01011,,58,32,0,0
8f4c81e1-3b62-59ad-8299-2aed7e69db3d,INE703B01027,,30,32,0,0
60818d06-3302-5ae9-aa99-c5fee60cfff3,INE703H01016,,41,32,0,0
3cd6e2f6-5076-525a-9d07-3dac1be43230,INE704B01017,,12,20,0,3
eb0cbd14-43cd-5c92-b48f-584f9080e601,INE704G01024,,0,0,0,6
fa857c32-d2a0-5a9c-aecd-33f12d3da480,INE704H01022,,31,32,0,0
33f73c1b-dd5b-5a8e-b52d-2211225ed7af,INE704J01044,,2,3,0,1
9357fdb4-0a95-555c-8752-34e9e5a7a917,INE704P01025,,0,0,0,32
bf45dbf1-add0-5f93-951f-dcd5e8a41585,INE704V01015,,0,0,0,32
019276a6-8b02-5726-a340-11277ad1afb3,INE705C01020,,38,32,0,0
df8eb878-2676-5b2c-b3bc-c67101d167e5,INE705X01026,,0,0,0,32
91dfac4b-5f0f-5327-a9fd-1e016ae9658d,INE706A01022,,0,0,0,32
cd60e4be-496c-5377-a20f-4df3a3b5a270,INE707A01012,,25,32,0,0
cd2742cd-944a-5371-bfae-32781bd8a48e,INE707C01018,,33,32,0,0
5525fcca-1e41-5fd6-99d8-80dddd8b668f,INE708B01018,,0,0,0,32
8e262513-7c46-5200-9488-1e7380edc412,INE709A01018,,38,32,0,0
d0f5d7b0-25e7-59b4-8e58-02c2e4653404,INE709Z01015,,0,0,0,32
9ed6f87d-fa6a-55a9-a671-702c91ddd267,INE710A01016,,34,32,0,0
6388032a-79b7-573c-839c-3afac435a5f2,INE711A01022,,41,32,0,0
01ddbc70-a37d-5f9d-8296-c36700bfacd7,INE712A01012,,0,0,0,32
8083b260-07ba-56f1-8994-7a276b9a5e9d,INE712B01010,,40,32,0,0
f71e01b6-5d08-5f53-930b-d0206b329f8d,INE712K01011,,36,32,0,0
2f335e4a-588f-52ad-9024-d5ac185f7c91,INE713B01026,,25,32,0,0
64e668c2-c96e-5148-b22b-74a91e97b81e,INE713C01016,,18,24,0,2
9fb648bb-cb93-5cf3-abab-f5d3ab343dcd,INE713R01022,,5,6,0,1
b52029b0-8dbb-5474-a8bd-9819a212ed22,INE713T01028,,0,0,0,32
129dc324-3f14-57a4-8ab5-0fa30497772b,INE714B01016,,0,0,0,32
75036fae-35a6-5809-a3a5-2ad5487fbd86,INE715A01015,,26,32,0,0
598338c1-ea63-5248-8faa-bb87baf10925,INE715B01021,,0,0,0,32
22736a22-08d2-5abe-ae0c-f0275423ba88,INE715T01031,,0,0,0,2
bfb4f336-b49b-5748-871d-2b39cdc8b502,INE715Y01015,,43,32,0,0
aaa64d34-eabe-53a2-a21c-a662c9123310,INE715Y01023,,0,0,0,10
0faa7570-3f00-5561-9776-0aa5ac58b131,INE715Y01031,,0,0,0,22
93b97746-1ef3-57e0-b944-97588fd22520,INE716A01013,,31,32,0,0
401d7d89-bcfb-5c31-ba44-c10a89369455,INE716B01029,,30,32,0,0
e410780f-e9a8-5fbc-b1f6-4d87ed170708,INE716D01033,,0,0,0,2
70e3f0d4-9651-5867-baca-39604c8d99e4,INE716F01012,,0,0,0,2
6496faa3-0700-518b-8bc9-d4c74643f522,INE717A01029,,0,0,0,32
5f89bc4b-7d6b-5c7f-8da8-445cfd93d29c,INE717W01049,,30,32,0,0
86ea957a-916e-5316-b3dd-e35c9336faf7,INE718F01018,,28,32,0,0
7498b002-166a-5508-ab53-0f974a10e1f9,INE718H01014,,66,32,0,0
ad549dca-38dc-54e3-9cdd-b7d9f422d38a,INE718I01012,,17,13,0,1
2200690f-dd60-53f4-a9d9-80b6d4ffa7be,INE719F01016,,25,32,0,0
ef2f8927-769e-5efc-a487-b04223a17796,INE720A01015,,27,32,0,0
41cb4865-dfb2-512c-9df3-62515b5e720c,INE721A01013,,44,11,0,0
8671147c-70a7-5c73-9a9f-c076f068d1c1,INE721A01047,6fa8affc-f29c-442c-9f8f-a5a63672b889,0,0,0,21
c8f3e8e0-92e4-5ddc-b858-3aa253d710a4,INE721Z01010,,31,32,0,0
85ce9090-e473-5ab8-8123-4d7c4f77a9b7,INE722A01011,,11,32,0,0
f342430a-c406-5022-af8d-d16ae00ec54a,INE722B01019,,0,0,0,6
d774e3a3-19db-5eba-8eab-43db26f69a18,INE722H01024,,0,0,0,32
beaaf19f-ee8d-5b81-8ba9-65db30031553,INE722J01012,,41,32,0,0
b0645757-0d84-50ab-b414-cd545f4e89b5,INE723A01019,,0,0,0,32
c025b4bd-d8ef-5c15-ae0a-8a1eb558711c,INE724A01017,,1,2,0,1
2bd25a76-12e0-58e2-ad80-5c47cef5fefa,INE725A01022,,42,11,0,0
453789e7-033a-5e96-8043-4f5ac90b4fe5,INE725A01030,,0,0,0,21
dceb3271-e1ce-5dae-b22b-6aea73054ec8,INE725E01024,,0,0,0,32
06cda0af-f2a6-5a1c-9bc0-0b750367ca09,INE725G01011,,25,32,0,0
7967670f-7f3f-5777-a5db-1f6f5e7eeb13,INE725L01011,,32,32,0,0
3bc92f6c-cc76-5a62-a66d-29a719f50a0a,INE726E01014,,0,0,0,2
8d6edf5b-50d2-54ca-9a3a-e51ea794fceb,INE726G01019,,33,32,0,0
7c8ba5bd-8eee-5666-b7f1-d4f98617d68b,INE726L01019,,34,24,0,0
f0c02b11-31cc-5129-a908-3d6f4ace45e3,INE726L01027,,0,0,0,8
cbce8426-c257-5090-b66c-7a342dbc224b,INE726V01018,,64,32,0,0
0d89613b-c793-5bab-a798-3a075310c10d,INE727B01026,,0,0,0,32
c362ea0b-701a-5cf5-bab3-7496ee5a3f63,INE727S01012,,36,32,0,0
315a653b-c12a-5003-b69a-0b553dc23281,INE728W01012,,0,0,0,32
3494f210-4ef8-55b5-9793-b2628c720087,INE728Z01015,,38,32,0,0
0967b35c-82ad-54dd-aaa4-493b8d082e72,INE729D01010,,33,32,0,0
f3cc3e43-3f12-5fa6-8cc4-304e9f4a07ee,INE730A01014,,0,0,0,32
f63c1c16-23e1-5add-8685-93397c8fc2eb,INE730A01022,,32,32,0,0
c2b0663f-8ad8-5b2b-83ae-1449b8493d23,INE731A01020,,0,0,0,32
365321f5-1336-5b19-93a4-5adf5f119c29,INE731C01018,,47,32,0,0
36351042-b034-544e-ab6f-61fadfa7bc13,INE731F01037,,0,0,0,6
db91a437-c774-568c-8854-d892bd9e68d7,INE731H01025,,24,32,0,0
8f705c59-f5fd-5497-930e-2480672c1790,INE731U01010,,4,32,0,0
89adfc2f-ce6c-51a5-bf38-17ef50f0e0ac,INE731U01028,,27,32,0,0
56c39b59-5648-5043-928b-363ee34d8eb4,INE732A01036,,51,32,0,0
7d7b93e4-dbdd-57a9-b55c-e60b34ad3be3,INE732B01018,,0,0,0,32
2870a3ba-c2bd-59d5-9b2d-034d93ca98f7,INE732C01016,,27,32,0,0
c2ed8df4-a399-5036-9d0b-5ea44e76813e,INE732F01019,,14,32,0,0
3ee3cb67-dae1-5584-b389-e5dcb94a882f,INE732I01013,,47,24,0,0
e8225d93-c11e-5336-a8b1-9e3ce46eea55,INE732I01021,86bd087c-8fe1-45da-9ff9-04036a500da5,0,0,0,8
545cfc11-ba9a-56f2-95d7-20022e043419,INE732S01012,,37,32,0,0
1634f9fe-e075-595a-8420-82898a9fdc10,INE733A01018,,37,32,0,0
35f025a4-436a-5e9f-ad21-ee990eef1331,INE733E01010,,32,32,0,0
7ccad396-2745-5296-a800-11f991df87ae,INE734I01027,,10,11,0,2
7933546c-9858-5324-951e-aefbfae79758,INE734N01019,,62,32,0,0
14bfcaee-66e2-5c58-bd64-f78bda25dc23,INE735M01018,,33,32,0,0
a6f2ee18-c473-550d-bf66-709e79551b20,INE735W01017,,30,32,0,0
bafb56f0-7b5f-58a7-a4c7-b58a21a8bdd4,INE736A01011,11abc267-a817-44ae-a526-8f93192d2c98,60,32,0,0
78cf2af7-a11c-57d4-9fcb-4c51596cb319,INE737B01033,,33,32,0,0
b23d1ce1-a2ab-553c-8552-d2babc38e4a7,INE737D01021,,45,32,0,0
ee5599cc-381f-5091-8dbd-9585d70834f4,INE737H01014,,21,32,0,0
86e108bc-fa99-5944-8556-23cb08a40faf,INE737W01013,,35,32,0,0
b4ba696f-19b7-5954-b7d1-207b4ac79994,INE738I01010,39844b75-4a2e-4aca-a8c9-9f9ce078734a,40,32,0,0
ba51b0b3-06b8-5f8e-8cb2-7c44506da45f,INE738V01013,,43,32,0,0
7adfa9e1-1bb8-52b3-bacb-c145d9ce3a94,INE739E01017,,38,32,0,0
9bc5c1c5-2df8-5ac8-b5d4-1c90992d30db,INE740D01017,,65,32,0,0
f5a6dde0-33a1-5441-8340-b3d87efb6ba4,INE740V01019,,61,32,0,0
8ff5d5ae-1732-5cd5-8805-a0a3ecc93b48,INE740X01015,,21,1,0,0
555ef51c-1431-59ed-bc2d-860526b9ecf5,INE740X01023,,0,0,0,31
7e86271c-a89d-5bbc-9d12-efe7670076cb,INE741A01011,,0,0,0,32
5407b1ec-ac0d-5fac-8b1c-5664069baa98,INE741K01010,,40,32,0,0
279cac24-d36f-596b-8095-ccee5cc11deb,INE741L01018,,41,32,0,0
5847b399-02d4-591c-b1fd-259516318c3e,INE742A01019,,0,0,0,32
880650f8-36e1-5d6d-8144-49db7e1ccf0a,INE742B01025,,32,32,0,0
20e8d7e1-4815-57fe-95b0-fdde85222720,INE742C01031,,43,32,0,0
19febf58-87a6-54e5-a518-b572c6d52605,INE742F01042,66f62b2a-6a1e-409c-ba54-1fffe3e5e3a2,41,32,0,0
3aab4d2b-20cb-5dad-9ebd-cf0781ad69f2,INE743C01013,,0,0,0,32
cdfd7249-684d-5a83-b00b-7686d8b10821,INE743C01021,,10,32,0,0
7683c8fc-ca0e-5a86-96d4-7766b46d2283,INE743M01012,46c4b2bd-194f-4a83-beb3-36274960edfd,30,32,0,0
6c7e1a13-1f95-5977-8c1d-b51dc9ff8e74,INE744I01034,,0,0,0,32
3fdd509d-0412-535e-8543-40d8a6d7f7df,INE745B01028,,45,32,0,0
67dfb315-a914-519e-b6cc-0f18ae3d82b7,INE745C01018,,0,0,0,32
583e96c7-c9ab-5065-a9b5-9b69349ad784,INE745G01035,,0,0,0,23
8b0211f2-634b-58d7-afd1-793461bf76f6,INE745G01043,,0,0,0,9
697609a5-315b-566e-9327-e23bff305ae8,INE746D01014,,0,0,0,6
54867faf-f22b-5d4e-a88b-e0462c4d6b17,INE747B01016,,30,32,0,0
3e5d9e1c-24c8-53f0-882e-e28cb9d9f995,INE747K01017,,39,32,0,0
d13a2892-b3c5-52cb-b519-c35c1b7225d9,INE748A01016,,56,30,0,0
9ae11966-d5ae-51fc-94ad-92a0d7d1c3a5,INE748A01024,,0,0,0,2
26caa480-108b-57dd-a878-97b03be37d81,INE748C01020,,5,32,0,0
8d67a3d1-0821-512b-bb3e-e8636fd9a11c,INE748C01038,,46,32,0,0
7d5de38f-7ffc-598f-9d06-6a4e94f8ace8,INE748T01016,,54,32,0,0
a4de0d6c-0586-5e7e-98c2-4c4943241f61,INE748Z01013,,37,32,0,0
eebfcbbb-d26b-5bc9-ad29-e748ebdedbb3,INE749A01030,13582fb2-7c6c-4fcd-a2cd-253c86a79efb,22,32,0,0
a2ceab51-3e8c-58c3-a922-5f1fca863c6c,INE749B01012,,0,0,0,32
94a51bbf-d337-5f08-8328-893b085e7941,INE749B01020,,27,32,0,0
7ca3c071-48fc-5bd5-a9e4-5c03e7d1f9e5,INE749Y01014,,0,0,0,32
ee14a7ea-d983-5044-b4fc-9950467830cc,INE750A01020,,0,0,0,32
e61f75b4-f4e3-5aa5-8f45-e3eb112bce30,INE750C01026,,58,32,0,0
9813878e-1ece-587c-a20a-1ebd2022c1c8,INE750D01016,,27,32,0,0
27a0ced9-9734-5641-b328-11c05de1f2c3,INE750M01017,,33,32,0,0
766e6ea5-5470-576c-a277-35ca0ad3af18,INE750R01016,,3,4,0,4
8247eab1-34ea-5de7-8a2e-43f8ec9aeb9b,INE751B01018,,29,32,0,0
15293743-aaf0-5361-9d28-00ecd4f11017,INE752E01010,bd23e8c3-1c00-4dab-8610-f12e1e0f26e3,30,32,0,0
3aaff5d0-8087-569b-baa5-3ce0208bbf5d,INE752G01015,,26,32,0,0
5b2b7ae3-9091-5dc7-a410-6798de984386,INE752H01013,,31,32,0,0
1d4e16d9-7bfb-5c76-a77e-4d7e450f695d,INE752P01024,,5,32,0,0
e162bf04-b96f-5318-a175-6de46394dd9e,INE753K01015,,55,32,0,0
dc402ba8-7696-5f93-918a-c77df948ddbb,INE753U01022,,28,32,0,0
900f29d5-0177-566f-8901-17bb9d3ee9d3,INE753W01010,,20,32,0,0
05a00c03-bfd7-5d04-9450-57af09244574,INE754A01014,,0,0,0,32
0abfd114-852d-57d9-8f71-7ca0a288fe7d,INE754A01055,,43,32,0,0
5a9eac38-2332-5944-aab1-a6d5560db418,INE754X01016,,25,32,0,0
fd149d2e-517d-59ca-ae5c-367b87dcaca4,INE755Q01025,,0,0,0,32
42e535f2-3385-570e-8706-7af3b17ee3d3,INE756A01019,,0,0,0,32
449c7ae6-7a0e-5451-aad3-633bbc4407b8,INE756C01015,,26,32,0,0
1cc9ec38-e826-5e67-ac79-eb52c1d11bcc,INE756I01012,,9,15,0,0
8282bbb9-0b72-5816-a5d3-087e5750c5d9,INE757A01017,,41,32,0,0
aa221c8b-f11a-587c-a266-97d530284b09,INE757B01015,,38,32,0,0
9bef2b94-6f1c-5267-a8f8-60c07ee222de,INE757C01021,,0,0,0,2
b8d12232-f29e-513b-a9c1-d071bebe0102,INE757T01025,,4,5,0,2
81ab8d25-d64c-5416-9c20-8ccda3f49bab,INE758A01072,,0,0,0,2
0c7aac6b-c847-5ca9-91bf-41a848fde9d0,INE758C01029,,37,32,0,0
ed089a5d-0767-5035-84a4-c22851a221b8,INE758E01017,db90cabf-5c5d-44a8-9da3-798368e2b458,46,32,0,0
8411f69d-9d32-5d88-bca0-17e0691184ef,INE758T01015,af7fdb13-3ed4-489c-800d-5ab12e08c1c0,50,32,0,0
e36f8963-6795-5d0f-bd24-d2f224adec07,INE759A01021,,50,32,0,0
d0f2742c-b78e-5f9a-8703-e52d449fbb15,INE759F01012,,0,0,0,2
a63be81f-6c57-520a-99a9-1772c6023c4d,INE759V01019,,46,32,0,0
f830b722-8048-5931-9210-3403994376d1,INE760A01029,,51,32,0,0
0a9671ed-e5a5-55c9-b16e-f076ba42ea50,INE760F01028,,23,32,0,0
01366453-5fda-5013-a6dc-d930653c7fc9,INE760L01018,8487172d-2455-49c2-a0d9-e684d0924e1f,62,32,0,0
88de0bc5-1882-5417-8796-1f74aff08847,INE760W01015,,81,32,0,0
bb027d4a-4ebe-5e26-865c-8e52bffff479,INE760W01023,,0,0,0,25
0647db9b-54a4-5b7a-bec8-81128fa9b83c,INE760Y01011,,20,32,0,0
d921c7e4-7cc4-53ef-974d-45cbc65089c6,INE761A01019,,0,0,0,32
9338d443-a4fd-57c7-8eae-0304f02301d0,INE761G01016,,0,0,0,6
52c49246-5455-5840-93bc-3255b3dd0c8f,INE761H01022,,22,32,0,0
6e885de5-9e4d-576b-90d4-3bbaeafb54ee,INE761Q01015,,0,0,0,2
086ef422-cd53-55c0-8695-c7e5b77f00d9,INE761Y01019,,26,32,0,0
44f39fba-8d9e-50c8-8f66-6b8aa942d96e,INE762B01015,,0,0,0,32
80ab1c2d-d3d0-53df-ac20-ad03f1ab7478,INE763B01013,,0,0,0,32
77e59538-2f84-55a7-a77f-e79fe73f4f29,INE763G01038,,33,32,0,0
9ce772c0-2517-5d0c-bc50-64ceda0f8daf,INE763I01026,,39,32,0,0
5ef82972-ac95-58bc-9280-eaf58d2eaad0,INE763M01028,,2,2,0,2
927044d0-ac2b-5b17-ab27-de8480e7404a,INE764D01017,,35,32,0,0
4ef63e62-7969-5d32-9b13-5eb1643f8da3,INE764L01010,,37,32,0,0
f67c945f-7884-5b23-9f0c-ec2a0a2e45d2,INE765D01022,,0,0,0,6
34647aa5-5304-5270-bb4a-09aa9888787e,INE765G01017,,46,32,0,0
1a00c4b9-4ca0-5377-a860-0a582e1ddc5f,INE766A01018,,6,32,0,0
a946471f-ccd3-5bec-8481-9fd6fa0f5349,INE766E01010,,0,0,0,32
793924f8-0215-5ca0-a808-5bf25654a529,INE766P01016,,112,32,0,0
30de8f7f-6089-5ba9-8c0d-ca46cac3e59d,INE766Q01014,,0,0,0,32
f0e4bc10-b7da-51c9-928d-6ae4a758cea9,INE767A01016,,33,32,0,0
2dc20cd3-4718-5179-82dd-f31d5300cb11,INE767B01022,,0,0,0,32
224dcb81-db50-5b56-b624-f17fe297589f,INE767C01012,,0,0,0,2
714efa12-f8c5-55cf-955a-c248d7f59ef3,INE768C01010,,36,19,0,0
cc18db45-495d-5f49-89f8-512f94d35d18,INE768C01028,6274b710-39e8-4c5d-ab6d-ec01cb4f4cf9,0,0,0,13
7813a463-f6f0-5a5d-b030-7e49b9d88e68,INE768P01012,,0,0,0,32
ceaa321f-8358-54f0-b351-71718da8f364,INE769A01020,,43,32,0,0
444533f3-c6c8-5e49-aa1c-ce361ac7a451,INE770A01010,,0,0,0,6
fbf46b32-f63f-5f39-bff6-838f2ce4e192,INE771A01026,,37,32,0,0
08460dae-fd10-5882-a459-bcb47b16044e,INE771F01025,,13,1,0,1
b94c9deb-4a93-5003-ae15-9db95c5ecf14,INE771F01041,,0,0,0,13
7a522c5b-2f2c-5001-ab69-da1b46abef2f,INE772A01016,,0,0,0,32
58a2d183-4fd2-5e8c-a911-c3689348b767,INE772B01014,,0,0,0,32
38749e5e-3e7c-5516-b5b9-17f54160025d,INE772T01024,,15,30,0,1
61ba9ef0-09d1-5896-95b3-cb14e7ca4045,INE773I01017,,26,32,0,0
f599be81-25a6-55ad-98e5-91b36d597b66,INE774D01024,,0,0,0,32
cb7f8566-640b-5033-859b-0f8d8afbef08,INE774I01031,,0,0,0,32
71e2fc5a-3e00-5df5-9bcf-f69667d2cbdc,INE775A01035,9d28c14f-9035-4028-a8d7-128886031b00,51,32,0,0
e9d03453-ebe3-557e-a793-eabd955c64ab,INE775B01025,,5,32,0,0
cd13dbde-2225-5704-8065-82333e9d4e40,INE776A01017,,0,0,0,32
2b4925f2-d37c-5cdc-9362-f6acde846280,INE776C01039,,61,32,0,0
f252bfbb-77be-5fcb-b166-5701c318afc7,INE776I01010,,37,32,0,0
81906f5c-a2ba-53c3-a2c5-cc9b66203961,INE777F01014,,29,31,0,0
7afb09fe-57d3-5da2-a532-04ba1bd62be2,INE777K01022,39c514fe-69fb-41ff-b321-7ee8f146b495,39,32,0,0
2b62f0ea-4271-59fd-b06c-6d9c87b885d0,INE778A01021,,30,32,0,0
3e3c34ab-b139-52e4-8b37-6b8400357767,INE778B01011,,0,0,0,32
c4195a07-2a6c-5e61-9dc5-a97a6a5894ce,INE778B01029,,60,32,0,0
6d31b9f0-dc89-59c7-b688-1e8876d6c9d8,INE778K01012,,27,32,0,0
de466116-c9cc-5530-84e2-a074fdd4083b,INE778U01029,,13,32,0,0
e865f99a-ac92-5d4c-bf14-ed03a6b4b434,INE779A01011,,0,0,0,32
a3d882bf-a72b-5f30-a273-298dd4c01e95,INE780B01017,,0,0,0,32
df0d2746-9a59-5bc2-a65a-c8a9cf9f68e1,INE780C01023,,31,32,0,0
bb5b11a6-d783-5ff6-b31c-df6241abd396,INE781A01025,,40,32,0,0
9d4af7e2-ad51-5de8-8d44-02f3093bed19,INE781B01015,,48,32,0,0
54157485-a847-5b19-bd31-16deab77096d,INE781S01027,b40264b4-289d-4919-82d0-0ecb815eca5b,11,20,0,2
c1e99d0c-5395-524d-871d-143e4ac8c21d,INE782A01015,,27,32,0,0
abb95b15-26a8-5f08-9b0e-c73460bd9dc8,INE782D01027,,0,0,0,2
f518abac-a120-58fa-9a2d-e8abf02d6929,INE782E01017,,20,32,0,0
2955cf34-3ef5-5f3b-9bd7-2781337f6b65,INE782L01012,,37,32,0,0
a25f1deb-ad7e-56d0-9fbc-73c49c58c7e1,INE782X01017,,60,32,0,0
24f40697-1573-5d64-857f-b0eec8e2cd10,INE782X01033,,0,0,0,32
1612e9be-38d4-5d93-be11-13bb1d285754,INE783A01013,,0,0,0,32
d64cf8cc-0e3b-5e95-9a45-2c955adea3a9,INE783X01023,,32,32,0,0
b620be7e-4652-5107-8411-5ae5e7e2dadb,INE784A01011,,0,0,0,32
e9846f32-e53b-5ae6-815f-b30a8e901e02,INE784B01035,,44,32,0,0
31b1180d-d5b7-561a-be27-089aaa9645ad,INE784R01023,,6,14,0,1
5861517f-e383-5172-92cf-ecb16e45205d,INE784W01015,,33,32,0,0
317bbbf6-0c49-5b2c-b0eb-378327d6ae95,INE785A01026,,22,32,0,0
e3afa3a9-f3dc-5b41-b86c-4797c9556029,INE785M01013,,27,10,0,0
00bc57ed-2ee9-5c40-a1a3-e057739b2de5,INE785M01021,,0,0,0,22
6d52e6a7-85e1-5f7f-bb55-0e5de84425c5,INE786A01016,,0,0,0,32
04ea2ca0-1167-5bd9-8d84-3e4f17cd8537,INE786A01032,fe076725-5b5a-4bf6-a76d-16211b5ebe2a,37,32,0,0
0f2b53d3-128e-59c4-b79d-a72aef27d6c7,INE786F01031,,31,32,0,0
f49d37cd-94e3-552e-869a-d45a2d3befdc,INE786W01010,,37,32,0,0
b96a4d74-3269-53a1-afb3-9c036812cdae,INE787D01026,,0,0,0,32
0cb3deb4-01bb-5c3e-afa0-6f595fa628a2,INE788B01028,,34,32,0,0
7be9f773-7a4c-5427-a5ea-3a4bb8aebc88,INE788H01017,,37,32,0,0
3c25cd32-2f2a-52e1-94a0-3f5cda8826cf,INE788J01021,,29,32,0,0
deb4fcb1-2fc4-5246-bc92-5d2793209b1a,INE789E01012,,31,32,0,0
ee38f8a1-a5c5-58fc-9d82-72c48ba5fd9e,INE790B01024,,38,32,0,0
f683dddf-25f4-5ae3-ac13-02f5594be8b4,INE790C01014,,3,32,0,0
f6c2dce7-ced6-5e74-bef6-197112f2e139,INE790G01031,,0,0,0,32
e66ee337-3116-5cae-afcc-38c8e60b02e7,INE791A01024,,37,32,0,0
ef57e9e5-32fe-5961-825a-57e2fb9a4466,INE791B01014,,0,0,0,2
8f70ee97-0f39-5420-b354-521ed942bed9,INE791I01019,,35,32,0,0
09514382-9bdf-5fb7-841f-82fe7f4c7cae,INE792B01012,,28,32,0,0
eb7067c8-abb0-5582-b7be-377a917f5529,INE792H01019,,27,32,0,0
fca7e90c-c368-51d8-916e-ba5724bdab65,INE792I01017,,35,32,0,0
d89afac3-b4d9-5173-b497-7c8aa6c8d6e1,INE792X01016,,0,0,0,32
90ee8820-e463-57e7-8d5a-01691acbfe2d,INE792Z01011,,38,32,0,0
1986dd0e-7023-52ba-b24a-0d25df8de98a,INE793A01012,,22,32,0,0
64446de2-f878-53f6-b1a2-2013a15b2e5d,INE794A01010,,50,32,0,0
bab808f3-12a7-5004-bcda-621b08de3102,INE794B01026,,49,32,0,0
5f27f2d7-2c29-52a5-bc63-6d0f34047c3b,INE794W01014,,0,0,0,32
f3f4156b-5c53-5825-b95f-40016d8d3d01,INE795A01017,,0,0,0,32
6fa57f3a-b044-58b6-8fba-92e28423b4f6,INE795B01015,,0,0,0,32
fdd6e9ab-c8f9-5aa6-a876-819ce21b00e5,INE795G01014,,37,32,0,0
ef2297a2-2007-5f3a-8a34-18ccc8bbaddd,INE796G01012,,24,32,0,0
fa855bb0-9050-5e25-bd1b-096bd482ff83,INE797F01020,8874186e-a6bc-49eb-9163-28cae2b31dd6,0,0,0,32
0c1649cd-020f-571f-9f50-60c95a539ba0,INE797H01018,,26,32,0,0
fd047fc3-326b-5844-9b0b-30cded664e3c,INE798F01010,,0,0,0,2
22cc4c9f-d5d0-53ce-93af-60b3ea0f5357,INE798K01010,,43,32,0,0
37c7c925-d6f7-5860-b170-296f8b7ec01d,INE799L01016,,0,0,0,32
f5c8978c-ddd2-53ef-8ffc-c16b3426dc5d,INE800A01015,,23,32,0,0
5ffa9a94-06f3-5b9e-96cd-738c4c9789a3,INE800H01010,,33,32,0,0
1a1667cb-4e23-51f3-9784-94b23b477dca,INE801L01010,,28,32,0,0
44563ed6-3a72-5cc7-9d6f-502f5dc4cc73,INE801V01019,,53,32,0,0
63331df2-482b-587c-9648-7bc11d88dc63,INE802B01019,,32,10,0,0
0d3a266a-90c6-5905-8665-1a40ccd6af1a,INE802B01027,,0,0,0,22
e69eafbf-c487-572a-871d-a759deaac4e5,INE802C01033,789ebcb4-126c-4f14-89a0-06752536fbec,0,0,0,32
f4896a79-a056-5d1b-9794-2f44bc439af8,INE802G01018,,43,32,0,0
8d781dcf-0136-5296-9089-026ae116720e,INE802W01015,,0,0,0,32
b6dfcc10-d779-541c-9152-b0f46fb1402f,INE802W01023,,34,32,0,0
d31ba1cc-a92b-560b-9616-2d4682cda229,INE803A01027,,40,32,0,0
cce8419a-d7a4-528a-8819-1c5683dac4b6,INE803D01021,,26,32,0,0
c522571c-3361-57b4-9dfa-f1264832bfa1,INE803H01014,,40,32,0,0
f3b1b519-013b-58ae-ad71-ec3abfd62419,INE804H01012,,31,32,0,0
6f36eb02-a262-5625-8df5-6f3fb2261a15,INE804L01022,,29,32,0,0
03d9b39f-9269-5698-8dd2-83454ab81fc7,INE805A01014,,31,32,0,0
41846532-8c4c-5ede-82a9-e3561190f632,INE805B01012,,2,32,0,0
34a38030-f801-5c1e-88eb-def0cffbfc95,INE805C01028,,0,0,0,32
d56a2015-4ea9-5b46-9e7c-2842f1a04404,INE805D01034,,0,0,0,32
8d37cc70-b044-5ffe-a812-c2821941c669,INE806A01020,,37,32,0,0
e0eb74f9-4829-5162-a937-d85ba4cb8243,INE806C01018,,45,32,0,0
384fd43d-9821-5000-b9e0-4c7adb375029,INE806F01011,,0,0,0,32
f352e2f4-b41d-585c-92dc-1d766ec646d8,INE806T01012,,19,7,0,0
c6019665-075c-5afb-a9f2-93b04faf0698,INE806T01020,,0,0,0,25
814b48de-9a65-54de-b386-a82e11f5269e,INE807F01027,,47,32,0,0
91b01542-5b8e-59f7-85b3-c5e51b86ff2a,INE807K01035,,37,32,0,0
5899e52f-d419-599a-91bc-77e0531c3895,INE808B01016,,8,32,0,0
049e5c59-f0c1-5b4c-a5c7-21a69bff3e71,INE809A01024,,21,12,0,0
e07e2b2e-aff3-53a9-ac54-52ec7042834f,INE809A01032,,0,0,0,20
4c907acd-1bc0-583b-a019-f54a51257412,INE809I01019,,47,32,0,0
bd9f3409-3ffb-5e32-a301-c118502142df,INE810G01011,,37,32,0,0
1633b455-7c7b-50f7-8d80-8980eaedacc3,INE811A01012,,0,0,0,32
a0adcef6-bb67-5333-b04b-a133a6ebd930,INE811A01020,,18,30,0,0
be8efee7-c747-531f-b44d-709a7f184b75,INE811A01038,,0,0,0,2
af7fdbbc-ad31-5352-b458-5476e64d7e3d,INE811K01011,,40,32,0,0
09997b7f-c3c6-5a73-a20f-48932f3a34b3,INE812G01025,,0,0,0,32
d159bb5c-1702-52e2-8d6c-01baea30c0cd,INE813A01018,,42,32,0,0
a3d74425-f856-5248-b156-655964171378,INE813H01021,,49,32,0,0
1839bb78-59e9-5264-8910-1893790b4991,INE813V01022,,0,0,0,32
1f9ae848-7fc1-5ef3-bf98-2ba36eabbc57,INE814H01011,,22,19,0,0
3ade29d4-1a31-59cb-beff-c666e08987eb,INE814H01029,,0,0,0,13
30235791-39e6-58f0-add7-f4c389d4f6ee,INE816B01035,,0,0,0,32
8d647340-c027-59c4-ac4c-b088a93a8131,INE817A01019,,49,26,0,6
ad66ba3e-ed60-5d86-b18a-0accd634b9f6,INE817H01014,,41,23,0,0
63f6f07a-9150-5323-af73-878493f343f8,INE817H01022,,0,0,0,9
0acfe321-97ed-5bdf-a3f4-c8467cb92b65,INE818A01017,,26,32,0,0
55388654-2e8b-53bc-a781-1bcae19a87de,INE818B01015,,0,0,0,32
184af043-26df-593b-ad78-bf55a26da554,INE818B01023,,44,32,0,0
25b2b485-3bf8-5e56-a43a-4e28030947e2,INE818H01020,0a967dcc-ec82-403b-a45f-aea133a54a93,43,32,0,0
7c3b3d77-0249-5525-bea8-95174e55c12e,INE818W01011,,51,32,0,0
61031b20-88d4-5955-9017-3458f678f653,INE819A01049,,0,0,0,6
f8eb8a80-40ef-5b9f-880f-a2d403092ebf,INE819L01012,,43,32,0,0
a343bca3-7076-5954-9595-275ae3fa4325,INE819V01029,39eeaf90-d688-45c5-a6af-41651226afa4,20,14,0,0
c51e7e78-7f86-5cfd-81cb-26c8a1ff1153,INE820Y01013,,44,32,0,0
1d26c317-0929-5cc8-92c2-aa41eca09ca2,INE820Y01021,,0,0,0,32
980854fb-f3e4-5e97-a8a1-374c9d213034,INE821I01022,03a25ff2-3548-4a09-b7d5-60fd4d63c6ff,0,0,0,32
3bc10f49-223f-5c13-84dd-c564fc2b13fa,INE822B01017,,0,0,0,2
094ae5cf-ea6e-5480-850a-2ab68f15546d,INE822C01015,,33,32,0,0
76bb861d-e303-564a-a84f-e1d2fca29394,INE822E01011,,16,20,0,0
6abcb796-22c7-5f01-b322-ba73d9434394,INE822G01016,,43,32,0,0
ab1b326d-fd3c-55ea-8885-75661ba217e2,INE823A01017,,37,32,0,0
2744171e-748f-5cc6-aa6b-f613a9d9d5cd,INE823B01015,,0,0,0,2
6336937a-dbbc-5624-ab57-50f02089b29a,INE823G01014,,31,32,0,0
44f9ee0b-afe1-505e-bba2-660a8bf47c92,INE824A01015,,0,0,0,32
907650ba-bf36-5ee3-a382-9d9c6d2630ed,INE824B01021,,8,32,0,0
55c51051-f97c-5256-b7d0-4b112fb206ea,INE824G01012,,26,32,0,0
84d7eccb-92c2-532a-9358-006a15320427,INE824Q01011,,47,32,0,0
1d255d6d-17c8-50a3-aecc-a0e5d57c7ae5,INE825A01020,,0,0,0,32
5e1be18a-df51-5220-8149-737726001641,INE825H01017,,0,0,0,32
7f85541e-29fb-52ef-bc8c-7c560bfd8ed2,INE825V01034,,35,32,0,0
8c3bedf7-5626-5033-b38a-24fc14a4b1ff,INE826C01016,,24,32,0,0
cb1cd56a-f78f-5b07-a50b-56efeba099e7,INE828A01016,,40,32,0,0
46b40dd1-287f-5a66-b678-d979f17a4951,INE828O01033,,25,32,0,0
5a4ead4b-0674-5dee-9a7e-c4811b50c212,INE829A01014,,24,32,0,0
3929fb76-def6-5e9a-b023-1ccd98527f4a,INE829S01016,,0,0,0,2
4af48eab-e735-5d83-bfc2-1a92dd4b76da,INE830C01026,,58,32,0,0
de86d233-5e5d-50de-a5af-9edf2d7aa672,INE830Q01018,,34,32,0,0
a5075ed8-a740-5fcb-ab4d-c288414194d5,INE831A01028,,29,32,0,0
aea43afa-2606-592b-b743-68ad2ffd9545,INE831Q01016,,47,32,0,0
130fecb8-5bf5-5b4c-aeef-7cfcc8441232,INE832A01018,,37,32,0,0
7b379526-5d69-55b1-8383-a7feed5fad29,INE833A01016,,0,0,0,32
8892aa5e-aa27-5bbe-9a97-9ea75f08592b,INE834A01014,,46,32,0,0
c5873f41-6b75-5186-8765-d3be12342376,INE834I01025,,24,32,0,0
89a179d5-7da3-5e94-adb5-861b07fb99e7,INE834M01019,,28,32,0,0
203b6f05-e416-5ed2-9605-d2f5f254aed2,INE835A01011,,68,3,0,0
53c0f76e-5fcf-5c5c-bc92-406ba2964ad5,INE835A01029,,0,0,0,29
333f9368-50cf-5be0-aa74-c6e96758c5de,INE835B01035,,32,32,0,0
4fd1c11b-66cf-5693-8bf0-e517c51f9013,INE835D01023,,27,32,0,0
34dc42cd-35ea-518e-9aa2-8fa863003528,INE835G01018,,29,32,0,0
4bf50385-70b6-5930-b12b-9346615fc186,INE836A01035,,24,32,0,0
9e0d80df-830a-55c6-b540-17b5ead86d71,INE836B01017,,32,32,0,0
a73e0e09-db9f-5cc8-9a76-f0e8ae6bf500,INE836F01026,,50,32,0,0
d95b45b2-b54b-5a4d-a3d7-4fd6da42fc21,INE836H01014,,7,32,0,0
53f291d4-4941-58f0-9651-328a8cd3d514,INE837H01020,,0,0,0,32
868dd58c-d21a-5f81-80cf-98810275338f,INE838B01013,,46,22,0,0
af07543f-4ac9-547c-9b8b-4f6ed8c4d5b1,INE838B01021,,0,0,0,10
c8c52163-a620-5c65-b7f3-106355cfd770,INE838E01017,,51,32,0,0
a9c2747b-2dba-5ffa-93c7-0a8cccc6e195,INE839E01023,,0,0,0,2
bd9dc099-af1c-5971-a83c-e4c028a87307,INE839G01010,,21,32,0,0
cadf3bfd-e7b3-52ae-aaff-08da29f62bf4,INE839M01018,,25,32,0,0
93661f0a-6051-5b76-8fda-b1c1f2290e34,INE840M01016,,27,32,0,0
ec97e182-dd4c-5562-bd17-2eb966097ede,INE840Y01011,,51,32,0,0
53154b01-f108-5f2d-8cac-a8a38050df6b,INE840Y01029,,0,0,0,32
7aae7f70-a0f6-566d-bc73-7807a19edb57,INE841B01017,,34,32,0,0
ba5f2a34-327b-5933-8d02-b51c3d77873e,INE841D01013,,0,0,0,2
fede827b-dfa1-5e85-bcb4-a46d312f11fb,INE841L01016,,28,27,0,1
1a1355c0-6d25-5c58-805f-7564e6d5ed0e,INE842C01021,,0,0,0,32
5004396e-f14a-54cd-a1f7-4267d3407e99,INE843B01013,,33,32,0,0
c2e323d1-96f4-5398-a28f-84d3291d3d53,INE843D01027,,38,32,0,0
6f6cc6b8-ab6e-5cf5-b0f1-6fd9724daef0,INE843L01012,,0,0,0,2
90ee0a57-d791-508e-9d6c-94426a4cd5c5,INE843S01025,,36,32,0,0
5ed596b6-67e6-5efb-8c50-a097c53ed40f,INE844A01013,,32,32,0,0
11ad0772-8bfa-5478-872d-e220ccc0d48a,INE844C01019,,0,0,0,32
cbf9c44c-d01e-5b03-9288-3320546a0a6a,INE844K01012,,47,32,0,0
af65f053-1d7b-5844-b99c-894f39441856,INE844O01030,,31,32,0,0
7a7930b0-7e5a-58ac-84ec-d5a42f9b0f1e,INE845C01016,,10,32,0,0
14b54e82-db1b-59b8-8aeb-eb0ced158b2a,INE845D01014,,38,32,0,0
e149b696-866b-5949-a1ed-680385b3b3fe,INE846D01012,,20,32,0,0
a6873d56-3959-5ce4-bf54-cf013ad88558,INE847C01020,,30,32,0,0
b9197ba5-5979-5cc4-addf-3615bad36fbb,INE848A01014,,29,32,0,0
ff595e47-f5ae-5b0b-bea9-1b5c676d3d94,INE848E01016,a1bd7e72-4c20-4b24-8f41-cc126e4d9dfc,61,32,0,0
c7f62d81-0da5-5681-b197-97fb06a5d461,INE849A01020,,0,0,0,32
ad3542ff-e061-521f-a0e3-34a63b9ac6b8,INE849C01018,,31,32,0,0
14a1e0f4-5792-5342-a3ef-df4e6ac98160,INE849C01026,,0,0,0,32
fd904637-e019-55c0-bc06-5295fb8cefda,INE849L01019,,3,32,0,0
507bc8eb-4959-51de-b9ff-ebd00eba824e,INE850B01026,,0,0,0,6
b80361ce-9b28-531a-bfd4-16150dd4bd5e,INE850D01014,,48,32,0,0
64bcf2b1-6b2e-5fd4-a30d-df7e299e5ecc,INE850E01012,,46,32,0,0
189a766e-3924-5b18-8068-cacf50f8431c,INE850M01015,,16,24,0,1
40b7b6e9-7a09-5227-98af-3f293d4572a2,INE851B01016,,0,0,0,32
36ed006b-92a5-5f10-88ab-a17b0c8eff42,INE851I01011,,39,32,0,0
ad07d0a4-3719-53c9-8292-7db7484b80ae,INE852F01015,,3,32,0,0
0262e0d9-701e-561e-8667-0292ecaabaab,INE852O01025,,34,32,0,0
d00ce749-8137-5ba3-858b-b9077a09dcf8,INE854A01012,,0,0,0,32
25b70c16-8d54-5d1d-987b-1292a9bf55ce,INE854B01010,,28,32,0,0
baf84521-1bf6-5fb5-bdf2-764da6221b06,INE854D01024,260e8085-474e-46aa-bf10-3d0616691c22,52,32,0,0
81d28e67-79aa-5dfe-b910-e15ea73a737b,INE854S01022,,38,32,0,0
7437bcf8-aee7-51eb-8073-7ff48a1e0fc2,INE855A01019,,0,0,0,2
7973edc9-063d-5e11-ac2a-904c7e5f9068,INE855B01017,,0,0,0,32
f18db0b5-7dd5-5600-97e9-7f7c3ee22a99,INE855B01025,,81,32,0,0
8bd1990e-879f-51f7-89b1-2df2c2861761,INE855C01015,,40,21,0,0
aec6d5ff-2b8d-50e5-8734-807a06f5198c,INE855C01023,,0,0,0,11
9722fc4b-d256-58ef-b276-b05307bf38c5,INE855F01034,,11,32,0,0
630d9437-feb2-58fc-99c2-fe3a4940a078,INE855F01042,,30,32,0,0
fefb4595-3a3e-544c-aff4-4afd0d1dd3e5,INE855R01021,,22,32,0,0
3b30fe38-3b33-5ed2-bd8a-b6805a458600,INE858B01011,,0,0,0,32
3cbc60eb-38dd-5e59-8874-9b769b3b6f5d,INE858B01029,,45,32,0,0
106520af-046f-5b28-a2ab-46c54e251f37,INE858F01012,,38,32,0,0
c0061e10-fe51-542b-b8d7-6ba3d184014c,INE859A01011,,26,32,0,0
a91c398a-86fc-538e-88e6-441c8e5339c6,INE859B01019,,0,0,0,32
ffa13728-88b6-51f8-81dd-9417919d9065,INE859Q01017,,35,32,0,0
26f17fef-d920-566a-ae9f-85df009ec151,INE860A01027,2461f612-2535-4f21-b8f2-6e71eb422427,52,32,0,0
f8229d9d-383c-5aef-99e7-826c3a5f1f6f,INE860T01019,,39,32,0,0
d6a4a94b-c171-5318-b723-801026f4417b,INE861A01058,,0,0,0,32
6f73f4e5-edc0-592b-b505-39c0d8566172,INE861B01023,,0,0,0,32
1f5a5659-4d12-5352-859a-7228885a8e25,INE861D01011,,4,5,0,1
539d3363-9345-5467-a3a9-990fc5ee2719,INE862B01013,,0,0,0,32
40673bb4-c2be-522c-b989-7cecc729fd89,INE862Y01015,,43,32,0,0
437573e0-2baa-5393-b403-8bcda7fbcf9a,INE863B01011,,25,4,0,0
f324d30e-c428-5038-9962-a22f1fdbf57a,INE863B01029,,0,0,0,28
f31aa86a-71a6-52bb-9b52-0317e1a27d6b,INE863I01016,,36,32,0,0
f4ad7512-1a5f-5664-8fe3-37aa0667255e,INE863T01013,,27,32,0,0
dff72ed0-4bf2-59c2-b844-bbd599b8aced,INE864B01027,,20,32,0,0
f16f4a1b-348e-5f17-bbf6-987007360461,INE864I01014,8d0db594-078d-4663-bfcd-ba8e3cf1ec32,51,32,0,0
d1dd1361-da34-5c14-ad3e-47e8d5fbf0e3,INE864J01012,,0,0,0,6
d99a4bc4-b1dd-560d-8213-57bba9789c29,INE864K01010,,24,32,0,0
557b3183-753e-5ed3-9374-ac021ef82ea1,INE864X01013,,37,32,0,0
9f8b8d14-b76a-5cc3-a8c0-f12800b1583f,INE865A01018,,0,0,0,32
9be2eefa-6acf-5201-b14a-df6167e90141,INE865C01022,,30,32,0,0
3313a2bc-045a-5c26-a5be-42a0b4422d52,INE865T01018,,31,32,0,0
6d25fe41-05db-5a61-b5a1-567b0aa5ebda,INE866A01016,,0,0,0,32
837e7900-7929-5082-a3f1-b0eda9346f46,INE866K01015,,0,0,0,16
95e8f8d9-b96a-5f13-96dc-e4d332a3cfb8,INE866K01023,,35,16,0,0
c38c0f91-3cc2-5040-ad44-3c8e9d6f14f4,INE866R01028,,21,32,0,0
67362c06-63d0-5ec4-9a97-187b87728f47,INE867A01022,,41,32,0,0
d09da549-e764-5b5d-a291-a4c91fa511b3,INE868B01028,a5ee8046-98dd-4dd1-ad0e-3347cb48ec84,26,32,0,0
43a3c315-e5fa-5d2a-afc9-ffae9127b3ae,INE869A01010,,0,0,0,32
12b3ece4-69f9-5ac4-9b9d-da1a4781edb2,INE869I01013,,32,32,0,0
9fe1aafc-4210-5a0d-8be5-3a1262663381,INE869T01028,,4,1,0,1
fb3723c3-d03a-5030-aa21-4a31040fe83f,INE869Y01010,,54,32,0,0
92e59eac-ab2d-5bce-b4a9-aa5d4a5ddadc,INE869Y01028,,0,0,0,2
b4b4973c-394e-5dbc-8be6-373fd025089d,INE870D01012,,67,32,0,0
859e708b-61b0-5dff-a5c9-ee4eec6c7041,INE870H01013,,48,32,0,0
371fc982-3209-5f16-97df-26faa02ce149,INE871B01014,,0,0,0,32
f5697a55-a581-53ac-a562-c4508ed84d11,INE871C01038,4fe8e292-50cc-4ada-94ea-e6ae8623b64b,0,0,0,32
e7d835f7-6c6d-5587-ac4a-5f56fbdcddd4,INE871H01011,,51,32,0,0
4ee652ec-df25-56e3-b235-9949ce181714,INE871K01015,,25,32,0,0
799e395f-e91d-511a-a6d8-5b481d3222bc,INE871L01013,,42,32,0,0
93d19658-ae81-547b-8229-f2166636bf00,INE872A01014,,23,32,0,0
10259f3c-b841-500f-81c8-2bc9001da1c5,INE872H01027,,0,0,0,32
7e4da7a1-cf14-5475-af9e-81d705a79e33,INE872J01023,,44,32,0,0
72b9ba7c-d6fc-5331-b3e0-a6ee631f8614,INE873A01012,,0,0,0,32
089c9b14-1d90-5e8b-b557-b643c39bf933,INE873D01024,,0,0,0,32
b6919fde-3cc5-5baa-9b27-6407e87915da,INE874F01027,,45,32,0,0
65e2e8ae-8bfc-5b4f-bf71-0c0734a325f6,INE874H01015,,26,20,12,0
bb642819-6e01-5f60-a2d9-e37c8ac3ad96,INE874I01013,,29,32,0,0
eabd8e1e-b810-58a1-a87a-c95915da66d2,INE875A01025,,32,32,0,0
ef2c2154-65f5-573a-a7df-f2f6a7fbfb9f,INE875B01015,,6,5,0,1
156c95c4-0e50-5903-b65c-265f84bd0bdd,INE875G01030,,27,7,0,0
78f1337f-6c79-5fa9-9dda-b1c3abf070d3,INE875G01048,,0,0,0,25
087a3e86-6a52-54ef-a9b7-f543129686d7,INE875R01011,,76,32,0,0
be852111-cd2d-5c38-a266-c3d73a8db468,INE876N01018,,56,32,0,0
034ac7d9-279d-5258-b255-f409a5facbe8,INE877D01025,,0,0,0,1
b1c9d4e1-53ff-50bd-910d-18203b2c1945,INE877F01012,,59,32,0,0
8136ad06-ac4a-5ffd-91b0-1a1288b22b81,INE877I01016,,32,32,0,0
4ff673d0-64b9-5653-9d55-41be2bc1d4f8,INE877V01027,,20,22,0,0
1e9a2fd7-531b-56d4-9722-12871877c60d,INE878A01011,,42,32,0,0
9ef5d946-0664-52a9-822a-f02f2f5e5052,INE878B01027,,35,32,0,0
7c88bfc2-474a-5e5f-8fb1-9956559b8a59,INE878E01021,,54,32,0,0
3ab9b6e2-0778-5fa2-a0c2-db7470ac4500,INE878H01024,,0,0,0,32
552a74d8-8272-5730-9fd6-806c5cef39b9,INE878I01014,,0,0,0,32
8b96c43a-d3a3-5a53-885f-7bfdf91e43b9,INE878I01022,,43,32,0,0
c5a71e3f-1552-5548-be88-acf495434684,INE878K01010,,36,32,0,0
40596501-3bef-5ded-8d21-ee42f711ec6d,INE879A01019,,30,32,0,0
08443f53-39f9-5276-8eb8-d96fe806b8ee,INE879C01015,,0,0,0,32
b6843051-722d-5cc4-b509-c5dd51f463dc,INE879E01037,,0,0,0,32
cab6bad9-a8c2-53f1-9308-68be39993c8e,INE879I01012,,44,32,0,0
9ccdb02d-b40c-5b84-8141-0c6f60f4c499,INE879K01018,,0,0,0,2
646373cc-bdb2-504a-b1e8-d34e334440b4,INE880B01015,,15,32,0,0
6b6e2c48-c065-57b0-8980-163001ee0d81,INE880J01026,,20,32,0,0
9403e46b-85ba-515e-942c-3f684f351212,INE880L01014,,31,32,0,0
df389b6e-14e3-5f47-90f5-81d4d5267b21,INE880Y01017,,20,32,0,0
094aadd6-0c3c-589f-be0b-0b2593f537ae,INE881D01027,,58,32,0,0
004941e1-af6d-5de1-9914-92e042f74c12,INE882A01013,,49,32,0,0
4ab055ce-0233-53d2-8bde-2e2a0f3a970b,INE883A01011,,24,32,0,0
1926a014-2eb9-5e4e-9e40-c51f5496eb77,INE883C01025,,0,0,0,2
d2ee25a9-4eb2-568b-874c-94d016065a62,INE883F01010,,21,29,0,0
08afb328-c039-5578-8b96-df0a260c630f,INE883G01018,,0,0,0,32
81bb0b09-b93e-52bf-83b2-4b4f0f6a9ffd,INE883N01014,,51,32,0,0
c749642d-dcf7-544d-be39-36ea21cf9a17,INE884A01027,,0,0,0,32
204051d5-ddd3-522b-8640-bd585a1be816,INE884B01017,,0,0,0,32
618698cf-6bc0-587d-bbe4-5faa6fb9896d,INE884B01025,,0,0,0,32
71c8eb5a-9edd-5393-b604-b28da78ea77d,INE885A01032,,29,32,0,0
855a5f94-40f8-5f32-8f84-68e0330aead8,INE885E01034,,27,11,0,0
7ba373c8-413d-5c2d-acea-b2c687f9e282,INE885E01042,,0,0,0,21
b70fa8cc-b189-552a-871a-5468673138cc,INE885F01015,,42,32,0,0
34c06555-40bf-535e-83b6-0ee5ee533d21,INE885H01011,,48,7,0,0
1d525878-5df8-5719-b542-acf53304190a,INE885H01029,,0,0,0,25
7fb487c8-4216-593a-9912-b98cfc20dd46,INE886A01014,,28,32,0,0
db2f98ef-4ece-5fc0-800b-45f08805b5a7,INE886B01012,,0,0,0,2
4c6eaa62-81c3-5ddd-b3be-378d0df44df4,INE886D01026,,10,11,0,3
2fa2c575-883d-554d-ac4e-ec77f587dd85,INE886H01027,,34,32,0,0
0aff17e8-89aa-59d3-82fa-824cfffe18a9,INE887D01016,,6,4,0,3
f2e6026d-5a72-5c8f-b2cc-f21f80466bba,INE887D01024,,0,0,0,1
eae0b9f9-0789-5a24-8679-38eb8f648233,INE887E01022,,25,32,0,0
cda7fd26-d11e-5552-ae22-9927952b4983,INE887G01027,8dd18833-e48d-4351-b248-8757246f4ae2,30,32,0,0
c18c05b7-a263-5f42-9b32-34219eaaf81a,INE888A01010,,0,0,0,32
9b349e8f-3dc4-51cb-8e90-7b23e88cd686,INE888B01018,,26,32,0,0
51b8c135-5032-59c0-a5ca-16a38cd8089f,INE888C01040,,31,32,0,0
bbd62954-5e10-56bc-81b0-2b887ee24647,INE889B01016,,30,32,0,0
49752dde-5510-54d7-a030-bcd846e11aba,INE889E01010,,11,32,0,0
8e6abd72-4cdd-5d48-bcaf-77310bc45d8b,INE890A01024,,0,0,0,32
7a7cb79e-5e28-5926-bc3d-2e1d184ca546,INE890C01046,,43,32,0,0
9667700b-eecc-593b-a8bd-669c1790de3c,INE891A01014,,62,21,0,0
df1d5ba0-7fb9-5583-9e07-051676744f5b,INE891A01022,,0,0,0,11
8e18b8f0-9de9-5933-8cc3-d26bd28a622d,INE891B01012,,38,32,0,0
180da68c-3f87-557a-bbb9-a1d0914b6d66,INE891D01026,,0,0,0,32
804f7242-34a0-5500-bce8-3949ca20b7c9,INE893I01013,,36,32,0,0
185dc31b-eab0-5a31-9607-3cf178446cd2,INE893J01029,,0,0,0,32
d96838cb-f6d5-5ed5-8f30-5d7a81f1a582,INE894V01022,,16,16,0,1
7ecbc9ee-7121-5b2a-b743-05f1ef19ce71,INE895B01021,,30,32,0,0
a23068a9-cda2-5b16-b10a-72b791cb66ea,INE895C01011,,0,0,0,32
063c0497-2091-5fe8-9e42-7187f94fb6ee,INE895W01019,,27,32,0,0
bb2e4f6b-97c1-5c22-a20c-dbe8ae05f58d,INE896L01010,,89,32,0,0
7f5dee88-8bc2-58a6-9a57-76b5f44d5776,INE898F01018,,3,32,0,0
c486a08c-7fac-57a8-ac56-5e1775b00007,INE898Q01015,,0,0,0,2
5281061a-1a18-51a5-9eca-8f1667451752,INE898S01029,,64,32,0,0
39918479-733e-5d28-85a0-1797255451ec,INE899I01028,,2,1,0,1
829ccf43-b568-504d-ae02-9399971f1085,INE899L01022,,22,32,0,0
62677657-e764-5aac-9b17-379d9a9eb704,INE899L01030,,29,28,0,2
8f0e44fb-86f5-5b32-a152-38dfc3faab30,INE900B01029,,0,0,0,32
e25fe153-60dd-53a9-a5c1-f97d02c31b4e,INE900C01027,,27,32,0,0
73500775-3dfd-5e59-b67e-3b8306d41fd2,INE900L01010,,43,32,0,0
354b5d03-ad8d-548e-905e-61dba3fe2bb2,INE900L01028,,0,0,0,3
428b4410-e2d4-5b55-bf75-8cbcbc266f9e,INE901A01011,,0,0,0,32
d8e44d64-283a-5f19-821d-a4e5df9261bd,INE901L01018,,41,32,0,0
8421027c-aa59-548d-8833-a7dbaa506968,INE901X01013,,0,0,0,32
3d1c7547-ec35-567a-81ca-b124412659c8,INE902A01019,,0,0,0,32
05ff943d-1b25-5792-8076-dd7add941da1,INE902B01017,,22,32,0,0
d0733c6f-d376-5e25-915b-32dbab4c16c7,INE903A01017,,0,0,0,32
4926d48e-47bc-54bc-861b-0cd173062095,INE903A01025,,5,8,0,2
93bb10b5-e165-565c-97db-7d865499ab8f,INE903D01011,,30,32,0,0
2efbb8b3-9ff4-51cf-a492-c9c1a990763f,INE903U01023,,20,32,0,0
2d53c89d-f63e-52a7-874c-5006979b608d,INE904A01015,,0,0,0,32
ce94b86a-4228-5d57-a725-b043c9da552e,INE904D01019,,18,32,0,0
26511bc8-6924-519a-a49c-5ef7a65a1827,INE904J01016,,21,32,0,0
91f1a8fb-a540-569d-b6e4-6412b5eec79e,INE905P01028,,0,0,0,32
c9c7d248-9a46-5ae1-b89e-8fbcecce686f,INE906A01010,,0,0,0,32
2c22c1a3-ace3-540c-b3b5-5d369c7117b3,INE906O01029,,9,11,0,2
557c3cae-2123-5056-aab8-6386b67840d7,INE907A01018,,0,0,0,32
5d030fa3-df20-5f76-9578-bcea6b769493,INE907A01026,,37,32,0,0
4eddd8ca-4ba7-5420-9406-9f5944bcce1a,INE908A01016,,0,0,0,32
22272b17-ace4-5fe2-bfc7-d61c22bcf770,INE908D01010,fa178280-c61b-4036-8708-a6dc8ccfa352,53,32,0,0
5b820304-53b3-5eaf-9e4c-0cd0c87f71fe,INE908V01012,,56,32,0,0
edbb384f-1a3e-59d6-ad06-087a6b026490,INE909A01014,,0,0,0,32
13a0a0f0-3edb-5060-90c2-1a557124af1b,INE910A01012,,0,0,0,32
463982ad-06b9-592e-b804-3f07b00be315,INE910C01018,,30,32,0,0
c2bb3fed-9894-5171-8531-ceded0586213,INE911B01018,,53,32,0,0
c737db2b-1b22-59fb-a91b-1daec3ee0c21,INE912H01013,,27,32,0,0
9942785a-8dd6-5009-adf0-e13a7e70a43f,INE912L01015,,46,32,0,0
41bbb667-c9e8-5efe-8a51-6706302a6e04,INE912T01018,,11,24,0,2
1074f090-20c2-5c62-b0fc-a926b8b84f9f,INE913H01037,348077cc-8eaa-4bdd-9251-e168d7e9c5ed,60,32,0,0
3a7e619a-c55d-5ad3-81a4-d05f8b8046b4,INE914E01040,,0,0,0,32
00d9e57f-2f72-5763-9c96-c6b464a06a12,INE914G01029,,0,0,0,2
308585dc-091c-5f82-a1f7-cd64ccb31b42,INE914M01019,8f3b0ee7-6a60-4212-9c3d-19c6c3e66bde,36,32,0,0
4d31cb66-936a-502f-aa52-4466b9c2afbc,INE915B01019,,24,32,0,0
9a236196-0b60-56bb-b489-d5895c5633b1,INE915K01010,,64,32,0,0
14d09c9b-c276-5f22-baf0-59afb2d58256,INE916G01016,,32,32,0,0
42a7add3-b786-5a39-aa2f-aacb64a41614,INE916U01025,,27,32,0,0
3aa072ae-6013-5499-a9b5-696a54d22b3d,INE916Y01019,,15,9,0,1
c7350a5c-0118-56ef-b95a-afddfba4d806,INE916Y01027,,0,0,0,18
b3a79515-f9b2-5ff3-8641-b49c7f01561e,INE917H01012,707302e8-51d9-4d49-80fe-7bb9572fe986,45,32,0,0
92e75af6-90f9-536f-8610-2fe260365fa5,INE917I01010,,27,32,0,0
2d9e7265-f8fe-5142-a407-2e0346f3e53f,INE917M01012,,84,32,0,0
210cca3c-e97a-5382-88fa-bb68dafd8636,INE918B01013,,0,0,0,32
f079165e-be44-517c-9bfc-0bdefdb29b0b,INE918I01026,,0,0,0,32
74b6b09d-ac41-5d7f-9090-e3fc1e765290,INE918N01018,,26,32,0,0
1cf70bc1-6b3e-5fc0-9c6b-e7d896cf0a8f,INE918Z01012,c45b0c4f-ad18-48a8-bb7c-5cf88f6e2da2,18,32,0,0
ee539809-9715-5cb1-a649-fe1373c35374,INE919H01018,,66,32,0,0
841afa2f-f9a1-5a3d-8903-ef2a580e9265,INE919I01024,,0,0,0,32
daed03c4-2674-5ce6-8fac-8cc9479d6701,INE920A01011,,5,32,0,0
cd207295-7022-5687-bc28-e2e7e68bcc35,INE920A01037,,0,0,0,32
c84fe300-427f-5595-9611-0600937100a1,INE920C01017,,0,0,0,2
4846e70b-73d0-564e-af5b-3e6b7cdd412f,INE921B01025,,39,32,0,0
60bbdb39-e13b-5aa5-874c-19e0c7b641dc,INE921L01032,,12,6,0,0
22558255-722f-5c3b-8629-a59c074c580c,INE922A01025,,46,32,0,0
fcf60f4e-4d2b-5a9f-a7d9-55648653a7c7,INE922B01023,,39,32,0,0
da974e0b-f3ab-5e6d-bde3-51264cbf076d,INE922K01024,,25,32,0,0
cc5dde9d-0e81-530a-aaf0-cc23c486b988,INE923A01015,,23,32,0,0
437c5e65-34b9-5c22-8eaa-e54cb59e5e99,INE924D01017,,30,32,0,0
94fbda30-3a0e-53b4-9fbe-e114780cd2a1,INE924H01018,,38,32,0,0
bc78034d-89cd-5bd8-a753-3f42750f8f1d,INE925C01016,,29,32,0,0
de1fd9e5-dccc-5ddc-ab65-2f21c5efbe1f,INE925R01014,,42,32,0,0
365e904f-0e07-5351-bc1f-2c8a058c373a,INE925S01012,,0,0,0,32
1c92ec94-c36f-5e8b-92d8-520b47b3733d,INE925Y01010,,0,0,0,32
e679fb33-23d8-5317-a429-615b0d230855,INE925Y01036,,42,32,0,0
8f1ce2e9-01d4-5581-846c-7b22ac002d16,INE926B01016,,0,0,0,6
bd7500cb-bd85-556f-be22-7eedefb4e11c,INE926K01017,,28,32,0,0
66b39636-8981-58c3-bf24-def54e29a49d,INE926X01010,,35,32,0,0
45ee5d59-8355-5243-9300-414b171d3183,INE927A01016,,0,0,0,32
782f7fe6-0603-5d53-95ed-985d46a40838,INE927A01040,,56,32,0,0
d44567f9-6cab-51a3-9897-830d18b66c62,INE927C01020,,29,32,0,0
2af34453-df72-5d95-ac2b-c48655574e00,INE927D01044,,0,0,0,11
7dbe5edd-72f3-553a-93f9-b5e3d2ef71fd,INE927D01051,,0,0,0,21
ac0763a5-a3ed-5992-8929-f2e87c669fef,INE927X01018,,0,0,0,6
876568bc-6c11-5fe2-bea4-c37f2daacc58,INE928B01012,,0,0,0,32
26a0baa8-c0a0-5536-90ff-d9b399d621db,INE928C01010,,0,0,0,6
f310708d-dafd-5e7d-a8d4-c0cdd90ff1b7,INE930H01031,,0,0,0,32
8a02f149-3dcb-54b2-9670-d82bac36758c,INE930P01018,,91,32,0,0
d2f390a9-8494-5da1-84f5-584c8b1a8ed4,INE931S01010,,45,32,0,0
cc70284a-0444-51d2-8899-62fb454fd3aa,INE932A01016,,0,0,0,32
fe5e9f41-8b55-54af-b0e3-874544a10d27,INE932A01024,b777c214-49f6-45d6-8871-2016421f7a39,30,32,0,0
fabe5bed-cd92-51e6-bed6-cc36eefc3d5f,INE932C01012,,39,32,0,0
126bffd5-f1ff-55e6-8ab7-674f6435185b,INE932X01018,,81,4,0,0
85dbf240-9533-5d6d-bf14-d67a51a8dc70,INE932X01026,,0,0,0,28
64f779a4-801a-5480-9d3d-1648a72badd9,INE933A01014,,34,32,0,0
78b795a5-557d-5abf-80b3-2a4d898f9dcb,INE933B01012,,35,32,0,0
39d55afe-31c6-5e05-8020-e499576aaaeb,INE933K01021,,37,32,0,0
f09cc63b-6ce2-5c4c-824f-b269b0ec2d33,INE933S01016,,92,32,0,0
20e1b504-748a-52d8-ae79-e74ef8546b35,INE933X01016,,51,32,0,0
14f3d3f8-5563-5f89-bb1e-017bc28947dc,INE934B01028,,20,32,0,0
db05757c-1bb6-5e9c-b8c8-2c41ff4888f2,INE934C01018,,0,0,0,6
bbc52592-117c-53c5-befc-0d62fc74bea1,INE934S01014,,30,32,0,0
8093920b-5ec3-54d0-b8b4-111aea00cc67,INE935A01035,9c577a90-f930-4d16-8bae-2d3f52698069,25,32,0,0
84b6b0ed-8c7e-5ab9-9d33-d36850930b40,INE935B01025,,16,20,0,0
463aecae-2be5-5b4f-98db-e8602980bf79,INE935N01020,,0,0,0,32
9bee7b6a-0742-5748-9df2-5c9054e876f7,INE935Q01015,,5,32,0,0
bed28c6d-dd12-53f2-bdcf-521d04365f13,INE936B01015,,7,17,0,3
91d74102-c0e8-56ea-ac42-1b266a21705a,INE937A01023,,43,32,0,0
948f4b07-1bc5-528c-a52a-7ab09952e869,INE937C01029,,39,32,0,0
2ef1242c-0b42-55cd-b4df-df9e6b7ee84a,INE938A01021,,34,32,0,0
4cca7b59-a1c7-535b-8b4f-e17598d3abe9,INE938C01019,,0,0,0,32
2e45e33e-87c4-5e43-9298-f0fdcbea5daa,INE939A01011,,41,32,0,0
db8993cf-4d98-5535-bd3a-993f07a5c323,INE939D01015,,0,0,0,32
c10768f9-a9da-53d9-9ebc-32f2bfa55062,INE939X01013,,20,24,0,1
6d9059e4-30ad-5cdd-a797-2e37441dcb8e,INE940H01022,,0,0,0,32
f1c5d115-0826-528d-950b-f4b1e81eacf4,INE942A01015,,0,0,0,32
c3f3f630-20f3-5227-8a4f-9b4b00e1b4f6,INE942C01045,,8,17,0,3
c4493bde-d5d2-5389-8617-0cda9c3d8527,INE942G01012,,27,32,0,0
c777b412-4c2e-572f-bfc9-efb34ee8c2c1,INE943C01019,,0,0,0,32
d0ddfcb7-5210-5e6a-a0d7-5fc3b0fab858,INE943C01027,,3,32,0,0
e81df039-1984-5dd3-ad65-d96ea317a758,INE943D01017,,54,32,0,0
68b92a4f-55c9-53f3-b1c4-899a9a9dabcb,INE943P01029,,9,20,0,0
d2ecddcc-9ded-5ba7-9168-f3d56dffed7d,INE944F01028,bb281a98-157e-4b33-ba4c-4b67ebe978d8,25,32,0,0
c1c886e0-c947-50f4-8026-e4c57b19fca6,INE945A01018,,0,0,0,32
4f6f8b76-dd1d-51bf-b66e-9e65b4f11ba4,INE945F01025,,0,0,0,6
8b724151-dd4e-5195-ba78-646047d72d7b,INE945H01013,,44,25,0,0
55f0e799-29e3-59a6-851a-14880b31d731,INE945H01021,d0d65431-4c9a-4efd-9f0e-e57a58cad2da,0,0,0,7
949927df-75ae-52f2-b260-b2fe6a393f0d,INE945P01024,,0,0,0,2
5e9a7fab-71d3-5a84-968b-22e0430be8ed,INE946H01037,,64,32,0,0
5114bc40-4c45-5a40-b851-38b06681867e,INE947A01014,,21,32,0,0
ec36c5bb-8798-5d57-81d8-d7086c00fb04,INE947I01017,,60,32,0,0
62c3b254-5891-569b-b609-ea5d76f5f67f,INE947J01015,,27,32,0,0
28ab7f79-feb0-5813-babf-dc5cefb1d93a,INE947N01017,,11,9,0,1
c8837f20-0bd2-5a8e-8423-657f745925aa,INE947Q01028,d5dde2b5-fc2d-451d-b7ab-a3be1fc1c9bb,0,0,0,32
ea8b03f3-1f61-54d8-be21-dadd4f5f94e5,INE947T01014,,27,20,0,0
6dab729b-e7d3-542b-9f64-4b6f5359cb97,INE947T01022,,0,0,0,12
87b62275-a0f5-5beb-92b5-fbda9a0f66f8,INE948A01012,,36,32,0,0
cb902fe2-baa7-57a7-8052-3a9f1eb90d91,INE949H01023,,0,0,0,32
9885e25c-021d-5588-b5f9-d9f24b3bd300,INE949L01017,f5c47463-3c6d-4db0-a815-e4301e990213,73,32,0,0
d3762d10-8653-50a7-ba59-10f3a94e0995,INE949P01018,,31,32,0,0
119108d9-fd7b-5622-af7e-634831c0219f,INE950G01023,,0,0,0,32
312ec639-7b3c-579f-a16f-d24ee3a00f12,INE950I01011,,34,32,0,0
de6edc72-b6de-5335-bcbf-64d57fee7fd0,INE950M01013,,36,32,0,0
7aa03a39-7cdd-5cbf-a591-e2af05b495d4,INE951D01028,,0,0,0,32
37a4225b-a33e-5a91-8453-6ecf9b98f3fe,INE951I01027,bfeaa75e-84c7-45ff-b0bb-22d664b017cb,0,0,0,32
84f4be33-959c-5402-a439-c881bba5ffee,INE951M01037,,0,0,0,6
759e125b-e24c-54a2-9bc5-0b96a710152f,INE952A01022,,26,32,0,0
8dd297af-beb5-512c-ab0a-9af9e888ea90,INE952D01018,,0,0,0,32
e49f7201-a4c7-579a-a318-5e9c3594aa16,INE952H01027,,0,0,0,32
9f987851-9c6f-5f75-95af-1796a32d2f6f,INE953E01022,,0,0,0,2
103b3a64-2202-5552-84c6-89ab4a3f4e38,INE953L01027,,16,32,0,0
612d6a4e-8bcf-57f4-9607-1070892d9456,INE953O01021,00f76c96-3342-4d6c-99f7-6351b6175b28,30,32,0,0
cb57475b-6a41-54bf-bca5-65c23f87c10b,INE953R01016,,10,24,0,1
5b7bac25-a09b-5ef2-8a22-a175463db3aa,INE954E01012,,29,32,0,0
26dbc019-310d-5a5a-b886-1f9a41056d3a,INE955D01029,,0,0,0,32
2e0201bb-18cc-58ca-bdfc-e3cab8fceea5,INE955I01036,,5,32,0,0
a26819c3-c4bb-5d2d-98e0-660f1533aa9f,INE955I01044,,30,32,0,0
9590c5b1-9084-58c6-b132-2e16d2332638,INE955V01021,52011b10-b3f9-42d4-ab6b-e0829aaafc58,54,32,0,0
cb18fd52-eaa2-5693-87d3-af927b0174a4,INE956G01038,26f75601-2e62-4272-8c49-f1475bb15dae,0,0,0,32
b8119df8-464c-5c39-841e-32b24ab3b70d,INE956O01016,4aec7270-5eed-4cba-ad67-e933f5b9006a,20,11,0,0
5124dd51-855f-5c4e-8388-bd9abda09925,INE959A01019,ff1593fe-3e16-441e-a44a-95cc192280b4,33,32,0,0
5a775f27-281f-5884-ad2b-61b20ffaa0c5,INE959C01023,,30,32,0,0
360e09ae-897f-56c1-ba44-3265565136e8,INE960A01017,,0,0,0,2
1e6b66e9-ae09-51ce-976c-ff8fc746c2c0,INE960E01019,,0,0,0,2
70c69920-e35b-59cd-91a1-a97e6a2d0ee9,INE961D01019,,33,32,0,0
f185bdc4-ee95-5fd9-ab4e-efbfbc112412,INE961O01016,,63,32,0,0
fc55e923-b1d5-504e-a873-cdae11f1a347,INE961Y01015,,0,0,0,32
ec2e2daf-9ec6-5f80-bd88-d3063553ecd3,INE962C01027,,46,17,0,0
ba610d51-0b49-5998-ada4-a8e072a66cad,INE962C01035,,0,0,0,15
59818f3b-b6b0-5951-8194-1980b6e77528,INE962Y01021,,0,0,0,32
92d4a8c6-8fa6-5205-b33a-76e96d9aa527,INE963C01033,9c938fe4-7567-4e76-a8f2-edf98098ac42,35,32,0,0
e4f7f2f0-de4c-54ef-8c81-3ce668f4f65a,INE964B01033,,0,0,0,32
e326b4cc-0b72-5172-aed8-f9a0623aae50,INE964H01014,,38,32,0,0
b8ad7fe8-a003-5365-8434-8d2a63c7ba1b,INE964W01013,,45,32,0,0
734f0cc6-4cf9-5a98-a68d-5a517afe9f07,INE964W01021,,0,0,0,32
793066ce-0903-52ea-916e-3cc2c2345ce9,INE965A01016,,10,32,0,0
f56272f2-1d93-5c64-94f0-7567c2b536a5,INE965B01014,,16,32,0,0
6e87bdc7-5fd0-5b83-8f25-a4402dc5c051,INE965B01022,,27,32,0,0
008ca459-3368-5a85-bbf0-4c917c2ffb02,INE965H01011,,36,32,0,0
38ee13ff-9d12-5dd9-86c4-a01e00759efb,INE965W01036,,10,11,0,2
f3322305-a598-558c-a015-8d3e9558074a,INE966A01022,,30,32,0,0
9acd9b27-7f2c-5e48-b227-fbd11ad5d012,INE966G01011,,0,0,0,32
35ebad17-eb85-5cc6-8c64-830dc190f9cd,INE966H01019,,32,32,0,0
c540222e-8d71-50b7-a368-7f3e2195b2ea,INE967A01012,,0,0,0,2
e85ff6dd-9039-5433-864e-1665013bbb78,INE967B01028,,0,0,0,2
cbb7c347-3e9a-5112-a161-db226543b270,INE967C01018,,31,32,0,0
0c6a4a38-b5ef-53aa-8b25-cc3bbcddef6b,INE967G01019,,0,0,0,6
7b6d329b-e607-585d-a6a3-d1e077ba7452,INE967H01017,,47,7,0,0
5774713e-0bbb-508b-88d0-d1ada93744c8,INE967H01025,,0,0,0,25
569f931f-ab95-5fdd-95fe-fdf0584e7675,INE968D01022,,65,32,0,0
2b6800be-d690-5c0c-a131-cbce4624cacc,INE968G01033,,0,0,0,32
cb044c28-06c0-5bf8-aa04-4684aeec410c,INE970B01014,,0,0,0,32
3204671e-361b-5048-9e2b-bede7158096c,INE970D01010,,33,32,0,0
5e01248f-e830-5557-a365-727073ace02e,INE970N01027,,30,32,0,0
276d4ed4-78e3-5aeb-a4a9-30616045a79a,INE970X01018,34303676-1b56-40af-b94f-fc3ca25928cc,33,32,0,0
42c9e697-7e88-58ad-8ddb-ae2293a413f9,INE971P01012,,0,0,0,32
b088179c-ce6b-57c0-857e-aebd7769c1f5,INE972A01012,,0,0,0,32
5ace3454-6e4d-5f55-a62c-926e7db94527,INE972A01020,,0,0,0,6
59cca595-84d4-512a-9e61-214d6e0dbd13,INE972X01014,,34,32,0,0
9b32794a-536a-5586-964e-11318ae345aa,INE972X01022,,0,0,0,24
645bf256-cba3-5556-86ac-054c756095b0,INE973A01010,,5,32,0,0
acb8c351-6223-5aa0-b482-142c16930ecf,INE974B01016,,23,32,0,0
1dade988-c9a2-5b58-bb04-6ed50a3e6b0c,INE974C01022,,0,0,0,32
a3cfc3ef-7f13-5efe-84a8-f05cf7720798,INE974H01013,,1,32,0,0
91e9cad6-45f3-57bc-8e38-8d9b7876154d,INE974X01010,,27,32,0,0
ba915b7e-628b-551c-ae19-d0cf7190fdb7,INE974Z01015,,34,32,0,0
96d00d39-98f6-5a75-9984-6b489be1cb5c,INE975G01012,,2,20,0,12
e28e4c90-f8b2-5fa8-8918-6b233aa63415,INE976A01021,,37,32,0,0
8f56e14a-0f77-5aa5-a1d4-102cfc854d46,INE976E01023,,29,32,0,0
112e2eed-94b1-50b1-995d-a5510f1ed5e7,INE976G01028,c086eb7b-10f3-4e23-8cce-4b90632dd105,42,32,0,0
447b0d56-4e93-5d23-bae2-6522c01f18e2,INE976I01016,2b2180a3-8f19-4de5-9532-2851da98f3c4,0,0,0,12
ec30adb8-26f6-5fee-a774-bf1cbbc07d2c,INE976R01017,,12,6,0,1
1cf2d277-3429-5482-893f-14678167b2c9,INE976R01025,,0,0,0,8
6d86c4b9-458a-5835-bbfe-ad343f1a09ab,INE976R01033,,0,0,0,12
d8c7869b-b76e-5071-8332-d0ff3d14ed5a,INE976T01013,,39,32,0,0
e793068a-37c0-568a-9fe8-24d8cd37ba97,INE977V01017,,0,0,0,32
e8ff8cc6-bcc3-5ee3-b61a-ddde1c9a7735,INE977Y01011,,50,32,0,0
89c01a20-df7d-5add-9b93-ab019e840aaa,INE978A01027,,0,0,0,32
6a52541f-1eb4-5e87-8af8-3b8b8fed8bca,INE978G01016,,43,32,0,0
59e788f2-3047-536c-8f4b-d92f34d69bf4,INE979A01025,,0,0,0,32
b994de07-55f8-5c38-b7c3-0ceaa1f9c801,INE979B01015,,0,0,0,32
379a34fc-8fa4-5db4-8e4e-e5abd14c6db1,INE979R01011,,36,32,0,0
773d3d1a-1e79-5f68-a6f3-c865d36adc7a,INE980A01023,,10,32,0,0
4126837a-d0c3-52b7-b7f7-5d2fddaebf01,INE980O01024,,20,32,0,0
da85724a-b425-527a-9aa2-97ff2401d694,INE980Y01015,,31,32,0,0
0d82cf79-8959-5b62-97bb-9c5b6316b012,INE981B01011,,29,32,0,0
9357b548-1ac6-53e2-be68-52ae0e676a33,INE982B01027,,0,0,0,32
95559f23-247b-54f1-a532-83d83ef4a989,INE982F01036,,0,0,0,32
4ca3acf3-7c3a-5933-8ca9-0fbd88c046c8,INE982J01020,0758f9b1-e2ef-4d20-8a54-f9bbb4826a90,55,32,0,0
a93b8232-762f-543b-b61e-ff0e9c4d8b78,INE982R01015,,0,0,0,32
169a20fc-e6fa-57ae-aa60-c07d5ab8f3f3,INE982V01017,,38,32,0,0
060fd98c-fab3-5460-ab44-bf06e4dc3a85,INE982V01025,,0,0,0,32
4d8f600c-32a9-5397-9a34-89fd1a8c1123,INE984A01017,,0,0,0,32
ab6660b4-7347-57b0-8b92-4f9e1612bb54,INE984C01013,,0,0,0,32
e8b736a7-c033-5c01-b9e5-91027e935428,INE985A01022,,31,29,0,1
7a770b1c-1e95-5e43-b2b0-e6cc30457fdd,INE985P01012,,0,0,0,32
2cc56e2a-a347-57ad-91e8-e9abbd00393f,INE985S01024,,48,32,0,0
29c76d49-4688-5659-878a-e0d40574eb47,INE985W01018,,107,32,0,0
28c46fec-c9fb-589e-b6bb-418eb726e1af,INE986A01012,,0,0,0,6
f47464a9-3a9f-57c0-8206-903ae6f75990,INE987A01010,,0,0,0,2
c644b736-db2a-53bf-9155-cb211ee8e455,INE987B01026,b532011d-ff84-4330-8ca5-12114b6ac128,0,0,0,32
95ba8cb6-4622-5c31-bc89-1b49e0263b10,INE987S01020,,11,10,0,0
d66dd4e5-259f-5d24-8aed-31ee69d24b75,INE988A01026,,36,32,0,0
95f07718-7461-55b8-8d17-bd1f8bcc10ec,INE988C01014,,42,32,0,0
5743362b-4890-5f26-b486-394d56c30a48,INE988E01036,,0,0,0,32
31d207ce-7910-51e3-8e4c-7f7c2274c9b3,INE988K01017,,9,32,0,0
60a5a91f-5013-5c6e-9557-bad8a4ceac92,INE988S01028,,29,31,0,1
e70244fa-1f90-5132-a74a-4d3dd3fcd4c2,INE989A01024,,53,7,0,0
854ad460-75d4-5ab4-9526-e266f85cf5c1,INE989A01032,,0,0,0,25
0d19254d-f69b-52c3-90f7-2af7d51d0631,INE989C01012,,9,32,0,0
54f6466f-a4cb-5201-b825-53478cfa7071,INE989C01020,,28,10,0,0
e809fcfa-4713-5a2c-bea1-5ce54733c5c4,INE989C01038,,0,0,0,22
d2bcfd4e-b3ab-5e2c-857b-8aa405b98789,INE991A01012,,0,0,0,32
835d00c1-4a50-5149-a7e4-d5a36408bef8,INE991C01018,,0,0,0,32
bc7b3929-78e2-5353-82eb-44c3ac49b80b,INE991I01015,,24,32,0,0
1db81fa0-5a89-55ab-bbdb-385d6d5ea5cd,INE992B01026,,0,0,0,32
b6389f83-bcc8-505f-992b-00a6be387dc2,INE992I01013,,21,32,0,0
0f8151e9-c562-58b5-869f-c001332507e5,INE992S01012,,0,0,0,32
21a3bbc0-a575-5453-96f0-8b7db5c23f92,INE993A01018,,0,0,0,32
8cb36ac0-38db-55cf-ba4b-9066971aea18,INE993A01026,,47,32,0,0
28775d68-dbb3-59ed-aa37-c64d3ab7384d,INE994E01018,,0,0,0,6
582a9513-fe60-57e2-8d8c-fe8d27b775f1,INE994V01012,,0,0,0,32
e1d1c3a2-0167-5ff9-8780-133e553f2ecf,INE995D01025,,36,32,0,0
dff10fa0-4b79-5d3a-9005-41be3cef2705,INE995S01015,,19,23,0,0
3a6d33e1-9cc6-5674-924f-a868f52a9ca0,INE997I01012,,0,0,0,6
27e35904-e240-5fb2-81ff-9e1c365b2011,INE997Y01019,,28,32,0,0
a15ffe8d-33cd-55c8-8525-555e3a7851f1,INE997Y01027,,0,0,0,32
a611e5c8-93c0-5bbe-a440-5a411056f56a,INE998H01012,,37,32,0,0
5dace8af-7ae6-50c3-8f93-2b86a289cace,INE998I01010,,46,32,0,0
45eab94b-698c-5691-b48a-5292d2d111c4,INE998U01015,,0,0,0,27
a418d2f5-1930-51a6-874d-e435238fafa5,INE999A01015,,27,5,0,0
80601c7b-0e4d-58dd-b6b9-b6cf19b6854e,INE999A01023,,0,0,0,27
1e5e121a-2441-5f66-9430-359e3f30e295,INE999B01013,,35,32,0,0
76b41969-131c-591c-91a7-e4cb65884e90,INE999K01014,,40,32,0,0
