symbol,slice,methodology,requirement_code,prior_selected_status,prior_snapshot_id,prior_selection_id,prior_fresh_total,prior_blocked_total,retained_source_context,remaining_proof,decision_required,next_action,current_replay,final_selected_status
"BANKBARODA","BANK-P1-01","BANK_NBFC_STAGE_8_BANK_V1","ADVANCES_GROWTH_YOY","REVIEW_REQUIRED","ff6163db-fe29-4f23-aae4-cedb9cf94abe","234bd0c6-ca49-4905-98bf-5d79da5bf0a0","6","17","Retained records; exact applicable identity requires current replay","Current period; source identity/scope/freshness; independent canonical qualification","Existing contract","Validate existing record against canonical requirement evaluator","NOT_EXECUTED","NOT_READY"
"BANKBARODA","BANK-P1-01","BANK_NBFC_STAGE_8_BANK_V1","CAPITAL_ADEQUACY_RATIO","REVIEW_REQUIRED","ff6163db-fe29-4f23-aae4-cedb9cf94abe","234bd0c6-ca49-4905-98bf-5d79da5bf0a0","6","17","Existing issuer/Trendlyne research candidates; unapproved semantic contract","Actual source excerpt; strict financial-period/scope/denominator and versioned metric contract","Owner methodology approval","Approve source-backed contract; test then admit exact candidate","NOT_EXECUTED","NOT_READY"
"BANKBARODA","BANK-P1-01","BANK_NBFC_STAGE_8_BANK_V1","CET1_RATIO","REVIEW_REQUIRED","ff6163db-fe29-4f23-aae4-cedb9cf94abe","234bd0c6-ca49-4905-98bf-5d79da5bf0a0","6","17","Existing issuer/Trendlyne research candidates; unapproved semantic contract","Actual source excerpt; strict financial-period/scope/denominator and versioned metric contract","Owner methodology approval","Approve source-backed contract; test then admit exact candidate","NOT_EXECUTED","NOT_READY"
"BANKBARODA","BANK-P1-01","BANK_NBFC_STAGE_8_BANK_V1","DEPOSITS_GROWTH_YOY","REVIEW_REQUIRED","ff6163db-fe29-4f23-aae4-cedb9cf94abe","234bd0c6-ca49-4905-98bf-5d79da5bf0a0","6","17","Retained records; exact applicable identity requires current replay","Current period; source identity/scope/freshness; independent canonical qualification","Existing contract","Validate existing record against canonical requirement evaluator","NOT_EXECUTED","NOT_READY"
"BANKBARODA","BANK-P1-01","BANK_NBFC_STAGE_8_BANK_V1","EPS_GROWTH_YOY","REVIEW_REQUIRED","ff6163db-fe29-4f23-aae4-cedb9cf94abe","234bd0c6-ca49-4905-98bf-5d79da5bf0a0","6","17","Retained records; exact applicable identity requires current replay","Current period; source identity/scope/freshness; independent canonical qualification","Existing contract","Validate existing record against canonical requirement evaluator","NOT_EXECUTED","NOT_READY"
"BANKBARODA","BANK-P1-01","BANK_NBFC_STAGE_8_BANK_V1","EXTERNAL_LONG_TERM_RATING","REVIEW_REQUIRED","ff6163db-fe29-4f23-aae4-cedb9cf94abe","234bd0c6-ca49-4905-98bf-5d79da5bf0a0","6","17","Retained official documentary research archive; no favorable finding presumed","Issuer/rating source identity; original hash; effective period; substantive reviewed finding","Existing contract","Bounded documentary review and append-only adverse/conflict lineage","NOT_EXECUTED","NOT_READY"
"BANKBARODA","BANK-P1-01","BANK_NBFC_STAGE_8_BANK_V1","GOVERNANCE_EVENT_SIGNAL","REVIEW_REQUIRED","ff6163db-fe29-4f23-aae4-cedb9cf94abe","234bd0c6-ca49-4905-98bf-5d79da5bf0a0","6","17","Retained official documentary research archive; no favorable finding presumed","Issuer/rating source identity; original hash; effective period; substantive reviewed finding","Existing contract","Bounded documentary review and append-only adverse/conflict lineage","NOT_EXECUTED","NOT_READY"
"BANKBARODA","BANK-P1-01","BANK_NBFC_STAGE_8_BANK_V1","GROSS_NPA","REVIEW_REQUIRED","ff6163db-fe29-4f23-aae4-cedb9cf94abe","234bd0c6-ca49-4905-98bf-5d79da5bf0a0","6","17","26 qualified delegated June-2026 NPA review ledger across 13 banks","Fresh current canonical full replay and conflict precedence","Existing contract","Reuse accepted NPA review; never duplicate; revalidate","NOT_EXECUTED","NOT_READY"
"BANKBARODA","BANK-P1-01","BANK_NBFC_STAGE_8_BANK_V1","IC3_SNAPSHOT_LINEAGE","REVIEW_REQUIRED","ff6163db-fe29-4f23-aae4-cedb9cf94abe","234bd0c6-ca49-4905-98bf-5d79da5bf0a0","6","17","Historical snapshot lineage FRESH","Current selection/materialization lineage","Existing contract","Recheck when new selection created","NOT_EXECUTED","NOT_READY"
"BANKBARODA","BANK-P1-01","BANK_NBFC_STAGE_8_BANK_V1","INSTITUTIONAL_OWNERSHIP_TREND_4Q","REVIEW_REQUIRED","ff6163db-fe29-4f23-aae4-cedb9cf94abe","234bd0c6-ca49-4905-98bf-5d79da5bf0a0","6","17","Direct Trendlyne ownership series available for all 13","Four consecutive quarter ends; total equity denominator; revisions; selected direct Institutional series","Existing contract","Source-qualify direct Institutional series; no FII/DII/MF synthesis","NOT_EXECUTED","NOT_READY"
"BANKBARODA","BANK-P1-01","BANK_NBFC_STAGE_8_BANK_V1","MAX_DRAWDOWN_1Y","REVIEW_REQUIRED","ff6163db-fe29-4f23-aae4-cedb9cf94abe","234bd0c6-ca49-4905-98bf-5d79da5bf0a0","6","17","October-8 market/benchmark captures and history proof retained","Current completed-session freshness and compatible benchmark","Existing contract","Requalify current completed session and source/return basis","NOT_EXECUTED","NOT_READY"
"BANKBARODA","BANK-P1-01","BANK_NBFC_STAGE_8_BANK_V1","NET_NPA","REVIEW_REQUIRED","ff6163db-fe29-4f23-aae4-cedb9cf94abe","234bd0c6-ca49-4905-98bf-5d79da5bf0a0","6","17","26 qualified delegated June-2026 NPA review ledger across 13 banks","Fresh current canonical full replay and conflict precedence","Existing contract","Reuse accepted NPA review; never duplicate; revalidate","NOT_EXECUTED","NOT_READY"
"BANKBARODA","BANK-P1-01","BANK_NBFC_STAGE_8_BANK_V1","NIM_TTM","REVIEW_REQUIRED","ff6163db-fe29-4f23-aae4-cedb9cf94abe","234bd0c6-ca49-4905-98bf-5d79da5bf0a0","6","17","Existing issuer/Trendlyne research candidates; unapproved semantic contract","Actual source excerpt; strict financial-period/scope/denominator and versioned metric contract","Owner methodology approval","Approve source-backed contract; test then admit exact candidate","NOT_EXECUTED","NOT_READY"
"BANKBARODA","BANK-P1-01","BANK_NBFC_STAGE_8_BANK_V1","PB_ADJUSTED_FOR_ROE","REVIEW_REQUIRED","ff6163db-fe29-4f23-aae4-cedb9cf94abe","234bd0c6-ca49-4905-98bf-5d79da5bf0a0","6","17","Existing issuer/Trendlyne research candidates; unapproved semantic contract","Actual source excerpt; strict financial-period/scope/denominator and versioned metric contract","Owner methodology approval","Approve source-backed contract; test then admit exact candidate","NOT_EXECUTED","NOT_READY"
"BANKBARODA","BANK-P1-01","BANK_NBFC_STAGE_8_BANK_V1","PB_RELATIVE","REVIEW_REQUIRED","ff6163db-fe29-4f23-aae4-cedb9cf94abe","234bd0c6-ca49-4905-98bf-5d79da5bf0a0","6","17","Existing issuer/Trendlyne research candidates; unapproved semantic contract","Actual source excerpt; strict financial-period/scope/denominator and versioned metric contract","Owner methodology approval","Approve source-backed contract; test then admit exact candidate","NOT_EXECUTED","NOT_READY"
"BANKBARODA","BANK-P1-01","BANK_NBFC_STAGE_8_BANK_V1","PE_TTM_RELATIVE","REVIEW_REQUIRED","ff6163db-fe29-4f23-aae4-cedb9cf94abe","234bd0c6-ca49-4905-98bf-5d79da5bf0a0","6","17","Existing issuer/Trendlyne research candidates; unapproved semantic contract","Actual source excerpt; strict financial-period/scope/denominator and versioned metric contract","Owner methodology approval","Approve source-backed contract; test then admit exact candidate","NOT_EXECUTED","NOT_READY"
"BANKBARODA","BANK-P1-01","BANK_NBFC_STAGE_8_BANK_V1","PRICE_MOMENTUM_12M","REVIEW_REQUIRED","ff6163db-fe29-4f23-aae4-cedb9cf94abe","234bd0c6-ca49-4905-98bf-5d79da5bf0a0","6","17","October-8 market/benchmark captures and history proof retained","Current completed-session freshness and compatible benchmark","Existing contract","Requalify current completed session and source/return basis","NOT_EXECUTED","NOT_READY"
"BANKBARODA","BANK-P1-01","BANK_NBFC_STAGE_8_BANK_V1","PRICE_MOMENTUM_6M","REVIEW_REQUIRED","ff6163db-fe29-4f23-aae4-cedb9cf94abe","234bd0c6-ca49-4905-98bf-5d79da5bf0a0","6","17","October-8 market/benchmark captures and history proof retained","Current completed-session freshness and compatible benchmark","Existing contract","Requalify current completed session and source/return basis","NOT_EXECUTED","NOT_READY"
"BANKBARODA","BANK-P1-01","BANK_NBFC_STAGE_8_BANK_V1","RATING_TREND","REVIEW_REQUIRED","ff6163db-fe29-4f23-aae4-cedb9cf94abe","234bd0c6-ca49-4905-98bf-5d79da5bf0a0","6","17","Retained official documentary research archive; no favorable finding presumed","Issuer/rating source identity; original hash; effective period; substantive reviewed finding","Existing contract","Bounded documentary review and append-only adverse/conflict lineage","NOT_EXECUTED","NOT_READY"
"BANKBARODA","BANK-P1-01","BANK_NBFC_STAGE_8_BANK_V1","RELATIVE_STRENGTH_12M","REVIEW_REQUIRED","ff6163db-fe29-4f23-aae4-cedb9cf94abe","234bd0c6-ca49-4905-98bf-5d79da5bf0a0","6","17","October-8 market/benchmark captures and history proof retained","Current completed-session freshness and compatible benchmark","Existing contract","Requalify current completed session and source/return basis","NOT_EXECUTED","NOT_READY"
"BANKBARODA","BANK-P1-01","BANK_NBFC_STAGE_8_BANK_V1","ROA_ANNUAL","REVIEW_REQUIRED","ff6163db-fe29-4f23-aae4-cedb9cf94abe","234bd0c6-ca49-4905-98bf-5d79da5bf0a0","6","17","Existing issuer/Trendlyne research candidates; unapproved semantic contract","Actual source excerpt; strict financial-period/scope/denominator and versioned metric contract","Owner methodology approval","Approve source-backed contract; test then admit exact candidate","NOT_EXECUTED","NOT_READY"
"BANKBARODA","BANK-P1-01","BANK_NBFC_STAGE_8_BANK_V1","ROE_ANNUAL","REVIEW_REQUIRED","ff6163db-fe29-4f23-aae4-cedb9cf94abe","234bd0c6-ca49-4905-98bf-5d79da5bf0a0","6","17","Native annual roea capture for all 13","Fiscal year start/end, scope, denominator, publication and original record lineage","Existing contract","Admit only verified annual ROE with active definition","NOT_EXECUTED","NOT_READY"
"BANKBARODA","BANK-P1-01","BANK_NBFC_STAGE_8_BANK_V1","VOLATILITY_RELATIVE","REVIEW_REQUIRED","ff6163db-fe29-4f23-aae4-cedb9cf94abe","234bd0c6-ca49-4905-98bf-5d79da5bf0a0","6","17","October-8 market/benchmark captures and history proof retained","Current completed-session freshness and compatible benchmark","Existing contract","Requalify current completed session and source/return basis","NOT_EXECUTED","NOT_READY"
"ICICIBANK","BANK-P1-01","BANK_NBFC_STAGE_8_BANK_V1","ADVANCES_GROWTH_YOY","REVIEW_REQUIRED","cd640846-2474-4b3d-abb0-f302c5a7bd89","fd45e8c9-69ad-4884-8bc8-b9563310a5d9","6","17","Retained records; exact applicable identity requires current replay","Current period; source identity/scope/freshness; independent canonical qualification","Existing contract","Validate existing record against canonical requirement evaluator","NOT_EXECUTED","NOT_READY"
"ICICIBANK","BANK-P1-01","BANK_NBFC_STAGE_8_BANK_V1","CAPITAL_ADEQUACY_RATIO","REVIEW_REQUIRED","cd640846-2474-4b3d-abb0-f302c5a7bd89","fd45e8c9-69ad-4884-8bc8-b9563310a5d9","6","17","Existing issuer/Trendlyne research candidates; unapproved semantic contract","Actual source excerpt; strict financial-period/scope/denominator and versioned metric contract","Owner methodology approval","Approve source-backed contract; test then admit exact candidate","NOT_EXECUTED","NOT_READY"
"ICICIBANK","BANK-P1-01","BANK_NBFC_STAGE_8_BANK_V1","CET1_RATIO","REVIEW_REQUIRED","cd640846-2474-4b3d-abb0-f302c5a7bd89","fd45e8c9-69ad-4884-8bc8-b9563310a5d9","6","17","Existing issuer/Trendlyne research candidates; unapproved semantic contract","Actual source excerpt; strict financial-period/scope/denominator and versioned metric contract","Owner methodology approval","Approve source-backed contract; test then admit exact candidate","NOT_EXECUTED","NOT_READY"
"ICICIBANK","BANK-P1-01","BANK_NBFC_STAGE_8_BANK_V1","DEPOSITS_GROWTH_YOY","REVIEW_REQUIRED","cd640846-2474-4b3d-abb0-f302c5a7bd89","fd45e8c9-69ad-4884-8bc8-b9563310a5d9","6","17","Retained records; exact applicable identity requires current replay","Current period; source identity/scope/freshness; independent canonical qualification","Existing contract","Validate existing record against canonical requirement evaluator","NOT_EXECUTED","NOT_READY"
"ICICIBANK","BANK-P1-01","BANK_NBFC_STAGE_8_BANK_V1","EPS_GROWTH_YOY","REVIEW_REQUIRED","cd640846-2474-4b3d-abb0-f302c5a7bd89","fd45e8c9-69ad-4884-8bc8-b9563310a5d9","6","17","Retained records; exact applicable identity requires current replay","Current period; source identity/scope/freshness; independent canonical qualification","Existing contract","Validate existing record against canonical requirement evaluator","NOT_EXECUTED","NOT_READY"
"ICICIBANK","BANK-P1-01","BANK_NBFC_STAGE_8_BANK_V1","EXTERNAL_LONG_TERM_RATING","REVIEW_REQUIRED","cd640846-2474-4b3d-abb0-f302c5a7bd89","fd45e8c9-69ad-4884-8bc8-b9563310a5d9","6","17","Retained official documentary research archive; no favorable finding presumed","Issuer/rating source identity; original hash; effective period; substantive reviewed finding","Existing contract","Bounded documentary review and append-only adverse/conflict lineage","NOT_EXECUTED","NOT_READY"
"ICICIBANK","BANK-P1-01","BANK_NBFC_STAGE_8_BANK_V1","GOVERNANCE_EVENT_SIGNAL","REVIEW_REQUIRED","cd640846-2474-4b3d-abb0-f302c5a7bd89","fd45e8c9-69ad-4884-8bc8-b9563310a5d9","6","17","Retained official documentary research archive; no favorable finding presumed","Issuer/rating source identity; original hash; effective period; substantive reviewed finding","Existing contract","Bounded documentary review and append-only adverse/conflict lineage","NOT_EXECUTED","NOT_READY"
"ICICIBANK","BANK-P1-01","BANK_NBFC_STAGE_8_BANK_V1","GROSS_NPA","REVIEW_REQUIRED","cd640846-2474-4b3d-abb0-f302c5a7bd89","fd45e8c9-69ad-4884-8bc8-b9563310a5d9","6","17","26 qualified delegated June-2026 NPA review ledger across 13 banks","Fresh current canonical full replay and conflict precedence","Existing contract","Reuse accepted NPA review; never duplicate; revalidate","NOT_EXECUTED","NOT_READY"
"ICICIBANK","BANK-P1-01","BANK_NBFC_STAGE_8_BANK_V1","IC3_SNAPSHOT_LINEAGE","REVIEW_REQUIRED","cd640846-2474-4b3d-abb0-f302c5a7bd89","fd45e8c9-69ad-4884-8bc8-b9563310a5d9","6","17","Historical snapshot lineage FRESH","Current selection/materialization lineage","Existing contract","Recheck when new selection created","NOT_EXECUTED","NOT_READY"
"ICICIBANK","BANK-P1-01","BANK_NBFC_STAGE_8_BANK_V1","INSTITUTIONAL_OWNERSHIP_TREND_4Q","REVIEW_REQUIRED","cd640846-2474-4b3d-abb0-f302c5a7bd89","fd45e8c9-69ad-4884-8bc8-b9563310a5d9","6","17","Direct Trendlyne ownership series available for all 13","Four consecutive quarter ends; total equity denominator; revisions; selected direct Institutional series","Existing contract","Source-qualify direct Institutional series; no FII/DII/MF synthesis","NOT_EXECUTED","NOT_READY"
"ICICIBANK","BANK-P1-01","BANK_NBFC_STAGE_8_BANK_V1","MAX_DRAWDOWN_1Y","REVIEW_REQUIRED","cd640846-2474-4b3d-abb0-f302c5a7bd89","fd45e8c9-69ad-4884-8bc8-b9563310a5d9","6","17","October-8 market/benchmark captures and history proof retained","Current completed-session freshness and compatible benchmark","Existing contract","Requalify current completed session and source/return basis","NOT_EXECUTED","NOT_READY"
"ICICIBANK","BANK-P1-01","BANK_NBFC_STAGE_8_BANK_V1","NET_NPA","REVIEW_REQUIRED","cd640846-2474-4b3d-abb0-f302c5a7bd89","fd45e8c9-69ad-4884-8bc8-b9563310a5d9","6","17","26 qualified delegated June-2026 NPA review ledger across 13 banks","Fresh current canonical full replay and conflict precedence","Existing contract","Reuse accepted NPA review; never duplicate; revalidate","NOT_EXECUTED","NOT_READY"
"ICICIBANK","BANK-P1-01","BANK_NBFC_STAGE_8_BANK_V1","NIM_TTM","REVIEW_REQUIRED","cd640846-2474-4b3d-abb0-f302c5a7bd89","fd45e8c9-69ad-4884-8bc8-b9563310a5d9","6","17","Existing issuer/Trendlyne research candidates; unapproved semantic contract","Actual source excerpt; strict financial-period/scope/denominator and versioned metric contract","Owner methodology approval","Approve source-backed contract; test then admit exact candidate","NOT_EXECUTED","NOT_READY"
"ICICIBANK","BANK-P1-01","BANK_NBFC_STAGE_8_BANK_V1","PB_ADJUSTED_FOR_ROE","REVIEW_REQUIRED","cd640846-2474-4b3d-abb0-f302c5a7bd89","fd45e8c9-69ad-4884-8bc8-b9563310a5d9","6","17","Existing issuer/Trendlyne research candidates; unapproved semantic contract","Actual source excerpt; strict financial-period/scope/denominator and versioned metric contract","Owner methodology approval","Approve source-backed contract; test then admit exact candidate","NOT_EXECUTED","NOT_READY"
"ICICIBANK","BANK-P1-01","BANK_NBFC_STAGE_8_BANK_V1","PB_RELATIVE","REVIEW_REQUIRED","cd640846-2474-4b3d-abb0-f302c5a7bd89","fd45e8c9-69ad-4884-8bc8-b9563310a5d9","6","17","Existing issuer/Trendlyne research candidates; unapproved semantic contract","Actual source excerpt; strict financial-period/scope/denominator and versioned metric contract","Owner methodology approval","Approve source-backed contract; test then admit exact candidate","NOT_EXECUTED","NOT_READY"
"ICICIBANK","BANK-P1-01","BANK_NBFC_STAGE_8_BANK_V1","PE_TTM_RELATIVE","REVIEW_REQUIRED","cd640846-2474-4b3d-abb0-f302c5a7bd89","fd45e8c9-69ad-4884-8bc8-b9563310a5d9","6","17","Existing issuer/Trendlyne research candidates; unapproved semantic contract","Actual source excerpt; strict financial-period/scope/denominator and versioned metric contract","Owner methodology approval","Approve source-backed contract; test then admit exact candidate","NOT_EXECUTED","NOT_READY"
"ICICIBANK","BANK-P1-01","BANK_NBFC_STAGE_8_BANK_V1","PRICE_MOMENTUM_12M","REVIEW_REQUIRED","cd640846-2474-4b3d-abb0-f302c5a7bd89","fd45e8c9-69ad-4884-8bc8-b9563310a5d9","6","17","October-8 market/benchmark captures and history proof retained","Current completed-session freshness and compatible benchmark","Existing contract","Requalify current completed session and source/return basis","NOT_EXECUTED","NOT_READY"
"ICICIBANK","BANK-P1-01","BANK_NBFC_STAGE_8_BANK_V1","PRICE_MOMENTUM_6M","REVIEW_REQUIRED","cd640846-2474-4b3d-abb0-f302c5a7bd89","fd45e8c9-69ad-4884-8bc8-b9563310a5d9","6","17","October-8 market/benchmark captures and history proof retained","Current completed-session freshness and compatible benchmark","Existing contract","Requalify current completed session and source/return basis","NOT_EXECUTED","NOT_READY"
"ICICIBANK","BANK-P1-01","BANK_NBFC_STAGE_8_BANK_V1","RATING_TREND","REVIEW_REQUIRED","cd640846-2474-4b3d-abb0-f302c5a7bd89","fd45e8c9-69ad-4884-8bc8-b9563310a5d9","6","17","Retained official documentary research archive; no favorable finding presumed","Issuer/rating source identity; original hash; effective period; substantive reviewed finding","Existing contract","Bounded documentary review and append-only adverse/conflict lineage","NOT_EXECUTED","NOT_READY"
"ICICIBANK","BANK-P1-01","BANK_NBFC_STAGE_8_BANK_V1","RELATIVE_STRENGTH_12M","REVIEW_REQUIRED","cd640846-2474-4b3d-abb0-f302c5a7bd89","fd45e8c9-69ad-4884-8bc8-b9563310a5d9","6","17","October-8 market/benchmark captures and history proof retained","Current completed-session freshness and compatible benchmark","Existing contract","Requalify current completed session and source/return basis","NOT_EXECUTED","NOT_READY"
"ICICIBANK","BANK-P1-01","BANK_NBFC_STAGE_8_BANK_V1","ROA_ANNUAL","REVIEW_REQUIRED","cd640846-2474-4b3d-abb0-f302c5a7bd89","fd45e8c9-69ad-4884-8bc8-b9563310a5d9","6","17","Existing issuer/Trendlyne research candidates; unapproved semantic contract","Actual source excerpt; strict financial-period/scope/denominator and versioned metric contract","Owner methodology approval","Approve source-backed contract; test then admit exact candidate","NOT_EXECUTED","NOT_READY"
"ICICIBANK","BANK-P1-01","BANK_NBFC_STAGE_8_BANK_V1","ROE_ANNUAL","REVIEW_REQUIRED","cd640846-2474-4b3d-abb0-f302c5a7bd89","fd45e8c9-69ad-4884-8bc8-b9563310a5d9","6","17","Native annual roea capture for all 13","Fiscal year start/end, scope, denominator, publication and original record lineage","Existing contract","Admit only verified annual ROE with active definition","NOT_EXECUTED","NOT_READY"
"ICICIBANK","BANK-P1-01","BANK_NBFC_STAGE_8_BANK_V1","VOLATILITY_RELATIVE","REVIEW_REQUIRED","cd640846-2474-4b3d-abb0-f302c5a7bd89","fd45e8c9-69ad-4884-8bc8-b9563310a5d9","6","17","October-8 market/benchmark captures and history proof retained","Current completed-session freshness and compatible benchmark","Existing contract","Requalify current completed session and source/return basis","NOT_EXECUTED","NOT_READY"
"SBIN","BANK-P1-01","BANK_NBFC_STAGE_8_BANK_V1","ADVANCES_GROWTH_YOY","REVIEW_REQUIRED","e2470e85-10e0-430b-a1fe-6569518c5f87","0ee17b88-68f2-4cc5-8f25-abf33b11bb09","1","22","Retained records; exact applicable identity requires current replay","Current period; source identity/scope/freshness; independent canonical qualification","Existing contract","Validate existing record against canonical requirement evaluator","NOT_EXECUTED","NOT_READY"
"SBIN","BANK-P1-01","BANK_NBFC_STAGE_8_BANK_V1","CAPITAL_ADEQUACY_RATIO","REVIEW_REQUIRED","e2470e85-10e0-430b-a1fe-6569518c5f87","0ee17b88-68f2-4cc5-8f25-abf33b11bb09","1","22","Existing issuer/Trendlyne research candidates; unapproved semantic contract","Actual source excerpt; strict financial-period/scope/denominator and versioned metric contract","Owner methodology approval","Approve source-backed contract; test then admit exact candidate","NOT_EXECUTED","NOT_READY"
"SBIN","BANK-P1-01","BANK_NBFC_STAGE_8_BANK_V1","CET1_RATIO","REVIEW_REQUIRED","e2470e85-10e0-430b-a1fe-6569518c5f87","0ee17b88-68f2-4cc5-8f25-abf33b11bb09","1","22","Existing issuer/Trendlyne research candidates; unapproved semantic contract","Actual source excerpt; strict financial-period/scope/denominator and versioned metric contract","Owner methodology approval","Approve source-backed contract; test then admit exact candidate","NOT_EXECUTED","NOT_READY"
"SBIN","BANK-P1-01","BANK_NBFC_STAGE_8_BANK_V1","DEPOSITS_GROWTH_YOY","REVIEW_REQUIRED","e2470e85-10e0-430b-a1fe-6569518c5f87","0ee17b88-68f2-4cc5-8f25-abf33b11bb09","1","22","Retained records; exact applicable identity requires current replay","Current period; source identity/scope/freshness; independent canonical qualification","Existing contract","Validate existing record against canonical requirement evaluator","NOT_EXECUTED","NOT_READY"
"SBIN","BANK-P1-01","BANK_NBFC_STAGE_8_BANK_V1","EPS_GROWTH_YOY","REVIEW_REQUIRED","e2470e85-10e0-430b-a1fe-6569518c5f87","0ee17b88-68f2-4cc5-8f25-abf33b11bb09","1","22","Retained records; exact applicable identity requires current replay","Current period; source identity/scope/freshness; independent canonical qualification","Existing contract","Validate existing record against canonical requirement evaluator","NOT_EXECUTED","NOT_READY"
"SBIN","BANK-P1-01","BANK_NBFC_STAGE_8_BANK_V1","EXTERNAL_LONG_TERM_RATING","REVIEW_REQUIRED","e2470e85-10e0-430b-a1fe-6569518c5f87","0ee17b88-68f2-4cc5-8f25-abf33b11bb09","1","22","Retained official documentary research archive; no favorable finding presumed","Issuer/rating source identity; original hash; effective period; substantive reviewed finding","Existing contract","Bounded documentary review and append-only adverse/conflict lineage","NOT_EXECUTED","NOT_READY"
"SBIN","BANK-P1-01","BANK_NBFC_STAGE_8_BANK_V1","GOVERNANCE_EVENT_SIGNAL","REVIEW_REQUIRED","e2470e85-10e0-430b-a1fe-6569518c5f87","0ee17b88-68f2-4cc5-8f25-abf33b11bb09","1","22","Retained official documentary research archive; no favorable finding presumed","Issuer/rating source identity; original hash; effective period; substantive reviewed finding","Existing contract","Bounded documentary review and append-only adverse/conflict lineage","NOT_EXECUTED","NOT_READY"
"SBIN","BANK-P1-01","BANK_NBFC_STAGE_8_BANK_V1","GROSS_NPA","REVIEW_REQUIRED","e2470e85-10e0-430b-a1fe-6569518c5f87","0ee17b88-68f2-4cc5-8f25-abf33b11bb09","1","22","26 qualified delegated June-2026 NPA review ledger across 13 banks","Fresh current canonical full replay and conflict precedence","Existing contract","Reuse accepted NPA review; never duplicate; revalidate","NOT_EXECUTED","NOT_READY"
"SBIN","BANK-P1-01","BANK_NBFC_STAGE_8_BANK_V1","IC3_SNAPSHOT_LINEAGE","REVIEW_REQUIRED","e2470e85-10e0-430b-a1fe-6569518c5f87","0ee17b88-68f2-4cc5-8f25-abf33b11bb09","1","22","Historical snapshot lineage FRESH","Current selection/materialization lineage","Existing contract","Recheck when new selection created","NOT_EXECUTED","NOT_READY"
"SBIN","BANK-P1-01","BANK_NBFC_STAGE_8_BANK_V1","INSTITUTIONAL_OWNERSHIP_TREND_4Q","REVIEW_REQUIRED","e2470e85-10e0-430b-a1fe-6569518c5f87","0ee17b88-68f2-4cc5-8f25-abf33b11bb09","1","22","Direct Trendlyne ownership series available for all 13","Four consecutive quarter ends; total equity denominator; revisions; selected direct Institutional series","Existing contract","Source-qualify direct Institutional series; no FII/DII/MF synthesis","NOT_EXECUTED","NOT_READY"
"SBIN","BANK-P1-01","BANK_NBFC_STAGE_8_BANK_V1","MAX_DRAWDOWN_1Y","REVIEW_REQUIRED","e2470e85-10e0-430b-a1fe-6569518c5f87","0ee17b88-68f2-4cc5-8f25-abf33b11bb09","1","22","October-8 market/benchmark captures and history proof retained","Adjustment/calendar-alignment proof","Existing contract","Requalify current completed session and source/return basis","NOT_EXECUTED","NOT_READY"
"SBIN","BANK-P1-01","BANK_NBFC_STAGE_8_BANK_V1","NET_NPA","REVIEW_REQUIRED","e2470e85-10e0-430b-a1fe-6569518c5f87","0ee17b88-68f2-4cc5-8f25-abf33b11bb09","1","22","26 qualified delegated June-2026 NPA review ledger across 13 banks","Fresh current canonical full replay and conflict precedence","Existing contract","Reuse accepted NPA review; never duplicate; revalidate","NOT_EXECUTED","NOT_READY"
"SBIN","BANK-P1-01","BANK_NBFC_STAGE_8_BANK_V1","NIM_TTM","REVIEW_REQUIRED","e2470e85-10e0-430b-a1fe-6569518c5f87","0ee17b88-68f2-4cc5-8f25-abf33b11bb09","1","22","Existing issuer/Trendlyne research candidates; unapproved semantic contract","Actual source excerpt; strict financial-period/scope/denominator and versioned metric contract","Owner methodology approval","Approve source-backed contract; test then admit exact candidate","NOT_EXECUTED","NOT_READY"
"SBIN","BANK-P1-01","BANK_NBFC_STAGE_8_BANK_V1","PB_ADJUSTED_FOR_ROE","REVIEW_REQUIRED","e2470e85-10e0-430b-a1fe-6569518c5f87","0ee17b88-68f2-4cc5-8f25-abf33b11bb09","1","22","Existing issuer/Trendlyne research candidates; unapproved semantic contract","Actual source excerpt; strict financial-period/scope/denominator and versioned metric contract","Owner methodology approval","Approve source-backed contract; test then admit exact candidate","NOT_EXECUTED","NOT_READY"
"SBIN","BANK-P1-01","BANK_NBFC_STAGE_8_BANK_V1","PB_RELATIVE","REVIEW_REQUIRED","e2470e85-10e0-430b-a1fe-6569518c5f87","0ee17b88-68f2-4cc5-8f25-abf33b11bb09","1","22","Existing issuer/Trendlyne research candidates; unapproved semantic contract","Actual source excerpt; strict financial-period/scope/denominator and versioned metric contract","Owner methodology approval","Approve source-backed contract; test then admit exact candidate","NOT_EXECUTED","NOT_READY"
"SBIN","BANK-P1-01","BANK_NBFC_STAGE_8_BANK_V1","PE_TTM_RELATIVE","REVIEW_REQUIRED","e2470e85-10e0-430b-a1fe-6569518c5f87","0ee17b88-68f2-4cc5-8f25-abf33b11bb09","1","22","Existing issuer/Trendlyne research candidates; unapproved semantic contract","Actual source excerpt; strict financial-period/scope/denominator and versioned metric contract","Owner methodology approval","Approve source-backed contract; test then admit exact candidate","NOT_EXECUTED","NOT_READY"
"SBIN","BANK-P1-01","BANK_NBFC_STAGE_8_BANK_V1","PRICE_MOMENTUM_12M","REVIEW_REQUIRED","e2470e85-10e0-430b-a1fe-6569518c5f87","0ee17b88-68f2-4cc5-8f25-abf33b11bb09","1","22","October-8 market/benchmark captures and history proof retained","Adjustment/calendar-alignment proof","Existing contract","Requalify current completed session and source/return basis","NOT_EXECUTED","NOT_READY"
"SBIN","BANK-P1-01","BANK_NBFC_STAGE_8_BANK_V1","PRICE_MOMENTUM_6M","REVIEW_REQUIRED","e2470e85-10e0-430b-a1fe-6569518c5f87","0ee17b88-68f2-4cc5-8f25-abf33b11bb09","1","22","October-8 market/benchmark captures and history proof retained","Adjustment/calendar-alignment proof","Existing contract","Requalify current completed session and source/return basis","NOT_EXECUTED","NOT_READY"
"SBIN","BANK-P1-01","BANK_NBFC_STAGE_8_BANK_V1","RATING_TREND","REVIEW_REQUIRED","e2470e85-10e0-430b-a1fe-6569518c5f87","0ee17b88-68f2-4cc5-8f25-abf33b11bb09","1","22","Retained official documentary research archive; no favorable finding presumed","Issuer/rating source identity; original hash; effective period; substantive reviewed finding","Existing contract","Bounded documentary review and append-only adverse/conflict lineage","NOT_EXECUTED","NOT_READY"
"SBIN","BANK-P1-01","BANK_NBFC_STAGE_8_BANK_V1","RELATIVE_STRENGTH_12M","REVIEW_REQUIRED","e2470e85-10e0-430b-a1fe-6569518c5f87","0ee17b88-68f2-4cc5-8f25-abf33b11bb09","1","22","October-8 market/benchmark captures and history proof retained","Adjustment/calendar-alignment proof","Existing contract","Requalify current completed session and source/return basis","NOT_EXECUTED","NOT_READY"
"SBIN","BANK-P1-01","BANK_NBFC_STAGE_8_BANK_V1","ROA_ANNUAL","REVIEW_REQUIRED","e2470e85-10e0-430b-a1fe-6569518c5f87","0ee17b88-68f2-4cc5-8f25-abf33b11bb09","1","22","Existing issuer/Trendlyne research candidates; unapproved semantic contract","Actual source excerpt; strict financial-period/scope/denominator and versioned metric contract","Owner methodology approval","Approve source-backed contract; test then admit exact candidate","NOT_EXECUTED","NOT_READY"
"SBIN","BANK-P1-01","BANK_NBFC_STAGE_8_BANK_V1","ROE_ANNUAL","REVIEW_REQUIRED","e2470e85-10e0-430b-a1fe-6569518c5f87","0ee17b88-68f2-4cc5-8f25-abf33b11bb09","1","22","Native annual roea capture for all 13","Fiscal year start/end, scope, denominator, publication and original record lineage","Existing contract","Admit only verified annual ROE with active definition","NOT_EXECUTED","NOT_READY"
"SBIN","BANK-P1-01","BANK_NBFC_STAGE_8_BANK_V1","VOLATILITY_RELATIVE","REVIEW_REQUIRED","e2470e85-10e0-430b-a1fe-6569518c5f87","0ee17b88-68f2-4cc5-8f25-abf33b11bb09","1","22","October-8 market/benchmark captures and history proof retained","Adjustment/calendar-alignment proof","Existing contract","Requalify current completed session and source/return basis","NOT_EXECUTED","NOT_READY"
"FEDERALBNK","BANK-P1-01","BANK_NBFC_STAGE_8_BANK_V1","ADVANCES_GROWTH_YOY","REVIEW_REQUIRED","3696242d-eb86-42e8-8dc7-152c5a40231b","ceae2763-8259-4270-8e67-03782697e710","6","17","Retained records; exact applicable identity requires current replay","Current period; source identity/scope/freshness; independent canonical qualification","Existing contract","Validate existing record against canonical requirement evaluator","NOT_EXECUTED","NOT_READY"
"FEDERALBNK","BANK-P1-01","BANK_NBFC_STAGE_8_BANK_V1","CAPITAL_ADEQUACY_RATIO","REVIEW_REQUIRED","3696242d-eb86-42e8-8dc7-152c5a40231b","ceae2763-8259-4270-8e67-03782697e710","6","17","Existing issuer/Trendlyne research candidates; unapproved semantic contract","Actual source excerpt; strict financial-period/scope/denominator and versioned metric contract","Owner methodology approval","Approve source-backed contract; test then admit exact candidate","NOT_EXECUTED","NOT_READY"
"FEDERALBNK","BANK-P1-01","BANK_NBFC_STAGE_8_BANK_V1","CET1_RATIO","REVIEW_REQUIRED","3696242d-eb86-42e8-8dc7-152c5a40231b","ceae2763-8259-4270-8e67-03782697e710","6","17","Existing issuer/Trendlyne research candidates; unapproved semantic contract","Actual source excerpt; strict financial-period/scope/denominator and versioned metric contract","Owner methodology approval","Approve source-backed contract; test then admit exact candidate","NOT_EXECUTED","NOT_READY"
"FEDERALBNK","BANK-P1-01","BANK_NBFC_STAGE_8_BANK_V1","DEPOSITS_GROWTH_YOY","REVIEW_REQUIRED","3696242d-eb86-42e8-8dc7-152c5a40231b","ceae2763-8259-4270-8e67-03782697e710","6","17","Retained records; exact applicable identity requires current replay","Current period; source identity/scope/freshness; independent canonical qualification","Existing contract","Validate existing record against canonical requirement evaluator","NOT_EXECUTED","NOT_READY"
"FEDERALBNK","BANK-P1-01","BANK_NBFC_STAGE_8_BANK_V1","EPS_GROWTH_YOY","REVIEW_REQUIRED","3696242d-eb86-42e8-8dc7-152c5a40231b","ceae2763-8259-4270-8e67-03782697e710","6","17","Retained records; exact applicable identity requires current replay","Current period; source identity/scope/freshness; independent canonical qualification","Existing contract","Validate existing record against canonical requirement evaluator","NOT_EXECUTED","NOT_READY"
"FEDERALBNK","BANK-P1-01","BANK_NBFC_STAGE_8_BANK_V1","EXTERNAL_LONG_TERM_RATING","REVIEW_REQUIRED","3696242d-eb86-42e8-8dc7-152c5a40231b","ceae2763-8259-4270-8e67-03782697e710","6","17","Retained official documentary research archive; no favorable finding presumed","Issuer/rating source identity; original hash; effective period; substantive reviewed finding","Existing contract","Bounded documentary review and append-only adverse/conflict lineage","NOT_EXECUTED","NOT_READY"
"FEDERALBNK","BANK-P1-01","BANK_NBFC_STAGE_8_BANK_V1","GOVERNANCE_EVENT_SIGNAL","REVIEW_REQUIRED","3696242d-eb86-42e8-8dc7-152c5a40231b","ceae2763-8259-4270-8e67-03782697e710","6","17","Retained official documentary research archive; no favorable finding presumed","Issuer/rating source identity; original hash; effective period; substantive reviewed finding","Existing contract","Bounded documentary review and append-only adverse/conflict lineage","NOT_EXECUTED","NOT_READY"
"FEDERALBNK","BANK-P1-01","BANK_NBFC_STAGE_8_BANK_V1","GROSS_NPA","REVIEW_REQUIRED","3696242d-eb86-42e8-8dc7-152c5a40231b","ceae2763-8259-4270-8e67-03782697e710","6","17","26 qualified delegated June-2026 NPA review ledger across 13 banks","Fresh current canonical full replay and conflict precedence","Existing contract","Reuse accepted NPA review; never duplicate; revalidate","NOT_EXECUTED","NOT_READY"
"FEDERALBNK","BANK-P1-01","BANK_NBFC_STAGE_8_BANK_V1","IC3_SNAPSHOT_LINEAGE","REVIEW_REQUIRED","3696242d-eb86-42e8-8dc7-152c5a40231b","ceae2763-8259-4270-8e67-03782697e710","6","17","Historical snapshot lineage FRESH","Current selection/materialization lineage","Existing contract","Recheck when new selection created","NOT_EXECUTED","NOT_READY"
"FEDERALBNK","BANK-P1-01","BANK_NBFC_STAGE_8_BANK_V1","INSTITUTIONAL_OWNERSHIP_TREND_4Q","REVIEW_REQUIRED","3696242d-eb86-42e8-8dc7-152c5a40231b","ceae2763-8259-4270-8e67-03782697e710","6","17","Direct Trendlyne ownership series available for all 13","Four consecutive quarter ends; total equity denominator; revisions; selected direct Institutional series","Existing contract","Source-qualify direct Institutional series; no FII/DII/MF synthesis","NOT_EXECUTED","NOT_READY"
"FEDERALBNK","BANK-P1-01","BANK_NBFC_STAGE_8_BANK_V1","MAX_DRAWDOWN_1Y","REVIEW_REQUIRED","3696242d-eb86-42e8-8dc7-152c5a40231b","ceae2763-8259-4270-8e67-03782697e710","6","17","October-8 market/benchmark captures and history proof retained","Current completed-session freshness and compatible benchmark","Existing contract","Requalify current completed session and source/return basis","NOT_EXECUTED","NOT_READY"
"FEDERALBNK","BANK-P1-01","BANK_NBFC_STAGE_8_BANK_V1","NET_NPA","REVIEW_REQUIRED","3696242d-eb86-42e8-8dc7-152c5a40231b","ceae2763-8259-4270-8e67-03782697e710","6","17","26 qualified delegated June-2026 NPA review ledger across 13 banks","Fresh current canonical full replay and conflict precedence","Existing contract","Reuse accepted NPA review; never duplicate; revalidate","NOT_EXECUTED","NOT_READY"
"FEDERALBNK","BANK-P1-01","BANK_NBFC_STAGE_8_BANK_V1","NIM_TTM","REVIEW_REQUIRED","3696242d-eb86-42e8-8dc7-152c5a40231b","ceae2763-8259-4270-8e67-03782697e710","6","17","Existing issuer/Trendlyne research candidates; unapproved semantic contract","Actual source excerpt; strict financial-period/scope/denominator and versioned metric contract","Owner methodology approval","Approve source-backed contract; test then admit exact candidate","NOT_EXECUTED","NOT_READY"
"FEDERALBNK","BANK-P1-01","BANK_NBFC_STAGE_8_BANK_V1","PB_ADJUSTED_FOR_ROE","REVIEW_REQUIRED","3696242d-eb86-42e8-8dc7-152c5a40231b","ceae2763-8259-4270-8e67-03782697e710","6","17","Existing issuer/Trendlyne research candidates; unapproved semantic contract","Actual source excerpt; strict financial-period/scope/denominator and versioned metric contract","Owner methodology approval","Approve source-backed contract; test then admit exact candidate","NOT_EXECUTED","NOT_READY"
"FEDERALBNK","BANK-P1-01","BANK_NBFC_STAGE_8_BANK_V1","PB_RELATIVE","REVIEW_REQUIRED","3696242d-eb86-42e8-8dc7-152c5a40231b","ceae2763-8259-4270-8e67-03782697e710","6","17","Existing issuer/Trendlyne research candidates; unapproved semantic contract","Actual source excerpt; strict financial-period/scope/denominator and versioned metric contract","Owner methodology approval","Approve source-backed contract; test then admit exact candidate","NOT_EXECUTED","NOT_READY"
"FEDERALBNK","BANK-P1-01","BANK_NBFC_STAGE_8_BANK_V1","PE_TTM_RELATIVE","REVIEW_REQUIRED","3696242d-eb86-42e8-8dc7-152c5a40231b","ceae2763-8259-4270-8e67-03782697e710","6","17","Existing issuer/Trendlyne research candidates; unapproved semantic contract","Actual source excerpt; strict financial-period/scope/denominator and versioned metric contract","Owner methodology approval","Approve source-backed contract; test then admit exact candidate","NOT_EXECUTED","NOT_READY"
"FEDERALBNK","BANK-P1-01","BANK_NBFC_STAGE_8_BANK_V1","PRICE_MOMENTUM_12M","REVIEW_REQUIRED","3696242d-eb86-42e8-8dc7-152c5a40231b","ceae2763-8259-4270-8e67-03782697e710","6","17","October-8 market/benchmark captures and history proof retained","Current completed-session freshness and compatible benchmark","Existing contract","Requalify current completed session and source/return basis","NOT_EXECUTED","NOT_READY"
"FEDERALBNK","BANK-P1-01","BANK_NBFC_STAGE_8_BANK_V1","PRICE_MOMENTUM_6M","REVIEW_REQUIRED","3696242d-eb86-42e8-8dc7-152c5a40231b","ceae2763-8259-4270-8e67-03782697e710","6","17","October-8 market/benchmark captures and history proof retained","Current completed-session freshness and compatible benchmark","Existing contract","Requalify current completed session and source/return basis","NOT_EXECUTED","NOT_READY"
"FEDERALBNK","BANK-P1-01","BANK_NBFC_STAGE_8_BANK_V1","RATING_TREND","REVIEW_REQUIRED","3696242d-eb86-42e8-8dc7-152c5a40231b","ceae2763-8259-4270-8e67-03782697e710","6","17","Retained official documentary research archive; no favorable finding presumed","Issuer/rating source identity; original hash; effective period; substantive reviewed finding","Existing contract","Bounded documentary review and append-only adverse/conflict lineage","NOT_EXECUTED","NOT_READY"
"FEDERALBNK","BANK-P1-01","BANK_NBFC_STAGE_8_BANK_V1","RELATIVE_STRENGTH_12M","REVIEW_REQUIRED","3696242d-eb86-42e8-8dc7-152c5a40231b","ceae2763-8259-4270-8e67-03782697e710","6","17","October-8 market/benchmark captures and history proof retained","Current completed-session freshness and compatible benchmark","Existing contract","Requalify current completed session and source/return basis","NOT_EXECUTED","NOT_READY"
"FEDERALBNK","BANK-P1-01","BANK_NBFC_STAGE_8_BANK_V1","ROA_ANNUAL","REVIEW_REQUIRED","3696242d-eb86-42e8-8dc7-152c5a40231b","ceae2763-8259-4270-8e67-03782697e710","6","17","Existing issuer/Trendlyne research candidates; unapproved semantic contract","Actual source excerpt; strict financial-period/scope/denominator and versioned metric contract","Owner methodology approval","Approve source-backed contract; test then admit exact candidate","NOT_EXECUTED","NOT_READY"
"FEDERALBNK","BANK-P1-01","BANK_NBFC_STAGE_8_BANK_V1","ROE_ANNUAL","REVIEW_REQUIRED","3696242d-eb86-42e8-8dc7-152c5a40231b","ceae2763-8259-4270-8e67-03782697e710","6","17","Native annual roea capture for all 13","Fiscal year start/end, scope, denominator, publication and original record lineage","Existing contract","Admit only verified annual ROE with active definition","NOT_EXECUTED","NOT_READY"
"FEDERALBNK","BANK-P1-01","BANK_NBFC_STAGE_8_BANK_V1","VOLATILITY_RELATIVE","REVIEW_REQUIRED","3696242d-eb86-42e8-8dc7-152c5a40231b","ceae2763-8259-4270-8e67-03782697e710","6","17","October-8 market/benchmark captures and history proof retained","Current completed-session freshness and compatible benchmark","Existing contract","Requalify current completed session and source/return basis","NOT_EXECUTED","NOT_READY"
"KARURVYSYA","BANK-P1-02","BANK_NBFC_STAGE_8_BANK_V1","ADVANCES_GROWTH_YOY","CONFLICTING","6f51ead4-b4da-46dc-85af-c7b185ab0e3c","3888d732-0304-449c-92ba-924a22049042","1","22","Retained records; exact applicable identity requires current replay","Current period; source identity/scope/freshness; independent canonical qualification","Existing contract","Validate existing record against canonical requirement evaluator","NOT_EXECUTED","NOT_READY"
"KARURVYSYA","BANK-P1-02","BANK_NBFC_STAGE_8_BANK_V1","CAPITAL_ADEQUACY_RATIO","CONFLICTING","6f51ead4-b4da-46dc-85af-c7b185ab0e3c","3888d732-0304-449c-92ba-924a22049042","1","22","Existing issuer/Trendlyne research candidates; unapproved semantic contract","Actual source excerpt; strict financial-period/scope/denominator and versioned metric contract","Owner methodology approval","Approve source-backed contract; test then admit exact candidate","NOT_EXECUTED","NOT_READY"
"KARURVYSYA","BANK-P1-02","BANK_NBFC_STAGE_8_BANK_V1","CET1_RATIO","CONFLICTING","6f51ead4-b4da-46dc-85af-c7b185ab0e3c","3888d732-0304-449c-92ba-924a22049042","1","22","Existing issuer/Trendlyne research candidates; unapproved semantic contract","Actual source excerpt; strict financial-period/scope/denominator and versioned metric contract","Owner methodology approval","Approve source-backed contract; test then admit exact candidate","NOT_EXECUTED","NOT_READY"
"KARURVYSYA","BANK-P1-02","BANK_NBFC_STAGE_8_BANK_V1","DEPOSITS_GROWTH_YOY","CONFLICTING","6f51ead4-b4da-46dc-85af-c7b185ab0e3c","3888d732-0304-449c-92ba-924a22049042","1","22","Retained records; exact applicable identity requires current replay","Current period; source identity/scope/freshness; independent canonical qualification","Existing contract","Validate existing record against canonical requirement evaluator","NOT_EXECUTED","NOT_READY"
"KARURVYSYA","BANK-P1-02","BANK_NBFC_STAGE_8_BANK_V1","EPS_GROWTH_YOY","CONFLICTING","6f51ead4-b4da-46dc-85af-c7b185ab0e3c","3888d732-0304-449c-92ba-924a22049042","1","22","Retained records; exact applicable identity requires current replay","Current period; source identity/scope/freshness; independent canonical qualification","Existing contract","Validate existing record against canonical requirement evaluator","NOT_EXECUTED","NOT_READY"
"KARURVYSYA","BANK-P1-02","BANK_NBFC_STAGE_8_BANK_V1","EXTERNAL_LONG_TERM_RATING","CONFLICTING","6f51ead4-b4da-46dc-85af-c7b185ab0e3c","3888d732-0304-449c-92ba-924a22049042","1","22","Retained official documentary research archive; no favorable finding presumed","Issuer/rating source identity; original hash; effective period; substantive reviewed finding","Existing contract","Bounded documentary review and append-only adverse/conflict lineage","NOT_EXECUTED","NOT_READY"
"KARURVYSYA","BANK-P1-02","BANK_NBFC_STAGE_8_BANK_V1","GOVERNANCE_EVENT_SIGNAL","CONFLICTING","6f51ead4-b4da-46dc-85af-c7b185ab0e3c","3888d732-0304-449c-92ba-924a22049042","1","22","Retained official documentary research archive; no favorable finding presumed","Issuer/rating source identity; original hash; effective period; substantive reviewed finding","Existing contract","Bounded documentary review and append-only adverse/conflict lineage","NOT_EXECUTED","NOT_READY"
"KARURVYSYA","BANK-P1-02","BANK_NBFC_STAGE_8_BANK_V1","GROSS_NPA","CONFLICTING","6f51ead4-b4da-46dc-85af-c7b185ab0e3c","3888d732-0304-449c-92ba-924a22049042","1","22","26 qualified delegated June-2026 NPA review ledger across 13 banks","Fresh current canonical full replay and conflict precedence","Existing contract","Reuse accepted NPA review; never duplicate; revalidate","NOT_EXECUTED","NOT_READY"
"KARURVYSYA","BANK-P1-02","BANK_NBFC_STAGE_8_BANK_V1","IC3_SNAPSHOT_LINEAGE","CONFLICTING","6f51ead4-b4da-46dc-85af-c7b185ab0e3c","3888d732-0304-449c-92ba-924a22049042","1","22","Historical snapshot lineage FRESH","Current selection/materialization lineage","Existing contract","Recheck when new selection created","NOT_EXECUTED","NOT_READY"
"KARURVYSYA","BANK-P1-02","BANK_NBFC_STAGE_8_BANK_V1","INSTITUTIONAL_OWNERSHIP_TREND_4Q","CONFLICTING","6f51ead4-b4da-46dc-85af-c7b185ab0e3c","3888d732-0304-449c-92ba-924a22049042","1","22","Direct Trendlyne ownership series available for all 13","Four consecutive quarter ends; total equity denominator; revisions; selected direct Institutional series","Existing contract","Source-qualify direct Institutional series; no FII/DII/MF synthesis","NOT_EXECUTED","NOT_READY"
"KARURVYSYA","BANK-P1-02","BANK_NBFC_STAGE_8_BANK_V1","MAX_DRAWDOWN_1Y","CONFLICTING","6f51ead4-b4da-46dc-85af-c7b185ab0e3c","3888d732-0304-449c-92ba-924a22049042","1","22","October-8 market/benchmark captures and history proof retained","Corporate-action treatment and return-basis proof","Existing contract","Requalify current completed session and source/return basis","NOT_EXECUTED","NOT_READY"
"KARURVYSYA","BANK-P1-02","BANK_NBFC_STAGE_8_BANK_V1","NET_NPA","CONFLICTING","6f51ead4-b4da-46dc-85af-c7b185ab0e3c","3888d732-0304-449c-92ba-924a22049042","1","22","26 qualified delegated June-2026 NPA review ledger across 13 banks","Fresh current canonical full replay and conflict precedence","Existing contract","Reuse accepted NPA review; never duplicate; revalidate","NOT_EXECUTED","NOT_READY"
"KARURVYSYA","BANK-P1-02","BANK_NBFC_STAGE_8_BANK_V1","NIM_TTM","CONFLICTING","6f51ead4-b4da-46dc-85af-c7b185ab0e3c","3888d732-0304-449c-92ba-924a22049042","1","22","Existing issuer/Trendlyne research candidates; unapproved semantic contract","Actual source excerpt; strict financial-period/scope/denominator and versioned metric contract","Owner methodology approval","Approve source-backed contract; test then admit exact candidate","NOT_EXECUTED","NOT_READY"
"KARURVYSYA","BANK-P1-02","BANK_NBFC_STAGE_8_BANK_V1","PB_ADJUSTED_FOR_ROE","CONFLICTING","6f51ead4-b4da-46dc-85af-c7b185ab0e3c","3888d732-0304-449c-92ba-924a22049042","1","22","Existing issuer/Trendlyne research candidates; unapproved semantic contract","Actual source excerpt; strict financial-period/scope/denominator and versioned metric contract","Owner methodology approval","Approve source-backed contract; test then admit exact candidate","NOT_EXECUTED","NOT_READY"
"KARURVYSYA","BANK-P1-02","BANK_NBFC_STAGE_8_BANK_V1","PB_RELATIVE","CONFLICTING","6f51ead4-b4da-46dc-85af-c7b185ab0e3c","3888d732-0304-449c-92ba-924a22049042","1","22","Existing issuer/Trendlyne research candidates; unapproved semantic contract","Actual source excerpt; strict financial-period/scope/denominator and versioned metric contract","Owner methodology approval","Approve source-backed contract; test then admit exact candidate","NOT_EXECUTED","NOT_READY"
"KARURVYSYA","BANK-P1-02","BANK_NBFC_STAGE_8_BANK_V1","PE_TTM_RELATIVE","CONFLICTING","6f51ead4-b4da-46dc-85af-c7b185ab0e3c","3888d732-0304-449c-92ba-924a22049042","1","22","Existing issuer/Trendlyne research candidates; unapproved semantic contract","Actual source excerpt; strict financial-period/scope/denominator and versioned metric contract","Owner methodology approval","Approve source-backed contract; test then admit exact candidate","NOT_EXECUTED","NOT_READY"
"KARURVYSYA","BANK-P1-02","BANK_NBFC_STAGE_8_BANK_V1","PRICE_MOMENTUM_12M","CONFLICTING","6f51ead4-b4da-46dc-85af-c7b185ab0e3c","3888d732-0304-449c-92ba-924a22049042","1","22","October-8 market/benchmark captures and history proof retained","Corporate-action treatment and return-basis proof","Existing contract","Requalify current completed session and source/return basis","NOT_EXECUTED","NOT_READY"
"KARURVYSYA","BANK-P1-02","BANK_NBFC_STAGE_8_BANK_V1","PRICE_MOMENTUM_6M","CONFLICTING","6f51ead4-b4da-46dc-85af-c7b185ab0e3c","3888d732-0304-449c-92ba-924a22049042","1","22","October-8 market/benchmark captures and history proof retained","Corporate-action treatment and return-basis proof","Existing contract","Requalify current completed session and source/return basis","NOT_EXECUTED","NOT_READY"
"KARURVYSYA","BANK-P1-02","BANK_NBFC_STAGE_8_BANK_V1","RATING_TREND","CONFLICTING","6f51ead4-b4da-46dc-85af-c7b185ab0e3c","3888d732-0304-449c-92ba-924a22049042","1","22","Retained official documentary research archive; no favorable finding presumed","Issuer/rating source identity; original hash; effective period; substantive reviewed finding","Existing contract","Bounded documentary review and append-only adverse/conflict lineage","NOT_EXECUTED","NOT_READY"
"KARURVYSYA","BANK-P1-02","BANK_NBFC_STAGE_8_BANK_V1","RELATIVE_STRENGTH_12M","CONFLICTING","6f51ead4-b4da-46dc-85af-c7b185ab0e3c","3888d732-0304-449c-92ba-924a22049042","1","22","October-8 market/benchmark captures and history proof retained","Corporate-action treatment and return-basis proof","Existing contract","Requalify current completed session and source/return basis","NOT_EXECUTED","NOT_READY"
"KARURVYSYA","BANK-P1-02","BANK_NBFC_STAGE_8_BANK_V1","ROA_ANNUAL","CONFLICTING","6f51ead4-b4da-46dc-85af-c7b185ab0e3c","3888d732-0304-449c-92ba-924a22049042","1","22","Existing issuer/Trendlyne research candidates; unapproved semantic contract","Actual source excerpt; strict financial-period/scope/denominator and versioned metric contract","Owner methodology approval","Approve source-backed contract; test then admit exact candidate","NOT_EXECUTED","NOT_READY"
"KARURVYSYA","BANK-P1-02","BANK_NBFC_STAGE_8_BANK_V1","ROE_ANNUAL","CONFLICTING","6f51ead4-b4da-46dc-85af-c7b185ab0e3c","3888d732-0304-449c-92ba-924a22049042","1","22","Native annual roea capture for all 13","Fiscal year start/end, scope, denominator, publication and original record lineage","Existing contract","Admit only verified annual ROE with active definition","NOT_EXECUTED","NOT_READY"
"KARURVYSYA","BANK-P1-02","BANK_NBFC_STAGE_8_BANK_V1","VOLATILITY_RELATIVE","CONFLICTING","6f51ead4-b4da-46dc-85af-c7b185ab0e3c","3888d732-0304-449c-92ba-924a22049042","1","22","October-8 market/benchmark captures and history proof retained","Corporate-action treatment and return-basis proof","Existing contract","Requalify current completed session and source/return basis","NOT_EXECUTED","NOT_READY"
"KOTAKBANK","BANK-P1-02","BANK_NBFC_STAGE_8_BANK_V1","ADVANCES_GROWTH_YOY","CONFLICTING","a02ac622-85f7-4824-9522-ce38d66524d0","a9f29211-28e1-4a4e-baf4-02d1f90e1407","1","22","Retained records; exact applicable identity requires current replay","Current period; source identity/scope/freshness; independent canonical qualification","Existing contract","Validate existing record against canonical requirement evaluator","NOT_EXECUTED","NOT_READY"
"KOTAKBANK","BANK-P1-02","BANK_NBFC_STAGE_8_BANK_V1","CAPITAL_ADEQUACY_RATIO","CONFLICTING","a02ac622-85f7-4824-9522-ce38d66524d0","a9f29211-28e1-4a4e-baf4-02d1f90e1407","1","22","Existing issuer/Trendlyne research candidates; unapproved semantic contract","Actual source excerpt; strict financial-period/scope/denominator and versioned metric contract","Owner methodology approval","Approve source-backed contract; test then admit exact candidate","NOT_EXECUTED","NOT_READY"
"KOTAKBANK","BANK-P1-02","BANK_NBFC_STAGE_8_BANK_V1","CET1_RATIO","CONFLICTING","a02ac622-85f7-4824-9522-ce38d66524d0","a9f29211-28e1-4a4e-baf4-02d1f90e1407","1","22","Existing issuer/Trendlyne research candidates; unapproved semantic contract","Actual source excerpt; strict financial-period/scope/denominator and versioned metric contract","Owner methodology approval","Approve source-backed contract; test then admit exact candidate","NOT_EXECUTED","NOT_READY"
"KOTAKBANK","BANK-P1-02","BANK_NBFC_STAGE_8_BANK_V1","DEPOSITS_GROWTH_YOY","CONFLICTING","a02ac622-85f7-4824-9522-ce38d66524d0","a9f29211-28e1-4a4e-baf4-02d1f90e1407","1","22","Retained records; exact applicable identity requires current replay","Current period; source identity/scope/freshness; independent canonical qualification","Existing contract","Validate existing record against canonical requirement evaluator","NOT_EXECUTED","NOT_READY"
"KOTAKBANK","BANK-P1-02","BANK_NBFC_STAGE_8_BANK_V1","EPS_GROWTH_YOY","CONFLICTING","a02ac622-85f7-4824-9522-ce38d66524d0","a9f29211-28e1-4a4e-baf4-02d1f90e1407","1","22","Retained records; exact applicable identity requires current replay","Current period; source identity/scope/freshness; independent canonical qualification","Existing contract","Validate existing record against canonical requirement evaluator","NOT_EXECUTED","NOT_READY"
"KOTAKBANK","BANK-P1-02","BANK_NBFC_STAGE_8_BANK_V1","EXTERNAL_LONG_TERM_RATING","CONFLICTING","a02ac622-85f7-4824-9522-ce38d66524d0","a9f29211-28e1-4a4e-baf4-02d1f90e1407","1","22","Retained official documentary research archive; no favorable finding presumed","Issuer/rating source identity; original hash; effective period; substantive reviewed finding","Existing contract","Bounded documentary review and append-only adverse/conflict lineage","NOT_EXECUTED","NOT_READY"
"KOTAKBANK","BANK-P1-02","BANK_NBFC_STAGE_8_BANK_V1","GOVERNANCE_EVENT_SIGNAL","CONFLICTING","a02ac622-85f7-4824-9522-ce38d66524d0","a9f29211-28e1-4a4e-baf4-02d1f90e1407","1","22","Retained official documentary research archive; no favorable finding presumed","Issuer/rating source identity; original hash; effective period; substantive reviewed finding","Existing contract","Bounded documentary review and append-only adverse/conflict lineage","NOT_EXECUTED","NOT_READY"
"KOTAKBANK","BANK-P1-02","BANK_NBFC_STAGE_8_BANK_V1","GROSS_NPA","CONFLICTING","a02ac622-85f7-4824-9522-ce38d66524d0","a9f29211-28e1-4a4e-baf4-02d1f90e1407","1","22","26 qualified delegated June-2026 NPA review ledger across 13 banks","Fresh current canonical full replay and conflict precedence","Existing contract","Reuse accepted NPA review; never duplicate; revalidate","NOT_EXECUTED","NOT_READY"
"KOTAKBANK","BANK-P1-02","BANK_NBFC_STAGE_8_BANK_V1","IC3_SNAPSHOT_LINEAGE","CONFLICTING","a02ac622-85f7-4824-9522-ce38d66524d0","a9f29211-28e1-4a4e-baf4-02d1f90e1407","1","22","Historical snapshot lineage FRESH","Current selection/materialization lineage","Existing contract","Recheck when new selection created","NOT_EXECUTED","NOT_READY"
"KOTAKBANK","BANK-P1-02","BANK_NBFC_STAGE_8_BANK_V1","INSTITUTIONAL_OWNERSHIP_TREND_4Q","CONFLICTING","a02ac622-85f7-4824-9522-ce38d66524d0","a9f29211-28e1-4a4e-baf4-02d1f90e1407","1","22","Direct Trendlyne ownership series available for all 13","Four consecutive quarter ends; total equity denominator; revisions; selected direct Institutional series","Existing contract","Source-qualify direct Institutional series; no FII/DII/MF synthesis","NOT_EXECUTED","NOT_READY"
"KOTAKBANK","BANK-P1-02","BANK_NBFC_STAGE_8_BANK_V1","MAX_DRAWDOWN_1Y","CONFLICTING","a02ac622-85f7-4824-9522-ce38d66524d0","a9f29211-28e1-4a4e-baf4-02d1f90e1407","1","22","October-8 market/benchmark captures and history proof retained","Corporate-action treatment and return-basis proof","Existing contract","Requalify current completed session and source/return basis","NOT_EXECUTED","NOT_READY"
"KOTAKBANK","BANK-P1-02","BANK_NBFC_STAGE_8_BANK_V1","NET_NPA","CONFLICTING","a02ac622-85f7-4824-9522-ce38d66524d0","a9f29211-28e1-4a4e-baf4-02d1f90e1407","1","22","26 qualified delegated June-2026 NPA review ledger across 13 banks","Fresh current canonical full replay and conflict precedence","Existing contract","Reuse accepted NPA review; never duplicate; revalidate","NOT_EXECUTED","NOT_READY"
"KOTAKBANK","BANK-P1-02","BANK_NBFC_STAGE_8_BANK_V1","NIM_TTM","CONFLICTING","a02ac622-85f7-4824-9522-ce38d66524d0","a9f29211-28e1-4a4e-baf4-02d1f90e1407","1","22","Existing issuer/Trendlyne research candidates; unapproved semantic contract","Actual source excerpt; strict financial-period/scope/denominator and versioned metric contract","Owner methodology approval","Approve source-backed contract; test then admit exact candidate","NOT_EXECUTED","NOT_READY"
"KOTAKBANK","BANK-P1-02","BANK_NBFC_STAGE_8_BANK_V1","PB_ADJUSTED_FOR_ROE","CONFLICTING","a02ac622-85f7-4824-9522-ce38d66524d0","a9f29211-28e1-4a4e-baf4-02d1f90e1407","1","22","Existing issuer/Trendlyne research candidates; unapproved semantic contract","Actual source excerpt; strict financial-period/scope/denominator and versioned metric contract","Owner methodology approval","Approve source-backed contract; test then admit exact candidate","NOT_EXECUTED","NOT_READY"
"KOTAKBANK","BANK-P1-02","BANK_NBFC_STAGE_8_BANK_V1","PB_RELATIVE","CONFLICTING","a02ac622-85f7-4824-9522-ce38d66524d0","a9f29211-28e1-4a4e-baf4-02d1f90e1407","1","22","Existing issuer/Trendlyne research candidates; unapproved semantic contract","Actual source excerpt; strict financial-period/scope/denominator and versioned metric contract","Owner methodology approval","Approve source-backed contract; test then admit exact candidate","NOT_EXECUTED","NOT_READY"
"KOTAKBANK","BANK-P1-02","BANK_NBFC_STAGE_8_BANK_V1","PE_TTM_RELATIVE","CONFLICTING","a02ac622-85f7-4824-9522-ce38d66524d0","a9f29211-28e1-4a4e-baf4-02d1f90e1407","1","22","Existing issuer/Trendlyne research candidates; unapproved semantic contract","Actual source excerpt; strict financial-period/scope/denominator and versioned metric contract","Owner methodology approval","Approve source-backed contract; test then admit exact candidate","NOT_EXECUTED","NOT_READY"
"KOTAKBANK","BANK-P1-02","BANK_NBFC_STAGE_8_BANK_V1","PRICE_MOMENTUM_12M","CONFLICTING","a02ac622-85f7-4824-9522-ce38d66524d0","a9f29211-28e1-4a4e-baf4-02d1f90e1407","1","22","October-8 market/benchmark captures and history proof retained","Corporate-action treatment and return-basis proof","Existing contract","Requalify current completed session and source/return basis","NOT_EXECUTED","NOT_READY"
"KOTAKBANK","BANK-P1-02","BANK_NBFC_STAGE_8_BANK_V1","PRICE_MOMENTUM_6M","CONFLICTING","a02ac622-85f7-4824-9522-ce38d66524d0","a9f29211-28e1-4a4e-baf4-02d1f90e1407","1","22","October-8 market/benchmark captures and history proof retained","Corporate-action treatment and return-basis proof","Existing contract","Requalify current completed session and source/return basis","NOT_EXECUTED","NOT_READY"
"KOTAKBANK","BANK-P1-02","BANK_NBFC_STAGE_8_BANK_V1","RATING_TREND","CONFLICTING","a02ac622-85f7-4824-9522-ce38d66524d0","a9f29211-28e1-4a4e-baf4-02d1f90e1407","1","22","Retained official documentary research archive; no favorable finding presumed","Issuer/rating source identity; original hash; effective period; substantive reviewed finding","Existing contract","Bounded documentary review and append-only adverse/conflict lineage","NOT_EXECUTED","NOT_READY"
"KOTAKBANK","BANK-P1-02","BANK_NBFC_STAGE_8_BANK_V1","RELATIVE_STRENGTH_12M","CONFLICTING","a02ac622-85f7-4824-9522-ce38d66524d0","a9f29211-28e1-4a4e-baf4-02d1f90e1407","1","22","October-8 market/benchmark captures and history proof retained","Corporate-action treatment and return-basis proof","Existing contract","Requalify current completed session and source/return basis","NOT_EXECUTED","NOT_READY"
"KOTAKBANK","BANK-P1-02","BANK_NBFC_STAGE_8_BANK_V1","ROA_ANNUAL","CONFLICTING","a02ac622-85f7-4824-9522-ce38d66524d0","a9f29211-28e1-4a4e-baf4-02d1f90e1407","1","22","Existing issuer/Trendlyne research candidates; unapproved semantic contract","Actual source excerpt; strict financial-period/scope/denominator and versioned metric contract","Owner methodology approval","Approve source-backed contract; test then admit exact candidate","NOT_EXECUTED","NOT_READY"
"KOTAKBANK","BANK-P1-02","BANK_NBFC_STAGE_8_BANK_V1","ROE_ANNUAL","CONFLICTING","a02ac622-85f7-4824-9522-ce38d66524d0","a9f29211-28e1-4a4e-baf4-02d1f90e1407","1","22","Native annual roea capture for all 13","Fiscal year start/end, scope, denominator, publication and original record lineage","Existing contract","Admit only verified annual ROE with active definition","NOT_EXECUTED","NOT_READY"
"KOTAKBANK","BANK-P1-02","BANK_NBFC_STAGE_8_BANK_V1","VOLATILITY_RELATIVE","CONFLICTING","a02ac622-85f7-4824-9522-ce38d66524d0","a9f29211-28e1-4a4e-baf4-02d1f90e1407","1","22","October-8 market/benchmark captures and history proof retained","Corporate-action treatment and return-basis proof","Existing contract","Requalify current completed session and source/return basis","NOT_EXECUTED","NOT_READY"
"HDFCBANK","BANK-P1-02","BANK_NBFC_STAGE_8_BANK_V1","ADVANCES_GROWTH_YOY","REVIEW_REQUIRED","de6796b4-d076-4d1e-a120-393347019424","f8bb668e-610e-428f-8e0c-78e732eb22c0","8","15","Retained records; exact applicable identity requires current replay","Current period; source identity/scope/freshness; independent canonical qualification","Existing contract","Validate existing record against canonical requirement evaluator","NOT_EXECUTED","NOT_READY"
"HDFCBANK","BANK-P1-02","BANK_NBFC_STAGE_8_BANK_V1","CAPITAL_ADEQUACY_RATIO","REVIEW_REQUIRED","de6796b4-d076-4d1e-a120-393347019424","f8bb668e-610e-428f-8e0c-78e732eb22c0","8","15","Existing issuer/Trendlyne research candidates; unapproved semantic contract","Actual source excerpt; strict financial-period/scope/denominator and versioned metric contract","Owner methodology approval","Approve source-backed contract; test then admit exact candidate","NOT_EXECUTED","NOT_READY"
"HDFCBANK","BANK-P1-02","BANK_NBFC_STAGE_8_BANK_V1","CET1_RATIO","REVIEW_REQUIRED","de6796b4-d076-4d1e-a120-393347019424","f8bb668e-610e-428f-8e0c-78e732eb22c0","8","15","Existing issuer/Trendlyne research candidates; unapproved semantic contract","Actual source excerpt; strict financial-period/scope/denominator and versioned metric contract","Owner methodology approval","Approve source-backed contract; test then admit exact candidate","NOT_EXECUTED","NOT_READY"
"HDFCBANK","BANK-P1-02","BANK_NBFC_STAGE_8_BANK_V1","DEPOSITS_GROWTH_YOY","REVIEW_REQUIRED","de6796b4-d076-4d1e-a120-393347019424","f8bb668e-610e-428f-8e0c-78e732eb22c0","8","15","Retained records; exact applicable identity requires current replay","Current period; source identity/scope/freshness; independent canonical qualification","Existing contract","Validate existing record against canonical requirement evaluator","NOT_EXECUTED","NOT_READY"
"HDFCBANK","BANK-P1-02","BANK_NBFC_STAGE_8_BANK_V1","EPS_GROWTH_YOY","REVIEW_REQUIRED","de6796b4-d076-4d1e-a120-393347019424","f8bb668e-610e-428f-8e0c-78e732eb22c0","8","15","Retained records; exact applicable identity requires current replay","Current period; source identity/scope/freshness; independent canonical qualification","Existing contract","Validate existing record against canonical requirement evaluator","NOT_EXECUTED","NOT_READY"
"HDFCBANK","BANK-P1-02","BANK_NBFC_STAGE_8_BANK_V1","EXTERNAL_LONG_TERM_RATING","REVIEW_REQUIRED","de6796b4-d076-4d1e-a120-393347019424","f8bb668e-610e-428f-8e0c-78e732eb22c0","8","15","Retained official documentary research archive; no favorable finding presumed","Issuer/rating source identity; original hash; effective period; substantive reviewed finding","Existing contract","Bounded documentary review and append-only adverse/conflict lineage","NOT_EXECUTED","NOT_READY"
"HDFCBANK","BANK-P1-02","BANK_NBFC_STAGE_8_BANK_V1","GOVERNANCE_EVENT_SIGNAL","REVIEW_REQUIRED","de6796b4-d076-4d1e-a120-393347019424","f8bb668e-610e-428f-8e0c-78e732eb22c0","8","15","Retained official documentary research archive; no favorable finding presumed","Issuer/rating source identity; original hash; effective period; substantive reviewed finding","Existing contract","Bounded documentary review and append-only adverse/conflict lineage","NOT_EXECUTED","NOT_READY"
"HDFCBANK","BANK-P1-02","BANK_NBFC_STAGE_8_BANK_V1","GROSS_NPA","REVIEW_REQUIRED","de6796b4-d076-4d1e-a120-393347019424","f8bb668e-610e-428f-8e0c-78e732eb22c0","8","15","26 qualified delegated June-2026 NPA review ledger across 13 banks","Fresh current canonical full replay and conflict precedence","Existing contract","Reuse accepted NPA review; never duplicate; revalidate","NOT_EXECUTED","NOT_READY"
"HDFCBANK","BANK-P1-02","BANK_NBFC_STAGE_8_BANK_V1","IC3_SNAPSHOT_LINEAGE","REVIEW_REQUIRED","de6796b4-d076-4d1e-a120-393347019424","f8bb668e-610e-428f-8e0c-78e732eb22c0","8","15","Historical snapshot lineage FRESH","Current selection/materialization lineage","Existing contract","Recheck when new selection created","NOT_EXECUTED","NOT_READY"
"HDFCBANK","BANK-P1-02","BANK_NBFC_STAGE_8_BANK_V1","INSTITUTIONAL_OWNERSHIP_TREND_4Q","REVIEW_REQUIRED","de6796b4-d076-4d1e-a120-393347019424","f8bb668e-610e-428f-8e0c-78e732eb22c0","8","15","Direct Trendlyne ownership series available for all 13","Four consecutive quarter ends; total equity denominator; revisions; selected direct Institutional series","Existing contract","Source-qualify direct Institutional series; no FII/DII/MF synthesis","NOT_EXECUTED","NOT_READY"
"HDFCBANK","BANK-P1-02","BANK_NBFC_STAGE_8_BANK_V1","MAX_DRAWDOWN_1Y","REVIEW_REQUIRED","de6796b4-d076-4d1e-a120-393347019424","f8bb668e-610e-428f-8e0c-78e732eb22c0","8","15","October-8 market/benchmark captures and history proof retained","Current completed-session freshness and compatible benchmark","Existing contract","Requalify current completed session and source/return basis","NOT_EXECUTED","NOT_READY"
"HDFCBANK","BANK-P1-02","BANK_NBFC_STAGE_8_BANK_V1","NET_NPA","REVIEW_REQUIRED","de6796b4-d076-4d1e-a120-393347019424","f8bb668e-610e-428f-8e0c-78e732eb22c0","8","15","26 qualified delegated June-2026 NPA review ledger across 13 banks","Fresh current canonical full replay and conflict precedence","Existing contract","Reuse accepted NPA review; never duplicate; revalidate","NOT_EXECUTED","NOT_READY"
"HDFCBANK","BANK-P1-02","BANK_NBFC_STAGE_8_BANK_V1","NIM_TTM","REVIEW_REQUIRED","de6796b4-d076-4d1e-a120-393347019424","f8bb668e-610e-428f-8e0c-78e732eb22c0","8","15","Existing issuer/Trendlyne research candidates; unapproved semantic contract","Actual source excerpt; strict financial-period/scope/denominator and versioned metric contract","Owner methodology approval","Approve source-backed contract; test then admit exact candidate","NOT_EXECUTED","NOT_READY"
"HDFCBANK","BANK-P1-02","BANK_NBFC_STAGE_8_BANK_V1","PB_ADJUSTED_FOR_ROE","REVIEW_REQUIRED","de6796b4-d076-4d1e-a120-393347019424","f8bb668e-610e-428f-8e0c-78e732eb22c0","8","15","Existing issuer/Trendlyne research candidates; unapproved semantic contract","Actual source excerpt; strict financial-period/scope/denominator and versioned metric contract","Owner methodology approval","Approve source-backed contract; test then admit exact candidate","NOT_EXECUTED","NOT_READY"
"HDFCBANK","BANK-P1-02","BANK_NBFC_STAGE_8_BANK_V1","PB_RELATIVE","REVIEW_REQUIRED","de6796b4-d076-4d1e-a120-393347019424","f8bb668e-610e-428f-8e0c-78e732eb22c0","8","15","Existing issuer/Trendlyne research candidates; unapproved semantic contract","Actual source excerpt; strict financial-period/scope/denominator and versioned metric contract","Owner methodology approval","Approve source-backed contract; test then admit exact candidate","NOT_EXECUTED","NOT_READY"
"HDFCBANK","BANK-P1-02","BANK_NBFC_STAGE_8_BANK_V1","PE_TTM_RELATIVE","REVIEW_REQUIRED","de6796b4-d076-4d1e-a120-393347019424","f8bb668e-610e-428f-8e0c-78e732eb22c0","8","15","Existing issuer/Trendlyne research candidates; unapproved semantic contract","Actual source excerpt; strict financial-period/scope/denominator and versioned metric contract","Owner methodology approval","Approve source-backed contract; test then admit exact candidate","NOT_EXECUTED","NOT_READY"
"HDFCBANK","BANK-P1-02","BANK_NBFC_STAGE_8_BANK_V1","PRICE_MOMENTUM_12M","REVIEW_REQUIRED","de6796b4-d076-4d1e-a120-393347019424","f8bb668e-610e-428f-8e0c-78e732eb22c0","8","15","October-8 market/benchmark captures and history proof retained","Current completed-session freshness and compatible benchmark","Existing contract","Requalify current completed session and source/return basis","NOT_EXECUTED","NOT_READY"
"HDFCBANK","BANK-P1-02","BANK_NBFC_STAGE_8_BANK_V1","PRICE_MOMENTUM_6M","REVIEW_REQUIRED","de6796b4-d076-4d1e-a120-393347019424","f8bb668e-610e-428f-8e0c-78e732eb22c0","8","15","October-8 market/benchmark captures and history proof retained","Current completed-session freshness and compatible benchmark","Existing contract","Requalify current completed session and source/return basis","NOT_EXECUTED","NOT_READY"
"HDFCBANK","BANK-P1-02","BANK_NBFC_STAGE_8_BANK_V1","RATING_TREND","REVIEW_REQUIRED","de6796b4-d076-4d1e-a120-393347019424","f8bb668e-610e-428f-8e0c-78e732eb22c0","8","15","Retained official documentary research archive; no favorable finding presumed","Issuer/rating source identity; original hash; effective period; substantive reviewed finding","Existing contract","Bounded documentary review and append-only adverse/conflict lineage","NOT_EXECUTED","NOT_READY"
"HDFCBANK","BANK-P1-02","BANK_NBFC_STAGE_8_BANK_V1","RELATIVE_STRENGTH_12M","REVIEW_REQUIRED","de6796b4-d076-4d1e-a120-393347019424","f8bb668e-610e-428f-8e0c-78e732eb22c0","8","15","October-8 market/benchmark captures and history proof retained","Current completed-session freshness and compatible benchmark","Existing contract","Requalify current completed session and source/return basis","NOT_EXECUTED","NOT_READY"
"HDFCBANK","BANK-P1-02","BANK_NBFC_STAGE_8_BANK_V1","ROA_ANNUAL","REVIEW_REQUIRED","de6796b4-d076-4d1e-a120-393347019424","f8bb668e-610e-428f-8e0c-78e732eb22c0","8","15","Existing issuer/Trendlyne research candidates; unapproved semantic contract","Actual source excerpt; strict financial-period/scope/denominator and versioned metric contract","Owner methodology approval","Approve source-backed contract; test then admit exact candidate","NOT_EXECUTED","NOT_READY"
"HDFCBANK","BANK-P1-02","BANK_NBFC_STAGE_8_BANK_V1","ROE_ANNUAL","REVIEW_REQUIRED","de6796b4-d076-4d1e-a120-393347019424","f8bb668e-610e-428f-8e0c-78e732eb22c0","8","15","Native annual roea capture for all 13","Fiscal year start/end, scope, denominator, publication and original record lineage","Existing contract","Admit only verified annual ROE with active definition","NOT_EXECUTED","NOT_READY"
"HDFCBANK","BANK-P1-02","BANK_NBFC_STAGE_8_BANK_V1","VOLATILITY_RELATIVE","REVIEW_REQUIRED","de6796b4-d076-4d1e-a120-393347019424","f8bb668e-610e-428f-8e0c-78e732eb22c0","8","15","October-8 market/benchmark captures and history proof retained","Current completed-session freshness and compatible benchmark","Existing contract","Requalify current completed session and source/return basis","NOT_EXECUTED","NOT_READY"
"AXISBANK","BANK-P1-02","BANK_NBFC_STAGE_8_BANK_V1","ADVANCES_GROWTH_YOY","REVIEW_REQUIRED","f81e4d3e-ba6b-496f-b3f8-8bea8da75828","ff63f4e3-a8e2-488f-a0e9-11618e6d38f6","6","17","Retained records; exact applicable identity requires current replay","Current period; source identity/scope/freshness; independent canonical qualification","Existing contract","Validate existing record against canonical requirement evaluator","NOT_EXECUTED","NOT_READY"
"AXISBANK","BANK-P1-02","BANK_NBFC_STAGE_8_BANK_V1","CAPITAL_ADEQUACY_RATIO","REVIEW_REQUIRED","f81e4d3e-ba6b-496f-b3f8-8bea8da75828","ff63f4e3-a8e2-488f-a0e9-11618e6d38f6","6","17","Existing issuer/Trendlyne research candidates; unapproved semantic contract","Actual source excerpt; strict financial-period/scope/denominator and versioned metric contract","Owner methodology approval","Approve source-backed contract; test then admit exact candidate","NOT_EXECUTED","NOT_READY"
"AXISBANK","BANK-P1-02","BANK_NBFC_STAGE_8_BANK_V1","CET1_RATIO","REVIEW_REQUIRED","f81e4d3e-ba6b-496f-b3f8-8bea8da75828","ff63f4e3-a8e2-488f-a0e9-11618e6d38f6","6","17","Existing issuer/Trendlyne research candidates; unapproved semantic contract","Actual source excerpt; strict financial-period/scope/denominator and versioned metric contract","Owner methodology approval","Approve source-backed contract; test then admit exact candidate","NOT_EXECUTED","NOT_READY"
"AXISBANK","BANK-P1-02","BANK_NBFC_STAGE_8_BANK_V1","DEPOSITS_GROWTH_YOY","REVIEW_REQUIRED","f81e4d3e-ba6b-496f-b3f8-8bea8da75828","ff63f4e3-a8e2-488f-a0e9-11618e6d38f6","6","17","Retained records; exact applicable identity requires current replay","Current period; source identity/scope/freshness; independent canonical qualification","Existing contract","Validate existing record against canonical requirement evaluator","NOT_EXECUTED","NOT_READY"
"AXISBANK","BANK-P1-02","BANK_NBFC_STAGE_8_BANK_V1","EPS_GROWTH_YOY","REVIEW_REQUIRED","f81e4d3e-ba6b-496f-b3f8-8bea8da75828","ff63f4e3-a8e2-488f-a0e9-11618e6d38f6","6","17","Retained records; exact applicable identity requires current replay","Current period; source identity/scope/freshness; independent canonical qualification","Existing contract","Validate existing record against canonical requirement evaluator","NOT_EXECUTED","NOT_READY"
"AXISBANK","BANK-P1-02","BANK_NBFC_STAGE_8_BANK_V1","EXTERNAL_LONG_TERM_RATING","REVIEW_REQUIRED","f81e4d3e-ba6b-496f-b3f8-8bea8da75828","ff63f4e3-a8e2-488f-a0e9-11618e6d38f6","6","17","Retained official documentary research archive; no favorable finding presumed","Issuer/rating source identity; original hash; effective period; substantive reviewed finding","Existing contract","Bounded documentary review and append-only adverse/conflict lineage","NOT_EXECUTED","NOT_READY"
"AXISBANK","BANK-P1-02","BANK_NBFC_STAGE_8_BANK_V1","GOVERNANCE_EVENT_SIGNAL","REVIEW_REQUIRED","f81e4d3e-ba6b-496f-b3f8-8bea8da75828","ff63f4e3-a8e2-488f-a0e9-11618e6d38f6","6","17","Retained official documentary research archive; no favorable finding presumed","Issuer/rating source identity; original hash; effective period; substantive reviewed finding","Existing contract","Bounded documentary review and append-only adverse/conflict lineage","NOT_EXECUTED","NOT_READY"
"AXISBANK","BANK-P1-02","BANK_NBFC_STAGE_8_BANK_V1","GROSS_NPA","REVIEW_REQUIRED","f81e4d3e-ba6b-496f-b3f8-8bea8da75828","ff63f4e3-a8e2-488f-a0e9-11618e6d38f6","6","17","26 qualified delegated June-2026 NPA review ledger across 13 banks","Fresh current canonical full replay and conflict precedence","Existing contract","Reuse accepted NPA review; never duplicate; revalidate","NOT_EXECUTED","NOT_READY"
"AXISBANK","BANK-P1-02","BANK_NBFC_STAGE_8_BANK_V1","IC3_SNAPSHOT_LINEAGE","REVIEW_REQUIRED","f81e4d3e-ba6b-496f-b3f8-8bea8da75828","ff63f4e3-a8e2-488f-a0e9-11618e6d38f6","6","17","Historical snapshot lineage FRESH","Current selection/materialization lineage","Existing contract","Recheck when new selection created","NOT_EXECUTED","NOT_READY"
"AXISBANK","BANK-P1-02","BANK_NBFC_STAGE_8_BANK_V1","INSTITUTIONAL_OWNERSHIP_TREND_4Q","REVIEW_REQUIRED","f81e4d3e-ba6b-496f-b3f8-8bea8da75828","ff63f4e3-a8e2-488f-a0e9-11618e6d38f6","6","17","Direct Trendlyne ownership series available for all 13","Four consecutive quarter ends; total equity denominator; revisions; selected direct Institutional series","Existing contract","Source-qualify direct Institutional series; no FII/DII/MF synthesis","NOT_EXECUTED","NOT_READY"
"AXISBANK","BANK-P1-02","BANK_NBFC_STAGE_8_BANK_V1","MAX_DRAWDOWN_1Y","REVIEW_REQUIRED","f81e4d3e-ba6b-496f-b3f8-8bea8da75828","ff63f4e3-a8e2-488f-a0e9-11618e6d38f6","6","17","October-8 market/benchmark captures and history proof retained","Current completed-session freshness and compatible benchmark","Existing contract","Requalify current completed session and source/return basis","NOT_EXECUTED","NOT_READY"
"AXISBANK","BANK-P1-02","BANK_NBFC_STAGE_8_BANK_V1","NET_NPA","REVIEW_REQUIRED","f81e4d3e-ba6b-496f-b3f8-8bea8da75828","ff63f4e3-a8e2-488f-a0e9-11618e6d38f6","6","17","26 qualified delegated June-2026 NPA review ledger across 13 banks","Fresh current canonical full replay and conflict precedence","Existing contract","Reuse accepted NPA review; never duplicate; revalidate","NOT_EXECUTED","NOT_READY"
"AXISBANK","BANK-P1-02","BANK_NBFC_STAGE_8_BANK_V1","NIM_TTM","REVIEW_REQUIRED","f81e4d3e-ba6b-496f-b3f8-8bea8da75828","ff63f4e3-a8e2-488f-a0e9-11618e6d38f6","6","17","Existing issuer/Trendlyne research candidates; unapproved semantic contract","Actual source excerpt; strict financial-period/scope/denominator and versioned metric contract","Owner methodology approval","Approve source-backed contract; test then admit exact candidate","NOT_EXECUTED","NOT_READY"
"AXISBANK","BANK-P1-02","BANK_NBFC_STAGE_8_BANK_V1","PB_ADJUSTED_FOR_ROE","REVIEW_REQUIRED","f81e4d3e-ba6b-496f-b3f8-8bea8da75828","ff63f4e3-a8e2-488f-a0e9-11618e6d38f6","6","17","Existing issuer/Trendlyne research candidates; unapproved semantic contract","Actual source excerpt; strict financial-period/scope/denominator and versioned metric contract","Owner methodology approval","Approve source-backed contract; test then admit exact candidate","NOT_EXECUTED","NOT_READY"
"AXISBANK","BANK-P1-02","BANK_NBFC_STAGE_8_BANK_V1","PB_RELATIVE","REVIEW_REQUIRED","f81e4d3e-ba6b-496f-b3f8-8bea8da75828","ff63f4e3-a8e2-488f-a0e9-11618e6d38f6","6","17","Existing issuer/Trendlyne research candidates; unapproved semantic contract","Actual source excerpt; strict financial-period/scope/denominator and versioned metric contract","Owner methodology approval","Approve source-backed contract; test then admit exact candidate","NOT_EXECUTED","NOT_READY"
"AXISBANK","BANK-P1-02","BANK_NBFC_STAGE_8_BANK_V1","PE_TTM_RELATIVE","REVIEW_REQUIRED","f81e4d3e-ba6b-496f-b3f8-8bea8da75828","ff63f4e3-a8e2-488f-a0e9-11618e6d38f6","6","17","Existing issuer/Trendlyne research candidates; unapproved semantic contract","Actual source excerpt; strict financial-period/scope/denominator and versioned metric contract","Owner methodology approval","Approve source-backed contract; test then admit exact candidate","NOT_EXECUTED","NOT_READY"
"AXISBANK","BANK-P1-02","BANK_NBFC_STAGE_8_BANK_V1","PRICE_MOMENTUM_12M","REVIEW_REQUIRED","f81e4d3e-ba6b-496f-b3f8-8bea8da75828","ff63f4e3-a8e2-488f-a0e9-11618e6d38f6","6","17","October-8 market/benchmark captures and history proof retained","Current completed-session freshness and compatible benchmark","Existing contract","Requalify current completed session and source/return basis","NOT_EXECUTED","NOT_READY"
"AXISBANK","BANK-P1-02","BANK_NBFC_STAGE_8_BANK_V1","PRICE_MOMENTUM_6M","REVIEW_REQUIRED","f81e4d3e-ba6b-496f-b3f8-8bea8da75828","ff63f4e3-a8e2-488f-a0e9-11618e6d38f6","6","17","October-8 market/benchmark captures and history proof retained","Current completed-session freshness and compatible benchmark","Existing contract","Requalify current completed session and source/return basis","NOT_EXECUTED","NOT_READY"
"AXISBANK","BANK-P1-02","BANK_NBFC_STAGE_8_BANK_V1","RATING_TREND","REVIEW_REQUIRED","f81e4d3e-ba6b-496f-b3f8-8bea8da75828","ff63f4e3-a8e2-488f-a0e9-11618e6d38f6","6","17","Retained official documentary research archive; no favorable finding presumed","Issuer/rating source identity; original hash; effective period; substantive reviewed finding","Existing contract","Bounded documentary review and append-only adverse/conflict lineage","NOT_EXECUTED","NOT_READY"
"AXISBANK","BANK-P1-02","BANK_NBFC_STAGE_8_BANK_V1","RELATIVE_STRENGTH_12M","REVIEW_REQUIRED","f81e4d3e-ba6b-496f-b3f8-8bea8da75828","ff63f4e3-a8e2-488f-a0e9-11618e6d38f6","6","17","October-8 market/benchmark captures and history proof retained","Current completed-session freshness and compatible benchmark","Existing contract","Requalify current completed session and source/return basis","NOT_EXECUTED","NOT_READY"
"AXISBANK","BANK-P1-02","BANK_NBFC_STAGE_8_BANK_V1","ROA_ANNUAL","REVIEW_REQUIRED","f81e4d3e-ba6b-496f-b3f8-8bea8da75828","ff63f4e3-a8e2-488f-a0e9-11618e6d38f6","6","17","Existing issuer/Trendlyne research candidates; unapproved semantic contract","Actual source excerpt; strict financial-period/scope/denominator and versioned metric contract","Owner methodology approval","Approve source-backed contract; test then admit exact candidate","NOT_EXECUTED","NOT_READY"
"AXISBANK","BANK-P1-02","BANK_NBFC_STAGE_8_BANK_V1","ROE_ANNUAL","REVIEW_REQUIRED","f81e4d3e-ba6b-496f-b3f8-8bea8da75828","ff63f4e3-a8e2-488f-a0e9-11618e6d38f6","6","17","Native annual roea capture for all 13","Fiscal year start/end, scope, denominator, publication and original record lineage","Existing contract","Admit only verified annual ROE with active definition","NOT_EXECUTED","NOT_READY"
"AXISBANK","BANK-P1-02","BANK_NBFC_STAGE_8_BANK_V1","VOLATILITY_RELATIVE","REVIEW_REQUIRED","f81e4d3e-ba6b-496f-b3f8-8bea8da75828","ff63f4e3-a8e2-488f-a0e9-11618e6d38f6","6","17","October-8 market/benchmark captures and history proof retained","Current completed-session freshness and compatible benchmark","Existing contract","Requalify current completed session and source/return basis","NOT_EXECUTED","NOT_READY"
"IDFCFIRSTB","BANK-P1-03","BANK_NBFC_STAGE_8_BANK_V1","ADVANCES_GROWTH_YOY","REVIEW_REQUIRED","769ddaca-ce52-4166-b48c-7da636aef070","bea4c208-8485-49d5-aa29-bacb761876fc","6","17","Retained records; exact applicable identity requires current replay","Current period; source identity/scope/freshness; independent canonical qualification","Existing contract","Validate existing record against canonical requirement evaluator","NOT_EXECUTED","NOT_READY"
"IDFCFIRSTB","BANK-P1-03","BANK_NBFC_STAGE_8_BANK_V1","CAPITAL_ADEQUACY_RATIO","REVIEW_REQUIRED","769ddaca-ce52-4166-b48c-7da636aef070","bea4c208-8485-49d5-aa29-bacb761876fc","6","17","Existing issuer/Trendlyne research candidates; unapproved semantic contract","Actual source excerpt; strict financial-period/scope/denominator and versioned metric contract","Owner methodology approval","Approve source-backed contract; test then admit exact candidate","NOT_EXECUTED","NOT_READY"
"IDFCFIRSTB","BANK-P1-03","BANK_NBFC_STAGE_8_BANK_V1","CET1_RATIO","REVIEW_REQUIRED","769ddaca-ce52-4166-b48c-7da636aef070","bea4c208-8485-49d5-aa29-bacb761876fc","6","17","Existing issuer/Trendlyne research candidates; unapproved semantic contract","Actual source excerpt; strict financial-period/scope/denominator and versioned metric contract","Owner methodology approval","Approve source-backed contract; test then admit exact candidate","NOT_EXECUTED","NOT_READY"
"IDFCFIRSTB","BANK-P1-03","BANK_NBFC_STAGE_8_BANK_V1","DEPOSITS_GROWTH_YOY","REVIEW_REQUIRED","769ddaca-ce52-4166-b48c-7da636aef070","bea4c208-8485-49d5-aa29-bacb761876fc","6","17","Retained records; exact applicable identity requires current replay","Current period; source identity/scope/freshness; independent canonical qualification","Existing contract","Validate existing record against canonical requirement evaluator","NOT_EXECUTED","NOT_READY"
"IDFCFIRSTB","BANK-P1-03","BANK_NBFC_STAGE_8_BANK_V1","EPS_GROWTH_YOY","REVIEW_REQUIRED","769ddaca-ce52-4166-b48c-7da636aef070","bea4c208-8485-49d5-aa29-bacb761876fc","6","17","Retained records; exact applicable identity requires current replay","Current period; source identity/scope/freshness; independent canonical qualification","Existing contract","Validate existing record against canonical requirement evaluator","NOT_EXECUTED","NOT_READY"
"IDFCFIRSTB","BANK-P1-03","BANK_NBFC_STAGE_8_BANK_V1","EXTERNAL_LONG_TERM_RATING","REVIEW_REQUIRED","769ddaca-ce52-4166-b48c-7da636aef070","bea4c208-8485-49d5-aa29-bacb761876fc","6","17","Retained official documentary research archive; no favorable finding presumed","Issuer/rating source identity; original hash; effective period; substantive reviewed finding","Existing contract","Bounded documentary review and append-only adverse/conflict lineage","NOT_EXECUTED","NOT_READY"
"IDFCFIRSTB","BANK-P1-03","BANK_NBFC_STAGE_8_BANK_V1","GOVERNANCE_EVENT_SIGNAL","REVIEW_REQUIRED","769ddaca-ce52-4166-b48c-7da636aef070","bea4c208-8485-49d5-aa29-bacb761876fc","6","17","Retained official documentary research archive; no favorable finding presumed","Issuer/rating source identity; original hash; effective period; substantive reviewed finding","Existing contract","Bounded documentary review and append-only adverse/conflict lineage","NOT_EXECUTED","NOT_READY"
"IDFCFIRSTB","BANK-P1-03","BANK_NBFC_STAGE_8_BANK_V1","GROSS_NPA","REVIEW_REQUIRED","769ddaca-ce52-4166-b48c-7da636aef070","bea4c208-8485-49d5-aa29-bacb761876fc","6","17","26 qualified delegated June-2026 NPA review ledger across 13 banks","Fresh current canonical full replay and conflict precedence","Existing contract","Reuse accepted NPA review; never duplicate; revalidate","NOT_EXECUTED","NOT_READY"
"IDFCFIRSTB","BANK-P1-03","BANK_NBFC_STAGE_8_BANK_V1","IC3_SNAPSHOT_LINEAGE","REVIEW_REQUIRED","769ddaca-ce52-4166-b48c-7da636aef070","bea4c208-8485-49d5-aa29-bacb761876fc","6","17","Historical snapshot lineage FRESH","Current selection/materialization lineage","Existing contract","Recheck when new selection created","NOT_EXECUTED","NOT_READY"
"IDFCFIRSTB","BANK-P1-03","BANK_NBFC_STAGE_8_BANK_V1","INSTITUTIONAL_OWNERSHIP_TREND_4Q","REVIEW_REQUIRED","769ddaca-ce52-4166-b48c-7da636aef070","bea4c208-8485-49d5-aa29-bacb761876fc","6","17","Direct Trendlyne ownership series available for all 13","Four consecutive quarter ends; total equity denominator; revisions; selected direct Institutional series","Existing contract","Source-qualify direct Institutional series; no FII/DII/MF synthesis","NOT_EXECUTED","NOT_READY"
"IDFCFIRSTB","BANK-P1-03","BANK_NBFC_STAGE_8_BANK_V1","MAX_DRAWDOWN_1Y","REVIEW_REQUIRED","769ddaca-ce52-4166-b48c-7da636aef070","bea4c208-8485-49d5-aa29-bacb761876fc","6","17","October-8 market/benchmark captures and history proof retained","Current completed-session freshness and compatible benchmark","Existing contract","Requalify current completed session and source/return basis","NOT_EXECUTED","NOT_READY"
"IDFCFIRSTB","BANK-P1-03","BANK_NBFC_STAGE_8_BANK_V1","NET_NPA","REVIEW_REQUIRED","769ddaca-ce52-4166-b48c-7da636aef070","bea4c208-8485-49d5-aa29-bacb761876fc","6","17","26 qualified delegated June-2026 NPA review ledger across 13 banks","Fresh current canonical full replay and conflict precedence","Existing contract","Reuse accepted NPA review; never duplicate; revalidate","NOT_EXECUTED","NOT_READY"
"IDFCFIRSTB","BANK-P1-03","BANK_NBFC_STAGE_8_BANK_V1","NIM_TTM","REVIEW_REQUIRED","769ddaca-ce52-4166-b48c-7da636aef070","bea4c208-8485-49d5-aa29-bacb761876fc","6","17","Existing issuer/Trendlyne research candidates; unapproved semantic contract","Actual source excerpt; strict financial-period/scope/denominator and versioned metric contract","Owner methodology approval","Approve source-backed contract; test then admit exact candidate","NOT_EXECUTED","NOT_READY"
"IDFCFIRSTB","BANK-P1-03","BANK_NBFC_STAGE_8_BANK_V1","PB_ADJUSTED_FOR_ROE","REVIEW_REQUIRED","769ddaca-ce52-4166-b48c-7da636aef070","bea4c208-8485-49d5-aa29-bacb761876fc","6","17","Existing issuer/Trendlyne research candidates; unapproved semantic contract","Actual source excerpt; strict financial-period/scope/denominator and versioned metric contract","Owner methodology approval","Approve source-backed contract; test then admit exact candidate","NOT_EXECUTED","NOT_READY"
"IDFCFIRSTB","BANK-P1-03","BANK_NBFC_STAGE_8_BANK_V1","PB_RELATIVE","REVIEW_REQUIRED","769ddaca-ce52-4166-b48c-7da636aef070","bea4c208-8485-49d5-aa29-bacb761876fc","6","17","Existing issuer/Trendlyne research candidates; unapproved semantic contract","Actual source excerpt; strict financial-period/scope/denominator and versioned metric contract","Owner methodology approval","Approve source-backed contract; test then admit exact candidate","NOT_EXECUTED","NOT_READY"
"IDFCFIRSTB","BANK-P1-03","BANK_NBFC_STAGE_8_BANK_V1","PE_TTM_RELATIVE","REVIEW_REQUIRED","769ddaca-ce52-4166-b48c-7da636aef070","bea4c208-8485-49d5-aa29-bacb761876fc","6","17","Existing issuer/Trendlyne research candidates; unapproved semantic contract","Actual source excerpt; strict financial-period/scope/denominator and versioned metric contract","Owner methodology approval","Approve source-backed contract; test then admit exact candidate","NOT_EXECUTED","NOT_READY"
"IDFCFIRSTB","BANK-P1-03","BANK_NBFC_STAGE_8_BANK_V1","PRICE_MOMENTUM_12M","REVIEW_REQUIRED","769ddaca-ce52-4166-b48c-7da636aef070","bea4c208-8485-49d5-aa29-bacb761876fc","6","17","October-8 market/benchmark captures and history proof retained","Current completed-session freshness and compatible benchmark","Existing contract","Requalify current completed session and source/return basis","NOT_EXECUTED","NOT_READY"
"IDFCFIRSTB","BANK-P1-03","BANK_NBFC_STAGE_8_BANK_V1","PRICE_MOMENTUM_6M","REVIEW_REQUIRED","769ddaca-ce52-4166-b48c-7da636aef070","bea4c208-8485-49d5-aa29-bacb761876fc","6","17","October-8 market/benchmark captures and history proof retained","Current completed-session freshness and compatible benchmark","Existing contract","Requalify current completed session and source/return basis","NOT_EXECUTED","NOT_READY"
"IDFCFIRSTB","BANK-P1-03","BANK_NBFC_STAGE_8_BANK_V1","RATING_TREND","REVIEW_REQUIRED","769ddaca-ce52-4166-b48c-7da636aef070","bea4c208-8485-49d5-aa29-bacb761876fc","6","17","Retained official documentary research archive; no favorable finding presumed","Issuer/rating source identity; original hash; effective period; substantive reviewed finding","Existing contract","Bounded documentary review and append-only adverse/conflict lineage","NOT_EXECUTED","NOT_READY"
"IDFCFIRSTB","BANK-P1-03","BANK_NBFC_STAGE_8_BANK_V1","RELATIVE_STRENGTH_12M","REVIEW_REQUIRED","769ddaca-ce52-4166-b48c-7da636aef070","bea4c208-8485-49d5-aa29-bacb761876fc","6","17","October-8 market/benchmark captures and history proof retained","Current completed-session freshness and compatible benchmark","Existing contract","Requalify current completed session and source/return basis","NOT_EXECUTED","NOT_READY"
"IDFCFIRSTB","BANK-P1-03","BANK_NBFC_STAGE_8_BANK_V1","ROA_ANNUAL","REVIEW_REQUIRED","769ddaca-ce52-4166-b48c-7da636aef070","bea4c208-8485-49d5-aa29-bacb761876fc","6","17","Existing issuer/Trendlyne research candidates; unapproved semantic contract","Actual source excerpt; strict financial-period/scope/denominator and versioned metric contract","Owner methodology approval","Approve source-backed contract; test then admit exact candidate","NOT_EXECUTED","NOT_READY"
"IDFCFIRSTB","BANK-P1-03","BANK_NBFC_STAGE_8_BANK_V1","ROE_ANNUAL","REVIEW_REQUIRED","769ddaca-ce52-4166-b48c-7da636aef070","bea4c208-8485-49d5-aa29-bacb761876fc","6","17","Native annual roea capture for all 13","Fiscal year start/end, scope, denominator, publication and original record lineage","Existing contract","Admit only verified annual ROE with active definition","NOT_EXECUTED","NOT_READY"
"IDFCFIRSTB","BANK-P1-03","BANK_NBFC_STAGE_8_BANK_V1","VOLATILITY_RELATIVE","REVIEW_REQUIRED","769ddaca-ce52-4166-b48c-7da636aef070","bea4c208-8485-49d5-aa29-bacb761876fc","6","17","October-8 market/benchmark captures and history proof retained","Current completed-session freshness and compatible benchmark","Existing contract","Requalify current completed session and source/return basis","NOT_EXECUTED","NOT_READY"
"BANDHANBNK","BANK-P1-03","BANK_NBFC_STAGE_8_BANK_V1","ADVANCES_GROWTH_YOY","REVIEW_REQUIRED","4eeb7ec0-151f-458c-9573-40e6fd1715e2","3934ad33-8e84-4001-b571-0803fc14cae9","6","17","Retained records; exact applicable identity requires current replay","Current period; source identity/scope/freshness; independent canonical qualification","Existing contract","Validate existing record against canonical requirement evaluator","NOT_EXECUTED","NOT_READY"
"BANDHANBNK","BANK-P1-03","BANK_NBFC_STAGE_8_BANK_V1","CAPITAL_ADEQUACY_RATIO","REVIEW_REQUIRED","4eeb7ec0-151f-458c-9573-40e6fd1715e2","3934ad33-8e84-4001-b571-0803fc14cae9","6","17","Existing issuer/Trendlyne research candidates; unapproved semantic contract","Actual source excerpt; strict financial-period/scope/denominator and versioned metric contract","Owner methodology approval","Approve source-backed contract; test then admit exact candidate","NOT_EXECUTED","NOT_READY"
"BANDHANBNK","BANK-P1-03","BANK_NBFC_STAGE_8_BANK_V1","CET1_RATIO","REVIEW_REQUIRED","4eeb7ec0-151f-458c-9573-40e6fd1715e2","3934ad33-8e84-4001-b571-0803fc14cae9","6","17","Existing issuer/Trendlyne research candidates; unapproved semantic contract","Actual source excerpt; strict financial-period/scope/denominator and versioned metric contract","Owner methodology approval","Approve source-backed contract; test then admit exact candidate","NOT_EXECUTED","NOT_READY"
"BANDHANBNK","BANK-P1-03","BANK_NBFC_STAGE_8_BANK_V1","DEPOSITS_GROWTH_YOY","REVIEW_REQUIRED","4eeb7ec0-151f-458c-9573-40e6fd1715e2","3934ad33-8e84-4001-b571-0803fc14cae9","6","17","Retained records; exact applicable identity requires current replay","Current period; source identity/scope/freshness; independent canonical qualification","Existing contract","Validate existing record against canonical requirement evaluator","NOT_EXECUTED","NOT_READY"
"BANDHANBNK","BANK-P1-03","BANK_NBFC_STAGE_8_BANK_V1","EPS_GROWTH_YOY","REVIEW_REQUIRED","4eeb7ec0-151f-458c-9573-40e6fd1715e2","3934ad33-8e84-4001-b571-0803fc14cae9","6","17","Retained records; exact applicable identity requires current replay","Current period; source identity/scope/freshness; independent canonical qualification","Existing contract","Validate existing record against canonical requirement evaluator","NOT_EXECUTED","NOT_READY"
"BANDHANBNK","BANK-P1-03","BANK_NBFC_STAGE_8_BANK_V1","EXTERNAL_LONG_TERM_RATING","REVIEW_REQUIRED","4eeb7ec0-151f-458c-9573-40e6fd1715e2","3934ad33-8e84-4001-b571-0803fc14cae9","6","17","Retained official documentary research archive; no favorable finding presumed","Issuer/rating source identity; original hash; effective period; substantive reviewed finding","Existing contract","Bounded documentary review and append-only adverse/conflict lineage","NOT_EXECUTED","NOT_READY"
"BANDHANBNK","BANK-P1-03","BANK_NBFC_STAGE_8_BANK_V1","GOVERNANCE_EVENT_SIGNAL","REVIEW_REQUIRED","4eeb7ec0-151f-458c-9573-40e6fd1715e2","3934ad33-8e84-4001-b571-0803fc14cae9","6","17","Retained official documentary research archive; no favorable finding presumed","Issuer/rating source identity; original hash; effective period; substantive reviewed finding","Existing contract","Bounded documentary review and append-only adverse/conflict lineage","NOT_EXECUTED","NOT_READY"
"BANDHANBNK","BANK-P1-03","BANK_NBFC_STAGE_8_BANK_V1","GROSS_NPA","REVIEW_REQUIRED","4eeb7ec0-151f-458c-9573-40e6fd1715e2","3934ad33-8e84-4001-b571-0803fc14cae9","6","17","26 qualified delegated June-2026 NPA review ledger across 13 banks","Fresh current canonical full replay and conflict precedence","Existing contract","Reuse accepted NPA review; never duplicate; revalidate","NOT_EXECUTED","NOT_READY"
"BANDHANBNK","BANK-P1-03","BANK_NBFC_STAGE_8_BANK_V1","IC3_SNAPSHOT_LINEAGE","REVIEW_REQUIRED","4eeb7ec0-151f-458c-9573-40e6fd1715e2","3934ad33-8e84-4001-b571-0803fc14cae9","6","17","Historical snapshot lineage FRESH","Current selection/materialization lineage","Existing contract","Recheck when new selection created","NOT_EXECUTED","NOT_READY"
"BANDHANBNK","BANK-P1-03","BANK_NBFC_STAGE_8_BANK_V1","INSTITUTIONAL_OWNERSHIP_TREND_4Q","REVIEW_REQUIRED","4eeb7ec0-151f-458c-9573-40e6fd1715e2","3934ad33-8e84-4001-b571-0803fc14cae9","6","17","Direct Trendlyne ownership series available for all 13","Four consecutive quarter ends; total equity denominator; revisions; selected direct Institutional series","Existing contract","Source-qualify direct Institutional series; no FII/DII/MF synthesis","NOT_EXECUTED","NOT_READY"
"BANDHANBNK","BANK-P1-03","BANK_NBFC_STAGE_8_BANK_V1","MAX_DRAWDOWN_1Y","REVIEW_REQUIRED","4eeb7ec0-151f-458c-9573-40e6fd1715e2","3934ad33-8e84-4001-b571-0803fc14cae9","6","17","October-8 market/benchmark captures and history proof retained","Current completed-session freshness and compatible benchmark","Existing contract","Requalify current completed session and source/return basis","NOT_EXECUTED","NOT_READY"
"BANDHANBNK","BANK-P1-03","BANK_NBFC_STAGE_8_BANK_V1","NET_NPA","REVIEW_REQUIRED","4eeb7ec0-151f-458c-9573-40e6fd1715e2","3934ad33-8e84-4001-b571-0803fc14cae9","6","17","26 qualified delegated June-2026 NPA review ledger across 13 banks","Fresh current canonical full replay and conflict precedence","Existing contract","Reuse accepted NPA review; never duplicate; revalidate","NOT_EXECUTED","NOT_READY"
"BANDHANBNK","BANK-P1-03","BANK_NBFC_STAGE_8_BANK_V1","NIM_TTM","REVIEW_REQUIRED","4eeb7ec0-151f-458c-9573-40e6fd1715e2","3934ad33-8e84-4001-b571-0803fc14cae9","6","17","Existing issuer/Trendlyne research candidates; unapproved semantic contract","Actual source excerpt; strict financial-period/scope/denominator and versioned metric contract","Owner methodology approval","Approve source-backed contract; test then admit exact candidate","NOT_EXECUTED","NOT_READY"
"BANDHANBNK","BANK-P1-03","BANK_NBFC_STAGE_8_BANK_V1","PB_ADJUSTED_FOR_ROE","REVIEW_REQUIRED","4eeb7ec0-151f-458c-9573-40e6fd1715e2","3934ad33-8e84-4001-b571-0803fc14cae9","6","17","Existing issuer/Trendlyne research candidates; unapproved semantic contract","Actual source excerpt; strict financial-period/scope/denominator and versioned metric contract","Owner methodology approval","Approve source-backed contract; test then admit exact candidate","NOT_EXECUTED","NOT_READY"
"BANDHANBNK","BANK-P1-03","BANK_NBFC_STAGE_8_BANK_V1","PB_RELATIVE","REVIEW_REQUIRED","4eeb7ec0-151f-458c-9573-40e6fd1715e2","3934ad33-8e84-4001-b571-0803fc14cae9","6","17","Existing issuer/Trendlyne research candidates; unapproved semantic contract","Actual source excerpt; strict financial-period/scope/denominator and versioned metric contract","Owner methodology approval","Approve source-backed contract; test then admit exact candidate","NOT_EXECUTED","NOT_READY"
"BANDHANBNK","BANK-P1-03","BANK_NBFC_STAGE_8_BANK_V1","PE_TTM_RELATIVE","REVIEW_REQUIRED","4eeb7ec0-151f-458c-9573-40e6fd1715e2","3934ad33-8e84-4001-b571-0803fc14cae9","6","17","Existing issuer/Trendlyne research candidates; unapproved semantic contract","Actual source excerpt; strict financial-period/scope/denominator and versioned metric contract","Owner methodology approval","Approve source-backed contract; test then admit exact candidate","NOT_EXECUTED","NOT_READY"
"BANDHANBNK","BANK-P1-03","BANK_NBFC_STAGE_8_BANK_V1","PRICE_MOMENTUM_12M","REVIEW_REQUIRED","4eeb7ec0-151f-458c-9573-40e6fd1715e2","3934ad33-8e84-4001-b571-0803fc14cae9","6","17","October-8 market/benchmark captures and history proof retained","Current completed-session freshness and compatible benchmark","Existing contract","Requalify current completed session and source/return basis","NOT_EXECUTED","NOT_READY"
"BANDHANBNK","BANK-P1-03","BANK_NBFC_STAGE_8_BANK_V1","PRICE_MOMENTUM_6M","REVIEW_REQUIRED","4eeb7ec0-151f-458c-9573-40e6fd1715e2","3934ad33-8e84-4001-b571-0803fc14cae9","6","17","October-8 market/benchmark captures and history proof retained","Current completed-session freshness and compatible benchmark","Existing contract","Requalify current completed session and source/return basis","NOT_EXECUTED","NOT_READY"
"BANDHANBNK","BANK-P1-03","BANK_NBFC_STAGE_8_BANK_V1","RATING_TREND","REVIEW_REQUIRED","4eeb7ec0-151f-458c-9573-40e6fd1715e2","3934ad33-8e84-4001-b571-0803fc14cae9","6","17","Retained official documentary research archive; no favorable finding presumed","Issuer/rating source identity; original hash; effective period; substantive reviewed finding","Existing contract","Bounded documentary review and append-only adverse/conflict lineage","NOT_EXECUTED","NOT_READY"
"BANDHANBNK","BANK-P1-03","BANK_NBFC_STAGE_8_BANK_V1","RELATIVE_STRENGTH_12M","REVIEW_REQUIRED","4eeb7ec0-151f-458c-9573-40e6fd1715e2","3934ad33-8e84-4001-b571-0803fc14cae9","6","17","October-8 market/benchmark captures and history proof retained","Current completed-session freshness and compatible benchmark","Existing contract","Requalify current completed session and source/return basis","NOT_EXECUTED","NOT_READY"
"BANDHANBNK","BANK-P1-03","BANK_NBFC_STAGE_8_BANK_V1","ROA_ANNUAL","REVIEW_REQUIRED","4eeb7ec0-151f-458c-9573-40e6fd1715e2","3934ad33-8e84-4001-b571-0803fc14cae9","6","17","Existing issuer/Trendlyne research candidates; unapproved semantic contract","Actual source excerpt; strict financial-period/scope/denominator and versioned metric contract","Owner methodology approval","Approve source-backed contract; test then admit exact candidate","NOT_EXECUTED","NOT_READY"
"BANDHANBNK","BANK-P1-03","BANK_NBFC_STAGE_8_BANK_V1","ROE_ANNUAL","REVIEW_REQUIRED","4eeb7ec0-151f-458c-9573-40e6fd1715e2","3934ad33-8e84-4001-b571-0803fc14cae9","6","17","Native annual roea capture for all 13","Fiscal year start/end, scope, denominator, publication and original record lineage","Existing contract","Admit only verified annual ROE with active definition","NOT_EXECUTED","NOT_READY"
"BANDHANBNK","BANK-P1-03","BANK_NBFC_STAGE_8_BANK_V1","VOLATILITY_RELATIVE","REVIEW_REQUIRED","4eeb7ec0-151f-458c-9573-40e6fd1715e2","3934ad33-8e84-4001-b571-0803fc14cae9","6","17","October-8 market/benchmark captures and history proof retained","Current completed-session freshness and compatible benchmark","Existing contract","Requalify current completed session and source/return basis","NOT_EXECUTED","NOT_READY"
"IDBI","BANK-P1-03","BANK_NBFC_STAGE_8_BANK_V1","ADVANCES_GROWTH_YOY","REVIEW_REQUIRED","a3e13a87-b856-4eea-b109-81de0210738c","ed5172bf-0c1f-47b7-82c2-c2998a5ffc87","6","17","Retained records; exact applicable identity requires current replay","Current period; source identity/scope/freshness; independent canonical qualification","Existing contract","Validate existing record against canonical requirement evaluator","NOT_EXECUTED","NOT_READY"
"IDBI","BANK-P1-03","BANK_NBFC_STAGE_8_BANK_V1","CAPITAL_ADEQUACY_RATIO","REVIEW_REQUIRED","a3e13a87-b856-4eea-b109-81de0210738c","ed5172bf-0c1f-47b7-82c2-c2998a5ffc87","6","17","Existing issuer/Trendlyne research candidates; unapproved semantic contract","Actual source excerpt; strict financial-period/scope/denominator and versioned metric contract","Owner methodology approval","Approve source-backed contract; test then admit exact candidate","NOT_EXECUTED","NOT_READY"
"IDBI","BANK-P1-03","BANK_NBFC_STAGE_8_BANK_V1","CET1_RATIO","REVIEW_REQUIRED","a3e13a87-b856-4eea-b109-81de0210738c","ed5172bf-0c1f-47b7-82c2-c2998a5ffc87","6","17","Existing issuer/Trendlyne research candidates; unapproved semantic contract","Actual source excerpt; strict financial-period/scope/denominator and versioned metric contract","Owner methodology approval","Approve source-backed contract; test then admit exact candidate","NOT_EXECUTED","NOT_READY"
"IDBI","BANK-P1-03","BANK_NBFC_STAGE_8_BANK_V1","DEPOSITS_GROWTH_YOY","REVIEW_REQUIRED","a3e13a87-b856-4eea-b109-81de0210738c","ed5172bf-0c1f-47b7-82c2-c2998a5ffc87","6","17","Retained records; exact applicable identity requires current replay","Current period; source identity/scope/freshness; independent canonical qualification","Existing contract","Validate existing record against canonical requirement evaluator","NOT_EXECUTED","NOT_READY"
"IDBI","BANK-P1-03","BANK_NBFC_STAGE_8_BANK_V1","EPS_GROWTH_YOY","REVIEW_REQUIRED","a3e13a87-b856-4eea-b109-81de0210738c","ed5172bf-0c1f-47b7-82c2-c2998a5ffc87","6","17","Retained records; exact applicable identity requires current replay","Current period; source identity/scope/freshness; independent canonical qualification","Existing contract","Validate existing record against canonical requirement evaluator","NOT_EXECUTED","NOT_READY"
"IDBI","BANK-P1-03","BANK_NBFC_STAGE_8_BANK_V1","EXTERNAL_LONG_TERM_RATING","REVIEW_REQUIRED","a3e13a87-b856-4eea-b109-81de0210738c","ed5172bf-0c1f-47b7-82c2-c2998a5ffc87","6","17","Retained official documentary research archive; no favorable finding presumed","Issuer/rating source identity; original hash; effective period; substantive reviewed finding","Existing contract","Bounded documentary review and append-only adverse/conflict lineage","NOT_EXECUTED","NOT_READY"
"IDBI","BANK-P1-03","BANK_NBFC_STAGE_8_BANK_V1","GOVERNANCE_EVENT_SIGNAL","REVIEW_REQUIRED","a3e13a87-b856-4eea-b109-81de0210738c","ed5172bf-0c1f-47b7-82c2-c2998a5ffc87","6","17","Retained official documentary research archive; no favorable finding presumed","Issuer/rating source identity; original hash; effective period; substantive reviewed finding","Existing contract","Bounded documentary review and append-only adverse/conflict lineage","NOT_EXECUTED","NOT_READY"
"IDBI","BANK-P1-03","BANK_NBFC_STAGE_8_BANK_V1","GROSS_NPA","REVIEW_REQUIRED","a3e13a87-b856-4eea-b109-81de0210738c","ed5172bf-0c1f-47b7-82c2-c2998a5ffc87","6","17","26 qualified delegated June-2026 NPA review ledger across 13 banks","Fresh current canonical full replay and conflict precedence","Existing contract","Reuse accepted NPA review; never duplicate; revalidate","NOT_EXECUTED","NOT_READY"
"IDBI","BANK-P1-03","BANK_NBFC_STAGE_8_BANK_V1","IC3_SNAPSHOT_LINEAGE","REVIEW_REQUIRED","a3e13a87-b856-4eea-b109-81de0210738c","ed5172bf-0c1f-47b7-82c2-c2998a5ffc87","6","17","Historical snapshot lineage FRESH","Current selection/materialization lineage","Existing contract","Recheck when new selection created","NOT_EXECUTED","NOT_READY"
"IDBI","BANK-P1-03","BANK_NBFC_STAGE_8_BANK_V1","INSTITUTIONAL_OWNERSHIP_TREND_4Q","REVIEW_REQUIRED","a3e13a87-b856-4eea-b109-81de0210738c","ed5172bf-0c1f-47b7-82c2-c2998a5ffc87","6","17","Direct Trendlyne ownership series available for all 13","Four consecutive quarter ends; total equity denominator; revisions; selected direct Institutional series","Existing contract","Source-qualify direct Institutional series; no FII/DII/MF synthesis","NOT_EXECUTED","NOT_READY"
"IDBI","BANK-P1-03","BANK_NBFC_STAGE_8_BANK_V1","MAX_DRAWDOWN_1Y","REVIEW_REQUIRED","a3e13a87-b856-4eea-b109-81de0210738c","ed5172bf-0c1f-47b7-82c2-c2998a5ffc87","6","17","October-8 market/benchmark captures and history proof retained","Current completed-session freshness and compatible benchmark","Existing contract","Requalify current completed session and source/return basis","NOT_EXECUTED","NOT_READY"
"IDBI","BANK-P1-03","BANK_NBFC_STAGE_8_BANK_V1","NET_NPA","REVIEW_REQUIRED","a3e13a87-b856-4eea-b109-81de0210738c","ed5172bf-0c1f-47b7-82c2-c2998a5ffc87","6","17","26 qualified delegated June-2026 NPA review ledger across 13 banks","Fresh current canonical full replay and conflict precedence","Existing contract","Reuse accepted NPA review; never duplicate; revalidate","NOT_EXECUTED","NOT_READY"
"IDBI","BANK-P1-03","BANK_NBFC_STAGE_8_BANK_V1","NIM_TTM","REVIEW_REQUIRED","a3e13a87-b856-4eea-b109-81de0210738c","ed5172bf-0c1f-47b7-82c2-c2998a5ffc87","6","17","Existing issuer/Trendlyne research candidates; unapproved semantic contract","Actual source excerpt; strict financial-period/scope/denominator and versioned metric contract","Owner methodology approval","Approve source-backed contract; test then admit exact candidate","NOT_EXECUTED","NOT_READY"
"IDBI","BANK-P1-03","BANK_NBFC_STAGE_8_BANK_V1","PB_ADJUSTED_FOR_ROE","REVIEW_REQUIRED","a3e13a87-b856-4eea-b109-81de0210738c","ed5172bf-0c1f-47b7-82c2-c2998a5ffc87","6","17","Existing issuer/Trendlyne research candidates; unapproved semantic contract","Actual source excerpt; strict financial-period/scope/denominator and versioned metric contract","Owner methodology approval","Approve source-backed contract; test then admit exact candidate","NOT_EXECUTED","NOT_READY"
"IDBI","BANK-P1-03","BANK_NBFC_STAGE_8_BANK_V1","PB_RELATIVE","REVIEW_REQUIRED","a3e13a87-b856-4eea-b109-81de0210738c","ed5172bf-0c1f-47b7-82c2-c2998a5ffc87","6","17","Existing issuer/Trendlyne research candidates; unapproved semantic contract","Actual source excerpt; strict financial-period/scope/denominator and versioned metric contract","Owner methodology approval","Approve source-backed contract; test then admit exact candidate","NOT_EXECUTED","NOT_READY"
"IDBI","BANK-P1-03","BANK_NBFC_STAGE_8_BANK_V1","PE_TTM_RELATIVE","REVIEW_REQUIRED","a3e13a87-b856-4eea-b109-81de0210738c","ed5172bf-0c1f-47b7-82c2-c2998a5ffc87","6","17","Existing issuer/Trendlyne research candidates; unapproved semantic contract","Actual source excerpt; strict financial-period/scope/denominator and versioned metric contract","Owner methodology approval","Approve source-backed contract; test then admit exact candidate","NOT_EXECUTED","NOT_READY"
"IDBI","BANK-P1-03","BANK_NBFC_STAGE_8_BANK_V1","PRICE_MOMENTUM_12M","REVIEW_REQUIRED","a3e13a87-b856-4eea-b109-81de0210738c","ed5172bf-0c1f-47b7-82c2-c2998a5ffc87","6","17","October-8 market/benchmark captures and history proof retained","Current completed-session freshness and compatible benchmark","Existing contract","Requalify current completed session and source/return basis","NOT_EXECUTED","NOT_READY"
"IDBI","BANK-P1-03","BANK_NBFC_STAGE_8_BANK_V1","PRICE_MOMENTUM_6M","REVIEW_REQUIRED","a3e13a87-b856-4eea-b109-81de0210738c","ed5172bf-0c1f-47b7-82c2-c2998a5ffc87","6","17","October-8 market/benchmark captures and history proof retained","Current completed-session freshness and compatible benchmark","Existing contract","Requalify current completed session and source/return basis","NOT_EXECUTED","NOT_READY"
"IDBI","BANK-P1-03","BANK_NBFC_STAGE_8_BANK_V1","RATING_TREND","REVIEW_REQUIRED","a3e13a87-b856-4eea-b109-81de0210738c","ed5172bf-0c1f-47b7-82c2-c2998a5ffc87","6","17","Retained official documentary research archive; no favorable finding presumed","Issuer/rating source identity; original hash; effective period; substantive reviewed finding","Existing contract","Bounded documentary review and append-only adverse/conflict lineage","NOT_EXECUTED","NOT_READY"
"IDBI","BANK-P1-03","BANK_NBFC_STAGE_8_BANK_V1","RELATIVE_STRENGTH_12M","REVIEW_REQUIRED","a3e13a87-b856-4eea-b109-81de0210738c","ed5172bf-0c1f-47b7-82c2-c2998a5ffc87","6","17","October-8 market/benchmark captures and history proof retained","Current completed-session freshness and compatible benchmark","Existing contract","Requalify current completed session and source/return basis","NOT_EXECUTED","NOT_READY"
"IDBI","BANK-P1-03","BANK_NBFC_STAGE_8_BANK_V1","ROA_ANNUAL","REVIEW_REQUIRED","a3e13a87-b856-4eea-b109-81de0210738c","ed5172bf-0c1f-47b7-82c2-c2998a5ffc87","6","17","Existing issuer/Trendlyne research candidates; unapproved semantic contract","Actual source excerpt; strict financial-period/scope/denominator and versioned metric contract","Owner methodology approval","Approve source-backed contract; test then admit exact candidate","NOT_EXECUTED","NOT_READY"
"IDBI","BANK-P1-03","BANK_NBFC_STAGE_8_BANK_V1","ROE_ANNUAL","REVIEW_REQUIRED","a3e13a87-b856-4eea-b109-81de0210738c","ed5172bf-0c1f-47b7-82c2-c2998a5ffc87","6","17","Native annual roea capture for all 13","Fiscal year start/end, scope, denominator, publication and original record lineage","Existing contract","Admit only verified annual ROE with active definition","NOT_EXECUTED","NOT_READY"
"IDBI","BANK-P1-03","BANK_NBFC_STAGE_8_BANK_V1","VOLATILITY_RELATIVE","REVIEW_REQUIRED","a3e13a87-b856-4eea-b109-81de0210738c","ed5172bf-0c1f-47b7-82c2-c2998a5ffc87","6","17","October-8 market/benchmark captures and history proof retained","Current completed-session freshness and compatible benchmark","Existing contract","Requalify current completed session and source/return basis","NOT_EXECUTED","NOT_READY"
"INDIANB","BANK-P1-03","BANK_NBFC_STAGE_8_BANK_V1","ADVANCES_GROWTH_YOY","REVIEW_REQUIRED","c3fa5774-47cf-48cc-97ac-55be1ac5a669","fc722991-2203-45a5-b67c-6eca130f9f48","6","17","Retained records; exact applicable identity requires current replay","Current period; source identity/scope/freshness; independent canonical qualification","Existing contract","Validate existing record against canonical requirement evaluator","NOT_EXECUTED","NOT_READY"
"INDIANB","BANK-P1-03","BANK_NBFC_STAGE_8_BANK_V1","CAPITAL_ADEQUACY_RATIO","REVIEW_REQUIRED","c3fa5774-47cf-48cc-97ac-55be1ac5a669","fc722991-2203-45a5-b67c-6eca130f9f48","6","17","Existing issuer/Trendlyne research candidates; unapproved semantic contract","Actual source excerpt; strict financial-period/scope/denominator and versioned metric contract","Owner methodology approval","Approve source-backed contract; test then admit exact candidate","NOT_EXECUTED","NOT_READY"
"INDIANB","BANK-P1-03","BANK_NBFC_STAGE_8_BANK_V1","CET1_RATIO","REVIEW_REQUIRED","c3fa5774-47cf-48cc-97ac-55be1ac5a669","fc722991-2203-45a5-b67c-6eca130f9f48","6","17","Existing issuer/Trendlyne research candidates; unapproved semantic contract","Actual source excerpt; strict financial-period/scope/denominator and versioned metric contract","Owner methodology approval","Approve source-backed contract; test then admit exact candidate","NOT_EXECUTED","NOT_READY"
"INDIANB","BANK-P1-03","BANK_NBFC_STAGE_8_BANK_V1","DEPOSITS_GROWTH_YOY","REVIEW_REQUIRED","c3fa5774-47cf-48cc-97ac-55be1ac5a669","fc722991-2203-45a5-b67c-6eca130f9f48","6","17","Retained records; exact applicable identity requires current replay","Current period; source identity/scope/freshness; independent canonical qualification","Existing contract","Validate existing record against canonical requirement evaluator","NOT_EXECUTED","NOT_READY"
"INDIANB","BANK-P1-03","BANK_NBFC_STAGE_8_BANK_V1","EPS_GROWTH_YOY","REVIEW_REQUIRED","c3fa5774-47cf-48cc-97ac-55be1ac5a669","fc722991-2203-45a5-b67c-6eca130f9f48","6","17","Retained records; exact applicable identity requires current replay","Current period; source identity/scope/freshness; independent canonical qualification","Existing contract","Validate existing record against canonical requirement evaluator","NOT_EXECUTED","NOT_READY"
"INDIANB","BANK-P1-03","BANK_NBFC_STAGE_8_BANK_V1","EXTERNAL_LONG_TERM_RATING","REVIEW_REQUIRED","c3fa5774-47cf-48cc-97ac-55be1ac5a669","fc722991-2203-45a5-b67c-6eca130f9f48","6","17","Retained official documentary research archive; no favorable finding presumed","Issuer/rating source identity; original hash; effective period; substantive reviewed finding","Existing contract","Bounded documentary review and append-only adverse/conflict lineage","NOT_EXECUTED","NOT_READY"
"INDIANB","BANK-P1-03","BANK_NBFC_STAGE_8_BANK_V1","GOVERNANCE_EVENT_SIGNAL","REVIEW_REQUIRED","c3fa5774-47cf-48cc-97ac-55be1ac5a669","fc722991-2203-45a5-b67c-6eca130f9f48","6","17","Retained official documentary research archive; no favorable finding presumed","Issuer/rating source identity; original hash; effective period; substantive reviewed finding","Existing contract","Bounded documentary review and append-only adverse/conflict lineage","NOT_EXECUTED","NOT_READY"
"INDIANB","BANK-P1-03","BANK_NBFC_STAGE_8_BANK_V1","GROSS_NPA","REVIEW_REQUIRED","c3fa5774-47cf-48cc-97ac-55be1ac5a669","fc722991-2203-45a5-b67c-6eca130f9f48","6","17","26 qualified delegated June-2026 NPA review ledger across 13 banks","Fresh current canonical full replay and conflict precedence","Existing contract","Reuse accepted NPA review; never duplicate; revalidate","NOT_EXECUTED","NOT_READY"
"INDIANB","BANK-P1-03","BANK_NBFC_STAGE_8_BANK_V1","IC3_SNAPSHOT_LINEAGE","REVIEW_REQUIRED","c3fa5774-47cf-48cc-97ac-55be1ac5a669","fc722991-2203-45a5-b67c-6eca130f9f48","6","17","Historical snapshot lineage FRESH","Current selection/materialization lineage","Existing contract","Recheck when new selection created","NOT_EXECUTED","NOT_READY"
"INDIANB","BANK-P1-03","BANK_NBFC_STAGE_8_BANK_V1","INSTITUTIONAL_OWNERSHIP_TREND_4Q","REVIEW_REQUIRED","c3fa5774-47cf-48cc-97ac-55be1ac5a669","fc722991-2203-45a5-b67c-6eca130f9f48","6","17","Direct Trendlyne ownership series available for all 13","Four consecutive quarter ends; total equity denominator; revisions; selected direct Institutional series","Existing contract","Source-qualify direct Institutional series; no FII/DII/MF synthesis","NOT_EXECUTED","NOT_READY"
"INDIANB","BANK-P1-03","BANK_NBFC_STAGE_8_BANK_V1","MAX_DRAWDOWN_1Y","REVIEW_REQUIRED","c3fa5774-47cf-48cc-97ac-55be1ac5a669","fc722991-2203-45a5-b67c-6eca130f9f48","6","17","October-8 market/benchmark captures and history proof retained","Current completed-session freshness and compatible benchmark","Existing contract","Requalify current completed session and source/return basis","NOT_EXECUTED","NOT_READY"
"INDIANB","BANK-P1-03","BANK_NBFC_STAGE_8_BANK_V1","NET_NPA","REVIEW_REQUIRED","c3fa5774-47cf-48cc-97ac-55be1ac5a669","fc722991-2203-45a5-b67c-6eca130f9f48","6","17","26 qualified delegated June-2026 NPA review ledger across 13 banks","Fresh current canonical full replay and conflict precedence","Existing contract","Reuse accepted NPA review; never duplicate; revalidate","NOT_EXECUTED","NOT_READY"
"INDIANB","BANK-P1-03","BANK_NBFC_STAGE_8_BANK_V1","NIM_TTM","REVIEW_REQUIRED","c3fa5774-47cf-48cc-97ac-55be1ac5a669","fc722991-2203-45a5-b67c-6eca130f9f48","6","17","Existing issuer/Trendlyne research candidates; unapproved semantic contract","Actual source excerpt; strict financial-period/scope/denominator and versioned metric contract","Owner methodology approval","Approve source-backed contract; test then admit exact candidate","NOT_EXECUTED","NOT_READY"
"INDIANB","BANK-P1-03","BANK_NBFC_STAGE_8_BANK_V1","PB_ADJUSTED_FOR_ROE","REVIEW_REQUIRED","c3fa5774-47cf-48cc-97ac-55be1ac5a669","fc722991-2203-45a5-b67c-6eca130f9f48","6","17","Existing issuer/Trendlyne research candidates; unapproved semantic contract","Actual source excerpt; strict financial-period/scope/denominator and versioned metric contract","Owner methodology approval","Approve source-backed contract; test then admit exact candidate","NOT_EXECUTED","NOT_READY"
"INDIANB","BANK-P1-03","BANK_NBFC_STAGE_8_BANK_V1","PB_RELATIVE","REVIEW_REQUIRED","c3fa5774-47cf-48cc-97ac-55be1ac5a669","fc722991-2203-45a5-b67c-6eca130f9f48","6","17","Existing issuer/Trendlyne research candidates; unapproved semantic contract","Actual source excerpt; strict financial-period/scope/denominator and versioned metric contract","Owner methodology approval","Approve source-backed contract; test then admit exact candidate","NOT_EXECUTED","NOT_READY"
"INDIANB","BANK-P1-03","BANK_NBFC_STAGE_8_BANK_V1","PE_TTM_RELATIVE","REVIEW_REQUIRED","c3fa5774-47cf-48cc-97ac-55be1ac5a669","fc722991-2203-45a5-b67c-6eca130f9f48","6","17","Existing issuer/Trendlyne research candidates; unapproved semantic contract","Actual source excerpt; strict financial-period/scope/denominator and versioned metric contract","Owner methodology approval","Approve source-backed contract; test then admit exact candidate","NOT_EXECUTED","NOT_READY"
"INDIANB","BANK-P1-03","BANK_NBFC_STAGE_8_BANK_V1","PRICE_MOMENTUM_12M","REVIEW_REQUIRED","c3fa5774-47cf-48cc-97ac-55be1ac5a669","fc722991-2203-45a5-b67c-6eca130f9f48","6","17","October-8 market/benchmark captures and history proof retained","Current completed-session freshness and compatible benchmark","Existing contract","Requalify current completed session and source/return basis","NOT_EXECUTED","NOT_READY"
"INDIANB","BANK-P1-03","BANK_NBFC_STAGE_8_BANK_V1","PRICE_MOMENTUM_6M","REVIEW_REQUIRED","c3fa5774-47cf-48cc-97ac-55be1ac5a669","fc722991-2203-45a5-b67c-6eca130f9f48","6","17","October-8 market/benchmark captures and history proof retained","Current completed-session freshness and compatible benchmark","Existing contract","Requalify current completed session and source/return basis","NOT_EXECUTED","NOT_READY"
"INDIANB","BANK-P1-03","BANK_NBFC_STAGE_8_BANK_V1","RATING_TREND","REVIEW_REQUIRED","c3fa5774-47cf-48cc-97ac-55be1ac5a669","fc722991-2203-45a5-b67c-6eca130f9f48","6","17","Retained official documentary research archive; no favorable finding presumed","Issuer/rating source identity; original hash; effective period; substantive reviewed finding","Existing contract","Bounded documentary review and append-only adverse/conflict lineage","NOT_EXECUTED","NOT_READY"
"INDIANB","BANK-P1-03","BANK_NBFC_STAGE_8_BANK_V1","RELATIVE_STRENGTH_12M","REVIEW_REQUIRED","c3fa5774-47cf-48cc-97ac-55be1ac5a669","fc722991-2203-45a5-b67c-6eca130f9f48","6","17","October-8 market/benchmark captures and history proof retained","Current completed-session freshness and compatible benchmark","Existing contract","Requalify current completed session and source/return basis","NOT_EXECUTED","NOT_READY"
"INDIANB","BANK-P1-03","BANK_NBFC_STAGE_8_BANK_V1","ROA_ANNUAL","REVIEW_REQUIRED","c3fa5774-47cf-48cc-97ac-55be1ac5a669","fc722991-2203-45a5-b67c-6eca130f9f48","6","17","Existing issuer/Trendlyne research candidates; unapproved semantic contract","Actual source excerpt; strict financial-period/scope/denominator and versioned metric contract","Owner methodology approval","Approve source-backed contract; test then admit exact candidate","NOT_EXECUTED","NOT_READY"
"INDIANB","BANK-P1-03","BANK_NBFC_STAGE_8_BANK_V1","ROE_ANNUAL","REVIEW_REQUIRED","c3fa5774-47cf-48cc-97ac-55be1ac5a669","fc722991-2203-45a5-b67c-6eca130f9f48","6","17","Native annual roea capture for all 13","Fiscal year start/end, scope, denominator, publication and original record lineage","Existing contract","Admit only verified annual ROE with active definition","NOT_EXECUTED","NOT_READY"
"INDIANB","BANK-P1-03","BANK_NBFC_STAGE_8_BANK_V1","VOLATILITY_RELATIVE","REVIEW_REQUIRED","c3fa5774-47cf-48cc-97ac-55be1ac5a669","fc722991-2203-45a5-b67c-6eca130f9f48","6","17","October-8 market/benchmark captures and history proof retained","Current completed-session freshness and compatible benchmark","Existing contract","Requalify current completed session and source/return basis","NOT_EXECUTED","NOT_READY"
"AUBANK","BANK-P1-04","BANK_NBFC_STAGE_8_BANK_V1","ADVANCES_GROWTH_YOY","REVIEW_REQUIRED","6193b778-5063-46df-8c9c-940d484c2963","4bcf6208-92bc-4576-8b63-f864a65ae8dc","6","17","Retained records; exact applicable identity requires current replay","Current period; source identity/scope/freshness; independent canonical qualification","Existing contract","Validate existing record against canonical requirement evaluator","NOT_EXECUTED","NOT_READY"
"AUBANK","BANK-P1-04","BANK_NBFC_STAGE_8_BANK_V1","CAPITAL_ADEQUACY_RATIO","REVIEW_REQUIRED","6193b778-5063-46df-8c9c-940d484c2963","4bcf6208-92bc-4576-8b63-f864a65ae8dc","6","17","Existing issuer/Trendlyne research candidates; unapproved semantic contract","Actual source excerpt; strict financial-period/scope/denominator and versioned metric contract","Owner methodology approval","Approve source-backed contract; test then admit exact candidate","NOT_EXECUTED","NOT_READY"
"AUBANK","BANK-P1-04","BANK_NBFC_STAGE_8_BANK_V1","CET1_RATIO","REVIEW_REQUIRED","6193b778-5063-46df-8c9c-940d484c2963","4bcf6208-92bc-4576-8b63-f864a65ae8dc","6","17","Existing issuer/Trendlyne research candidates; unapproved semantic contract","Actual source excerpt; strict financial-period/scope/denominator and versioned metric contract","Owner methodology approval","Approve source-backed contract; test then admit exact candidate","NOT_EXECUTED","NOT_READY"
"AUBANK","BANK-P1-04","BANK_NBFC_STAGE_8_BANK_V1","DEPOSITS_GROWTH_YOY","REVIEW_REQUIRED","6193b778-5063-46df-8c9c-940d484c2963","4bcf6208-92bc-4576-8b63-f864a65ae8dc","6","17","Retained records; exact applicable identity requires current replay","Current period; source identity/scope/freshness; independent canonical qualification","Existing contract","Validate existing record against canonical requirement evaluator","NOT_EXECUTED","NOT_READY"
"AUBANK","BANK-P1-04","BANK_NBFC_STAGE_8_BANK_V1","EPS_GROWTH_YOY","REVIEW_REQUIRED","6193b778-5063-46df-8c9c-940d484c2963","4bcf6208-92bc-4576-8b63-f864a65ae8dc","6","17","Retained records; exact applicable identity requires current replay","Current period; source identity/scope/freshness; independent canonical qualification","Existing contract","Validate existing record against canonical requirement evaluator","NOT_EXECUTED","NOT_READY"
"AUBANK","BANK-P1-04","BANK_NBFC_STAGE_8_BANK_V1","EXTERNAL_LONG_TERM_RATING","REVIEW_REQUIRED","6193b778-5063-46df-8c9c-940d484c2963","4bcf6208-92bc-4576-8b63-f864a65ae8dc","6","17","Retained official documentary research archive; no favorable finding presumed","Issuer/rating source identity; original hash; effective period; substantive reviewed finding","Existing contract","Bounded documentary review and append-only adverse/conflict lineage","NOT_EXECUTED","NOT_READY"
"AUBANK","BANK-P1-04","BANK_NBFC_STAGE_8_BANK_V1","GOVERNANCE_EVENT_SIGNAL","REVIEW_REQUIRED","6193b778-5063-46df-8c9c-940d484c2963","4bcf6208-92bc-4576-8b63-f864a65ae8dc","6","17","Retained official documentary research archive; no favorable finding presumed","Issuer/rating source identity; original hash; effective period; substantive reviewed finding","Existing contract","Bounded documentary review and append-only adverse/conflict lineage","NOT_EXECUTED","NOT_READY"
"AUBANK","BANK-P1-04","BANK_NBFC_STAGE_8_BANK_V1","GROSS_NPA","REVIEW_REQUIRED","6193b778-5063-46df-8c9c-940d484c2963","4bcf6208-92bc-4576-8b63-f864a65ae8dc","6","17","26 qualified delegated June-2026 NPA review ledger across 13 banks","Fresh current canonical full replay and conflict precedence","Existing contract","Reuse accepted NPA review; never duplicate; revalidate","NOT_EXECUTED","NOT_READY"
"AUBANK","BANK-P1-04","BANK_NBFC_STAGE_8_BANK_V1","IC3_SNAPSHOT_LINEAGE","REVIEW_REQUIRED","6193b778-5063-46df-8c9c-940d484c2963","4bcf6208-92bc-4576-8b63-f864a65ae8dc","6","17","Historical snapshot lineage FRESH","Current selection/materialization lineage","Existing contract","Recheck when new selection created","NOT_EXECUTED","NOT_READY"
"AUBANK","BANK-P1-04","BANK_NBFC_STAGE_8_BANK_V1","INSTITUTIONAL_OWNERSHIP_TREND_4Q","REVIEW_REQUIRED","6193b778-5063-46df-8c9c-940d484c2963","4bcf6208-92bc-4576-8b63-f864a65ae8dc","6","17","Direct Trendlyne ownership series available for all 13","Four consecutive quarter ends; total equity denominator; revisions; selected direct Institutional series","Existing contract","Source-qualify direct Institutional series; no FII/DII/MF synthesis","NOT_EXECUTED","NOT_READY"
"AUBANK","BANK-P1-04","BANK_NBFC_STAGE_8_BANK_V1","MAX_DRAWDOWN_1Y","REVIEW_REQUIRED","6193b778-5063-46df-8c9c-940d484c2963","4bcf6208-92bc-4576-8b63-f864a65ae8dc","6","17","October-8 market/benchmark captures and history proof retained","Current completed-session freshness and compatible benchmark","Existing contract","Requalify current completed session and source/return basis","NOT_EXECUTED","NOT_READY"
"AUBANK","BANK-P1-04","BANK_NBFC_STAGE_8_BANK_V1","NET_NPA","REVIEW_REQUIRED","6193b778-5063-46df-8c9c-940d484c2963","4bcf6208-92bc-4576-8b63-f864a65ae8dc","6","17","26 qualified delegated June-2026 NPA review ledger across 13 banks","Fresh current canonical full replay and conflict precedence","Existing contract","Reuse accepted NPA review; never duplicate; revalidate","NOT_EXECUTED","NOT_READY"
"AUBANK","BANK-P1-04","BANK_NBFC_STAGE_8_BANK_V1","NIM_TTM","REVIEW_REQUIRED","6193b778-5063-46df-8c9c-940d484c2963","4bcf6208-92bc-4576-8b63-f864a65ae8dc","6","17","Existing issuer/Trendlyne research candidates; unapproved semantic contract","Actual source excerpt; strict financial-period/scope/denominator and versioned metric contract","Owner methodology approval","Approve source-backed contract; test then admit exact candidate","NOT_EXECUTED","NOT_READY"
"AUBANK","BANK-P1-04","BANK_NBFC_STAGE_8_BANK_V1","PB_ADJUSTED_FOR_ROE","REVIEW_REQUIRED","6193b778-5063-46df-8c9c-940d484c2963","4bcf6208-92bc-4576-8b63-f864a65ae8dc","6","17","Existing issuer/Trendlyne research candidates; unapproved semantic contract","Actual source excerpt; strict financial-period/scope/denominator and versioned metric contract","Owner methodology approval","Approve source-backed contract; test then admit exact candidate","NOT_EXECUTED","NOT_READY"
"AUBANK","BANK-P1-04","BANK_NBFC_STAGE_8_BANK_V1","PB_RELATIVE","REVIEW_REQUIRED","6193b778-5063-46df-8c9c-940d484c2963","4bcf6208-92bc-4576-8b63-f864a65ae8dc","6","17","Existing issuer/Trendlyne research candidates; unapproved semantic contract","Actual source excerpt; strict financial-period/scope/denominator and versioned metric contract","Owner methodology approval","Approve source-backed contract; test then admit exact candidate","NOT_EXECUTED","NOT_READY"
"AUBANK","BANK-P1-04","BANK_NBFC_STAGE_8_BANK_V1","PE_TTM_RELATIVE","REVIEW_REQUIRED","6193b778-5063-46df-8c9c-940d484c2963","4bcf6208-92bc-4576-8b63-f864a65ae8dc","6","17","Existing issuer/Trendlyne research candidates; unapproved semantic contract","Actual source excerpt; strict financial-period/scope/denominator and versioned metric contract","Owner methodology approval","Approve source-backed contract; test then admit exact candidate","NOT_EXECUTED","NOT_READY"
"AUBANK","BANK-P1-04","BANK_NBFC_STAGE_8_BANK_V1","PRICE_MOMENTUM_12M","REVIEW_REQUIRED","6193b778-5063-46df-8c9c-940d484c2963","4bcf6208-92bc-4576-8b63-f864a65ae8dc","6","17","October-8 market/benchmark captures and history proof retained","Current completed-session freshness and compatible benchmark","Existing contract","Requalify current completed session and source/return basis","NOT_EXECUTED","NOT_READY"
"AUBANK","BANK-P1-04","BANK_NBFC_STAGE_8_BANK_V1","PRICE_MOMENTUM_6M","REVIEW_REQUIRED","6193b778-5063-46df-8c9c-940d484c2963","4bcf6208-92bc-4576-8b63-f864a65ae8dc","6","17","October-8 market/benchmark captures and history proof retained","Current completed-session freshness and compatible benchmark","Existing contract","Requalify current completed session and source/return basis","NOT_EXECUTED","NOT_READY"
"AUBANK","BANK-P1-04","BANK_NBFC_STAGE_8_BANK_V1","RATING_TREND","REVIEW_REQUIRED","6193b778-5063-46df-8c9c-940d484c2963","4bcf6208-92bc-4576-8b63-f864a65ae8dc","6","17","Retained official documentary research archive; no favorable finding presumed","Issuer/rating source identity; original hash; effective period; substantive reviewed finding","Existing contract","Bounded documentary review and append-only adverse/conflict lineage","NOT_EXECUTED","NOT_READY"
"AUBANK","BANK-P1-04","BANK_NBFC_STAGE_8_BANK_V1","RELATIVE_STRENGTH_12M","REVIEW_REQUIRED","6193b778-5063-46df-8c9c-940d484c2963","4bcf6208-92bc-4576-8b63-f864a65ae8dc","6","17","October-8 market/benchmark captures and history proof retained","Current completed-session freshness and compatible benchmark","Existing contract","Requalify current completed session and source/return basis","NOT_EXECUTED","NOT_READY"
"AUBANK","BANK-P1-04","BANK_NBFC_STAGE_8_BANK_V1","ROA_ANNUAL","REVIEW_REQUIRED","6193b778-5063-46df-8c9c-940d484c2963","4bcf6208-92bc-4576-8b63-f864a65ae8dc","6","17","Existing issuer/Trendlyne research candidates; unapproved semantic contract","Actual source excerpt; strict financial-period/scope/denominator and versioned metric contract","Owner methodology approval","Approve source-backed contract; test then admit exact candidate","NOT_EXECUTED","NOT_READY"
"AUBANK","BANK-P1-04","BANK_NBFC_STAGE_8_BANK_V1","ROE_ANNUAL","REVIEW_REQUIRED","6193b778-5063-46df-8c9c-940d484c2963","4bcf6208-92bc-4576-8b63-f864a65ae8dc","6","17","Native annual roea capture for all 13","Fiscal year start/end, scope, denominator, publication and original record lineage","Existing contract","Admit only verified annual ROE with active definition","NOT_EXECUTED","NOT_READY"
"AUBANK","BANK-P1-04","BANK_NBFC_STAGE_8_BANK_V1","VOLATILITY_RELATIVE","REVIEW_REQUIRED","6193b778-5063-46df-8c9c-940d484c2963","4bcf6208-92bc-4576-8b63-f864a65ae8dc","6","17","October-8 market/benchmark captures and history proof retained","Current completed-session freshness and compatible benchmark","Existing contract","Requalify current completed session and source/return basis","NOT_EXECUTED","NOT_READY"
